customer_id,customer_name,region,customer_segment,signup_date,total_orders,customer_value
C10000,Customer_1,Pune,Basic,2026-08-02,9,14650.01
C10001,Customer_2,Bangalore,Standard,2023-08-17,9,12940.19
C10002,Customer_3,Hyderabad,Standard,2023-02-21,5,19047.38
C10003,Customer_4,Pune,Basic,2024-07-17,5,5462.99
C10004,Customer_5,Delhi, ,2024-05-16,10,12129.54
C10005,Customer_6,Hyderabad,Premium,2024-04-02,9,14900.81
C10006,Customer_7,HYDERABAD,Standard,2023-10-13,6,15957.35
C10007,Customer_8,Pune,Basic,2023-07-29,14,10204.32
C10008,Customer_9,Mumbai,Standard,2026-01-21,4,9186.09
C10009,Customer_10,Delhi,Standard,2023-06-28,12,16135.31
C10010,Customer_11,Pune,Standard,2026-04-24,10,14006.08
C10011,Customer_12,Delhi,Standard,2025-05-14,13,15534.14
C10012,Customer_13,Delhi,Standard,2023-03-07,12,22535.11
C10013,Customer_14,Hyderabad,Standard,2023-03-03,6,7059.4
C10014,Customer_15,Bangalore,Standard,2023-07-11,10,12491.31
C10015,Customer_16,Delhi,Standard,2024-03-23,8,15621.62
C10016,Customer_17,Chennai,Standard,2024-04-21,10,13869.96
C10017,Customer_18,Hyderabad,Standard,2025-10-31,6,11564.74
C10018,Customer_19,Mumbai,Basic,2026-05-17,5,11324.64
C10019,Customer_20,Bangalore,Premium,2023-02-24,15,13192.37
C10020,Customer_21,CHENNAI,Basic,2026-02-23,11,9173.23
C10021,Customer_22, Chennai ,Basic,2024-02-12,6,8028.01
C10022,Customer_23,Mumbai,Standard,2026-08-23,10,8130.66
C10023,Customer_24,Bangalore,Standard,2026-01-21,8,10138.25
C10024,Customer_25,Hyderabad,Standard,2025-05-09,13,19862.96
C10025,Customer_26,Kolkata,Standard,2024-03-27,5,13874.68
C10026,Customer_27,Bangalore,Standard,2025-07-08,10,11064.78
C10027,Customer_28,Mumbai,Premium,2026-04-21,10,9628.17
C10028,Customer_29,Chennai,Standard,2024-07-23,2,18169.21
C10029,Customer_30,Hyderabad,Basic,2023-01-14,9,8106.26
C10030,Customer_31,Bangalore, Standard ,2023-11-23,8,8764.56
C10031,Customer_32,Kolkata,Basic,2025-05-15,12,11182.27
C10032,Customer_33,Kolkata,Standard,2024-11-27,7,13534.65
C10033,Customer_34,Delhi,Basic,2024-07-23,11,16719.63
C10034,Customer_35,Delhi,Standard,2023-11-15,7,20699.13
C10035,Customer_36,Pune,Premium,2024-03-16,8,9772.75
C10036,Customer_37,Mumbai,Standard,2024-11-20,10,17653.85
C10037,Customer_38,Bangalore,Premium,2023-07-29,7,25793.56
C10038,Customer_39,Bangalore,Standard,2023-07-09,9,9566.62
C10039,Customer_40,Pune,Basic,2025-02-17,8,27609.29
C10040,Customer_41,Chennai,Premium,2023-07-18,7,6814.13
C10041,Customer_42,Chennai,Standard,2025-01-05,9,12272.65
C10042,Customer_43,pune,Basic,2024-12-05,10,14531.49
C10043,Customer_44,Chennai,Basic,2026-05-21,6,8944.59
C10044,Customer_45,Delhi,Standard,2024-06-25,3,10365.72
C10045,Customer_46,Bangalore,Standard,2023-03-30,7,9010.64
C10046,Customer_47,Pune,Standard,2025-07-29,2,9005.42
C10047,Customer_48,Bangalore,Standard,2026-01-03,10,13929.39
C10048,Customer_49,KOLKATA,Basic,2023-09-13,4,7573.91
C10049,Customer_50,Delhi,Basic,2025-02-14,7,9144.75
C10050,Customer_51,Hyderabad,Basic,2023-06-11,13,5309.46
C10051,Customer_52,Delhi,Basic,2026-02-04,7,18313.05
C10052,Customer_53,Pune,Premium,2024-08-23,8,22316.76
C10053,Customer_54,Hyderabad,Basic,2026-07-11,5,8740.4
C10054,Customer_55,Kolkata,Basic,2026-06-20,8,17938.9
C10055,Customer_56,Pune,Premium,2025-01-10,8,13376.93
C10056,Customer_57,Mumbai,Basic,2026-03-28,6,5654.49
C10057,Customer_58,Bangalore,Standard,2024-01-29,9,6961.04
C10058,Customer_59,Kolkata, Standard ,2023-05-23,13,31786.12
C10059,Customer_60,Bangalore,Basic,2023-04-04,9,16411.5
C10060,Customer_61,Chennai,Standard,2024-04-11,10,4498.2
C10061,Customer_62,Mumbai,Premium,2024-08-15,11,12128.78
C10062,Customer_63,Mumbai,Standard,2023-06-13,8,11312.55
C10063,Customer_64,Kolkata,Standard,2024-04-21,7,15022.6
C10064,Customer_65,Mumbai,Basic,2023-07-26,4,10274.36
C10065,Customer_66,Hyderabad,Standard,2025-02-17,3,13936.9
C10066,Customer_67,Mumbai,Standard,2024-07-23,10,19908.26
C10067,Customer_68, ,Basic,2025-07-17,12,10694.29
C10068,Customer_69,Bangalore,Standard,2026-07-25,8,6579.64
C10069,Customer_70,Pune,Standard,2025-01-17,10,8964.87
C10070,Customer_71,Bangalore,Standard,2023-11-30,6,12822.34
C10071,Customer_72,Pune,Basic,2025-01-28,6,15744.67
C10072,Customer_73,Bangalore,Standard,2024-12-28,8,12573.09
C10073,Customer_74,Hyderabad,Standard,2024-03-05,8,7583.4
C10074,Customer_75,Pune,Premium,2024-06-30,11,7566.99
C10075,Customer_76,delhi,Premium,2026-08-20,7,9885.98
C10076,Customer_77,Chennai,Premium,2023-05-27,9,25136.47
C10077,Customer_78,Kolkata,Premium,2026-06-01,10,7180.0
C10078,Customer_79, ,Standard,2026-07-24,8,11653.15
C10079,Customer_80,Mumbai,Basic,2023-12-17,4,17368.2
C10080,Customer_81,Bangalore,Standard,2025-12-29,9,18566.59
C10081,Customer_82,Mumbai,Basic,2024-05-16,3,13501.33
C10082,Customer_83,Chennai,Basic,2023-12-01,12,14129.73
C10083,Customer_84,Chennai,Basic,2025-08-04,9,15126.73
C10084,Customer_85,Chennai,Standard,2025-02-16,7,11600.62
C10085,Customer_86,Mumbai,Standard,2024-07-06,9,7679.8
C10086,Customer_87,Bangalore,Standard,2026-08-03,4,14186.18
C10087,Customer_88,Chennai,Premium,2026-02-14,6,9105.35
C10088,Customer_89,Hyderabad,Standard,2024-03-25,5,6262.6
C10089,Customer_90,Pune,Basic,2024-10-26,9,18605.27
C10090,Customer_91,Mumbai,Basic,2023-04-25,12,7777.12
C10091,Customer_92,mumbai,Standard,2024-04-14,5,8740.92
C10092,Customer_93,Bangalore,Standard,2023-03-07,8,12875.81
C10093,Customer_94,Mumbai,Basic,2024-10-08,7,5040.05
C10094,Customer_95,Mumbai,Premium,2025-04-01,10,9901.22
C10095,Customer_96,Chennai,Standard,2024-07-02,8,20359.81
C10096,Customer_97,Bangalore,,2023-05-16,8,9792.14
C10097,Customer_98,Chennai,Standard,2024-03-08,10,7629.32
C10098,Customer_99,Pune,,2026-03-07,10,6148.58
C10099,Customer_100,Pune,Standard,2024-10-06,7,11240.72
C10100,Customer_101,Chennai,Basic,2024-03-11,8,7414.76
C10101,Customer_102,Pune,Standard,2025-10-19,12,19237.14
C10102,Customer_103,Bangalore,Standard,2025-03-21,2,4931.33
C10103,Customer_104,Kolkata,Standard,2026-08-09,11,23536.88
C10104,Customer_105,Chennai,Standard,2025-07-28,10,13071.11
C10105,Customer_106,,Standard,2023-10-20,7,4229.29
C10106,Customer_107,Hyderabad,Basic,2024-06-26,15,8264.65
C10107,Customer_108,Mumbai,Premium,2023-10-13,5,17959.02
C10108,Customer_109,,Basic,2024-05-20,2,10950.07
C10109,Customer_110,Hyderabad,Premium,2026-02-23,9,11859.06
C10110,Customer_111,Mumbai,Standard,2026-01-08,14,6845.3
C10111,Customer_112,Kolkata,Premium,2024-06-22,7,10976.26
C10112,Customer_113,Bangalore,Standard,2026-04-12,5,7051.28
C10113,Customer_114,Bangalore,Standard,2025-05-27,9,10062.06
C10114,Customer_115,Bangalore,Standard,2026-04-10,8,18142.17
C10115,Customer_116,Hyderabad,Premium,2025-03-28,9,8098.7
C10116,Customer_117,Kolkata,Standard,2025-01-11,8,9974.55
C10117,Customer_118, ,Premium,2024-03-25,7,7754.44
C10118,Customer_119,Pune,Basic,2023-10-11,8,16985.48
C10119,Customer_120,Hyderabad,Basic,2025-11-09,7,9857.0
C10120,Customer_121,Kolkata,Standard,2025-10-07,10,11885.21
C10121,Customer_122,Kolkata,Standard,2023-07-06,8,12407.22
C10122,Customer_123,Pune,Standard,2023-04-07,5,14469.17
C10123,Customer_124,Kolkata,Premium,2023-08-13,6,18576.08
C10124,Customer_125,Kolkata,Standard,2023-11-10,8,8710.87
C10125,Customer_126,Bangalore,Basic,2026-07-09,8,11937.51
C10126,Customer_127,Pune,Standard,2023-11-24,9,4913.71
C10127,Customer_128,,Premium,2025-05-14,11,11321.08
C10128,Customer_129,Delhi,Basic,2026-05-06,12,16599.8
C10129,Customer_130,Kolkata,Standard,2023-05-11,9,12694.58
C10130,Customer_131,Delhi,Basic,2025-02-27,5,11307.19
C10131,Customer_132,Delhi,Standard,2025-02-20,3,7725.1
C10132,Customer_133,Kolkata,Standard,2026-05-05,13,14544.54
C10133,Customer_134,Delhi,Premium,2025-08-16,12,2641.26
C10134,Customer_135,Hyderabad,Premium,2025-12-19,16,9329.09
C10135,Customer_136,Mumbai,Basic,2024-05-29,8,7889.52
C10136,Customer_137,Pune,Standard,2026-02-07,13,10508.57
C10137,Customer_138,MUMBAI,Basic,2023-01-24,10,11432.0
C10138,Customer_139,,Standard,2023-08-23,8,12002.99
C10139,Customer_140,Bangalore,Premium,2026-01-04,13,4416.33
C10140,Customer_141,Pune,Premium,2024-06-30,10,7894.16
C10141,Customer_142, ,Standard,2026-08-05,12,17613.02
C10142,Customer_143,Bangalore,Basic,2024-11-27,8,18214.96
C10143,Customer_144,Mumbai,Standard,2023-08-17,9,11476.86
C10144,Customer_145,Kolkata,Standard,2024-08-24,9,19734.56
C10145,Customer_146,Pune,Standard,2025-06-09,6,12718.51
C10146,Customer_147,Pune,Premium,2023-11-20,6,12820.23
C10147,Customer_148,Chennai,Standard,2025-07-18,11,10166.37
C10148,Customer_149,Hyderabad,Premium,2023-01-07,7,11170.73
C10149,Customer_150,Delhi,Basic,2024-06-23,11,7761.05
C10150,Customer_151,Bangalore,Standard,2025-10-22,10,15058.92
C10151,Customer_152,Chennai,Standard,2024-01-01,7,10148.74
C10152,Customer_153,Delhi,Standard,2025-11-05,5,16417.44
C10153,Customer_154,Delhi,Standard,2023-08-06,3,14828.12
C10154,Customer_155,Kolkata,Basic,2026-07-04,5,16907.81
C10155,Customer_156,DELHI,Standard,2024-09-03,4,15714.07
C10156,Customer_157,Hyderabad,Premium,2026-08-01,9,15013.0
C10157,Customer_158,Pune,Standard,2025-11-05,11,12453.52
C10158,Customer_159,Chennai,Premium,2026-06-01,2,12241.47
C10159,Customer_160,Delhi,Premium,2024-02-12,11,8974.64
C10160,Customer_161,Kolkata,Basic,2023-11-10,13,8505.69
C10161,Customer_162,Hyderabad,Basic,2025-02-04,10,14301.43
C10162,Customer_163,Mumbai,Basic,2023-11-27,10,10526.43
C10163,Customer_164,Pune,Standard,2026-01-09,10,12942.86
C10164,Customer_165,Pune,Standard,2025-12-22,11,11556.31
C10165,Customer_166,Chennai,Premium,2023-01-02,11,12196.11
C10166,Customer_167,Pune,Standard,2026-05-11,8,18975.24
C10167,Customer_168,Delhi,Basic,2024-10-25,7,15714.13
C10168,Customer_169,Kolkata,Standard,2025-09-27,8,15391.29
C10169,Customer_170,Pune,Basic,2023-02-09,6,16898.6
C10170,Customer_171,Pune,Basic,2023-08-18,11,14068.11
C10171,Customer_172,Mumbai,Premium,2025-01-13,7,6880.48
C10172,Customer_173,Mumbai,Standard,2024-09-21,10,14338.68
C10173,Customer_174, Bangalore ,Standard,2024-05-05,9,13477.36
C10174,Customer_175,Hyderabad,Standard,2023-04-29,11,5517.55
C10175,Customer_176,Delhi,Basic,2024-05-08,6,15889.0
C10176,Customer_177,Pune,Standard,2026-03-07,5,10149.53
C10177,Customer_178,pune,Premium,2023-06-11,6,12818.73
C10178,Customer_179,Kolkata,Standard,2023-06-25,10,12352.07
C10179,Customer_180,Bangalore,Basic,2025-09-22,10,11066.49
C10180,Customer_181,Hyderabad,Premium,2023-05-22,7,10756.65
C10181,Customer_182,Bangalore,Basic,2025-12-26,5,50763.71
C10182,Customer_183,CHENNAI,Standard,2023-09-15,4,6481.35
C10183,Customer_184,Hyderabad,Basic,2023-09-20,11,10667.88
C10184,Customer_185,Pune,Basic,2025-08-31,13,7382.46
C10185,Customer_186,Pune,Standard,2026-01-30,5,7767.59
C10186,Customer_187,Hyderabad,Standard,2023-12-05,10,11036.67
C10187,Customer_188,Pune,Basic,2024-06-26,5,9657.68
C10188,Customer_189,Delhi, Standard ,2025-12-16,12,11657.22
C10189,Customer_190,Hyderabad,Basic,2026-05-27,10,6960.18
C10190,Customer_191,Bangalore,Premium,2025-05-16,10,23723.9
C10191,Customer_192,Hyderabad,Basic,2024-03-09,4,6520.28
C10192,Customer_193,Pune,Basic,2026-01-09,5,13013.44
C10193,Customer_194,Delhi,Basic,2024-02-16,13,10658.88
C10194,Customer_195,Delhi,Premium,2024-09-30,6,9650.65
C10195,Customer_196,Chennai,Standard,2025-03-28,12,11816.96
C10196,Customer_197,Bangalore,Standard,2026-08-23,5,20049.79
C10197,Customer_198,Mumbai,Standard,2025-02-03,10,21161.93
C10198,Customer_199,Mumbai,Standard,2025-06-16,4,7993.95
C10199,Customer_200,Hyderabad,Premium,2025-11-25,11,9480.73
C10200,Customer_201,Chennai,Basic,2025-07-13,5,15213.74
C10201,Customer_202,Kolkata,Standard,2023-09-05,8,14447.26
C10202,Customer_203,Hyderabad,Premium,2024-05-22,9,7026.44
C10203,Customer_204,Chennai,Standard,2024-04-05,10,14225.52
C10204,Customer_205,Bangalore,Standard,2023-05-12,4,26386.93
C10205,Customer_206,Bangalore,Premium,2024-11-23,7,7442.7
C10206,Customer_207,Bangalore,Basic,2023-02-13,7,9450.93
C10207,Customer_208,Bangalore,Basic,2026-04-19,4,9580.9
C10208,Customer_209,Bangalore,,2026-02-08,18,8692.23
C10209,Customer_210,Chennai,Premium,2024-04-16,7,9262.05
C10210,Customer_211,Chennai,Basic,2026-04-20,7,9630.1
C10211,Customer_212,Delhi,Standard,2024-03-27,1,10730.04
C10212,Customer_213,Mumbai,Standard,2023-01-15,8,8791.44
C10213,Customer_214,Pune,Standard,2023-05-26,8,16685.48
C10214,Customer_215,BANGALORE,Standard,2026-07-16,6,11201.49
C10215,Customer_216,Kolkata,Standard,2023-05-01,9,14378.56
C10216,Customer_217,Pune,Standard,2024-04-13,4,8502.22
C10217,Customer_218,,Standard,2023-05-19,6,12407.17
C10218,Customer_219,Kolkata,Basic,2023-03-06,12,16968.52
C10219,Customer_220,Kolkata,Standard,2024-11-07,15,14587.18
C10220,Customer_221,Kolkata,Basic,2023-05-26,3,16912.65
C10221,Customer_222,Delhi,Basic,2025-11-18,9,29530.56
C10222,Customer_223,,Standard,2024-05-02,6,19377.9
C10223,Customer_224,Kolkata,Standard,2024-07-24,5,19453.57
C10224,Customer_225,Bangalore,Standard,2025-09-21,4,5988.23
C10225,Customer_226,Hyderabad,Standard,2024-03-14,13,6778.9
C10226,Customer_227,Kolkata,Basic,2026-01-09,7,8585.1
C10227,Customer_228,Delhi,Standard,2023-09-28,8,6811.98
C10228,Customer_229,Pune,Basic,2026-03-15,8,26746.61
C10229,Customer_230,Chennai,PREMIUM,2026-03-26,9,5168.95
C10230,Customer_231,Delhi,Premium,2025-08-26,10,7563.79
C10231,Customer_232,Kolkata,Standard,2024-05-12,14,16487.24
C10232,Customer_233,Chennai,Standard,2025-08-26,3,5585.67
C10233,Customer_234,Hyderabad,Standard,2025-04-13,4,18579.23
C10234,Customer_235,Kolkata,Standard,2024-01-25,8,4377.25
C10235,Customer_236,Delhi,Standard,2023-07-13,9,17904.66
C10236,Customer_237, ,Premium,2023-07-18,13,21303.12
C10237,Customer_238,Bangalore,Basic,2025-06-01,5,10275.22
C10238,Customer_239,Pune,Standard,2024-12-26,8,20512.99
C10239,Customer_240,Delhi,Basic,2025-05-17,4,18559.23
C10240,Customer_241,Chennai,Basic,2025-04-21,8,17346.78
C10241,Customer_242,Kolkata,Basic,2025-08-14,5,17178.95
C10242,Customer_243,Bangalore,Premium,2023-04-21,12,10963.71
C10243,Customer_244,Kolkata,Basic,2026-08-31,6,21192.42
C10244,Customer_245,Chennai,Standard,2026-08-16,9,26674.69
C10245,Customer_246,Kolkata,Standard,2023-07-21,8,6618.89
C10246,Customer_247,Mumbai,Standard,2023-05-05,12,8485.51
C10247,Customer_248,Bangalore,Basic,2025-04-04,11,10797.3
C10248,Customer_249, Bangalore ,Standard,2024-11-25,6,15447.44
C10249,Customer_250,Chennai,Basic,2023-08-12,7,15514.4
C10250,Customer_251,Pune,Standard,2024-05-24,3,9970.23
C10251,Customer_252, ,Basic,2024-01-28,10,17502.55
C10252,Customer_253,Delhi,Basic,2024-01-25,4,12569.65
C10253,Customer_254,Kolkata,Standard,2026-01-03,9,17179.69
C10254,Customer_255,,BASIC,2025-07-07,13,14068.75
C10255,Customer_256,Kolkata,Premium,2023-10-15,13,8179.78
C10256,Customer_257,Kolkata,Premium,2025-05-14,11,12287.1
C10257,Customer_258,Delhi,Premium,2024-01-11,11,7111.49
C10258,Customer_259,Kolkata,Standard,2024-07-24,6,7254.79
C10259,Customer_260,Mumbai,Standard,2025-08-05,4,9288.61
C10260,Customer_261,Mumbai,Premium,2024-05-26,11,21495.26
C10261,Customer_262,Bangalore,Premium,2023-06-04,6,11367.6
C10262,Customer_263,Chennai,Basic,2025-06-26,3,9659.57
C10263,Customer_264,Pune,,2026-02-01,15,15697.2
C10264,Customer_265,Hyderabad,Basic,2023-07-20,4,6280.37
C10265,Customer_266,Kolkata,Basic,2023-04-14,14,13392.06
C10266,Customer_267,Kolkata,Basic,2026-08-28,7,18901.81
C10267,Customer_268,Delhi,Premium,2026-01-12,7,23816.58
C10268,Customer_269,Chennai,Standard,2023-01-31,11,12574.83
C10269,Customer_270,Mumbai,Basic,2023-07-11,5,20091.1
C10270,Customer_271,Hyderabad,Standard,2024-04-29,8,10828.24
C10271,Customer_272,Bangalore,Standard,2023-12-07,7,6504.97
C10272,Customer_273,Mumbai,Premium,2025-04-12,3,13719.54
C10273,Customer_274,Chennai,Standard,2025-09-21,7,17432.25
C10274,Customer_275,Pune,Standard,2025-09-12,8,13960.56
C10275,Customer_276,Bangalore,Standard,2024-03-13,6,14201.07
C10276,Customer_277,Pune,Standard,2025-04-01,5,11459.68
C10277,Customer_278,Delhi,Standard,2023-05-01,8,4441.27
C10278,Customer_279,Delhi,Premium,2023-12-04,5,12168.77
C10279,Customer_280,Kolkata,Premium,2025-02-15,9,13151.01
C10280,Customer_281,Pune,Basic,2023-01-05,6,14617.54
C10281,Customer_282,Chennai,Standard,2025-03-10,9,12246.31
C10282,Customer_283,Hyderabad,Premium,2024-06-27,12,6821.87
C10283,Customer_284,Bangalore,Basic,2025-07-20,12,18194.89
C10284,Customer_285,Mumbai,STANDARD,2024-08-07,5,13580.53
C10285,Customer_286,Chennai,Standard,2025-05-16,8,8903.81
C10286,Customer_287,CHENNAI,,2026-02-12,6,17481.76
C10287,Customer_288,Delhi,Basic,2025-09-23,4,6093.72
C10288,Customer_289,Pune,Standard,2023-11-14,6,11004.32
C10289,Customer_290,,Standard,2024-01-24,8,14726.56
C10290,Customer_291,Kolkata,Basic,2024-08-30,5,18180.53
C10291,Customer_292,Bangalore,Standard,2024-03-21,7,10601.39
C10292,Customer_293,DELHI,Standard,2023-04-30,9,13920.33
C10293,Customer_294,Chennai,Premium,2026-04-01,7,11700.33
C10294,Customer_295,Hyderabad,Standard,2026-01-15,12,13548.59
C10295,Customer_296,Delhi,Premium,2023-05-05,10,17688.65
C10296,Customer_297,Bangalore,Standard,2024-10-04,13,2897.97
C10297,Customer_298,Bangalore,Basic,2023-04-28,4,4328.51
C10298,Customer_299,Delhi,Standard,2023-04-13,10,13483.06
C10299,Customer_300,Bangalore,Standard,2026-04-11,8,9791.35
C10300,Customer_301,delhi,Premium,2025-09-03,6,16853.75
C10301,Customer_302,Mumbai,Standard,2025-10-26,6,11311.99
C10302,Customer_303,Delhi,Standard,2025-12-23,12,10278.41
C10303,Customer_304,Pune,Basic,2023-11-19,13,13702.54
C10304,Customer_305,Delhi,Premium,2023-04-27,11,7111.33
C10305,Customer_306,Bangalore,Basic,2025-11-06,11,5191.76
C10306,Customer_307,Pune,Basic,2023-06-14,5,13691.68
C10307,Customer_308,Bangalore,Standard,2024-01-16,8,7226.53
C10308,Customer_309,Kolkata,Basic,2023-05-21,9,7214.49
C10309,Customer_310,Kolkata,Standard,2026-05-03,15,14599.11
C10310,Customer_311,Pune,Standard,2023-05-20,12,18356.47
C10311,Customer_312,Mumbai,Standard,2024-04-26,7,10750.94
C10312,Customer_313,Kolkata,Standard,2025-04-06,9,19247.29
C10313,Customer_314,Delhi,Standard,2023-09-03,7,7659.15
C10314,Customer_315,Bangalore,Standard,2026-03-12,7,14733.06
C10315,Customer_316,Kolkata,Standard,2024-05-19,3,9371.13
C10316,Customer_317,Kolkata,,2026-03-31,9,3598.07
C10317,Customer_318,Mumbai,Premium,2026-05-02,10,9350.99
C10318,Customer_319,Pune,Basic,2023-03-23,10,7183.74
C10319,Customer_320,pune,Basic,2026-06-22,11,14901.61
C10320,Customer_321,Chennai,Standard,2023-06-17,6,12607.96
C10321,Customer_322,Mumbai,Premium,2025-05-08,5,17580.64
C10322,Customer_323,Delhi,Basic,2026-04-10,4,6502.39
C10323,Customer_324,Pune,Basic,2026-03-03,6,15215.81
C10324,Customer_325,,Basic,2025-12-06,11,14215.69
C10325,Customer_326,Mumbai,,2024-10-09,10,9482.28
C10326,Customer_327,Kolkata,Standard,2024-06-18,15,2954.96
C10327,Customer_328,Bangalore,Premium,2024-02-23,9,7785.35
C10328,Customer_329,Bangalore,Premium,2024-10-05,4,11018.74
C10329,Customer_330, Kolkata ,Basic,2024-05-03,11,10658.34
C10330,Customer_331,MUMBAI,Basic,2024-06-27,11,12697.96
C10331,Customer_332,Kolkata,Standard,2025-03-21,9,22385.38
C10332,Customer_333,Chennai,Basic,2023-09-26,11,3970.26
C10333,Customer_334,Bangalore,Standard,2026-08-14,9,7958.16
C10334,Customer_335,Hyderabad,Standard,2024-09-06,4,7082.48
C10335,Customer_336,Hyderabad,Standard,2025-07-25,11,5757.31
C10336,Customer_337,Delhi,Basic,2024-10-09,3,13421.34
C10337,Customer_338,,Premium,2023-05-29,8,11940.18
C10338,Customer_339,Kolkata,Basic,2023-01-20,8,19807.97
C10339,Customer_340,Kolkata,Basic,2025-07-27,4,12231.15
C10340,Customer_341,Delhi,Premium,2026-06-26,3,11246.44
C10341,Customer_342,Delhi,Standard,2026-02-27,4,4562.83
C10342,Customer_343,Delhi,Basic,2023-07-24,6,20226.23
C10343,Customer_344,Bangalore,Standard,2023-05-31,8,7058.46
C10344,Customer_345,Chennai,Basic,2026-01-06,9,9803.77
C10345,Customer_346,Kolkata,Basic,2024-03-12,5,7695.58
C10346,Customer_347,,Standard,2025-11-02,8,11211.4
C10347,Customer_348,Delhi,Standard,2024-06-27,7,10239.43
C10348,Customer_349,Kolkata,Basic,2023-09-29,9,2803.99
C10349,Customer_350,Bangalore,Standard,2024-12-15,6,19293.02
C10350,Customer_351,Chennai,Premium,2023-05-21,5,8921.14
C10351,Customer_352,Bangalore,Premium,2024-05-15,1,7903.46
C10352,Customer_353,Chennai,Standard,2025-01-26,9,13672.23
C10353,Customer_354, ,Basic,2024-08-06,8,9852.37
C10354,Customer_355,Chennai,Basic,2023-11-20,3,13845.26
C10355,Customer_356,Kolkata,Standard,2025-06-16,7,1960.68
C10356,Customer_357,Delhi,Premium,2026-01-17,9,7485.96
C10357,Customer_358,Kolkata,Standard,2024-09-11,6,19242.29
C10358,Customer_359,Hyderabad,Basic,2026-06-06,5,14502.53
C10359,Customer_360,Mumbai,Premium,2025-12-19,5,9179.19
C10360,Customer_361,Chennai,Standard,2023-01-17,9,13140.1
C10361,Customer_362,Mumbai,Premium,2026-02-09,8,15063.17
C10362,Customer_363,Mumbai,Standard,2024-09-05,9,20207.25
C10363,Customer_364,Chennai,Basic,2023-08-01,6,10930.49
C10364,Customer_365,Delhi,Standard,2023-10-03,7,4401.67
C10365,Customer_366,,Standard,2024-06-25,6,10274.06
C10366,Customer_367,Kolkata,Standard,2023-08-25,8,16017.3
C10367,Customer_368,Bangalore,Basic,2023-08-08,10,18214.34
C10368,Customer_369,Kolkata,Premium,2026-02-07,14,11863.05
C10369,Customer_370,Bangalore,Standard,2023-11-15,11,13240.06
C10370,Customer_371,Kolkata,Standard,2024-07-11,15,15441.37
C10371,Customer_372,Chennai,Basic,2024-07-31,6,8173.42
C10372,Customer_373,Hyderabad,,2026-05-23,10,36304.07
C10373,Customer_374,Bangalore,Premium,2024-03-07,4,15967.25
C10374,Customer_375,Pune,Standard,2024-12-03,5,16725.27
C10375,Customer_376,Delhi,Basic,2024-02-21,7,17268.86
C10376,Customer_377,Kolkata,Premium,2026-07-22,11,12259.17
C10377,Customer_378,Kolkata,Basic,2024-06-24,5,11782.61
C10378,Customer_379,Bangalore,Premium,2025-11-01,8,20454.88
C10379,Customer_380,Delhi,Standard,2025-09-27,9,8201.18
C10380,Customer_381,Delhi,Standard,2024-05-29,15,16360.88
C10381,Customer_382,Chennai,Basic,2023-04-15,6,9263.14
C10382,Customer_383,PUNE,Standard,2023-07-09,6,15529.17
C10383,Customer_384,Chennai,Basic,2026-07-23,7,7065.03
C10384,Customer_385,Chennai,Basic,2025-05-17,6,9164.59
C10385,Customer_386,Chennai,Standard,2024-07-20,4,7329.31
C10386,Customer_387,Chennai,Basic,2023-04-01,3,6244.04
C10387,Customer_388,Chennai,Basic,2023-01-08,8,9543.06
C10388,Customer_389,Hyderabad,Premium,2024-11-14,8,3445.93
C10389,Customer_390,Delhi,Standard,2023-09-25,4,8269.62
C10390,Customer_391,Chennai,Basic,2026-07-28,5,18242.39
C10391,Customer_392,Delhi,Premium,2024-06-20,11,9770.63
C10392,Customer_393,Delhi, ,2023-11-27,7,17341.96
C10393,Customer_394,Mumbai,Basic,2025-06-23,10,22037.3
C10394,Customer_395,HYDERABAD,Premium,2026-02-03,9,5433.98
C10395,Customer_396,Chennai,Standard,2025-05-25,8,5530.78
C10396,Customer_397,Kolkata,STANDARD,2026-02-22,8,13649.51
C10397,Customer_398,Bangalore,Standard,2023-01-20,11,13606.71
C10398,Customer_399,Pune,Premium,2023-08-18,12,11180.97
C10399,Customer_400,Kolkata,PREMIUM,2023-06-04,8,18980.23
C10400,Customer_401,Hyderabad,Standard,2023-11-02,8,17965.2
C10401,Customer_402,Bangalore,Basic,2026-01-22,6,7808.58
C10402,Customer_403,Hyderabad,Basic,2023-03-15,13,9063.23
C10403,Customer_404,,Standard,2025-01-26,4,8457.44
C10404,Customer_405,Bangalore,Premium,2026-04-07,12,9118.71
C10405,Customer_406,Delhi,Standard,2026-02-05,4,9706.91
C10406,Customer_407,Kolkata,Standard,2023-10-31,12,6723.46
C10407,Customer_408,Kolkata,basic,2025-05-30,9,22402.2
C10408,Customer_409,Bangalore,Basic,2023-09-19,10,16588.78
C10409,Customer_410,Bangalore,Basic,2023-03-27,10,5569.18
C10410,Customer_411,Chennai,Basic,2024-09-23,8,19989.66
C10411,Customer_412,Hyderabad,Premium,2025-01-16,6,12901.31
C10412,Customer_413,Chennai,Basic,2023-03-23,11,10759.83
C10413,Customer_414,Hyderabad,Standard,2025-01-02,8,8457.72
C10414,Customer_415,Chennai,Basic,2024-03-06,8,11154.7
C10415,Customer_416,Delhi,Standard,2024-05-26,10,20929.64
C10416,Customer_417,bangalore,Basic,2023-07-30,9,9298.4
C10417,Customer_418,Kolkata,Basic,2024-12-25,8,14988.63
C10418,Customer_419,Hyderabad,Premium,2026-02-20,3,13684.55
C10419,Customer_420,Hyderabad,Standard,2025-04-12,9,7705.93
C10420,Customer_421,Kolkata,Basic,2026-06-25,10,14570.13
C10421,Customer_422,Chennai,Standard,2023-11-13,6,13116.07
C10422,Customer_423,Hyderabad,Standard,2024-04-29,6,3442.02
C10423,Customer_424,Pune,Standard,2023-11-29,6,12284.87
C10424,Customer_425,Delhi,Premium,2023-12-29,7,17830.68
C10425,Customer_426,Bangalore,Basic,2025-04-24,11,9514.99
C10426,Customer_427,Kolkata,Standard,2023-02-20,7,18978.19
C10427,Customer_428,,Premium,2024-01-03,8,8941.94
C10428,Customer_429,Pune,Standard,2024-11-11,7,12879.19
C10429,Customer_430,Hyderabad,Standard,2025-04-23,9,7177.38
C10430,Customer_431,Hyderabad,Premium,2024-05-23,3,10346.08
C10431,Customer_432,Pune,Standard,2024-06-30,4,18163.16
C10432,Customer_433,Kolkata,Standard,2023-11-23,14,26684.06
C10433,Customer_434,Delhi,Standard,2023-08-10,12,11305.62
C10434,Customer_435,Mumbai,Basic,2025-02-22,12,16755.81
C10435,Customer_436,Kolkata,Standard,2023-03-21,4,17612.46
C10436,Customer_437,Mumbai,Standard,2025-08-21,9,5760.36
C10437,Customer_438,Pune,Standard,2024-03-31,9,5051.19
C10438,Customer_439,Chennai,Standard,2024-02-13,9,11061.94
C10439,Customer_440,Mumbai,Standard,2025-07-31,5,10614.9
C10440,Customer_441,Delhi,Standard,2024-12-17,12,6637.06
C10441,Customer_442,Chennai,Basic,2024-09-17,11,13874.16
C10442,Customer_443,Mumbai,Standard,2024-04-11,3,8085.46
C10443,Customer_444,Pune,Standard,2024-04-01,1,5541.61
C10444,Customer_445,Chennai,Basic,2023-02-18,9,21607.25
C10445,Customer_446,PUNE,Standard,2024-01-31,9,12090.92
C10446,Customer_447,Mumbai,Standard,2025-03-27,6,16134.03
C10447,Customer_448,Pune,Standard,2024-11-03,12,8466.65
C10448,Customer_449,Delhi,Premium,2024-07-24,10,4081.15
C10449,Customer_450,Mumbai,Basic,2023-05-23,8,8277.91
C10450,Customer_451,Mumbai,Basic,2024-07-25,8,19048.93
C10451,Customer_452,Mumbai,Basic,2024-12-20,7,15025.0
C10452,Customer_453,Kolkata,Standard,2026-08-06,10,18425.02
C10453,Customer_454,,Standard,2025-11-09,11,6995.75
C10454,Customer_455,Kolkata,Premium,2025-03-29,7,19614.55
C10455,Customer_456,Delhi,Standard,2026-01-03,8,15537.28
C10456,Customer_457,Chennai,Standard,2024-11-09,13,5112.63
C10457,Customer_458,Pune,Basic,2023-02-26,9,15799.22
C10458,Customer_459,Hyderabad,Standard,2023-08-25,2,10297.83
C10459,Customer_460,Mumbai,Standard,2024-06-18,6,13566.4
C10460,Customer_461,Pune,Standard,2024-01-01,3,9429.41
C10461,Customer_462,Mumbai,Standard,2026-04-04,5,7472.18
C10462,Customer_463,Delhi,Standard,2024-06-27,12,11109.25
C10463,Customer_464,Mumbai,Basic,2023-03-20,7,12779.57
C10464,Customer_465,Kolkata,Standard,2023-08-11,8,8394.38
C10465,Customer_466,Hyderabad,Basic,2026-05-06,5,47827.22
C10466,Customer_467,Bangalore,Standard,2025-06-08,9,5832.99
C10467,Customer_468,MUMBAI,Basic,2024-12-08,8,17646.81
C10468,Customer_469,Pune,Basic,2024-10-04,11,2974.88
C10469,Customer_470,Kolkata,Standard,2025-06-12,5,11370.91
C10470,Customer_471,Bangalore,Standard,2026-05-26,7,5645.69
C10471,Customer_472,Hyderabad,Basic,2025-11-13,7,14162.04
C10472,Customer_473,Bangalore,Standard,2023-08-25,3,8931.0
C10473,Customer_474,Kolkata,Basic,2025-02-27,10,3482.81
C10474,Customer_475,Chennai,Premium,2026-03-26,7,10148.67
C10475,Customer_476,Chennai,Standard,2024-01-25,5,8234.74
C10476,Customer_477,Bangalore,Basic,2024-06-05,7,9557.09
C10477,Customer_478,delhi,Basic,2023-04-01,5,9914.75
C10478,Customer_479,Pune,Standard,2025-06-12,7,7691.01
C10479,Customer_480,Pune,Basic,2023-01-04,11,16716.99
C10480,Customer_481,Bangalore,Standard,2025-11-30,4,29811.15
C10481,Customer_482,Mumbai,Premium,2026-01-07,10,12357.3
C10482,Customer_483,Mumbai,Standard,2024-02-08,9,14364.84
C10483,Customer_484,Pune,Standard,2025-01-15,10,7877.67
C10484,Customer_485,Pune,Basic,2025-06-02,10,21119.93
C10485,Customer_486,Chennai,Standard,2023-05-24,7,6959.39
C10486,Customer_487,Delhi,Standard,2024-11-07,5,10739.23
C10487,Customer_488,Kolkata,PREMIUM,2026-06-30,7,12088.54
C10488,Customer_489,Mumbai,Standard,2024-10-04,5,19615.11
C10489,Customer_490,Pune,Standard,2023-09-13,3,3626.91
C10490,Customer_491,Chennai,Basic,2024-09-07,3,7607.15
C10491,Customer_492,Hyderabad,Standard,2025-11-04,9,14112.4
C10492,Customer_493,Chennai,Basic,2024-09-25,10,11881.19
C10493,Customer_494,Mumbai,Basic,2025-04-16,8,13558.91
C10494,Customer_495,Mumbai,Standard,2024-10-30,6,6503.54
C10495,Customer_496,Chennai,Basic,2025-04-04,5,11229.99
C10496,Customer_497,Kolkata,Basic,2024-08-28,7,9528.13
C10497,Customer_498,Bangalore,Standard,2026-02-09,7,16578.75
C10498,Customer_499,Mumbai,Premium,2023-09-18,8,8521.6
C10499,Customer_500,Chennai,STANDARD,2024-01-28,9,7137.28
C10500,Customer_501,Pune,Standard,2025-05-11,11,10136.63
C10501,Customer_502,Chennai,Basic,2025-02-15,6,18003.06
C10502,Customer_503,Delhi,Standard,2023-12-23,8,5968.64
C10503,Customer_504,Bangalore,Basic,2026-06-14,9,14274.63
C10504,Customer_505,Hyderabad,Standard,2026-03-11,7,9473.48
C10505,Customer_506,Kolkata,Premium,2024-09-08,6,5192.6
C10506,Customer_507,Hyderabad,Basic,2025-04-11,8,3227.44
C10507,Customer_508,Bangalore,Standard,2026-01-27,9,18640.11
C10508,Customer_509,Bangalore,Standard,2023-01-01,8,14646.65
C10509,Customer_510,Bangalore,Standard,2024-09-14,13,7303.68
C10510,Customer_511,Hyderabad,Premium,2024-08-10,9,10719.97
C10511,Customer_512,Pune,Standard,2024-03-06,9,24648.43
C10512,Customer_513,Bangalore,standard,2025-05-30,11,8300.03
C10513,Customer_514,Chennai,Standard,2026-04-02,7,26898.2
C10514,Customer_515,Hyderabad,Basic,2026-05-27,7,22791.78
C10515,Customer_516,Bangalore,Standard,2024-10-21,6,18556.94
C10516,Customer_517,Chennai,Standard,2025-08-10,6,11291.65
C10517,Customer_518,Pune,Standard,2025-06-23,12,12554.9
C10518,Customer_519,Delhi,Basic,2025-06-24,8,22017.67
C10519,Customer_520,Pune,Premium,2024-03-13,8,14243.45
C10520,Customer_521,Bangalore,Standard,2025-11-12,3,13225.37
C10521,Customer_522,Hyderabad,Premium,2025-08-27,11,10574.03
C10522,Customer_523,Mumbai,Premium,2023-12-14,9,10816.06
C10523,Customer_524,Bangalore,Basic,2023-06-23,12,4088.1
C10524,Customer_525,Mumbai,Basic,2024-08-04,8,3782.06
C10525,Customer_526,Chennai,Standard,2025-11-21,5,12534.69
C10526,Customer_527,Delhi,Standard,2026-07-20,6,14229.42
C10527,Customer_528,Kolkata,Standard,2026-06-22,5,7605.87
C10528,Customer_529,Pune,Basic,2024-11-17,7,10112.93
C10529,Customer_530,Delhi,Basic,2023-07-11,10,10945.51
C10530,Customer_531,Bangalore,Standard,2024-04-26,6,11576.28
C10531,Customer_532,,Basic,2024-09-27,6,9996.35
C10532,Customer_533,,Basic,2024-04-05,8,9285.79
C10533,Customer_534,Mumbai,Standard,2024-02-12,7,7702.89
C10534,Customer_535,Hyderabad,Standard,2023-10-29,9,11633.83
C10535,Customer_536,Mumbai,Standard,2023-02-20,3,17500.38
C10536,Customer_537,Hyderabad,Basic,2023-04-05,7,8852.92
C10537,Customer_538,Chennai,Basic,2024-05-16,11,19414.36
C10538,Customer_539,Pune,Basic,2025-08-31,13,12030.91
C10539,Customer_540,Pune,Basic,2026-06-05,6,12127.75
C10540,Customer_541,Kolkata,Standard,2023-05-30,4,14108.89
C10541,Customer_542,Bangalore,Basic,2025-07-21,9,8229.78
C10542,Customer_543,hyderabad,Basic,2025-04-28,5,16753.5
C10543,Customer_544,Kolkata,Standard,2026-07-13,7,7889.85
C10544,Customer_545,Mumbai,Standard,2026-03-24,7,10147.04
C10545,Customer_546,Mumbai,basic,2024-02-03,11,8499.74
C10546,Customer_547,Kolkata,Premium,2025-02-25,8,6160.08
C10547,Customer_548,Pune,Basic,2025-10-09,6,8881.54
C10548,Customer_549,Mumbai,Premium,2025-03-29,7,12358.73
C10549,Customer_550,Chennai,Standard,2024-05-14,5,14768.42
C10550,Customer_551,Chennai,Basic,2023-10-30,5,10937.39
C10551,Customer_552,Kolkata,Standard,2023-01-12,7,6345.97
C10552,Customer_553,Hyderabad,Standard,2023-08-07,6,22142.72
C10553,Customer_554,Hyderabad,Standard,2025-05-20,10,21057.85
C10554,Customer_555,Kolkata,Basic,2024-03-24,8,10526.81
C10555,Customer_556,Hyderabad,Premium,2023-12-27,10,10439.37
C10556,Customer_557,Pune,Basic,2025-11-26,5,4195.34
C10557,Customer_558,Pune,Premium,2025-08-09,7,15869.63
C10558,Customer_559,Hyderabad,Basic,2023-04-13,9,14900.91
C10559,Customer_560,Chennai,Basic,2026-02-15,5,9736.84
C10560,Customer_561, ,Standard,2024-05-25,9,5331.77
C10561,Customer_562,Pune,Standard,2023-09-06,7,15004.51
C10562,Customer_563,Delhi, Standard ,2025-07-23,6,9078.7
C10563,Customer_564,Bangalore,Standard,2023-10-01,12,18393.78
C10564,Customer_565,Mumbai,Premium,2025-08-09,11,8175.34
C10565,Customer_566,Delhi,Premium,2025-12-23,5,9705.47
C10566,Customer_567,Hyderabad,Premium,2026-02-18,5,12906.21
C10567,Customer_568,Chennai,Standard,2026-05-04,5,4123.52
C10568,Customer_569,Kolkata,Standard,2024-10-11,8,19316.3
C10569,Customer_570,Hyderabad,Standard,2025-06-25,5,20157.38
C10570,Customer_571,Chennai,Basic,2026-06-08,10,8945.01
C10571,Customer_572,Bangalore,Standard,2025-10-30,12,16891.16
C10572,Customer_573,Hyderabad,Standard,2025-05-23,7,17151.8
C10573,Customer_574,Pune,Standard,2026-01-27,8,11435.59
C10574,Customer_575,Kolkata,Basic,2025-07-02,11,27220.29
C10575,Customer_576,Chennai,Basic,2023-11-22,10,3124.77
C10576,Customer_577,,Basic,2025-08-30,8,6477.68
C10577,Customer_578,Chennai,Basic,2025-07-10,11,18133.74
C10578,Customer_579,Bangalore,Premium,2024-06-14,9,8073.03
C10579,Customer_580, ,Basic,2024-05-21,11,6957.3
C10580,Customer_581,Bangalore,Basic,2026-07-29,10,13788.66
C10581,Customer_582,Mumbai,Standard,2024-07-21,5,8229.66
C10582,Customer_583,Mumbai,Basic,2025-12-03,13,16956.52
C10583,Customer_584,Hyderabad,Premium,2025-09-19,6,16530.9
C10584,Customer_585,Pune,Standard,2026-07-07,9,11021.34
C10585,Customer_586,Bangalore,Standard,2024-05-04,4,7498.72
C10586,Customer_587,Kolkata,Standard,2024-07-16,10,12437.17
C10587,Customer_588,Chennai,Basic,2025-06-19,5,7860.37
C10588,Customer_589,Chennai,Standard,2023-06-08,9,9468.78
C10589,Customer_590,HYDERABAD,Standard,2024-08-08,7,14864.2
C10590,Customer_591,Pune,Standard,2024-04-25,11,14609.68
C10591,Customer_592,Mumbai,Basic,2024-07-10,7,6511.2
C10592,Customer_593,Mumbai,Premium,2024-11-18,6,10781.78
C10593,Customer_594,Chennai,Standard,2024-10-16,12,12763.63
C10594,Customer_595,Hyderabad,BASIC,2026-01-11,9,12179.11
C10595,Customer_596,Bangalore,Basic,2023-06-15,7,7919.28
C10596,Customer_597,Mumbai,Standard,2023-10-11,8,10194.0
C10597,Customer_598,Bangalore,Basic,2023-11-05,7,19644.02
C10598,Customer_599,Pune,Basic,2024-04-18,8,11692.53
C10599,Customer_600, Mumbai ,Basic,2025-02-23,8,18058.87
C10600,Customer_601,Mumbai,Standard,2023-11-09,5,11842.84
C10601,Customer_602,Delhi,Standard,2024-03-14,6,20498.49
C10602,Customer_603,Mumbai,Standard,2023-05-12,7,16609.76
C10603,Customer_604,Kolkata,,2025-04-29,9,21303.64
C10604,Customer_605,Hyderabad,Standard,2025-04-14,4,5455.78
C10605,Customer_606,Hyderabad,Premium,2024-11-08,8,11174.96
C10606,Customer_607,Bangalore,Standard,2026-01-16,5,7638.68
C10607,Customer_608,Pune,Standard,2025-08-12,11,7559.71
C10608,Customer_609,Mumbai,Standard,2025-05-01,8,20326.53
C10609,Customer_610,Kolkata,Basic,2023-05-08,6,20941.1
C10610,Customer_611,Bangalore,Standard,2024-02-28,10,14236.73
C10611,Customer_612,Delhi,Premium,2025-05-10,10,10182.57
C10612,Customer_613,Bangalore,Basic,2025-03-08,4,22158.37
C10613,Customer_614,Bangalore,Premium,2026-04-11,13,4441.36
C10614,Customer_615,Mumbai,Basic,2023-02-10,11,16864.64
C10615,Customer_616,Delhi,Basic,2026-03-25,12,14203.86
C10616,Customer_617,Bangalore,Standard,2025-02-18,7,10784.97
C10617,Customer_618,Kolkata,Basic,2025-09-03,12,8568.25
C10618,Customer_619,Kolkata,Standard,2023-01-13,9,12491.34
C10619,Customer_620,Hyderabad,Standard,2024-12-21,18,10968.3
C10620,Customer_621, ,Premium,2024-09-03,5,12903.66
C10621,Customer_622,Delhi,Standard,2025-03-09,5,6338.26
C10622,Customer_623,Hyderabad,Basic,2025-05-08,10,27355.27
C10623,Customer_624,Bangalore,Standard,2026-01-07,10,20584.38
C10624,Customer_625,Delhi,Standard,2026-01-23,10,9172.75
C10625,Customer_626,Kolkata,Standard,2026-05-20,6,12513.86
C10626,Customer_627, Kolkata ,Standard,2024-03-27,9,20397.0
C10627,Customer_628,Mumbai,Premium,2025-09-26,11,11419.37
C10628,Customer_629,Delhi,Standard,2024-03-25,4,13791.21
C10629,Customer_630,Bangalore,Basic,2024-07-12,3,16351.37
C10630,Customer_631,Hyderabad,Standard,2025-06-11,6,18018.76
C10631,Customer_632,HYDERABAD,Standard,2025-09-21,9,9929.65
C10632,Customer_633,Bangalore,Premium,2023-03-01,10,9907.21
C10633,Customer_634,Pune,,2025-03-07,7,12067.64
C10634,Customer_635,Chennai,Basic,2024-11-19,5,24691.66
C10635,Customer_636,Mumbai,Premium,2025-04-08,9,13331.03
C10636,Customer_637,Hyderabad,Premium,2023-12-05,9,10189.13
C10637,Customer_638,Delhi,Standard,2025-08-15,11,6097.46
C10638,Customer_639,,Basic,2023-09-19,7,14792.89
C10639,Customer_640,Delhi,Standard,2026-06-28,8,11065.51
C10640,Customer_641,Pune,Standard,2025-12-29,12,12971.41
C10641,Customer_642,Kolkata,Basic,2023-02-25,4,11482.93
C10642,Customer_643,Mumbai,Standard,2025-03-17,4,18118.18
C10643,Customer_644,Hyderabad,Basic,2026-04-27,10,19846.68
C10644,Customer_645,Mumbai,Basic,2026-03-01,7,13698.32
C10645,Customer_646,Mumbai,Standard,2023-02-25,9,12616.7
C10646,Customer_647,Mumbai,Standard,2023-06-21,5,3612.0
C10647,Customer_648,Chennai,Premium,2026-08-09,13,11142.64
C10648,Customer_649,Mumbai,Standard,2025-05-27,10,9540.97
C10649,Customer_650,Delhi,Basic,2023-10-05,9,8197.13
C10650,Customer_651,KOLKATA,Standard,2025-08-03,8,18945.94
C10651,Customer_652,Pune,Standard,2024-01-08,10,16894.84
C10652,Customer_653,Bangalore,Basic,2023-04-13,9,18743.37
C10653,Customer_654,Mumbai,Standard,2024-06-16,5,2665.32
C10654,Customer_655,,Premium,2025-02-15,13,7491.04
C10655,Customer_656,Mumbai,Standard,2024-11-01,5,16312.55
C10656,Customer_657,Hyderabad,Standard,2024-03-09,21,7917.87
C10657,Customer_658,,Basic,2025-07-20,3,19842.78
C10658,Customer_659,Hyderabad,Premium,2024-10-31,5,12836.81
C10659,Customer_660,Bangalore,Standard,2024-11-22,7,27887.82
C10660,Customer_661,Kolkata,Standard,2025-02-15,6,15086.51
C10661,Customer_662,Hyderabad,,2024-07-23,6,14058.5
C10662,Customer_663,Hyderabad,Standard,2025-05-13,5,11302.84
C10663,Customer_664,Kolkata,Standard,2024-05-31,5,11559.62
C10664,Customer_665,Bangalore,Standard,2023-06-17,7,7344.31
C10665,Customer_666,MUMBAI,Basic,2025-08-21,7,6683.76
C10666,Customer_667,Hyderabad,Standard,2023-02-09,14,24063.23
C10667,Customer_668,Kolkata, Premium ,2026-01-09,11,14609.99
C10668,Customer_669,Delhi,Standard,2023-04-17,7,13480.1
C10669,Customer_670,Kolkata,,2024-12-17,7,10600.6
C10670,Customer_671, Delhi ,Basic,2024-04-04,6,13390.24
C10671,Customer_672,Bangalore, Premium ,2026-08-24,6,17406.43
C10672,Customer_673,Mumbai,Basic,2023-05-21,8,11216.64
C10673,Customer_674,Kolkata,Standard,2026-08-27,6,14214.75
C10674,Customer_675,pune,Premium,2023-03-24,10,22486.06
C10675,Customer_676,Pune,Premium,2023-03-05,6,10469.04
C10676,Customer_677,Chennai,Premium,2024-05-21,13,14083.74
C10677,Customer_678,,Basic,2024-02-13,5,18111.66
C10678,Customer_679,Bangalore,Premium,2023-02-11,11,10029.53
C10679,Customer_680,Kolkata,Premium,2026-06-26,7,6756.05
C10680,Customer_681,Pune,Basic,2023-11-09,7,16067.14
C10681,Customer_682,Hyderabad,Standard,2024-05-03,1,12302.74
C10682,Customer_683,Pune,Premium,2023-09-16,14,6377.15
C10683,Customer_684,Kolkata,Premium,2025-08-27,3,10368.48
C10684,Customer_685,Delhi,Premium,2023-08-23,7,9095.77
C10685,Customer_686,Kolkata,Standard,2026-03-01,7,8111.74
C10686,Customer_687,Chennai,Standard,2024-03-22,14,18131.19
C10687,Customer_688,Kolkata,Premium,2025-08-10,9,8913.99
C10688,Customer_689,Kolkata,Premium,2024-06-08,6,22826.51
C10689,Customer_690,Chennai,BASIC,2025-01-25,7,12292.38
C10690,Customer_691,Bangalore,Standard,2023-12-10,10,7044.31
C10691,Customer_692,Kolkata,Standard,2026-05-25,8,14019.69
C10692,Customer_693,Chennai,Standard,2026-05-28,9,21281.43
C10693,Customer_694,Hyderabad,,2023-08-23,12,8518.08
C10694,Customer_695, Delhi ,Standard,2023-12-02,9,15284.75
C10695,Customer_696,Delhi,Standard,2024-09-29,6,10337.9
C10696,Customer_697,Kolkata,Standard,2023-08-10,10,5025.43
C10697,Customer_698,,Basic,2026-03-31,11,5627.32
C10698,Customer_699,Bangalore,Premium,2023-02-22,4,17341.87
C10699,Customer_700,Hyderabad,Basic,2024-09-30,5,19479.64
C10700,Customer_701,Kolkata,Premium,2026-03-25,9,6474.29
C10701,Customer_702,Delhi,Basic,2025-02-07,9,10989.03
C10702,Customer_703,Bangalore,Standard,2025-03-23,8,15608.6
C10703,Customer_704,Kolkata,Basic,2024-02-11,11,28758.56
C10704,Customer_705,Pune,Premium,2023-06-05,6,17730.69
C10705,Customer_706,Bangalore,Standard,2026-04-27,6,23629.48
C10706,Customer_707,Chennai,Standard,2026-07-08,6,13948.01
C10707,Customer_708,Pune, ,2024-05-12,5,4931.37
C10708,Customer_709,Bangalore,Standard,2023-07-28,14,4722.48
C10709,Customer_710,Delhi,Standard,2024-09-09,10,11259.91
C10710,Customer_711,Mumbai,Standard,2026-05-14,9,15377.62
C10711,Customer_712,Pune,Standard,2023-09-05,7,8718.71
C10712,Customer_713,Hyderabad,Standard,2026-03-05,5,6697.06
C10713,Customer_714,Hyderabad,Premium,2023-03-26,7,14502.34
C10714,Customer_715,Delhi,Basic,2024-12-12,7,22382.33
C10715,Customer_716,Bangalore,Basic,2025-12-27,4,21773.73
C10716,Customer_717,Kolkata,Basic,2025-05-27,6,10783.38
C10717,Customer_718,,Standard,2025-01-28,8,3476.26
C10718,Customer_719,Delhi,Basic,2023-05-22,6,9899.66
C10719,Customer_720,Hyderabad,Basic,2025-11-02,6,20675.55
C10720,Customer_721,Bangalore,Standard,2026-08-19,12,8828.72
C10721,Customer_722,Hyderabad,Standard,2024-11-29,8,7806.2
C10722,Customer_723,Pune,Standard,2023-01-26,6,13150.95
C10723,Customer_724,Kolkata,Basic,2025-05-10,8,15667.08
C10724,Customer_725,Pune,Standard,2025-09-30,8,14964.97
C10725,Customer_726,,Premium,2023-08-05,10,12211.3
C10726,Customer_727,Hyderabad,Standard,2025-06-06,9,4387.28
C10727,Customer_728,Mumbai,Basic,2025-01-11,9,20831.68
C10728,Customer_729,Mumbai,Basic,2026-07-25,14,8795.39
C10729,Customer_730,Pune,Basic,2025-07-30,9,10566.69
C10730,Customer_731,Chennai,standard,2023-11-10,12,8327.71
C10731,Customer_732,Pune,Standard,2025-06-10,8,12665.63
C10732,Customer_733,Mumbai,Premium,2023-12-27,7,9416.49
C10733,Customer_734,Hyderabad,Premium,2025-12-04,8,12665.67
C10734,Customer_735,Delhi,Premium,2026-08-25,8,17674.3
C10735,Customer_736,,Standard,2024-07-07,12,9182.61
C10736,Customer_737,Hyderabad,Premium,2026-06-15,8,5525.65
C10737,Customer_738,Delhi,Standard,2026-01-07,7,9891.52
C10738,Customer_739,Delhi,Basic,2025-09-17,9,9873.26
C10739,Customer_740,Mumbai,Standard,2025-08-10,6,9954.93
C10740,Customer_741,Pune,Basic,2025-06-11,7,6610.91
C10741,Customer_742,Bangalore,Standard,2026-04-28,6,13902.77
C10742,Customer_743,Kolkata,Standard,2024-07-03,10,11333.25
C10743,Customer_744,Mumbai,Standard,2024-10-22,6,8753.04
C10744,Customer_745,Mumbai,Premium,2024-05-17,10,5924.17
C10745,Customer_746,Bangalore,Standard,2023-06-27,8,13342.16
C10746,Customer_747,Kolkata,Standard,2024-07-25,9,10658.99
C10747,Customer_748,Hyderabad,Premium,2025-07-12,11,21483.09
C10748,Customer_749,Chennai,Standard,2024-05-14,7,3004.71
C10749,Customer_750, ,Standard,2025-08-09,10,17139.32
C10750,Customer_751,Chennai,Basic,2026-03-13,7,19381.31
C10751,Customer_752,Hyderabad,Basic,2026-06-03,7,13644.85
C10752,Customer_753,Mumbai,Basic,2025-02-15,8,10781.15
C10753,Customer_754,Kolkata,Premium,2024-11-19,9,15765.84
C10754,Customer_755,Mumbai,Basic,2023-02-28,9,12245.58
C10755,Customer_756,,Basic,2025-10-09,8,14829.12
C10756,Customer_757,Mumbai,Standard,2024-10-27,9,6025.13
C10757,Customer_758,Mumbai,Basic,2024-01-08,5,9476.78
C10758,Customer_759,Hyderabad,Standard,2025-09-25,9,11192.65
C10759,Customer_760,Hyderabad,Basic,2024-03-10,8,12330.93
C10760,Customer_761,Hyderabad,Basic,2024-12-27,11,6020.21
C10761,Customer_762,Chennai,Premium,2024-06-13,7,8093.81
C10762,Customer_763,Delhi,Standard,2024-11-28,10,4639.04
C10763,Customer_764, ,Basic,2024-07-26,11,9806.14
C10764,Customer_765,Kolkata,Premium,2026-05-05,8,13331.28
C10765,Customer_766,Chennai,Standard,2024-07-19,8,17238.57
C10766,Customer_767,Bangalore,Basic,2026-02-12,8,1589.34
C10767,Customer_768,Kolkata,Standard,2023-01-21,8,18992.82
C10768,Customer_769,Pune,Premium,2025-11-24,7,22344.6
C10769,Customer_770,Pune,Standard,2024-01-27,4,15069.92
C10770,Customer_771,Kolkata,Standard,2023-06-25,8,22225.81
C10771,Customer_772,Hyderabad,Standard,2024-05-09,6,14130.73
C10772,Customer_773,Bangalore,Premium,2025-04-12,7,15637.05
C10773,Customer_774,Bangalore,Standard,2025-09-27,8,9130.31
C10774,Customer_775,Chennai,Standard,2026-02-11,6,16746.78
C10775,Customer_776,Bangalore,Basic,2024-05-07,12,9846.37
C10776,Customer_777,Pune,Standard,2025-09-02,8,11985.88
C10777,Customer_778,Delhi,Standard,2026-08-15,11,12227.72
C10778,Customer_779,Hyderabad,Standard,2025-10-02,7,12134.1
C10779,Customer_780,Bangalore,Premium,2025-07-06,5,7453.09
C10780,Customer_781,Chennai,Standard,2023-02-05,9,8864.52
C10781,Customer_782,Pune,Premium,2023-07-10,8,12974.52
C10782,Customer_783,Delhi,Basic,2024-08-25,12,9041.65
C10783,Customer_784,Mumbai,Premium,2024-03-29,7,8289.02
C10784,Customer_785,Mumbai,Standard,2025-04-08,8,9190.29
C10785,Customer_786,Delhi,Standard,2024-05-13,6,16138.55
C10786,Customer_787,Pune,,2024-09-19,11,11858.04
C10787,Customer_788,Chennai,Premium,2026-04-06,15,12006.05
C10788,Customer_789,Delhi,Standard,2025-01-25,14,12399.51
C10789,Customer_790,Hyderabad,Standard,2025-08-27,8,15852.28
C10790,Customer_791,Hyderabad,Basic,2026-02-07,9,6531.23
C10791,Customer_792,Mumbai,Standard,2025-12-23,8,13234.79
C10792,Customer_793,Bangalore,Standard,2024-12-05,7,3053.16
C10793,Customer_794, ,Standard,2025-05-21,3,9034.03
C10794,Customer_795,Mumbai,Standard,2026-02-01,6,10838.16
C10795,Customer_796,Bangalore,Standard,2024-11-08,6,13835.74
C10796,Customer_797,Bangalore,Standard,2024-12-21,10,11686.69
C10797,Customer_798,Hyderabad,Standard,2025-07-18,6,7616.22
C10798,Customer_799,Pune,premium,2024-07-08,8,18634.51
C10799,Customer_800,Kolkata,Premium,2024-09-19,9,15865.12
C10800,Customer_801,Pune,Premium,2024-05-29,8,17435.24
C10801,Customer_802,KOLKATA,Standard,2024-04-17,11,4946.76
C10802,Customer_803,Delhi,Standard,2023-09-05,8,24470.57
C10803,Customer_804,Hyderabad,Standard,2024-01-30,6,8697.62
C10804,Customer_805,Bangalore,Basic,2024-10-08,12,9291.57
C10805,Customer_806,Chennai,Premium,2023-09-02,6,9507.24
C10806,Customer_807,Kolkata,Basic,2026-01-02,10,15828.9
C10807,Customer_808,Pune,Standard,2024-01-15,12,12541.74
C10808,Customer_809,Bangalore,Standard,2024-01-28,6,6398.39
C10809,Customer_810,Kolkata, ,2024-03-19,5,5964.39
C10810,Customer_811,Kolkata,Standard,2025-09-18,9,8795.97
C10811,Customer_812,Kolkata,Standard,2024-07-20,11,13944.88
C10812,Customer_813,Chennai,Basic,2026-04-22,10,9930.88
C10813,Customer_814,Hyderabad,Standard,2025-12-10,10,22394.39
C10814,Customer_815,Chennai,Basic,2026-05-07,9,5631.86
C10815,Customer_816,Mumbai,Standard,2024-08-02,9,20612.47
C10816,Customer_817,Bangalore,Basic,2023-07-25,11,8703.85
C10817,Customer_818,Hyderabad,Standard,2024-02-02,6,19364.05
C10818,Customer_819,Hyderabad,Basic,2024-08-29,4,17450.17
C10819,Customer_820,Hyderabad,Standard,2024-04-10,13,10437.94
C10820,Customer_821,Pune,Standard,2025-01-09,9,7612.27
C10821,Customer_822,Hyderabad,Standard,2024-01-03,8,18495.14
C10822,Customer_823,Chennai,Basic,2024-09-11,7,8851.77
C10823,Customer_824,Hyderabad,Standard,2023-01-29,6,10520.07
C10824,Customer_825,Delhi,Basic,2025-12-29,10,21287.47
C10825,Customer_826,Bangalore,Premium,2023-09-17,8,5225.88
C10826,Customer_827,HYDERABAD,Basic,2024-07-15,7,7985.87
C10827,Customer_828,Bangalore,Basic,2023-04-04,6,11539.68
C10828,Customer_829,Delhi,Basic,2023-04-22,6,11743.85
C10829,Customer_830,Delhi,Standard,2026-02-07,11,9241.15
C10830,Customer_831,Bangalore,Standard,2024-08-21,7,14432.05
C10831,Customer_832,Kolkata,Basic,2023-09-16,5,27506.58
C10832,Customer_833,Mumbai,Standard,2026-07-30,11,17824.38
C10833,Customer_834,Pune,Standard,2025-10-02,9,9143.9
C10834,Customer_835,Kolkata,Standard,2023-07-30,4,18484.12
C10835,Customer_836,Kolkata,Basic,2023-01-26,8,13222.06
C10836,Customer_837,Chennai,Standard,2026-03-21,4,7371.85
C10837,Customer_838,Pune,Standard,2024-08-05,9,6003.4
C10838,Customer_839,Pune,Basic,2025-08-19,9,6123.32
C10839,Customer_840,Kolkata,Premium,2025-09-07,4,7467.3
C10840,Customer_841,Hyderabad,Basic,2025-06-21,9,18832.91
C10841,Customer_842,Chennai,Premium,2024-11-28,8,5199.53
C10842,Customer_843,Chennai,Standard,2024-01-13,7,12143.18
C10843,Customer_844,Delhi,Premium,2023-04-16,5,12161.16
C10844,Customer_845,Pune,Premium,2024-06-01,9,14166.83
C10845,Customer_846,Kolkata,Basic,2025-09-05,5,13572.46
C10846,Customer_847,Delhi,Standard,2023-08-22,9,25170.39
C10847,Customer_848,Bangalore,Standard,2023-05-14,7,12996.08
C10848,Customer_849,Mumbai,Standard,2025-03-31,9,7951.91
C10849,Customer_850,Chennai,Standard,2025-10-04,7,22513.17
C10850,Customer_851,Bangalore,Standard,2023-06-01,10,11010.57
C10851,Customer_852,Bangalore,Standard,2026-03-27,8,11012.43
C10852,Customer_853,Hyderabad,Standard,2026-07-13,6,18509.98
C10853,Customer_854,Mumbai,Basic,2023-04-20,9,5254.0
C10854,Customer_855,Bangalore,Standard,2023-11-07,4,11132.09
C10855,Customer_856,Bangalore,Standard,2023-11-02,8,10541.52
C10856,Customer_857,Mumbai,Standard,2026-02-26,9,7236.07
C10857,Customer_858,Mumbai,Basic,2024-09-14,11,8797.98
C10858,Customer_859,Bangalore,Standard,2023-06-24,6,13318.7
C10859,Customer_860,Mumbai,Standard,2024-05-23,5,13190.64
C10860,Customer_861,Bangalore,Standard,2023-08-31,10,14691.93
C10861,Customer_862,Bangalore,Basic,2026-02-16,5,9317.77
C10862,Customer_863,Hyderabad,Standard,2025-05-02,9,6858.08
C10863,Customer_864,Kolkata,BASIC,2026-05-26,6,10774.97
C10864,Customer_865,Bangalore,Standard,2026-05-05,10,15040.31
C10865,Customer_866,Delhi,Standard,2026-06-20,4,25139.52
C10866,Customer_867,Chennai,Basic,2024-04-07,10,12635.78
C10867,Customer_868,Pune,Standard,2025-12-06,5,21301.39
C10868,Customer_869,Kolkata,Basic,2025-02-18,7,11438.56
C10869,Customer_870,Kolkata,Basic,2025-07-11,5,13648.15
C10870,Customer_871,Kolkata,Basic,2025-06-25,8,16129.36
C10871,Customer_872,Hyderabad,Premium,2024-08-31,6,22613.37
C10872,Customer_873,Bangalore,Basic,2026-04-20,9,8012.65
C10873,Customer_874,hyderabad,Standard,2025-05-28,5,13011.83
C10874,Customer_875,Bangalore,Basic,2024-09-17,13,18871.82
C10875,Customer_876,Hyderabad,Standard,2026-03-10,8,5405.56
C10876,Customer_877,Hyderabad,Basic,2026-06-25,10,22496.41
C10877,Customer_878,Chennai,Standard,2023-05-04,6,11526.21
C10878,Customer_879,Delhi,Standard,2026-06-02,6,11685.36
C10879,Customer_880,Hyderabad,Premium,2023-07-23,8,19142.52
C10880,Customer_881,Chennai,Basic,2024-03-01,10,20320.8
C10881,Customer_882,mumbai,Standard,2026-07-05,15,16625.88
C10882,Customer_883,Delhi,Standard,2024-03-08,10,8716.12
C10883,Customer_884,Hyderabad,Basic,2024-06-25,11,4516.7
C10884,Customer_885,Pune,Standard,2023-06-16,8,14410.48
C10885,Customer_886,Kolkata,Standard,2023-11-18,9,9345.82
C10886,Customer_887,Mumbai,Standard,2024-05-06,6,10357.52
C10887,Customer_888,MUMBAI,Standard,2023-12-22,7,26732.9
C10888,Customer_889,Chennai,Standard,2026-02-04,5,9380.06
C10889,Customer_890,Mumbai,Premium,2023-06-03,12,1555.72
C10890,Customer_891,Delhi,Standard,2023-11-17,5,9163.22
C10891,Customer_892,Hyderabad,Standard,2023-01-06,13,14657.43
C10892,Customer_893,Hyderabad,Basic,2025-04-16,11,23750.92
C10893,Customer_894,Pune,Premium,2025-07-11,8,15942.52
C10894,Customer_895,Kolkata,Standard,2026-05-01,5,14503.49
C10895,Customer_896,Chennai,Basic,2025-08-20,11,7820.86
C10896,Customer_897, Kolkata ,Premium,2024-08-19,7,14818.96
C10897,Customer_898,Mumbai,Standard,2023-03-08,12,5160.79
C10898,Customer_899,Pune,,2024-04-19,7,9369.7
C10899,Customer_900,Kolkata,Basic,2024-08-13,6,16390.14
C10900,Customer_901,Delhi,Basic,2024-08-02,7,3844.09
C10901,Customer_902,Hyderabad,Basic,2025-07-18,7,7353.32
C10902,Customer_903,Mumbai,Basic,2023-05-26,3,13649.75
C10903,Customer_904,Pune, Standard ,2024-04-23,6,26676.64
C10904,Customer_905,Kolkata,Basic,2024-06-25,9,12121.88
C10905,Customer_906,Chennai,Premium,2026-07-04,10,17965.82
C10906,Customer_907,Delhi,Basic,2026-04-22,6,26447.71
C10907,Customer_908,Delhi,Standard,2024-02-10,9,14310.18
C10908,Customer_909,Kolkata,Standard,2025-05-20,8,21434.04
C10909,Customer_910,Hyderabad,Standard,2023-08-24,7,30741.36
C10910,Customer_911, Kolkata ,Basic,2026-01-20,10,4339.11
C10911,Customer_912,Mumbai,Premium,2024-04-05,2,11096.66
C10912,Customer_913,Kolkata,Basic,2026-08-19,8,11090.7
C10913,Customer_914,Delhi,Basic,2023-11-02,6,9783.31
C10914,Customer_915,Pune,Standard,2024-06-28,11,4859.52
C10915,Customer_916,Kolkata,Basic,2023-10-19,12,6401.58
C10916,Customer_917,Hyderabad,Basic,2023-05-27,12,7608.0
C10917,Customer_918,Pune,Standard,2023-05-03,9,24036.74
C10918,Customer_919,CHENNAI,Standard,2023-12-06,8,9617.49
C10919,Customer_920,Bangalore,Standard,2024-09-21,4,9973.3
C10920,Customer_921,Kolkata,Standard,2026-05-03,12,13107.91
C10921,Customer_922,Hyderabad,Standard,2026-03-11,4,20218.13
C10922,Customer_923,Pune,Basic,2024-08-14,5,9746.06
C10923,Customer_924,Hyderabad,Premium,2025-06-18,5,25001.79
C10924,Customer_925,Chennai,Basic,2023-09-12,5,4969.12
C10925,Customer_926,Delhi,Standard,2025-08-17,7,11038.9
C10926,Customer_927,Hyderabad,Standard,2024-09-14,7,7902.35
C10927,Customer_928,Pune,Basic,2025-04-04,6,14662.6
C10928,Customer_929,Hyderabad,Basic,2024-07-11,10,5384.73
C10929,Customer_930,Hyderabad,Standard,2025-10-21,4,14902.91
C10930,Customer_931,Hyderabad,Standard,2026-01-10,8,10526.21
C10931,Customer_932,Mumbai,Standard,2025-10-08,7,23172.12
C10932,Customer_933,Mumbai,Premium,2025-06-15,6,18178.03
C10933,Customer_934,Delhi,Standard,2023-06-14,9,17096.33
C10934,Customer_935,Kolkata,Standard,2026-05-09,8,13211.49
C10935,Customer_936,Hyderabad,standard,2023-03-23,12,8922.6
C10936,Customer_937,Chennai,Basic,2025-06-03,11,7834.58
C10937,Customer_938,Kolkata,Standard,2024-10-22,7,9487.13
C10938,Customer_939,Chennai,Standard,2026-05-21,6,10338.05
C10939,Customer_940,Kolkata,Standard,2024-05-27,14,9490.67
C10940,Customer_941,Delhi,Basic,2023-02-22,6,9516.12
C10941,Customer_942,Hyderabad,Basic,2023-07-07,15,9367.49
C10942,Customer_943,Hyderabad,Standard,2024-04-13,13,11123.82
C10943,Customer_944,Bangalore,,2026-03-24,8,11752.41
C10944,Customer_945,Chennai,Standard,2026-04-17,6,16478.56
C10945,Customer_946,Kolkata,Standard,2023-02-12,4,7579.96
C10946,Customer_947,Kolkata,Standard,2024-07-05,13,9632.49
C10947,Customer_948,Mumbai,Standard,2026-03-26,15,11866.7
C10948,Customer_949,Bangalore,Basic,2023-03-24,8,7553.59
C10949,Customer_950,Pune, ,2023-12-25,9,4886.03
C10950,Customer_951,Pune, Premium ,2025-08-21,7,16917.13
C10951,Customer_952,Mumbai,Standard,2025-11-28,7,12112.62
C10952,Customer_953,Mumbai,Standard,2026-08-27,7,9095.96
C10953,Customer_954,mumbai,Premium,2025-06-24,6,15932.0
C10954,Customer_955,Chennai,Standard,2024-07-23,7,14860.84
C10955,Customer_956,,Standard,2024-01-07,5,14214.79
C10956,Customer_957,Delhi,Premium,2026-04-13,8,21449.37
C10957,Customer_958,Delhi,Standard,2025-06-11,8,8806.73
C10958,Customer_959,Mumbai,Standard,2026-07-24,3,9407.03
C10959,Customer_960, ,Standard,2025-10-04,17,11020.68
C10960,Customer_961,Kolkata,Basic,2023-07-06,8,16461.5
C10961,Customer_962,,Standard,2025-08-20,9,4061.42
C10962,Customer_963,Bangalore,Basic,2024-12-13,13,16919.47
C10963,Customer_964,Hyderabad,,2025-04-16,11,10302.7
C10964,Customer_965,Chennai,Basic,2024-11-13,7,8362.7
C10965,Customer_966,Chennai,Basic,2024-10-19,13,23154.23
C10966,Customer_967,Delhi,Standard,2023-08-03,9,11537.66
C10967,Customer_968,Kolkata,Standard,2023-11-26,11,20642.74
C10968,Customer_969,,Basic,2024-11-06,6,4969.77
C10969,Customer_970,Pune,Standard,2025-04-23,8,3719.97
C10970,Customer_971,Pune,Standard,2025-10-11,3,10005.67
C10971,Customer_972,Pune,Standard,2024-08-13,4,14000.42
C10972,Customer_973,Pune,Standard,2025-03-31,10,16615.25
C10973,Customer_974,Hyderabad,Premium,2026-01-31,8,12103.62
C10974,Customer_975,Hyderabad,Basic,2023-03-17,9,7291.25
C10975,Customer_976, Chennai ,Standard,2025-07-20,8,7873.61
C10976,Customer_977,Mumbai,Standard,2023-06-30,8,11682.13
C10977,Customer_978,Delhi,Basic,2024-10-06,8,4299.75
C10978,Customer_979,Delhi,Standard,2024-05-31,6,19737.5
C10979,Customer_980,Pune,Basic,2024-10-24,15,12935.9
C10980,Customer_981,Chennai,Standard,2023-08-26,5,3751.49
C10981,Customer_982,Bangalore,Premium,2025-04-07,5,12223.06
C10982,Customer_983,Mumbai,Basic,2025-11-19,10,8481.83
C10983,Customer_984, ,Standard,2023-01-03,12,18894.7
C10984,Customer_985,Mumbai,Basic,2026-01-16,8,14756.53
C10985,Customer_986,Mumbai,Basic,2025-08-04,6,14471.88
C10986,Customer_987,Mumbai,Basic,2025-04-26,7,15109.18
C10987,Customer_988,Chennai,Standard,2023-04-22,3,11152.56
C10988,Customer_989,Pune,Basic,2024-01-20,10,16252.39
C10989,Customer_990,Delhi,Standard,2025-11-27,9,7755.09
C10990,Customer_991,,Standard,2025-01-10,6,19055.58
C10991,Customer_992,Pune,Basic,2026-06-29,16,17122.38
C10992,Customer_993,Mumbai,Standard,2025-10-17,10,6910.43
C10993,Customer_994,Bangalore,Basic,2026-07-04,9,21429.97
C10994,Customer_995,Kolkata,Basic,2025-06-24,8,5166.62
C10995,Customer_996,Chennai,Basic,2023-04-16,9,8656.78
C10996,Customer_997,Kolkata, Standard ,2024-02-21,10,12100.69
C10997,Customer_998,Pune,Basic,2024-06-30,10,6887.6
C10998,Customer_999,Bangalore,Standard,2026-01-29,6,7701.48
C10999,Customer_1000,Chennai,Basic,2023-09-26,7,8877.15
C11000,Customer_1001,Pune,Standard,2024-08-12,9,12189.72
C11001,Customer_1002,,Premium,2025-06-16,5,21898.4
C11002,Customer_1003,Delhi,Standard,2025-09-19,5,11266.32
C11003,Customer_1004,Kolkata,Standard,2023-09-06,7,5190.95
C11004,Customer_1005, ,Standard,2023-03-01,12,18191.08
C11005,Customer_1006,Hyderabad,Basic,2026-07-14,14,14129.4
C11006,Customer_1007,Bangalore,Standard,2026-05-31,7,7972.3
C11007,Customer_1008,Mumbai,Standard,2024-05-05,7,8106.13
C11008,Customer_1009,Kolkata,Premium,2023-11-21,9,13903.71
C11009,Customer_1010,Mumbai,Standard,2024-09-28,3,13032.13
C11010,Customer_1011,Kolkata,Standard,2026-02-02,4,14798.81
C11011,Customer_1012,Bangalore,Premium,2023-01-29,6,14166.05
C11012,Customer_1013,Bangalore,Standard,2026-02-05,7,1946.02
C11013,Customer_1014,Hyderabad,Standard,2025-04-15,10,8018.33
C11014,Customer_1015,Mumbai,Premium,2023-07-10,7,12856.9
C11015,Customer_1016,Chennai,Standard,2024-04-05,12,15994.29
C11016,Customer_1017,Hyderabad,Premium,2023-08-21,10,17399.35
C11017,Customer_1018,Mumbai,Basic,2025-08-03,5,11087.62
C11018,Customer_1019,Hyderabad,Basic,2023-08-29,3,5114.75
C11019,Customer_1020,Chennai,Standard,2026-08-19,12,12139.19
C11020,Customer_1021,Delhi,Basic,2023-11-12,9,9541.36
C11021,Customer_1022,Delhi,Standard,2025-10-17,7,9892.12
C11022,Customer_1023,Delhi,Standard,2024-08-20,13,10527.99
C11023,Customer_1024,Delhi,Basic,2025-11-08,9,13164.1
C11024,Customer_1025,Pune,Standard,2024-07-13,12,13188.22
C11025,Customer_1026,Kolkata, ,2025-04-30,9,14058.4
C11026,Customer_1027,Pune,Premium,2025-09-15,9,5707.14
C11027,Customer_1028,Pune,Standard,2025-08-25,9,7202.68
C11028,Customer_1029,Pune,Premium,2024-05-14,3,8389.23
C11029,Customer_1030,Delhi,Basic,2025-07-24,2,10948.64
C11030,Customer_1031,Chennai,Standard,2026-02-02,8,9100.79
C11031,Customer_1032,Bangalore,Basic,2023-10-24,4,19594.0
C11032,Customer_1033,Bangalore,Standard,2025-02-24,15,12463.62
C11033,Customer_1034,Kolkata,Standard,2024-01-26,10,12983.51
C11034,Customer_1035,Delhi,Premium,2026-05-12,8,6894.01
C11035,Customer_1036,Delhi,Standard,2025-11-06,7,18581.51
C11036,Customer_1037,Delhi, Basic ,2023-10-07,7,15383.47
C11037,Customer_1038,Hyderabad,Standard,2023-05-23,11,12916.55
C11038,Customer_1039,Mumbai,Basic,2024-07-19,8,9624.0
C11039,Customer_1040,Hyderabad,Basic,2025-04-29,7,7651.01
C11040,Customer_1041,Mumbai,Standard,2024-11-27,9,10075.42
C11041,Customer_1042,Delhi,Standard,2025-11-05,3,18381.55
C11042,Customer_1043,Delhi,Premium,2024-07-01,9,5927.32
C11043,Customer_1044,Hyderabad,Premium,2023-01-06,9,13946.46
C11044,Customer_1045,Hyderabad,Premium,2024-08-02,8,10159.7
C11045,Customer_1046,Mumbai,Standard,2024-09-03,8,7675.85
C11046,Customer_1047,Bangalore,Standard,2026-04-17,8,20251.39
C11047,Customer_1048,Mumbai,Standard,2026-04-02,11,6486.3
C11048,Customer_1049,Hyderabad,Standard,2025-09-29,10,7239.27
C11049,Customer_1050,Chennai,Standard,2023-11-01,8,6072.28
C11050,Customer_1051,Hyderabad,Standard,2025-07-03,12,7965.84
C11051,Customer_1052,Chennai,Basic,2026-01-08,10,11456.1
C11052,Customer_1053,Kolkata,Premium,2025-09-18,13,7057.9
C11053,Customer_1054,Hyderabad,Standard,2024-12-07,9,8035.92
C11054,Customer_1055,Kolkata,Basic,2024-11-11,10,12879.97
C11055,Customer_1056,Bangalore,Standard,2026-02-04,5,25785.35
C11056,Customer_1057,MUMBAI,Standard,2026-01-17,6,14435.6
C11057,Customer_1058,Chennai,Standard,2025-02-11,7,3905.47
C11058,Customer_1059, Mumbai ,Standard,2025-07-21,6,10621.35
C11059,Customer_1060,Kolkata,Premium,2024-10-21,7,6970.2
C11060,Customer_1061,Chennai,Standard,2024-01-22,10,18109.31
C11061,Customer_1062,Mumbai,Standard,2024-05-04,8,11552.94
C11062,Customer_1063,Hyderabad,Standard,2026-03-17,8,5753.82
C11063,Customer_1064,Delhi,Basic,2025-02-23,6,15021.39
C11064,Customer_1065,Kolkata,Basic,2024-04-23,5,13479.6
C11065,Customer_1066,Mumbai,Standard,2025-04-21,6,10250.33
C11066,Customer_1067,Kolkata,Basic,2023-03-31,5,9767.75
C11067,Customer_1068,Pune,Standard,2024-10-13,8,8849.46
C11068,Customer_1069,Kolkata,Standard,2025-08-26,5,24381.8
C11069,Customer_1070,Chennai,Basic,2025-02-19,4,8296.84
C11070,Customer_1071,Pune,Standard,2025-03-01,5,25534.14
C11071,Customer_1072,Chennai,Standard,2026-08-28,8,14301.55
C11072,Customer_1073,Delhi,premium,2023-11-08,6,13648.11
C11073,Customer_1074,Pune,Standard,2025-10-11,8,14223.24
C11074,Customer_1075,Hyderabad,Basic,2023-03-17,9,14674.29
C11075,Customer_1076,Kolkata,Basic,2023-09-16,13,8689.22
C11076,Customer_1077, ,Basic,2025-10-25,9,16676.36
C11077,Customer_1078,Bangalore,Basic,2026-04-23,7,21315.87
C11078,Customer_1079,Kolkata,Standard,2024-11-10,7,12097.31
C11079,Customer_1080,Kolkata,Standard,2023-07-25,8,14730.31
C11080,Customer_1081,Delhi,Premium,2025-06-20,6,13269.32
C11081,Customer_1082,Hyderabad,,2023-07-24,7,11290.4
C11082,Customer_1083,Bangalore,Standard,2025-12-13,13,10517.69
C11083,Customer_1084,Pune,Basic,2025-07-24,9,12196.2
C11084,Customer_1085,,Standard,2023-02-01,6,21240.34
C11085,Customer_1086,Pune,Standard,2023-10-23,12,4559.07
C11086,Customer_1087,Chennai,Standard,2025-04-19,11,20684.17
C11087,Customer_1088,Chennai,Standard,2023-11-13,9,4004.76
C11088,Customer_1089,Mumbai,Basic,2023-06-03,9,9664.55
C11089,Customer_1090,Bangalore,Standard,2025-08-19,8,14642.12
C11090,Customer_1091,Pune,Standard,2024-06-26,3,17476.68
C11091,Customer_1092,Chennai,Basic,2024-11-24,9,11683.32
C11092,Customer_1093,Mumbai,Standard,2026-06-30,7,19218.94
C11093,Customer_1094,Hyderabad,Standard,2025-03-25,6,15796.24
C11094,Customer_1095,Mumbai,Standard,2026-08-23,9,8169.72
C11095,Customer_1096,Chennai,Basic,2023-06-14,6,19375.0
C11096,Customer_1097,Delhi,Premium,2024-11-03,9,15639.2
C11097,Customer_1098,Delhi,Basic,2025-12-28,7,12902.1
C11098,Customer_1099,Pune,Basic,2025-02-17,8,5427.87
C11099,Customer_1100,Delhi,Standard,2024-10-10,8,7776.13
C11100,Customer_1101,Pune,Basic,2026-07-07,12,16218.78
C11101,Customer_1102,Pune,Basic,2025-09-26,12,16048.01
C11102,Customer_1103,Chennai,Basic,2026-01-13,6,15846.96
C11103,Customer_1104,Delhi,Basic,2023-03-15,11,10101.46
C11104,Customer_1105,Pune,Premium,2026-06-18,12,13668.28
C11105,Customer_1106,Bangalore,Standard,2023-05-21,14,7500.74
C11106,Customer_1107,Hyderabad,Standard,2024-04-25,6,3604.18
C11107,Customer_1108,Mumbai,Standard,2026-07-16,9,12556.08
C11108,Customer_1109,Mumbai,Standard,2024-08-11,5,9352.62
C11109,Customer_1110,Chennai,Basic,2024-04-10,10,9130.5
C11110,Customer_1111,Delhi,Basic,2023-07-05,9,2997.82
C11111,Customer_1112,Delhi,Standard,2025-06-07,6,11614.02
C11112,Customer_1113,Pune,Basic,2023-07-21,5,12728.69
C11113,Customer_1114,kolkata,Basic,2026-07-21,8,12146.25
C11114,Customer_1115,Pune,Standard,2023-07-25,7,9614.8
C11115,Customer_1116,Hyderabad,Standard,2025-06-27,5,6964.87
C11116,Customer_1117,Bangalore,Standard,2023-12-07,7,15921.85
C11117,Customer_1118,Mumbai,Basic,2024-09-05,9,11371.47
C11118,Customer_1119,Pune,Standard,2023-03-01,7,18973.21
C11119,Customer_1120,Kolkata,Standard,2023-04-05,8,6776.03
C11120,Customer_1121,Kolkata,Premium,2024-10-26,12,23003.04
C11121,Customer_1122,Pune,Basic,2023-04-25,10,5947.27
C11122,Customer_1123,Chennai,Basic,2024-08-23,9,11781.04
C11123,Customer_1124,Mumbai,basic,2025-01-04,6,12466.73
C11124,Customer_1125,Chennai,Basic,2025-02-06,7,14708.21
C11125,Customer_1126, ,Basic,2025-06-01,11,10509.91
C11126,Customer_1127,Kolkata,Basic,2023-10-26,8,23066.1
C11127,Customer_1128,Kolkata,basic,2024-05-15,2,6688.79
C11128,Customer_1129,Hyderabad,Basic,2025-12-23,6,4651.77
C11129,Customer_1130,Bangalore,Standard,2025-04-23,12,6275.9
C11130,Customer_1131,Kolkata,PREMIUM,2026-03-05,9,5565.96
C11131,Customer_1132,Bangalore,Standard,2024-01-04,6,14406.17
C11132,Customer_1133,Mumbai,Standard,2023-12-15,12,17785.87
C11133,Customer_1134,Delhi,Standard,2023-12-25,6,11119.4
C11134,Customer_1135,,Standard,2023-06-11,9,32088.8
C11135,Customer_1136,Hyderabad,Basic,2026-06-02,6,14995.88
C11136,Customer_1137,Mumbai,Basic,2025-02-22,4,8976.62
C11137,Customer_1138,Pune,Basic,2026-06-23,9,6982.1
C11138,Customer_1139,Bangalore,Standard,2024-05-08,6,12168.84
C11139,Customer_1140,Pune,Premium,2025-10-16,4,9495.82
C11140,Customer_1141,Chennai,Premium,2026-04-09,14,11401.46
C11141,Customer_1142,Mumbai,Standard,2023-10-21,4,7236.46
C11142,Customer_1143,Pune,Premium,2024-04-20,8,19579.28
C11143,Customer_1144,Kolkata,Premium,2025-08-02,8,11279.33
C11144,Customer_1145,Bangalore,Basic,2026-07-30,8,12903.03
C11145,Customer_1146,Delhi,Basic,2024-06-04,9,12773.27
C11146,Customer_1147,Mumbai,Standard,2025-07-30,11,21028.39
C11147,Customer_1148, Kolkata ,Premium,2024-06-06,7,9980.03
C11148,Customer_1149,Hyderabad,Standard,2023-01-20,16,7908.66
C11149,Customer_1150,Chennai,Premium,2025-08-10,12,14422.84
C11150,Customer_1151,Bangalore,Basic,2024-08-12,4,10197.99
C11151,Customer_1152,Mumbai,Standard,2026-01-24,9,6418.13
C11152,Customer_1153,Mumbai,Standard,2023-11-20,10,13546.39
C11153,Customer_1154,Delhi,Standard,2023-06-01,11,11062.4
C11154,Customer_1155,Delhi,Premium,2025-06-23,9,9504.6
C11155,Customer_1156,Hyderabad,Standard,2024-12-08,6,23744.75
C11156,Customer_1157,Chennai,Basic,2026-04-18,10,16017.33
C11157,Customer_1158,,Standard,2024-09-04,12,16097.31
C11158,Customer_1159,Kolkata,premium,2026-08-01,7,4395.95
C11159,Customer_1160,Kolkata,Standard,2025-05-18,7,4087.85
C11160,Customer_1161,Hyderabad,Standard,2024-05-27,7,6631.83
C11161,Customer_1162,Chennai,BASIC,2025-07-24,6,14633.34
C11162,Customer_1163,Hyderabad,Standard,2024-09-10,13,22916.56
C11163,Customer_1164,Chennai,Standard,2024-02-12,9,10081.58
C11164,Customer_1165,Chennai,Standard,2025-02-26,8,12798.04
C11165,Customer_1166,Pune,Standard,2025-09-16,5,10647.01
C11166,Customer_1167,Bangalore,Standard,2023-08-07,5,7943.32
C11167,Customer_1168,Chennai,Standard,2024-04-30,12,5823.43
C11168,Customer_1169,Delhi,Standard,2025-02-20,9,11041.87
C11169,Customer_1170,Chennai,Basic,2026-03-17,14,4712.79
C11170,Customer_1171,Chennai,Standard,2025-01-05,14,8746.61
C11171,Customer_1172,Chennai,Basic,2026-03-23,9,19180.29
C11172,Customer_1173,Pune,Standard,2024-08-28,4,15970.74
C11173,Customer_1174,Pune,Basic,2024-08-27,12,11658.34
C11174,Customer_1175,Kolkata,Basic,2023-02-14,7,27957.66
C11175,Customer_1176,Pune,Standard,2025-03-21,8,8600.67
C11176,Customer_1177,Delhi,Basic,2024-07-16,13,1990.19
C11177,Customer_1178,Delhi,Premium,2023-01-17,11,12937.72
C11178,Customer_1179,Pune,Basic,2026-03-05,6,14231.27
C11179,Customer_1180,hyderabad,,2023-04-11,7,14037.68
C11180,Customer_1181,Bangalore,Premium,2026-05-26,6,5483.82
C11181,Customer_1182,pune,STANDARD,2025-10-14,9,12226.6
C11182,Customer_1183,Chennai,Basic,2024-08-09,1,13073.52
C11183,Customer_1184,Mumbai,Premium,2024-04-16,11,14724.91
C11184,Customer_1185,Bangalore,Standard,2026-05-28,10,22771.71
C11185,Customer_1186,Bangalore,Basic,2024-12-22,7,7018.59
C11186,Customer_1187,delhi,Basic,2024-03-24,9,13030.23
C11187,Customer_1188,Bangalore,Standard,2026-07-27,7,9246.66
C11188,Customer_1189,Pune,Standard,2024-01-25,5,10420.92
C11189,Customer_1190,Chennai,Premium,2026-06-25,4,12225.58
C11190,Customer_1191,Chennai,Standard,2024-05-28,4,6481.74
C11191,Customer_1192,Kolkata,Standard,2023-10-08,7,13228.37
C11192,Customer_1193,Chennai,Basic,2026-07-10,8,4699.21
C11193,Customer_1194,CHENNAI,Premium,2023-07-18,9,8459.97
C11194,Customer_1195,Delhi,Standard,2026-07-09,4,14119.08
C11195,Customer_1196,Chennai,Premium,2026-08-16,5,20214.22
C11196,Customer_1197,Kolkata,Premium,2023-03-22,2,10740.59
C11197,Customer_1198,Mumbai,Standard,2024-09-24,7,16841.26
C11198,Customer_1199,Pune,Standard,2025-06-21,8,5350.74
C11199,Customer_1200,Delhi,Standard,2023-03-10,8,20218.52
C11200,Customer_1201,Mumbai,Basic,2026-04-01,7,12255.85
C11201,Customer_1202,Delhi,Standard,2025-01-17,3,9788.45
C11202,Customer_1203,Hyderabad,Basic,2023-09-27,8,12538.71
C11203,Customer_1204,Bangalore,Basic,2023-07-04,3,10004.62
C11204,Customer_1205,Hyderabad,Standard,2024-08-27,10,7231.4
C11205,Customer_1206,Chennai,Basic,2024-10-31,10,21319.24
C11206,Customer_1207,Mumbai,Standard,2025-04-30,6,10241.84
C11207,Customer_1208,Chennai,Premium,2023-12-26,4,13206.91
C11208,Customer_1209,Bangalore,Basic,2024-02-16,5,9353.03
C11209,Customer_1210,Delhi,Premium,2023-09-28,9,15702.58
C11210,Customer_1211,Bangalore,Standard,2026-01-09,3,14170.29
C11211,Customer_1212,Kolkata,,2025-01-19,7,10238.01
C11212,Customer_1213,Bangalore,Premium,2025-12-23,10,25359.82
C11213,Customer_1214,Kolkata,Standard,2025-10-24,6,18930.42
C11214,Customer_1215, ,Basic,2024-07-12,9,14370.93
C11215,Customer_1216,Pune,Standard,2023-12-03,9,12308.71
C11216,Customer_1217,Kolkata,Standard,2024-06-10,10,13097.51
C11217,Customer_1218,Mumbai,Standard,2025-09-13,8,13205.28
C11218,Customer_1219,,Standard,2024-08-27,9,5673.56
C11219,Customer_1220,Chennai,Standard,2024-11-24,6,19235.78
C11220,Customer_1221,Hyderabad,Basic,2023-08-24,8,15383.07
C11221,Customer_1222,chennai,Standard,2025-08-17,11,11563.69
C11222,Customer_1223,Delhi,Standard,2023-06-04,7,18299.97
C11223,Customer_1224,Pune,Basic,2023-10-16,8,19317.24
C11224,Customer_1225,bangalore,Basic,2024-04-07,5,5412.7
C11225,Customer_1226,Hyderabad,Premium,2025-03-24,10,13246.25
C11226,Customer_1227,Delhi,Standard,2026-02-15,9,19837.56
C11227,Customer_1228,Delhi,Standard,2025-01-19,3,19868.12
C11228,Customer_1229,Kolkata,Standard,2023-07-04,8,14901.28
C11229,Customer_1230,Chennai,Standard,2025-03-19,4,16732.3
C11230,Customer_1231,Mumbai,Standard,2023-01-29,8,16554.78
C11231,Customer_1232,Mumbai,,2024-06-25,4,13620.28
C11232,Customer_1233,Hyderabad,BASIC,2026-01-03,9,17282.8
C11233,Customer_1234,Pune,Premium,2023-09-11,8,21702.8
C11234,Customer_1235,Mumbai,Standard,2025-07-20,7,11153.27
C11235,Customer_1236,Bangalore,Standard,2025-01-24,7,9335.26
C11236,Customer_1237,Mumbai,Standard,2024-06-20,15,11625.03
C11237,Customer_1238,HYDERABAD,Standard,2026-04-12,3,6574.67
C11238,Customer_1239,Mumbai,Basic,2025-02-19,11,14979.19
C11239,Customer_1240,Bangalore,Standard,2026-07-31,7,13964.82
C11240,Customer_1241,Kolkata,Standard,2025-01-30,7,21092.31
C11241,Customer_1242,Pune,Basic,2023-08-10,10,9504.83
C11242,Customer_1243,Hyderabad,Standard,2024-04-23,2,17030.12
C11243,Customer_1244,Kolkata, Premium ,2025-08-23,9,31784.89
C11244,Customer_1245,Kolkata,Standard,2023-02-21,6,21681.67
C11245,Customer_1246,Kolkata,Premium,2026-06-22,7,22567.81
C11246,Customer_1247,Delhi,Basic,2026-02-23,7,14380.28
C11247,Customer_1248,Pune,Premium,2024-11-02,13,10481.99
C11248,Customer_1249,Chennai,Standard,2026-06-03,6,10588.11
C11249,Customer_1250,Pune,Standard,2024-03-29,7,8868.58
C11250,Customer_1251,Delhi,Basic,2026-08-19,10,16296.3
C11251,Customer_1252,Chennai,Premium,2023-05-10,7,9272.59
C11252,Customer_1253,Pune,Premium,2026-07-25,6,7953.77
C11253,Customer_1254,Kolkata,Premium,2025-08-08,14,3897.69
C11254,Customer_1255,Hyderabad,Premium,2024-09-10,10,16900.64
C11255,Customer_1256,,Standard,2026-08-22,9,15516.62
C11256,Customer_1257,Bangalore,Standard,2025-04-16,11,12119.03
C11257,Customer_1258,,Standard,2023-08-27,7,9024.32
C11258,Customer_1259,Mumbai,PREMIUM,2023-10-14,5,9236.45
C11259,Customer_1260,Chennai,Basic,2023-04-03,4,13568.02
C11260,Customer_1261,Hyderabad,Standard,2023-03-18,6,10590.53
C11261,Customer_1262,,Standard,2024-09-15,4,12429.41
C11262,Customer_1263,Kolkata,Standard,2025-10-05,10,24316.95
C11263,Customer_1264,Mumbai,Basic,2023-08-26,13,8902.28
C11264,Customer_1265,Bangalore,Premium,2023-07-19,6,10661.72
C11265,Customer_1266,Delhi,Basic,2024-04-25,12,14510.63
C11266,Customer_1267,Delhi,Basic,2026-01-05,8,14919.24
C11267,Customer_1268,Kolkata,Premium,2023-10-05,6,13142.64
C11268,Customer_1269,Chennai,Basic,2025-03-06,8,24949.63
C11269,Customer_1270,Bangalore,Standard,2025-07-18,9,5849.66
C11270,Customer_1271,Hyderabad,Premium,2025-01-29,11,13040.13
C11271,Customer_1272,Delhi,Basic,2026-01-11,6,17244.72
C11272,Customer_1273,Kolkata,Basic,2025-05-08,12,11262.04
C11273,Customer_1274,hyderabad,Standard,2026-04-17,11,6822.86
C11274,Customer_1275,chennai,Premium,2023-11-13,9,15428.31
C11275,Customer_1276,Bangalore,Standard,2025-04-29,7,10886.8
C11276,Customer_1277,Chennai,Basic,2023-07-22,7,13234.9
C11277,Customer_1278,Delhi,Standard,2025-09-29,9,25767.15
C11278,Customer_1279,Hyderabad,Standard,2026-06-14,11,15734.46
C11279,Customer_1280,HYDERABAD,Premium,2025-04-15,5,5489.52
C11280,Customer_1281,Hyderabad,Premium,2024-07-26,6,11866.82
C11281,Customer_1282,Delhi,Basic,2023-03-09,9,4892.55
C11282,Customer_1283,Delhi,Standard,2025-01-28,9,24067.23
C11283,Customer_1284,Chennai,Basic,2024-03-20,8,28417.22
C11284,Customer_1285,mumbai,Standard,2025-06-27,3,4977.39
C11285,Customer_1286,Chennai,Basic,2025-06-29,9,15941.59
C11286,Customer_1287,BANGALORE,Standard,2024-04-28,9,17539.69
C11287,Customer_1288,Kolkata,Standard,2025-01-12,10,8454.82
C11288,Customer_1289,Hyderabad,Premium,2023-07-23,4,11904.8
C11289,Customer_1290,Mumbai,Standard,2025-01-22,6,19610.83
C11290,Customer_1291,Kolkata,Standard,2026-01-20,8,8330.5
C11291,Customer_1292,Mumbai,Basic,2026-08-13,4,10028.89
C11292,Customer_1293,Pune,Standard,2025-01-04,8,3692.04
C11293,Customer_1294, Chennai ,Premium,2023-05-05,13,29234.91
C11294,Customer_1295,Delhi,Premium,2025-03-26,4,3879.64
C11295,Customer_1296,Hyderabad,Premium,2024-07-19,6,11636.34
C11296,Customer_1297,Chennai,Standard,2024-01-24,5,7490.03
C11297,Customer_1298,Kolkata,Basic,2023-09-08,5,9345.41
C11298,Customer_1299,Pune,Basic,2025-07-20,4,9677.48
C11299,Customer_1300,Pune,Premium,2023-07-07,9,15106.95
C11300,Customer_1301,Pune,Standard,2024-03-10,4,15567.3
C11301,Customer_1302,Kolkata,Standard,2026-08-07,10,9886.65
C11302,Customer_1303,Kolkata,Standard,2026-08-02,6,11429.17
C11303,Customer_1304,Kolkata,Standard,2026-05-07,11,4928.43
C11304,Customer_1305,Kolkata,Standard,2023-02-13,7,11716.99
C11305,Customer_1306,Pune, Standard ,2023-04-14,12,15244.03
C11306,Customer_1307,Pune,Premium,2024-11-14,7,9659.42
C11307,Customer_1308,Mumbai,Basic,2024-05-13,13,27077.71
C11308,Customer_1309,,Premium,2023-09-15,10,16990.11
C11309,Customer_1310,Hyderabad,Standard,2026-03-02,13,2952.3
C11310,Customer_1311,Delhi,Standard,2024-02-25,9,15419.43
C11311,Customer_1312,Pune,Standard,2023-05-21,11,22240.39
C11312,Customer_1313,Delhi,Basic,2026-02-09,3,13168.4
C11313,Customer_1314,Chennai,Basic,2024-02-29,9,19646.82
C11314,Customer_1315,Chennai,Basic,2026-04-15,5,9023.28
C11315,Customer_1316,Delhi,Standard,2024-03-18,7,11981.41
C11316,Customer_1317,Pune,Basic,2024-04-22,6,10506.01
C11317,Customer_1318,Delhi,Standard,2024-11-03,12,25202.86
C11318,Customer_1319,Mumbai,,2023-10-30,8,12704.76
C11319,Customer_1320,Bangalore,Standard,2026-05-05,9,15639.07
C11320,Customer_1321, ,Basic,2023-01-06,8,21830.97
C11321,Customer_1322,Pune,Basic,2024-07-21,6,15478.86
C11322,Customer_1323,Hyderabad,Basic,2023-10-24,8,16621.75
C11323,Customer_1324,Kolkata,Standard,2023-09-24,3,14276.95
C11324,Customer_1325,Bangalore,Premium,2026-01-11,6,3874.63
C11325,Customer_1326,Chennai,Basic,2024-05-28,7,11361.27
C11326,Customer_1327,Pune,Premium,2023-12-24,3,11642.63
C11327,Customer_1328,Delhi,Basic,2023-08-14,10,22747.61
C11328,Customer_1329,Bangalore,Standard,2023-02-22,13,13593.26
C11329,Customer_1330,Hyderabad,Standard,2023-09-27,7,19625.63
C11330,Customer_1331,Chennai,Basic,2023-01-31,7,22583.8
C11331,Customer_1332,Kolkata,Standard,2025-01-03,6,3603.51
C11332,Customer_1333,Kolkata,Standard,2024-05-02,6,18709.92
C11333,Customer_1334,Hyderabad,Standard,2026-04-20,5,16518.34
C11334,Customer_1335,Hyderabad,Standard,2024-10-25,9,18443.37
C11335,Customer_1336,Delhi,Basic,2023-02-02,8,11589.96
C11336,Customer_1337,Pune,Standard,2023-12-23,9,11140.04
C11337,Customer_1338,Kolkata,Basic,2024-06-27,8,8369.33
C11338,Customer_1339,Chennai,Basic,2023-04-18,9,5610.37
C11339,Customer_1340,Bangalore,Standard,2023-09-17,7,6599.53
C11340,Customer_1341,Chennai,Basic,2025-05-12,10,7273.14
C11341,Customer_1342,Mumbai,Standard,2025-12-13,5,18899.7
C11342,Customer_1343,Mumbai, ,2023-08-21,8,3516.53
C11343,Customer_1344,Hyderabad,Basic,2023-05-11,4,11419.67
C11344,Customer_1345,Delhi,Premium,2025-09-02,8,8621.08
C11345,Customer_1346,Mumbai,Standard,2025-07-07,6,10694.94
C11346,Customer_1347,Kolkata,Standard,2025-01-11,7,5157.19
C11347,Customer_1348,Chennai,Standard,2025-11-17,6,12521.66
C11348,Customer_1349,,Standard,2026-04-30,6,17707.72
C11349,Customer_1350,Hyderabad,Basic,2023-08-12,8,23130.34
C11350,Customer_1351,Pune,Standard,2025-07-14,6,14863.69
C11351,Customer_1352,Pune,Standard,2025-10-28,10,18427.16
C11352,Customer_1353,Bangalore,Premium,2024-03-29,8,26921.13
C11353,Customer_1354,Hyderabad,Standard,2026-06-13,12,11000.73
C11354,Customer_1355,Bangalore,Standard,2023-03-30,12,4349.67
C11355,Customer_1356,Pune,Standard,2025-12-03,8,17285.46
C11356,Customer_1357,Hyderabad,Standard,2024-09-09,10,3358.94
C11357,Customer_1358,Hyderabad,Premium,2025-07-27,11,17065.98
C11358,Customer_1359,Hyderabad,Standard,2026-08-10,11,9631.47
C11359,Customer_1360,Pune,Standard,2023-03-05,7,9204.58
C11360,Customer_1361,Bangalore,Basic,2023-05-05,10,6711.16
C11361,Customer_1362, Bangalore ,Basic,2025-09-07,5,12675.9
C11362,Customer_1363,Hyderabad,Standard,2025-04-02,15,7597.95
C11363,Customer_1364,Mumbai,Basic,2025-05-23,9,8280.75
C11364,Customer_1365,Delhi,Basic,2023-08-10,7,37541.57
C11365,Customer_1366,Pune,Standard,2025-10-01,7,6658.54
C11366,Customer_1367,Delhi,Premium,2025-06-27,8,11880.04
C11367,Customer_1368,Delhi,Basic,2023-05-31,6,12777.43
C11368,Customer_1369,Bangalore,Basic,2023-06-15,8,11026.65
C11369,Customer_1370,Bangalore,Standard,2024-10-21,6,16542.52
C11370,Customer_1371,MUMBAI,Basic,2026-05-30,7,15235.2
C11371,Customer_1372,,Standard,2023-10-31,5,7788.37
C11372,Customer_1373,Delhi,Basic,2023-05-15,8,23185.36
C11373,Customer_1374,,Basic,2023-09-16,6,17623.79
C11374,Customer_1375,Bangalore,Standard,2024-07-17,5,13541.96
C11375,Customer_1376, Delhi ,Basic,2026-07-02,11,12515.61
C11376,Customer_1377,Chennai,Standard,2026-07-20,11,8076.26
C11377,Customer_1378,Mumbai,,2026-04-13,3,6763.31
C11378,Customer_1379,Chennai,Basic,2026-01-28,4,8265.78
C11379,Customer_1380,Chennai,Premium,2024-10-27,11,17950.02
C11380,Customer_1381,Pune,Standard,2025-02-19,6,15594.54
C11381,Customer_1382,,Standard,2026-05-08,9,19224.66
C11382,Customer_1383,Mumbai,Standard,2025-12-22,3,14017.44
C11383,Customer_1384,,Standard,2024-08-26,13,9274.22
C11384,Customer_1385,Delhi,Basic,2025-07-18,8,7508.01
C11385,Customer_1386,Bangalore,Premium,2025-11-01,8,2273.48
C11386,Customer_1387,Mumbai,Standard,2026-05-24,6,6785.03
C11387,Customer_1388,Hyderabad,Standard,2025-05-31,11,15193.89
C11388,Customer_1389,Chennai,Basic,2023-07-23,6,5510.23
C11389,Customer_1390,Mumbai,Basic,2023-08-23,5,14739.82
C11390,Customer_1391,Kolkata,,2026-08-26,4,8798.25
C11391,Customer_1392,Kolkata,Basic,2026-02-03,4,14193.46
C11392,Customer_1393,Pune,,2024-03-16,8,8154.42
C11393,Customer_1394,Bangalore,Standard,2025-05-30,9,5664.02
C11394,Customer_1395, Delhi ,Standard,2025-07-13,6,25063.53
C11395,Customer_1396,Bangalore,,2024-04-12,7,12760.76
C11396,Customer_1397,,Basic,2025-04-27,5,9557.18
C11397,Customer_1398,Bangalore,Basic,2024-11-25,4,9628.62
C11398,Customer_1399,,Premium,2025-07-17,8,6839.94
C11399,Customer_1400,Hyderabad,Basic,2025-03-27,9,8721.65
C11400,Customer_1401,HYDERABAD,Standard,2025-05-01,7,8939.98
C11401,Customer_1402,Pune,,2023-07-14,9,6999.17
C11402,Customer_1403,Mumbai,Premium,2024-10-02,4,14040.47
C11403,Customer_1404,Kolkata,Premium,2025-05-24,12,20209.45
C11404,Customer_1405,Bangalore,Standard,2024-10-02,7,5150.18
C11405,Customer_1406,Pune,Standard,2024-06-06,7,8012.53
C11406,Customer_1407,Mumbai,Standard,2025-02-05,10,20151.75
C11407,Customer_1408,Kolkata,Standard,2023-11-09,11,16786.05
C11408,Customer_1409,Chennai,Basic,2025-08-29,8,6919.63
C11409,Customer_1410,Delhi,Basic,2023-05-18,7,13748.79
C11410,Customer_1411,Hyderabad,Basic,2023-07-06,6,31144.5
C11411,Customer_1412,Chennai,Standard,2023-06-24,8,17092.02
C11412,Customer_1413,Kolkata,Standard,2023-07-10,10,10522.11
C11413,Customer_1414,Chennai,Basic,2025-06-03,4,9144.52
C11414,Customer_1415,Delhi,Standard,2023-07-17,13,15499.61
C11415,Customer_1416,Pune,Premium,2025-02-02,7,20564.44
C11416,Customer_1417,Kolkata,,2023-09-24,8,13578.48
C11417,Customer_1418,Chennai,Standard,2026-02-13,5,12083.05
C11418,Customer_1419,Hyderabad,Standard,2023-05-03,9,9727.56
C11419,Customer_1420,Hyderabad,Standard,2026-04-16,12,14398.76
C11420,Customer_1421,Mumbai,Standard,2026-02-24,7,15198.02
C11421,Customer_1422,Chennai,Premium,2026-02-24,6,5030.19
C11422,Customer_1423,Bangalore,Standard,2024-11-06,10,9593.85
C11423,Customer_1424,Chennai,standard,2023-09-08,11,10356.39
C11424,Customer_1425,Pune,Standard,2025-04-21,5,16082.83
C11425,Customer_1426,Kolkata,Premium,2024-12-25,12,7993.75
C11426,Customer_1427,Kolkata,Standard,2025-05-16,10,15072.75
C11427,Customer_1428,Pune,Standard,2023-04-16,14,7811.63
C11428,Customer_1429,Chennai,Standard,2024-08-12,8,9825.18
C11429,Customer_1430,Pune,Standard,2026-05-14,13,9724.64
C11430,Customer_1431,Delhi,Standard,2024-10-01,5,11076.09
C11431,Customer_1432,Pune,Basic,2024-12-21,8,9202.28
C11432,Customer_1433,Hyderabad,Standard,2023-08-01,13,4489.7
C11433,Customer_1434,Pune,Standard,2026-03-29,12,13204.16
C11434,Customer_1435,Kolkata,Standard,2025-11-05,6,5284.63
C11435,Customer_1436,Hyderabad,Standard,2024-03-11,8,7014.29
C11436,Customer_1437,Kolkata,Standard,2023-11-13,8,10540.9
C11437,Customer_1438,Mumbai,Standard,2025-09-14,11,10698.81
C11438,Customer_1439,Bangalore,Basic,2024-04-04,11,12335.41
C11439,Customer_1440,,Standard,2023-08-10,8,12292.77
C11440,Customer_1441,Hyderabad,Premium,2024-12-18,8,15422.12
C11441,Customer_1442,Mumbai,Standard,2026-02-13,5,6494.8
C11442,Customer_1443,Kolkata,,2025-01-22,9,21678.38
C11443,Customer_1444,Delhi,Premium,2023-08-24,11,9274.27
C11444,Customer_1445,Pune,Basic,2024-07-24,8,14936.61
C11445,Customer_1446,Bangalore,Standard,2026-03-21,6,10974.22
C11446,Customer_1447,Kolkata,Basic,2024-04-08,7,32496.56
C11447,Customer_1448,Mumbai,Basic,2025-05-28,7,11537.1
C11448,Customer_1449,DELHI,Standard,2026-02-22,7,15736.95
C11449,Customer_1450,Chennai,Premium,2026-06-27,5,7818.97
C11450,Customer_1451,Mumbai,Premium,2026-06-10,8,12143.26
C11451,Customer_1452,Pune,Standard,2026-08-09,9,14185.73
C11452,Customer_1453,Mumbai,Basic,2026-02-14,6,10299.85
C11453,Customer_1454,Delhi,Standard,2023-02-23,7,26972.67
C11454,Customer_1455,mumbai,Standard,2026-06-01,7,11451.2
C11455,Customer_1456,Delhi,Standard,2024-07-01,12,20479.25
C11456,Customer_1457,Kolkata,Basic,2023-03-01,7,17729.19
C11457,Customer_1458,Delhi,Premium,2024-01-05,7,10349.49
C11458,Customer_1459,Delhi,Premium,2024-07-13,8,14624.62
C11459,Customer_1460,Bangalore,,2024-09-24,11,8295.46
C11460,Customer_1461,Delhi,Basic,2024-11-26,6,6525.46
C11461,Customer_1462,delhi,Standard,2024-12-19,12,13404.8
C11462,Customer_1463,Chennai,Standard,2023-01-13,11,18199.73
C11463,Customer_1464,Kolkata,Premium,2024-01-07,8,20195.21
C11464,Customer_1465, ,Standard,2023-10-21,11,15134.66
C11465,Customer_1466,Bangalore,Premium,2026-03-05,10,8402.06
C11466,Customer_1467,Chennai,Basic,2025-03-31,11,21145.54
C11467,Customer_1468,Hyderabad,Basic,2023-05-23,5,12877.09
C11468,Customer_1469,Kolkata,Standard,2023-10-18,6,15540.39
C11469,Customer_1470,Kolkata,Basic,2026-07-20,8,13635.78
C11470,Customer_1471,Hyderabad,Standard,2023-03-04,5,17628.94
C11471,Customer_1472,Pune,Basic,2023-07-07,5,11940.95
C11472,Customer_1473,Delhi,Basic,2025-12-22,3,26094.44
C11473,Customer_1474,Chennai,Standard,2024-03-16,7,25185.48
C11474,Customer_1475,Mumbai,Basic,2025-02-09,12,6645.2
C11475,Customer_1476,,Standard,2025-05-09,9,14721.58
C11476,Customer_1477,Mumbai,Standard,2025-07-18,3,17413.4
C11477,Customer_1478,Hyderabad,Premium,2024-11-29,8,22290.48
C11478,Customer_1479,Kolkata,Standard,2023-11-19,11,18622.46
C11479,Customer_1480,Pune,Basic,2025-01-27,7,9697.79
C11480,Customer_1481,Kolkata,Basic,2024-09-30,8,11321.95
C11481,Customer_1482,Bangalore,Standard,2024-10-26,12,7663.32
C11482,Customer_1483,Kolkata,Basic,2026-03-08,8,13170.48
C11483,Customer_1484,Kolkata,Basic,2026-05-06,13,3420.65
C11484,Customer_1485,Bangalore,Premium,2023-06-23,9,15323.28
C11485,Customer_1486,Chennai,Standard,2023-04-18,3,17008.19
C11486,Customer_1487,Chennai,Premium,2023-11-15,5,15191.42
C11487,Customer_1488,Bangalore,Standard,2023-11-19,4,7233.38
C11488,Customer_1489, Pune ,Basic,2026-06-19,10,11522.19
C11489,Customer_1490, Hyderabad ,Premium,2023-04-12,7,13792.53
C11490,Customer_1491,Kolkata,Basic,2023-06-17,11,12627.33
C11491,Customer_1492,Pune,Standard,2024-07-11,12,11504.58
C11492,Customer_1493,Kolkata,Standard,2025-06-26,8,9082.83
C11493,Customer_1494,Hyderabad,Standard,2025-05-18,7,11239.21
C11494,Customer_1495,Chennai,Standard,2025-09-21,6,28563.44
C11495,Customer_1496,Pune,Premium,2026-05-28,8,11362.26
C11496,Customer_1497,Delhi,Standard,2025-06-24,7,5640.5
C11497,Customer_1498,Delhi,Premium,2025-04-28,7,16037.55
C11498,Customer_1499,Delhi,Standard,2024-07-13,10,13995.54
C11499,Customer_1500,chennai,Premium,2024-03-17,11,16652.71
C11500,Customer_1501,Chennai,Basic,2025-11-15,6,11273.61
C11501,Customer_1502,Hyderabad,Standard,2023-08-22,6,7173.09
C11502,Customer_1503,Kolkata,Standard,2024-12-07,8,13119.58
C11503,Customer_1504, Hyderabad ,Standard,2025-05-30,3,23207.35
C11504,Customer_1505,Hyderabad,Standard,2023-08-16,11,15204.04
C11505,Customer_1506,Chennai,Basic,2024-08-03,9,10192.71
C11506,Customer_1507,Delhi,Premium,2026-04-29,6,10111.93
C11507,Customer_1508,Mumbai,Standard,2025-09-23,6,15814.07
C11508,Customer_1509,Kolkata,Basic,2025-12-15,10,10735.27
C11509,Customer_1510,Chennai,Premium,2024-09-23,4,12285.1
C11510,Customer_1511,Delhi,Premium,2023-04-04,10,15746.77
C11511,Customer_1512,Pune,Standard,2024-03-27,4,8273.29
C11512,Customer_1513,Mumbai,Premium,2025-03-20,9,17107.11
C11513,Customer_1514,Mumbai,Standard,2026-05-12,9,9328.43
C11514,Customer_1515,Chennai,Standard,2023-04-23,4,12232.04
C11515,Customer_1516,Bangalore,Basic,2023-01-16,5,7596.28
C11516,Customer_1517,Kolkata,Basic,2024-02-23,10,20684.77
C11517,Customer_1518,Mumbai,Standard,2024-09-09,9,8452.56
C11518,Customer_1519,Chennai,Standard,2024-03-08,6,12788.2
C11519,Customer_1520,Chennai,Basic,2023-10-09,10,12231.59
C11520,Customer_1521,Delhi,Standard,2024-06-07,5,15642.54
C11521,Customer_1522,Pune,Basic,2024-08-15,9,19330.49
C11522,Customer_1523,Bangalore,Basic,2024-11-02,10,17175.78
C11523,Customer_1524,Kolkata,Basic,2023-09-03,5,5307.53
C11524,Customer_1525,Hyderabad,Standard,2023-01-16,8,21306.05
C11525,Customer_1526,Pune,Standard,2025-10-15,9,10142.0
C11526,Customer_1527,Pune,Standard,2025-05-31,9,10719.51
C11527,Customer_1528,Delhi,Basic,2023-12-26,3,7505.31
C11528,Customer_1529,Mumbai,Premium,2023-09-22,8,17520.68
C11529,Customer_1530,Mumbai,Basic,2025-02-17,6,14803.61
C11530,Customer_1531,Delhi,Standard,2025-12-26,16,10815.86
C11531,Customer_1532,Chennai,premium,2024-04-16,7,17080.51
C11532,Customer_1533,Mumbai,Premium,2025-10-21,6,9133.74
C11533,Customer_1534,Bangalore,Premium,2026-02-18,9,8904.72
C11534,Customer_1535,Kolkata,Standard,2024-12-26,6,7548.77
C11535,Customer_1536,Pune,Standard,2023-05-28,6,11062.59
C11536,Customer_1537,Pune,Basic,2025-03-24,14,13345.09
C11537,Customer_1538,Bangalore,Standard,2023-03-28,9,14567.12
C11538,Customer_1539,Mumbai,Premium,2025-06-12,19,17199.85
C11539,Customer_1540,Pune,Standard,2023-02-08,9,14508.97
C11540,Customer_1541,Hyderabad,Basic,2025-07-30,13,7115.65
C11541,Customer_1542,KOLKATA,Basic,2023-06-09,7,16603.98
C11542,Customer_1543, Kolkata ,Premium,2024-10-03,10,7087.66
C11543,Customer_1544,Pune,Basic,2026-03-25,7,14153.83
C11544,Customer_1545,Delhi,Basic,2025-05-29,14,2444.1
C11545,Customer_1546,Pune,,2026-03-20,8,5031.42
C11546,Customer_1547,DELHI,Premium,2025-04-08,2,12651.09
C11547,Customer_1548,Pune,standard,2026-08-04,10,20067.08
C11548,Customer_1549,Hyderabad,Premium,2025-05-05,10,13013.97
C11549,Customer_1550,Chennai,Basic,2024-08-15,3,7138.83
C11550,Customer_1551,Kolkata,Standard,2023-08-24,12,8431.22
C11551,Customer_1552,Pune,Basic,2025-04-09,10,8945.69
C11552,Customer_1553,Hyderabad,Standard,2023-02-12,7,15711.14
C11553,Customer_1554,Delhi,Premium,2024-10-27,11,10175.81
C11554,Customer_1555,Delhi,Premium,2023-12-18,6,11274.74
C11555,Customer_1556,Kolkata,Standard,2026-06-19,13,13362.19
C11556,Customer_1557,Bangalore,Basic,2025-07-31,10,6729.87
C11557,Customer_1558,Pune,Basic,2025-01-11,9,8434.12
C11558,Customer_1559,Mumbai,Standard,2023-06-30,9,8640.45
C11559,Customer_1560,Delhi,Standard,2025-06-13,3,15867.83
C11560,Customer_1561,Chennai,Premium,2023-08-05,7,16482.54
C11561,Customer_1562,Chennai,Standard,2024-05-13,10,7212.09
C11562,Customer_1563,Delhi,Premium,2025-06-11,4,5777.49
C11563,Customer_1564,Bangalore,Standard,2026-04-21,8,6280.42
C11564,Customer_1565,,Standard,2025-03-31,3,15665.39
C11565,Customer_1566,Hyderabad,Basic,2025-12-09,9,7676.83
C11566,Customer_1567,Chennai,Standard,2023-06-11,8,9003.28
C11567,Customer_1568,HYDERABAD,Standard,2025-03-21,8,10441.15
C11568,Customer_1569,Chennai,Standard,2024-09-27,8,14227.52
C11569,Customer_1570,PUNE,Standard,2024-11-26,10,13676.93
C11570,Customer_1571,Pune,Standard,2024-03-29,10,11206.54
C11571,Customer_1572,Mumbai,Basic,2024-11-13,6,14894.65
C11572,Customer_1573,Pune,Basic,2023-12-11,14,12163.72
C11573,Customer_1574,Mumbai,Standard,2023-06-06,10,13969.87
C11574,Customer_1575,PUNE,Standard,2025-11-11,7,9912.19
C11575,Customer_1576,Kolkata,Standard,2026-07-20,9,7583.42
C11576,Customer_1577,Pune,Basic,2023-08-22,8,19079.21
C11577,Customer_1578,Hyderabad,Premium,2025-12-22,7,11582.61
C11578,Customer_1579,Delhi,Standard,2025-11-10,12,6598.66
C11579,Customer_1580,Hyderabad,Standard,2024-02-02,7,17267.64
C11580,Customer_1581,Delhi,Standard,2024-12-16,9,26329.63
C11581,Customer_1582,Bangalore, ,2024-12-20,3,7904.16
C11582,Customer_1583,,Basic,2026-08-14,11,19736.9
C11583,Customer_1584,Bangalore,Premium,2023-10-30,8,6753.35
C11584,Customer_1585,Mumbai,Standard,2024-04-28,6,15628.69
C11585,Customer_1586,Mumbai, ,2023-07-30,9,8131.96
C11586,Customer_1587,,Basic,2023-10-27,8,4493.54
C11587,Customer_1588,Pune,Basic,2024-06-08,10,8030.55
C11588,Customer_1589,Hyderabad,Standard,2024-02-09,10,9875.58
C11589,Customer_1590,Bangalore,Basic,2023-12-22,8,20700.96
C11590,Customer_1591,Delhi,Standard,2026-05-18,9,16131.74
C11591,Customer_1592,MUMBAI,Standard,2023-11-10,7,8016.38
C11592,Customer_1593,Pune,standard,2023-06-04,5,21304.76
C11593,Customer_1594,Mumbai, ,2023-12-29,6,36718.0
C11594,Customer_1595,Delhi,Standard,2026-07-10,6,12946.01
C11595,Customer_1596,Pune,Standard,2025-10-08,10,17692.25
C11596,Customer_1597,Pune,Premium,2025-08-08,5,9630.8
C11597,Customer_1598,Bangalore,Basic,2026-02-28,14,7475.18
C11598,Customer_1599,Bangalore,Premium,2026-04-01,7,10318.22
C11599,Customer_1600,Hyderabad,Standard,2025-07-08,5,8676.48
C11600,Customer_1601,Hyderabad,Standard,2026-03-02,8,21068.37
C11601,Customer_1602,Chennai,Basic,2026-08-09,5,11029.33
C11602,Customer_1603, Chennai ,Premium,2026-07-25,8,10072.46
C11603,Customer_1604,Kolkata,Standard,2026-07-03,5,10925.53
C11604,Customer_1605,Mumbai,Basic,2024-10-23,10,13817.18
C11605,Customer_1606,Hyderabad,Standard,2026-07-08,6,10784.79
C11606,Customer_1607,Bangalore,Standard,2024-10-09,9,4387.59
C11607,Customer_1608,Delhi,Basic,2023-11-06,7,9319.92
C11608,Customer_1609,Bangalore,Premium,2025-06-19,3,9329.44
C11609,Customer_1610,Mumbai,Standard,2023-05-20,6,10526.86
C11610,Customer_1611,Chennai,standard,2025-08-18,7,15828.9
C11611,Customer_1612,Bangalore,Standard,2025-06-24,9,12802.13
C11612,Customer_1613,Kolkata,Standard,2026-07-17,6,7540.56
C11613,Customer_1614,Mumbai,,2024-09-12,8,16833.07
C11614,Customer_1615,Chennai,Standard,2024-07-16,8,9715.18
C11615,Customer_1616,Delhi,Premium,2026-04-26,7,12493.12
C11616,Customer_1617,Chennai,Basic,2023-04-26,10,15206.13
C11617,Customer_1618,Pune,Standard,2024-12-21,15,7584.42
C11618,Customer_1619,Kolkata,Standard,2025-11-05,8,15971.62
C11619,Customer_1620,Mumbai,Basic,2023-06-01,9,12798.91
C11620,Customer_1621,Delhi,Standard,2024-09-27,5,17186.08
C11621,Customer_1622,Kolkata,Premium,2025-08-03,2,7286.42
C11622,Customer_1623,Chennai,Basic,2025-07-14,3,8490.32
C11623,Customer_1624,Kolkata,Standard,2023-03-19,5,9810.02
C11624,Customer_1625,Mumbai,Premium,2023-04-27,9,6056.56
C11625,Customer_1626,Hyderabad,Basic,2025-01-25,7,11397.99
C11626,Customer_1627,Kolkata,Standard,2024-08-10,5,7466.14
C11627,Customer_1628,Pune,Standard,2023-06-07,10,5928.22
C11628,Customer_1629,Kolkata,Standard,2026-08-13,14,15614.87
C11629,Customer_1630,Chennai,Standard,2023-07-04,6,32634.7
C11630,Customer_1631,Chennai,Standard,2026-06-13,9,13251.39
C11631,Customer_1632,Delhi,Basic,2026-05-01,8,10841.07
C11632,Customer_1633,Chennai,Standard,2025-11-04,4,8652.84
C11633,Customer_1634,Bangalore,Basic,2025-02-26,5,11960.47
C11634,Customer_1635, Mumbai ,Standard,2025-08-05,9,19512.06
C11635,Customer_1636,Mumbai,Basic,2026-04-03,8,11982.23
C11636,Customer_1637,Hyderabad,Basic,2026-02-09,12,9465.18
C11637,Customer_1638,Hyderabad,Standard,2023-03-26,6,11837.33
C11638,Customer_1639,Mumbai,Standard,2025-07-10,12,9239.9
C11639,Customer_1640,Pune,Standard,2026-03-16,6,14689.03
C11640,Customer_1641,Hyderabad,Standard,2026-08-27,9,5956.89
C11641,Customer_1642,Delhi,Basic,2024-01-21,4,9535.39
C11642,Customer_1643,Chennai,Basic,2024-10-20,8,10568.76
C11643,Customer_1644,Mumbai,Standard,2026-05-24,12,15964.64
C11644,Customer_1645,Hyderabad,Premium,2025-09-01,5,10853.73
C11645,Customer_1646,Mumbai,Standard,2025-10-23,5,4214.16
C11646,Customer_1647,Bangalore,Standard,2023-11-05,13,19401.11
C11647,Customer_1648,Kolkata,Standard,2023-05-07,5,7867.65
C11648,Customer_1649,Chennai,Basic,2025-07-11,5,6531.92
C11649,Customer_1650,Mumbai,Basic,2023-07-31,7,8305.5
C11650,Customer_1651,Kolkata,Premium,2024-12-04,8,14076.16
C11651,Customer_1652,Hyderabad,Standard,2023-06-22,4,17729.04
C11652,Customer_1653,Kolkata,Standard,2025-10-30,5,29740.45
C11653,Customer_1654,Chennai,Standard,2026-08-16,4,8455.62
C11654,Customer_1655,Mumbai,Premium,2023-12-20,7,7462.41
C11655,Customer_1656,Bangalore,Premium,2023-03-22,7,8241.02
C11656,Customer_1657,Pune,Basic,2024-05-22,17,16800.6
C11657,Customer_1658,Hyderabad,Standard,2025-06-15,7,18939.77
C11658,Customer_1659,Mumbai,Standard,2025-06-18,6,17756.8
C11659,Customer_1660,Chennai,Basic,2025-12-09,9,21477.7
C11660,Customer_1661,Hyderabad,Basic,2025-12-06,7,11678.95
C11661,Customer_1662,Delhi,Premium,2026-06-02,7,10269.57
C11662,Customer_1663,Kolkata,Standard,2023-11-22,14,14290.06
C11663,Customer_1664,Pune,Standard,2025-01-15,9,11370.84
C11664,Customer_1665,Chennai,Basic,2025-02-02,11,12034.15
C11665,Customer_1666,Delhi,Basic,2024-08-02,6,9485.26
C11666,Customer_1667,Mumbai,Standard,2025-03-04,4,11144.25
C11667,Customer_1668,Bangalore,Standard,2025-04-17,7,5302.82
C11668,Customer_1669,Hyderabad, ,2024-11-23,8,14870.77
C11669,Customer_1670,Kolkata,Premium,2026-05-09,5,13720.52
C11670,Customer_1671,,Premium,2023-04-18,5,11374.16
C11671,Customer_1672,Pune,Standard,2026-07-16,16,5450.19
C11672,Customer_1673,Mumbai,Premium,2026-08-18,7,7568.55
C11673,Customer_1674,Hyderabad,Standard,2024-11-16,7,10833.45
C11674,Customer_1675,Kolkata,Basic,2023-05-15,7,24456.78
C11675,Customer_1676,Mumbai,Basic,2024-11-06,7,16219.83
C11676,Customer_1677,Hyderabad,Standard,2023-07-13,8,14267.67
C11677,Customer_1678,Bangalore,Standard,2026-02-16,6,20241.77
C11678,Customer_1679,Chennai,Standard,2025-03-02,9,24070.58
C11679,Customer_1680,Mumbai,Standard,2024-08-04,4,14791.15
C11680,Customer_1681,Chennai,Premium,2024-05-31,6,14866.38
C11681,Customer_1682,Mumbai,Basic,2026-05-19,12,14864.91
C11682,Customer_1683,Bangalore,Standard,2023-11-04,9,16198.96
C11683,Customer_1684,Chennai,Standard,2024-11-13,4,12653.74
C11684,Customer_1685,Delhi,Premium,2023-06-16,15,5236.19
C11685,Customer_1686,Kolkata,Basic,2026-04-08,10,11241.36
C11686,Customer_1687,Delhi,Basic,2023-10-17,6,7226.03
C11687,Customer_1688,Hyderabad,,2024-12-17,10,8815.08
C11688,Customer_1689,Bangalore,Basic,2024-09-27,11,7989.17
C11689,Customer_1690,Delhi,Standard,2025-03-13,14,9754.39
C11690,Customer_1691,Mumbai,Standard,2023-09-22,5,11543.78
C11691,Customer_1692,Hyderabad,Standard,2026-05-03,7,4440.41
C11692,Customer_1693,Hyderabad,Standard,2023-06-23,5,6604.33
C11693,Customer_1694,Delhi,Standard,2024-09-26,6,9109.42
C11694,Customer_1695,Delhi,Premium,2026-02-18,13,18176.79
C11695,Customer_1696,,Premium,2025-02-10,14,20984.72
C11696,Customer_1697,Kolkata,Standard,2026-08-10,9,10790.71
C11697,Customer_1698,Delhi,Standard,2024-11-03,6,12011.4
C11698,Customer_1699,,Basic,2023-09-19,10,6895.59
C11699,Customer_1700,Delhi,Premium,2025-12-14,12,7743.86
C11700,Customer_1701,Chennai,Standard,2023-07-11,13,10751.55
C11701,Customer_1702,Mumbai,Premium,2026-08-16,5,4234.21
C11702,Customer_1703,Pune,Premium,2025-05-17,4,5189.39
C11703,Customer_1704,Pune,Standard,2025-11-07,8,17126.39
C11704,Customer_1705,Chennai,Premium,2025-01-11,11,10536.07
C11705,Customer_1706, ,Standard,2023-02-07,9,12894.92
C11706,Customer_1707,Hyderabad,Standard,2025-01-12,9,11549.64
C11707,Customer_1708,Kolkata,Standard,2024-09-24,12,8409.56
C11708,Customer_1709,Mumbai,Premium,2024-01-05,7,13468.99
C11709,Customer_1710,Bangalore,Premium,2024-03-14,8,14175.07
C11710,Customer_1711,Pune,Premium,2024-11-30,8,19594.73
C11711,Customer_1712,Bangalore,Premium,2025-09-22,4,16031.41
C11712,Customer_1713,Delhi,,2024-01-29,7,11365.95
C11713,Customer_1714,Delhi,Standard,2024-04-08,7,3106.67
C11714,Customer_1715,Bangalore,Standard,2023-10-09,13,8678.51
C11715,Customer_1716,Delhi,Standard,2023-11-14,7,9476.19
C11716,Customer_1717,Kolkata,Standard,2023-06-08,9,8323.01
C11717,Customer_1718, Chennai ,Basic,2024-08-28,7,21296.11
C11718,Customer_1719,Delhi,Basic,2023-07-27,10,6530.63
C11719,Customer_1720,Hyderabad,Basic,2025-11-05,7,20149.85
C11720,Customer_1721,Delhi,Standard,2026-01-10,11,8185.21
C11721,Customer_1722,Mumbai,Standard,2025-12-14,5,6972.93
C11722,Customer_1723,Kolkata,Standard,2023-03-19,10,7426.07
C11723,Customer_1724,Mumbai,Standard,2024-11-20,10,35521.8
C11724,Customer_1725,Mumbai,Standard,2026-06-19,6,19767.01
C11725,Customer_1726,Hyderabad,STANDARD,2023-09-26,9,4973.96
C11726,Customer_1727,Kolkata,Basic,2026-05-08,10,13973.92
C11727,Customer_1728,Kolkata,Standard,2025-02-10,10,9405.13
C11728,Customer_1729,Kolkata,Basic,2023-11-12,5,7406.91
C11729,Customer_1730,Kolkata,Standard,2023-11-29,13,13911.1
C11730,Customer_1731,Kolkata,Standard,2024-01-06,6,12406.62
C11731,Customer_1732,Hyderabad,Premium,2026-07-03,6,6140.84
C11732,Customer_1733,Delhi,Premium,2023-12-06,6,8204.96
C11733,Customer_1734,Mumbai,Basic,2025-06-15,8,14985.06
C11734,Customer_1735,Kolkata,Standard,2023-03-31,7,4865.96
C11735,Customer_1736,Pune,Standard,2025-04-21,10,5066.35
C11736,Customer_1737,Delhi,Basic,2025-01-16,8,17947.97
C11737,Customer_1738,Delhi,Standard,2024-05-01,8,13303.25
C11738,Customer_1739,Mumbai,Basic,2025-06-28,5,9620.2
C11739,Customer_1740,Hyderabad,Standard,2026-06-04,8,18446.46
C11740,Customer_1741,Bangalore,Standard,2024-08-06,9,14714.93
C11741,Customer_1742,Bangalore,Standard,2025-07-08,4,18574.16
C11742,Customer_1743,Delhi,Premium,2024-04-24,11,4245.79
C11743,Customer_1744,Chennai,Premium,2025-12-29,10,11485.62
C11744,Customer_1745,Chennai,Standard,2024-05-04,12,16912.82
C11745,Customer_1746,Mumbai,Basic,2024-09-25,4,14305.02
C11746,Customer_1747,Bangalore,Basic,2025-08-18,12,3990.23
C11747,Customer_1748,Delhi,Premium,2024-02-02,11,19061.55
C11748,Customer_1749,Hyderabad,Standard,2025-01-23,11,22231.47
C11749,Customer_1750,Bangalore,Premium,2026-03-14,9,11617.34
C11750,Customer_1751,Delhi,Premium,2025-06-21,10,5851.27
C11751,Customer_1752,Delhi,Standard,2025-08-03,6,6282.85
C11752,Customer_1753,Kolkata,Standard,2024-07-31,6,10081.37
C11753,Customer_1754,Hyderabad,Premium,2025-02-21,13,11509.66
C11754,Customer_1755,Kolkata,Premium,2025-10-26,11,20765.62
C11755,Customer_1756,Mumbai,Basic,2025-12-16,9,9221.26
C11756,Customer_1757,Kolkata,Premium,2025-05-07,6,12137.85
C11757,Customer_1758,Pune,Standard,2023-11-28,7,8678.88
C11758,Customer_1759,Kolkata,Standard,2024-02-13,7,9137.03
C11759,Customer_1760,Pune,Premium,2026-05-23,9,22537.23
C11760,Customer_1761,Bangalore,Premium,2023-10-11,5,26417.57
C11761,Customer_1762,Chennai,Standard,2024-05-27,8,7486.78
C11762,Customer_1763,Delhi,Basic,2023-04-17,11,17038.34
C11763,Customer_1764,Pune,Standard,2026-08-06,7,8539.38
C11764,Customer_1765,Hyderabad,standard,2025-09-11,8,4962.06
C11765,Customer_1766,Kolkata,Basic,2025-01-30,4,5180.39
C11766,Customer_1767,Pune,Basic,2026-02-09,10,7087.17
C11767,Customer_1768,hyderabad,Standard,2023-07-30,8,11668.51
C11768,Customer_1769,Chennai,Standard,2025-11-22,8,12545.64
C11769,Customer_1770,Chennai,Standard,2023-09-13,10,7077.88
C11770,Customer_1771,Kolkata,Standard,2024-08-06,9,24690.53
C11771,Customer_1772,Mumbai,Standard,2023-06-21,6,5947.03
C11772,Customer_1773, Kolkata ,Standard,2023-11-25,13,6861.36
C11773,Customer_1774, Bangalore ,Premium,2024-07-12,13,11845.59
C11774,Customer_1775,Pune,Standard,2025-07-09,11,7314.52
C11775,Customer_1776,Delhi,Standard,2025-11-17,8,10768.11
C11776,Customer_1777,Mumbai,Premium,2023-10-29,6,10003.97
C11777,Customer_1778,Kolkata,Premium,2025-06-14,5,7842.5
C11778,Customer_1779,Hyderabad,STANDARD,2023-07-07,5,12643.43
C11779,Customer_1780, ,Standard,2024-03-30,7,10004.06
C11780,Customer_1781,,Standard,2025-07-12,8,18102.26
C11781,Customer_1782,Mumbai,Standard,2024-12-16,7,5067.05
C11782,Customer_1783,Pune,Standard,2023-02-24,9,4435.92
C11783,Customer_1784,Kolkata,Premium,2025-04-29,7,19696.04
C11784,Customer_1785,Pune,Standard,2023-04-20,7,12905.83
C11785,Customer_1786,mumbai,Basic,2025-03-22,10,14722.5
C11786,Customer_1787,Hyderabad,Basic,2025-10-25,5,16859.56
C11787,Customer_1788,Chennai,Standard,2025-02-04,8,12327.46
C11788,Customer_1789,Mumbai, ,2024-04-27,9,8028.97
C11789,Customer_1790,Pune, ,2025-03-01,11,13867.47
C11790,Customer_1791,Chennai,Standard,2023-06-17,9,12255.24
C11791,Customer_1792,Pune,Premium,2025-02-06,8,7754.67
C11792,Customer_1793,Hyderabad,Basic,2024-04-04,8,17610.21
C11793,Customer_1794,Pune,Premium,2023-02-27,5,2328.4
C11794,Customer_1795,Kolkata,Premium,2024-10-14,6,12777.86
C11795,Customer_1796,Delhi,Basic,2023-07-22,10,18151.5
C11796,Customer_1797, ,Basic,2026-08-24,14,7458.04
C11797,Customer_1798,Delhi,Basic,2024-11-17,7,15612.72
C11798,Customer_1799,Pune,Premium,2023-10-27,8,8193.53
C11799,Customer_1800,Hyderabad,Premium,2023-10-09,9,16501.31
C11800,Customer_1801,Mumbai,Standard,2023-03-20,5,15817.57
C11801,Customer_1802,Pune,Premium,2024-08-10,16,16225.78
C11802,Customer_1803,chennai,Premium,2025-08-25,12,12591.91
C11803,Customer_1804,Bangalore,Standard,2023-10-12,7,10661.46
C11804,Customer_1805,Pune,Basic,2025-08-18,13,10232.25
C11805,Customer_1806,Delhi,Standard,2025-07-07,6,5770.36
C11806,Customer_1807,Mumbai,Standard,2026-06-14,9,27156.54
C11807,Customer_1808,Delhi,Standard,2023-01-11,6,6514.74
C11808,Customer_1809,Mumbai,Standard,2023-06-12,3,9192.35
C11809,Customer_1810,Pune,Standard,2023-02-08,11,5981.21
C11810,Customer_1811,Kolkata,Standard,2024-06-08,5,3657.4
C11811,Customer_1812,Chennai,Premium,2024-03-17,6,20862.33
C11812,Customer_1813,Pune,Basic,2023-11-03,8,4169.69
C11813,Customer_1814,Delhi,Premium,2026-01-28,12,15423.78
C11814,Customer_1815,Bangalore,Basic,2026-05-31,5,14994.04
C11815,Customer_1816,Bangalore,Premium,2025-12-16,6,7987.23
C11816,Customer_1817,Hyderabad,Standard,2025-05-16,9,14608.24
C11817,Customer_1818,Mumbai,Standard,2023-08-16,12,6908.49
C11818,Customer_1819,Delhi,Premium,2024-08-13,6,11154.78
C11819,Customer_1820,Hyderabad,Premium,2024-05-01,8,17775.8
C11820,Customer_1821,Delhi,Standard,2024-09-08,6,27578.22
C11821,Customer_1822,Mumbai,Basic,2023-09-07,7,10570.05
C11822,Customer_1823,Pune,Basic,2023-04-08,4,19012.3
C11823,Customer_1824,Pune,Standard,2024-05-03,13,8884.8
C11824,Customer_1825,Bangalore,Basic,2025-05-09,6,4739.47
C11825,Customer_1826,Pune,Standard,2026-08-01,10,13487.6
C11826,Customer_1827,Pune, ,2026-06-29,11,11591.29
C11827,Customer_1828,Kolkata,Standard,2025-07-25,11,10128.75
C11828,Customer_1829,Bangalore,Standard,2023-05-09,9,18126.02
C11829,Customer_1830,Hyderabad,Basic,2023-08-16,8,20021.29
C11830,Customer_1831,Chennai,Standard,2025-10-20,6,15851.21
C11831,Customer_1832,Kolkata,Basic,2026-05-07,8,26579.16
C11832,Customer_1833,Hyderabad,Standard,2026-01-02,6,13158.22
C11833,Customer_1834,,Premium,2023-02-03,6,2876.27
C11834,Customer_1835,Kolkata,Premium,2026-07-18,5,6460.14
C11835,Customer_1836,Hyderabad,Standard,2025-11-21,7,5828.69
C11836,Customer_1837,Mumbai,Standard,2026-03-23,6,15856.57
C11837,Customer_1838,Bangalore,Basic,2024-05-10,5,7585.54
C11838,Customer_1839,Chennai,Premium,2023-10-22,6,6179.63
C11839,Customer_1840,Mumbai,Basic,2024-08-19,8,23750.44
C11840,Customer_1841, ,Basic,2025-05-29,9,11107.15
C11841,Customer_1842,Delhi,Premium,2023-01-04,9,11570.98
C11842,Customer_1843,Mumbai,Basic,2026-06-13,9,15426.88
C11843,Customer_1844,,Basic,2024-12-23,9,18459.09
C11844,Customer_1845,Chennai,Basic,2024-05-07,5,16215.48
C11845,Customer_1846,Delhi,Basic,2026-03-14,7,21519.83
C11846,Customer_1847, ,Basic,2025-05-03,10,15029.29
C11847,Customer_1848,Hyderabad,Standard,2024-01-19,8,14127.42
C11848,Customer_1849,Hyderabad,Standard,2023-06-25,7,18229.1
C11849,Customer_1850,MUMBAI,Basic,2025-12-08,9,15606.24
C11850,Customer_1851,Delhi,standard,2025-01-08,9,11356.49
C11851,Customer_1852,Delhi,,2023-05-19,7,14496.14
C11852,Customer_1853,Pune,Standard,2025-12-13,6,6510.48
C11853,Customer_1854,Chennai,Basic,2026-01-19,7,10053.25
C11854,Customer_1855,Bangalore,Premium,2025-11-05,10,8454.75
C11855,Customer_1856,Hyderabad,Basic,2025-11-05,6,14806.81
C11856,Customer_1857,Chennai,Standard,2026-02-08,9,28979.51
C11857,Customer_1858,Kolkata,Premium,2023-02-11,9,7590.69
C11858,Customer_1859,Hyderabad,Standard,2025-03-10,3,15799.96
C11859,Customer_1860,Chennai,Premium,2025-08-20,7,17741.35
C11860,Customer_1861,,Standard,2023-03-31,10,31633.6
C11861,Customer_1862,Bangalore,Basic,2026-07-25,5,7637.96
C11862,Customer_1863,Kolkata,Basic,2025-03-03,9,6885.91
C11863,Customer_1864,Bangalore,Premium,2025-02-03,7,10376.46
C11864,Customer_1865,Pune,Premium,2024-06-03,4,11281.84
C11865,Customer_1866,Kolkata,Basic,2023-02-03,7,28053.95
C11866,Customer_1867,Mumbai,Basic,2025-01-01,7,23533.57
C11867,Customer_1868,Chennai,Standard,2023-05-19,9,12635.51
C11868,Customer_1869,Kolkata,Standard,2024-12-07,4,16106.83
C11869,Customer_1870,Pune,Standard,2024-05-08,7,13165.48
C11870,Customer_1871,Pune,Basic,2026-07-10,10,28490.84
C11871,Customer_1872,Bangalore,Standard,2023-08-01,6,7600.26
C11872,Customer_1873,Hyderabad,Standard,2026-04-06,5,14385.1
C11873,Customer_1874,Kolkata,Standard,2024-11-11,7,6839.03
C11874,Customer_1875,Chennai,Basic,2023-10-01,7,18206.59
C11875,Customer_1876,Kolkata,Premium,2023-04-01,11,10059.35
C11876,Customer_1877,Delhi,Standard,2024-12-22,10,12286.03
C11877,Customer_1878,Hyderabad,Standard,2026-01-23,5,10322.65
C11878,Customer_1879,Chennai,Premium,2024-11-24,3,10638.37
C11879,Customer_1880,Chennai,Premium,2026-08-09,1,9249.58
C11880,Customer_1881,Mumbai,Basic,2023-12-25,5,26716.39
C11881,Customer_1882,bangalore,Basic,2025-08-09,6,14891.2
C11882,Customer_1883,Mumbai,Basic,2025-09-07,6,13256.45
C11883,Customer_1884,Chennai,Basic,2026-07-17,13,9546.84
C11884,Customer_1885,Hyderabad,Standard,2024-01-09,6,15609.36
C11885,Customer_1886,Kolkata,Basic,2023-10-04,11,9484.08
C11886,Customer_1887,Kolkata,Standard,2023-05-10,7,4596.28
C11887,Customer_1888,Hyderabad,Standard,2025-07-26,11,22635.9
C11888,Customer_1889,Chennai,Basic,2023-03-17,11,12494.67
C11889,Customer_1890,Pune,STANDARD,2024-08-23,6,3642.23
C11890,Customer_1891,Kolkata,Standard,2024-02-17,5,6237.25
C11891,Customer_1892,pune,Standard,2023-03-31,11,6086.73
C11892,Customer_1893,,Premium,2024-02-13,4,18024.84
C11893,Customer_1894,Kolkata,PREMIUM,2023-03-27,10,25495.78
C11894,Customer_1895,Bangalore,Basic,2024-10-08,8,8742.17
C11895,Customer_1896,Bangalore,Basic,2024-09-27,9,14807.04
C11896,Customer_1897,Delhi,Standard,2025-11-21,4,16339.95
C11897,Customer_1898,Mumbai,Premium,2025-03-26,8,11047.36
C11898,Customer_1899,Hyderabad,Premium,2026-01-17,6,7588.34
C11899,Customer_1900,,Basic,2025-08-27,8,7501.8
C11900,Customer_1901,Hyderabad,Standard,2024-06-02,15,11856.39
C11901,Customer_1902,Delhi,Standard,2023-03-16,7,9543.88
C11902,Customer_1903,bangalore,Standard,2026-08-17,10,10323.27
C11903,Customer_1904,Chennai,Standard,2024-01-27,10,4354.59
C11904,Customer_1905,Pune,Standard,2024-08-08,12,6473.29
C11905,Customer_1906,Pune,Basic,2025-01-01,9,5095.89
C11906,Customer_1907,Chennai,Standard,2023-04-08,9,11330.08
C11907,Customer_1908,Delhi,Standard,2024-11-10,5,12965.17
C11908,Customer_1909,Chennai,Standard,2024-07-13,7,15901.84
C11909,Customer_1910,Hyderabad,Basic,2023-09-12,16,10396.17
C11910,Customer_1911,Mumbai,Standard,2025-01-23,6,16064.12
C11911,Customer_1912, Kolkata ,Premium,2025-06-13,11,6332.43
C11912,Customer_1913,Pune,Standard,2025-03-30,15,3837.89
C11913,Customer_1914,Bangalore,Standard,2025-06-19,13,12257.4
C11914,Customer_1915,Bangalore,Basic,2025-03-02,9,26613.08
C11915,Customer_1916,Delhi,Standard,2024-11-25,7,6635.46
C11916,Customer_1917,Bangalore,Basic,2024-01-18,9,6036.18
C11917,Customer_1918,Hyderabad,Premium,2025-10-13,10,10674.74
C11918,Customer_1919,,Basic,2025-10-15,6,9226.71
C11919,Customer_1920,Chennai,Standard,2025-01-22,10,12486.82
C11920,Customer_1921,Hyderabad,Basic,2025-11-29,8,15403.93
C11921,Customer_1922,delhi,Standard,2024-06-30,4,14624.64
C11922,Customer_1923,Hyderabad,Standard,2023-06-19,5,18882.16
C11923,Customer_1924,Chennai,Basic,2025-05-19,10,3736.93
C11924,Customer_1925,Mumbai,,2023-06-11,6,6235.97
C11925,Customer_1926,Delhi,Standard,2025-05-31,12,26546.38
C11926,Customer_1927, ,Standard,2026-05-18,8,5058.05
C11927,Customer_1928,Kolkata,Standard,2024-01-05,11,7834.85
C11928,Customer_1929,Mumbai,Standard,2026-01-22,10,24078.29
C11929,Customer_1930,Kolkata,Standard,2024-08-24,12,19798.17
C11930,Customer_1931,Kolkata,Standard,2024-10-19,6,7708.8
C11931,Customer_1932,Mumbai,Basic,2023-07-30,8,18964.22
C11932,Customer_1933,Delhi,Standard,2023-06-13,11,9139.9
C11933,Customer_1934,Chennai,Basic,2024-11-02,3,10148.5
C11934,Customer_1935,Hyderabad,Basic,2024-08-28,6,15085.27
C11935,Customer_1936,Hyderabad,Standard,2024-09-19,12,8217.85
C11936,Customer_1937,Chennai,Premium,2025-07-02,10,11495.63
C11937,Customer_1938,Pune,Premium,2026-05-19,10,12124.88
C11938,Customer_1939,Pune,Standard,2025-05-22,4,6437.09
C11939,Customer_1940,Kolkata,Basic,2023-12-08,7,13419.19
C11940,Customer_1941,Kolkata,Standard,2025-06-28,12,8130.47
C11941,Customer_1942,Delhi,Standard,2024-12-20,11,14300.52
C11942,Customer_1943,Bangalore,Standard,2025-07-04,7,14543.16
C11943,Customer_1944,Mumbai, Standard ,2023-03-28,5,12009.41
C11944,Customer_1945,Kolkata,Standard,2024-12-23,8,11208.97
C11945,Customer_1946,Hyderabad,Premium,2026-06-13,8,5900.05
C11946,Customer_1947,Delhi,Basic,2025-06-09,7,13440.87
C11947,Customer_1948,Mumbai,,2024-07-16,7,21263.47
C11948,Customer_1949,Delhi,Premium,2026-08-02,8,14612.52
C11949,Customer_1950,Mumbai,Basic,2023-04-28,9,6185.71
C11950,Customer_1951,,Premium,2023-06-03,4,13082.3
C11951,Customer_1952,Chennai,Basic,2026-07-29,5,8365.88
C11952,Customer_1953,Kolkata,Basic,2025-04-11,9,6785.78
C11953,Customer_1954,Delhi,,2025-01-14,8,9310.82
C11954,Customer_1955,delhi,Basic,2025-11-16,6,16702.55
C11955,Customer_1956,Chennai,Standard,2023-11-24,4,8175.98
C11956,Customer_1957,Hyderabad,Basic,2023-03-05,3,6526.7
C11957,Customer_1958,Hyderabad,Standard,2023-10-20,8,11597.98
C11958,Customer_1959,Pune,Basic,2026-05-29,6,22262.68
C11959,Customer_1960,Kolkata,Basic,2025-06-16,7,7228.47
C11960,Customer_1961,Kolkata,Basic,2023-03-13,6,17778.09
C11961,Customer_1962,Bangalore,Basic,2023-09-16,14,10765.91
C11962,Customer_1963,Chennai,Standard,2023-05-18,11,17583.76
C11963,Customer_1964,Hyderabad,Basic,2024-04-28,7,11780.5
C11964,Customer_1965,Mumbai,Standard,2026-08-14,8,12313.25
C11965,Customer_1966,Delhi,Basic,2025-01-20,6,8957.48
C11966,Customer_1967,kolkata,Standard,2025-01-11,12,15830.7
C11967,Customer_1968,Delhi,Standard,2025-02-23,6,15273.23
C11968,Customer_1969,DELHI,Standard,2026-03-07,9,13253.26
C11969,Customer_1970,Bangalore,Standard,2023-03-08,4,15208.12
C11970,Customer_1971,Hyderabad,Basic,2026-05-24,8,9984.33
C11971,Customer_1972,Kolkata,Standard,2023-11-11,10,14207.3
C11972,Customer_1973,Delhi,Standard,2025-07-10,8,11567.02
C11973,Customer_1974,Kolkata,Standard,2025-01-29,5,7445.15
C11974,Customer_1975,Mumbai,Basic,2025-01-31,7,6691.47
C11975,Customer_1976,Bangalore,Standard,2025-06-28,9,15953.3
C11976,Customer_1977,Mumbai,Premium,2023-06-07,1,8427.46
C11977,Customer_1978,Kolkata,Premium,2026-03-21,12,14773.31
C11978,Customer_1979,Pune,Premium,2023-10-09,8,3634.03
C11979,Customer_1980,Kolkata,Standard,2025-12-20,8,13308.21
C11980,Customer_1981,Hyderabad,Premium,2025-01-21,7,9632.12
C11981,Customer_1982,Delhi,Premium,2025-03-26,6,7883.59
C11982,Customer_1983,Delhi,Basic,2024-10-05,7,11989.3
C11983,Customer_1984,Mumbai,Basic,2026-08-23,10,12505.14
C11984,Customer_1985,Bangalore,Standard,2024-07-24,9,12897.33
C11985,Customer_1986,pune,Basic,2024-05-26,5,13530.13
C11986,Customer_1987,Chennai,Premium,2023-08-21,7,11354.39
C11987,Customer_1988,Delhi,Standard,2023-02-23,8,8044.4
C11988,Customer_1989,Hyderabad,Standard,2024-01-17,10,17495.89
C11989,Customer_1990,Mumbai,Standard,2025-10-19,12,10818.14
C11990,Customer_1991,Mumbai,Standard,2025-11-26,5,17317.57
C11991,Customer_1992,Chennai, Standard ,2025-03-03,9,10595.22
C11992,Customer_1993,Hyderabad,Standard,2026-02-24,5,1930.24
C11993,Customer_1994,Bangalore,Basic,2023-08-30,8,9534.26
C11994,Customer_1995,Hyderabad,Premium,2024-06-20,9,9167.9
C11995,Customer_1996,Bangalore,Premium,2024-06-17,7,12487.52
C11996,Customer_1997,Hyderabad,Premium,2025-07-02,9,15477.63
C11997,Customer_1998, ,Standard,2024-03-15,7,16812.72
C11998,Customer_1999,Kolkata,Standard,2026-06-07,3,15389.6
C11999,Customer_2000,Mumbai,Premium,2024-08-07,5,12142.99
C12000,Customer_2001,Hyderabad,Basic,2025-10-02,9,24786.3
C12001,Customer_2002,Chennai,Standard,2024-02-14,4,14398.81
C12002,Customer_2003,Hyderabad,Premium,2023-09-09,12,3612.85
C12003,Customer_2004,Delhi,Standard,2023-10-05,7,5649.78
C12004,Customer_2005,Mumbai,Premium,2023-06-01,3,14791.57
C12005,Customer_2006,Delhi,Standard,2025-07-14,8,7650.77
C12006,Customer_2007,Mumbai,Standard,2023-12-20,4,7888.37
C12007,Customer_2008,Delhi,Standard,2025-06-30,10,8691.2
C12008,Customer_2009,Hyderabad,PREMIUM,2023-06-29,10,7718.17
C12009,Customer_2010,Hyderabad, ,2024-10-16,10,10406.99
C12010,Customer_2011,Kolkata,Premium,2024-12-12,8,12900.07
C12011,Customer_2012,Chennai,Premium,2023-05-13,4,6931.39
C12012,Customer_2013,Delhi,Standard,2026-01-31,7,8233.25
C12013,Customer_2014,Bangalore,Standard,2026-01-15,8,10674.46
C12014,Customer_2015,KOLKATA,Standard,2024-08-17,9,11124.65
C12015,Customer_2016,Delhi,Standard,2024-09-06,3,13266.62
C12016,Customer_2017,Delhi,Standard,2023-11-19,7,10895.69
C12017,Customer_2018,Kolkata,Premium,2026-07-30,10,19560.87
C12018,Customer_2019,Hyderabad,Premium,2023-12-23,8,23179.79
C12019,Customer_2020,Delhi,Basic,2025-01-10,12,16622.48
C12020,Customer_2021,Hyderabad,Standard,2025-11-07,11,12398.94
C12021,Customer_2022,Kolkata,Basic,2024-04-04,2,8017.9
C12022,Customer_2023,Hyderabad,Standard,2023-09-06,10,9132.59
C12023,Customer_2024,,Standard,2024-02-16,10,5777.12
C12024,Customer_2025,Bangalore,Standard,2023-10-12,13,10613.99
C12025,Customer_2026,Pune,Standard,2024-04-29,10,4959.32
C12026,Customer_2027,Delhi,Standard,2025-10-08,12,11514.31
C12027,Customer_2028,Chennai,Standard,2023-02-23,13,19367.69
C12028,Customer_2029,Bangalore,Standard,2025-01-09,9,7878.67
C12029,Customer_2030,,standard,2026-02-08,8,15510.14
C12030,Customer_2031,Hyderabad,Basic,2026-03-18,10,11445.23
C12031,Customer_2032,Delhi,Basic,2025-01-25,7,10930.11
C12032,Customer_2033,Hyderabad,Standard,2025-08-15,10,12732.47
C12033,Customer_2034,Mumbai,Standard,2026-02-03,5,14207.72
C12034,Customer_2035,,Premium,2023-09-23,5,25530.91
C12035,Customer_2036,Delhi,Standard,2026-06-07,11,10530.21
C12036,Customer_2037,Pune,Standard,2023-06-26,10,17209.15
C12037,Customer_2038,Pune,Basic,2023-05-15,7,12506.2
C12038,Customer_2039,Mumbai,Standard,2024-09-25,11,7887.59
C12039,Customer_2040,Mumbai,Standard,2025-03-26,13,22654.5
C12040,Customer_2041,Delhi,Standard,2025-09-07,11,10074.11
C12041,Customer_2042,Hyderabad,Basic,2025-12-12,13,5672.85
C12042,Customer_2043,Chennai,Standard,2025-04-21,17,15740.66
C12043,Customer_2044,Pune,Standard,2025-04-18,5,16126.2
C12044,Customer_2045,Pune,Basic,2026-03-23,9,10505.14
C12045,Customer_2046,Mumbai,Premium,2023-06-01,6,14406.69
C12046,Customer_2047,Bangalore,Basic,2023-09-14,9,13258.48
C12047,Customer_2048,Mumbai,Premium,2024-10-11,9,5411.96
C12048,Customer_2049,Chennai,BASIC,2026-08-08,10,4302.97
C12049,Customer_2050,Hyderabad,standard,2023-06-01,11,29263.63
C12050,Customer_2051,Hyderabad,Standard,2025-07-10,6,16732.45
C12051,Customer_2052,Bangalore,Basic,2025-08-12,10,17893.21
C12052,Customer_2053,Pune,Premium,2025-11-25,9,10198.75
C12053,Customer_2054,Mumbai,Standard,2024-12-06,8,12665.7
C12054,Customer_2055,Hyderabad,Standard,2023-09-20,7,12632.45
C12055,Customer_2056, Chennai ,Standard,2026-02-03,8,7485.12
C12056,Customer_2057,Delhi,Standard,2026-08-03,5,7752.61
C12057,Customer_2058, Kolkata ,Premium,2026-04-18,6,19236.68
C12058,Customer_2059,Kolkata,Premium,2024-01-08,9,19278.77
C12059,Customer_2060,Kolkata,Premium,2023-09-22,4,11860.07
C12060,Customer_2061,Pune,Premium,2025-06-05,6,3939.2
C12061,Customer_2062,Mumbai,Standard,2025-10-26,5,13900.45
C12062,Customer_2063,Bangalore,Basic,2023-04-24,6,9821.26
C12063,Customer_2064,Hyderabad,Basic,2023-09-12,4,4165.52
C12064,Customer_2065,Delhi,Basic,2025-11-27,6,25061.05
C12065,Customer_2066,Chennai,Premium,2023-11-10,7,17387.53
C12066,Customer_2067,Delhi,Standard,2024-09-14,8,9639.76
C12067,Customer_2068,Chennai,,2023-12-04,9,6874.88
C12068,Customer_2069,Pune,Standard,2023-11-28,6,20065.79
C12069,Customer_2070,Mumbai,Standard,2024-10-22,5,11588.85
C12070,Customer_2071,Kolkata,Premium,2024-04-06,12,15748.38
C12071,Customer_2072,Mumbai,Standard,2024-12-09,8,18623.17
C12072,Customer_2073,Pune,Basic,2025-11-28,12,9523.02
C12073,Customer_2074,Bangalore,Standard,2024-08-04,2,8319.2
C12074,Customer_2075,Bangalore,Standard,2023-06-11,9,12729.25
C12075,Customer_2076,Pune,Premium,2024-05-28,10,16883.26
C12076,Customer_2077,Chennai,Standard,2024-02-07,5,6004.85
C12077,Customer_2078,Hyderabad,Basic,2026-07-24,11,20340.65
C12078,Customer_2079,Hyderabad,Premium,2026-02-02,9,11056.82
C12079,Customer_2080,,STANDARD,2024-07-16,6,14232.22
C12080,Customer_2081,Bangalore,Premium,2023-09-14,8,11659.96
C12081,Customer_2082,Bangalore,Standard,2026-07-04,8,14088.72
C12082,Customer_2083,Bangalore,Premium,2024-09-12,4,9589.0
C12083,Customer_2084,Mumbai,Basic,2026-06-12,8,13411.26
C12084,Customer_2085,Bangalore,Basic,2025-12-28,9,14052.19
C12085,Customer_2086,Delhi,Basic,2023-07-11,6,9060.72
C12086,Customer_2087,Kolkata,Standard,2025-10-26,6,18977.94
C12087,Customer_2088,Bangalore,Basic,2026-08-05,6,19971.77
C12088,Customer_2089,Chennai,Standard,2023-12-12,9,2853.33
C12089,Customer_2090,Kolkata,Standard,2026-04-27,15,5223.76
C12090,Customer_2091,Mumbai,Standard,2026-04-04,7,10012.56
C12091,Customer_2092,Chennai,Premium,2023-11-12,8,8553.69
C12092,Customer_2093,Kolkata,Premium,2023-12-17,9,16888.96
C12093,Customer_2094,Chennai,Basic,2026-07-02,8,6499.84
C12094,Customer_2095,Mumbai,Standard,2026-05-24,5,16821.67
C12095,Customer_2096,Delhi,Standard,2024-11-22,9,11179.21
C12096,Customer_2097,Mumbai,Standard,2026-02-28,7,16808.4
C12097,Customer_2098,Mumbai,Basic,2023-03-26,10,18693.34
C12098,Customer_2099,chennai,Basic,2023-02-28,7,20087.0
C12099,Customer_2100,Pune,Basic,2023-06-16,8,14313.83
C12100,Customer_2101,Hyderabad,Standard,2023-04-04,7,23680.95
C12101,Customer_2102,Bangalore,Premium,2026-08-06,11,8132.72
C12102,Customer_2103,Bangalore,Standard,2026-03-27,7,13233.64
C12103,Customer_2104,Delhi,Premium,2024-06-26,10,16550.76
C12104,Customer_2105,Delhi,Premium,2026-08-26,7,13455.15
C12105,Customer_2106,Bangalore,Standard,2024-03-07,9,23752.65
C12106,Customer_2107,Hyderabad,Standard,2026-03-17,5,20017.0
C12107,Customer_2108,Bangalore,Basic,2025-05-03,12,9741.49
C12108,Customer_2109,Pune,Standard,2026-06-19,8,9320.53
C12109,Customer_2110,Hyderabad,Standard,2026-08-01,7,10861.27
C12110,Customer_2111,Delhi,Premium,2023-03-04,6,12558.04
C12111,Customer_2112,Kolkata,Basic,2025-10-16,7,4716.88
C12112,Customer_2113,Chennai,Basic,2026-07-08,9,9982.01
C12113,Customer_2114,Pune,Basic,2026-01-22,3,22357.04
C12114,Customer_2115,Pune,Basic,2024-08-16,4,3556.26
C12115,Customer_2116,Delhi,Standard,2026-08-07,13,27070.48
C12116,Customer_2117,Delhi,Standard,2024-09-10,7,11066.17
C12117,Customer_2118, Mumbai ,Standard,2025-09-16,7,13068.02
C12118,Customer_2119,pune,Standard,2024-05-16,10,13407.43
C12119,Customer_2120,Mumbai,,2025-04-11,11,19627.1
C12120,Customer_2121,Mumbai,Standard,2024-09-01,9,13979.39
C12121,Customer_2122,Chennai,Basic,2025-07-17,13,11510.42
C12122,Customer_2123,Mumbai,Basic,2023-05-30,6,5728.25
C12123,Customer_2124,Hyderabad,Basic,2023-05-03,14,20182.21
C12124,Customer_2125,Bangalore,Basic,2023-11-20,9,13813.59
C12125,Customer_2126,Kolkata,Standard,2025-06-19,10,10618.39
C12126,Customer_2127,Delhi,Premium,2025-05-01,4,17794.77
C12127,Customer_2128,Hyderabad,Premium,2025-09-18,13,7791.27
C12128,Customer_2129,kolkata,Standard,2025-08-09,9,19674.3
C12129,Customer_2130,Pune,Basic,2024-02-22,8,15804.74
C12130,Customer_2131,Pune,Premium,2024-11-27,5,13274.27
C12131,Customer_2132,Pune,Basic,2026-05-27,5,11364.79
C12132,Customer_2133,Hyderabad,Premium,2023-10-22,4,12747.86
C12133,Customer_2134,Hyderabad,Standard,2024-10-02,7,23015.95
C12134,Customer_2135,Delhi,Standard,2024-10-15,8,14739.21
C12135,Customer_2136,Bangalore,Premium,2024-12-08,8,28435.19
C12136,Customer_2137, Mumbai ,Premium,2025-03-27,5,11742.41
C12137,Customer_2138,Pune,Standard,2023-09-25,4,7124.76
C12138,Customer_2139,Chennai,Basic,2025-01-28,7,21961.98
C12139,Customer_2140,Bangalore,Standard,2025-11-20,10,12275.97
C12140,Customer_2141,chennai,Standard,2026-02-24,12,16936.77
C12141,Customer_2142,Delhi,Standard,2023-08-06,10,13458.12
C12142,Customer_2143,Delhi,Premium,2024-10-15,7,8608.56
C12143,Customer_2144,Delhi,Basic,2024-05-10,2,31140.47
C12144,Customer_2145,Kolkata,Premium,2025-08-13,3,12602.91
C12145,Customer_2146,Chennai,Basic,2023-09-08,6,6682.9
C12146,Customer_2147,bangalore,Standard,2024-07-01,6,22428.93
C12147,Customer_2148, Bangalore ,Basic,2025-07-09,7,9418.0
C12148,Customer_2149, ,Premium,2024-05-22,7,17925.04
C12149,Customer_2150,Hyderabad,standard,2023-10-16,10,15838.12
C12150,Customer_2151,Pune,Premium,2023-07-18,5,3535.36
C12151,Customer_2152,Hyderabad,PREMIUM,2023-04-14,8,15960.92
C12152,Customer_2153,Delhi,Standard,2024-08-17,11,9471.21
C12153,Customer_2154,Bangalore,Standard,2025-02-25,11,4113.44
C12154,Customer_2155,Chennai,Standard,2026-06-14,3,7860.7
C12155,Customer_2156,Delhi,Premium,2025-05-06,5,18740.47
C12156,Customer_2157,Kolkata,Standard,2024-05-23,10,13790.45
C12157,Customer_2158,Hyderabad,Basic,2023-11-24,8,4599.34
C12158,Customer_2159,Delhi,Standard,2024-11-01,10,11131.31
C12159,Customer_2160,Delhi,Standard,2026-03-29,4,5559.53
C12160,Customer_2161,Kolkata,Standard,2024-10-02,9,11848.71
C12161,Customer_2162,Mumbai,Basic,2024-01-24,8,13251.62
C12162,Customer_2163,Bangalore,Standard,2023-11-23,2,22906.59
C12163,Customer_2164,Chennai,standard,2025-10-17,4,37873.16
C12164,Customer_2165,,Basic,2025-11-20,9,7323.86
C12165,Customer_2166,Mumbai,Basic,2025-08-14,11,12076.27
C12166,Customer_2167,Hyderabad,Standard,2025-10-18,10,20025.09
C12167,Customer_2168,Delhi,Standard,2024-09-23,10,3202.36
C12168,Customer_2169,Kolkata,Basic,2025-10-15,8,5098.67
C12169,Customer_2170,Kolkata,Standard,2023-02-17,9,13819.81
C12170,Customer_2171,Bangalore,Premium,2023-07-04,5,15532.98
C12171,Customer_2172,Mumbai,Premium,2025-03-16,10,7732.26
C12172,Customer_2173,Pune,Basic,2025-11-01,15,14305.51
C12173,Customer_2174,Bangalore,Standard,2025-07-25,8,11688.54
C12174,Customer_2175,Delhi,Basic,2024-05-08,12,5795.91
C12175,Customer_2176,Bangalore,Standard,2024-03-16,8,5628.31
C12176,Customer_2177,Chennai,Standard,2026-04-09,8,13198.88
C12177,Customer_2178, , ,2024-12-23,7,11493.26
C12178,Customer_2179,Kolkata,Premium,2023-04-10,6,8299.12
C12179,Customer_2180,Hyderabad,Basic,2023-04-14,10,6458.83
C12180,Customer_2181,Hyderabad,Basic,2024-07-30,4,23858.91
C12181,Customer_2182,Pune,Standard,2025-10-10,7,12067.8
C12182,Customer_2183,Delhi,Standard,2026-05-08,7,24915.92
C12183,Customer_2184,Chennai,Standard,2025-08-21,12,13454.66
C12184,Customer_2185,Mumbai,Standard,2024-08-08,9,8231.53
C12185,Customer_2186,Bangalore,Standard,2026-01-04,7,8431.11
C12186,Customer_2187,Pune,Premium,2023-01-17,8,12354.01
C12187,Customer_2188,Delhi,Standard,2023-08-09,5,35582.25
C12188,Customer_2189,Hyderabad,Basic,2025-06-01,14,17259.07
C12189,Customer_2190,Bangalore,Basic,2023-10-02,10,22607.88
C12190,Customer_2191,Hyderabad,Premium,2024-06-25,6,16295.2
C12191,Customer_2192,bangalore,Basic,2025-01-19,14,12282.26
C12192,Customer_2193,Mumbai,Standard,2025-04-05,7,9811.98
C12193,Customer_2194,Delhi,Standard,2025-01-19,6,13303.45
C12194,Customer_2195,Bangalore,,2023-04-03,12,3665.91
C12195,Customer_2196,Chennai,Standard,2025-03-31,2,11399.2
C12196,Customer_2197, Pune ,Standard,2023-04-15,6,8259.73
C12197,Customer_2198,Kolkata,Standard,2026-03-13,11,14370.85
C12198,Customer_2199,Chennai,Basic,2026-02-24,8,22176.32
C12199,Customer_2200,Chennai,Basic,2024-02-03,6,15073.26
C12200,Customer_2201,Pune,Standard,2025-01-12,10,18115.16
C12201,Customer_2202,Kolkata,Basic,2026-02-07,9,11655.69
C12202,Customer_2203,Chennai,Standard,2024-08-14,12,9592.21
C12203,Customer_2204,Bangalore,Standard,2023-05-31,4,18162.16
C12204,Customer_2205,BANGALORE,Standard,2025-03-02,11,13305.36
C12205,Customer_2206,Bangalore,Premium,2025-10-29,10,15935.87
C12206,Customer_2207,Kolkata,standard,2025-07-11,5,11117.78
C12207,Customer_2208,Chennai,Standard,2026-01-31,7,9354.27
C12208,Customer_2209,Kolkata, ,2024-07-26,14,10756.31
C12209,Customer_2210,Bangalore,Basic,2026-06-30,11,12301.89
C12210,Customer_2211,Pune,Standard,2026-06-05,8,20142.09
C12211,Customer_2212,Chennai,Standard,2023-09-01,7,18201.17
C12212,Customer_2213,Chennai, ,2023-09-21,10,14029.71
C12213,Customer_2214,Hyderabad,Standard,2023-07-18,7,14874.28
C12214,Customer_2215,Hyderabad,Standard,2025-03-17,9,14872.57
C12215,Customer_2216,,Basic,2025-02-03,4,24527.64
C12216,Customer_2217,Delhi,Standard,2024-11-25,9,9538.49
C12217,Customer_2218,,Premium,2026-02-16,13,21140.96
C12218,Customer_2219,Kolkata,Standard,2025-01-18,9,5449.65
C12219,Customer_2220,Hyderabad,Premium,2023-10-23,6,11259.66
C12220,Customer_2221,Mumbai,Standard,2024-02-12,7,9271.92
C12221,Customer_2222,Chennai,Standard,2026-05-18,6,14180.72
C12222,Customer_2223,Mumbai,Basic,2025-11-08,8,24603.53
C12223,Customer_2224, Chennai ,Premium,2025-04-02,12,12519.87
C12224,Customer_2225, Pune ,Standard,2025-10-21,7,12199.82
C12225,Customer_2226,Pune,Premium,2023-03-24,5,7889.64
C12226,Customer_2227,Chennai,Standard,2023-04-03,11,14282.01
C12227,Customer_2228,Delhi,Standard,2023-03-21,11,11354.57
C12228,Customer_2229,Hyderabad,Basic,2023-10-08,8,6495.55
C12229,Customer_2230,Kolkata,Standard,2024-11-13,6,9747.24
C12230,Customer_2231,Kolkata,Premium,2025-08-28,7,11838.08
C12231,Customer_2232,Bangalore,Standard,2025-11-29,10,10636.53
C12232,Customer_2233,Chennai,Premium,2025-07-24,3,4184.6
C12233,Customer_2234,Kolkata,Premium,2023-11-02,11,19143.23
C12234,Customer_2235,Delhi, ,2026-05-26,5,19692.16
C12235,Customer_2236,Chennai,Premium,2025-11-21,10,19400.11
C12236,Customer_2237,Delhi,Premium,2023-10-14,9,7436.97
C12237,Customer_2238,Kolkata,Basic,2024-11-02,8,5628.01
C12238,Customer_2239,Kolkata,Standard,2026-06-09,6,9111.42
C12239,Customer_2240,Bangalore,Premium,2024-10-14,8,15814.3
C12240,Customer_2241,Kolkata,Standard,2023-11-29,6,36371.79
C12241,Customer_2242,Chennai,Standard,2025-03-15,7,9941.64
C12242,Customer_2243,Pune,Standard,2026-06-16,6,9556.3
C12243,Customer_2244,Chennai,Standard,2024-09-04,11,8321.31
C12244,Customer_2245,Chennai,Premium,2026-04-30,13,4884.62
C12245,Customer_2246,Bangalore,Standard,2024-11-19,5,13039.24
C12246,Customer_2247,Bangalore,Standard,2025-11-04,7,19945.59
C12247,Customer_2248,Kolkata,Standard,2025-11-09,14,15376.4
C12248,Customer_2249,Mumbai,Basic,2025-12-26,6,10548.23
C12249,Customer_2250,Mumbai,Standard,2025-09-30,14,6377.81
C12250,Customer_2251,, Standard ,2026-02-26,5,8692.18
C12251,Customer_2252,Kolkata,Standard,2024-09-05,12,16025.03
C12252,Customer_2253,Mumbai,Standard,2025-08-30,9,10815.78
C12253,Customer_2254, ,Premium,2023-02-04,9,27474.78
C12254,Customer_2255,Kolkata,Premium,2025-01-24,4,14460.78
C12255,Customer_2256,,Basic,2024-11-09,11,15358.15
C12256,Customer_2257,Hyderabad,Standard,2023-08-13,5,10142.85
C12257,Customer_2258,Chennai,Standard,2025-05-03,8,14158.71
C12258,Customer_2259,Kolkata,Standard,2026-04-10,12,10187.03
C12259,Customer_2260,Hyderabad,Standard,2024-09-22,13,13061.42
C12260,Customer_2261,Bangalore,Premium,2026-07-12,6,17072.57
C12261,Customer_2262,Mumbai,Basic,2023-02-24,6,7012.6
C12262,Customer_2263,Chennai,Premium,2026-05-07,10,14432.28
C12263,Customer_2264,Pune,Basic,2025-08-29,8,12847.26
C12264,Customer_2265,Mumbai,Basic,2024-06-27,1,25648.29
C12265,Customer_2266,Chennai,Basic,2026-03-30,16,7941.48
C12266,Customer_2267, Pune ,Standard,2026-03-28,10,11407.73
C12267,Customer_2268,Mumbai,Premium,2024-04-11,4,9178.65
C12268,Customer_2269,Chennai,Standard,2023-04-16,7,6603.2
C12269,Customer_2270,mumbai,Standard,2026-04-10,11,13199.85
C12270,Customer_2271,Mumbai,Standard,2025-09-10,8,4110.47
C12271,Customer_2272,Pune,Basic,2023-12-16,2,9964.51
C12272,Customer_2273,Mumbai, Standard ,2025-12-09,8,10111.44
C12273,Customer_2274,Mumbai,Standard,2026-07-12,8,9247.65
C12274,Customer_2275,Pune,Standard,2026-06-23,6,8472.05
C12275,Customer_2276,Bangalore,Standard,2025-02-17,10,5281.25
C12276,Customer_2277,Kolkata,Standard,2023-10-30,10,10576.23
C12277,Customer_2278,Delhi,Basic,2024-05-11,8,19375.63
C12278,Customer_2279,Hyderabad,Standard,2023-03-06,6,14137.42
C12279,Customer_2280,Delhi,Basic,2026-03-18,16,14605.5
C12280,Customer_2281,Delhi,Basic,2023-08-14,8,15247.2
C12281,Customer_2282,Chennai,BASIC,2024-01-26,7,11611.92
C12282,Customer_2283,Kolkata,Premium,2023-02-08,10,8323.52
C12283,Customer_2284,Chennai,Basic,2025-06-22,6,23067.41
C12284,Customer_2285,Kolkata,Standard,2024-10-04,14,9278.35
C12285,Customer_2286,Pune,Premium,2025-05-07,10,18523.93
C12286,Customer_2287,PUNE,Standard,2023-11-07,11,23962.7
C12287,Customer_2288,Kolkata,Standard,2025-04-25,9,10390.12
C12288,Customer_2289,Mumbai,Premium,2024-02-22,11,7708.24
C12289,Customer_2290,Bangalore,Premium,2025-04-20,10,20165.0
C12290,Customer_2291,Mumbai,Premium,2025-10-24,4,9047.91
C12291,Customer_2292,Bangalore,Basic,2026-06-06,9,18416.38
C12292,Customer_2293,Chennai,Premium,2025-08-23,11,15009.92
C12293,Customer_2294,Bangalore,Standard,2023-05-08,8,10732.17
C12294,Customer_2295,Chennai,Standard,2023-10-10,13,5134.57
C12295,Customer_2296,Pune,Standard,2025-11-28,6,13827.66
C12296,Customer_2297, Delhi , ,2024-02-29,17,12805.77
C12297,Customer_2298,Pune,Premium,2026-02-22,6,15597.49
C12298,Customer_2299,Pune, ,2024-10-27,10,20762.56
C12299,Customer_2300,Delhi,Standard,2025-09-06,4,24562.9
C12300,Customer_2301,Bangalore,Basic,2025-12-12,9,14133.96
C12301,Customer_2302,Bangalore,Standard,2025-02-10,8,8673.91
C12302,Customer_2303,Chennai,Basic,2024-10-04,7,18307.97
C12303,Customer_2304,Mumbai,Premium,2023-12-21,6,9429.95
C12304,Customer_2305,Chennai,Standard,2025-07-30,7,4308.53
C12305,Customer_2306,Mumbai,Standard,2025-12-27,12,10552.03
C12306,Customer_2307,Pune,Basic,2024-12-02,7,9580.42
C12307,Customer_2308,Delhi,Premium,2026-01-23,12,14433.33
C12308,Customer_2309,Pune,Premium,2024-12-26,6,26752.21
C12309,Customer_2310,Kolkata,Standard,2026-08-10,10,20922.76
C12310,Customer_2311,Bangalore,Premium,2024-06-25,4,23443.25
C12311,Customer_2312,Mumbai,Premium,2026-06-03,5,6414.36
C12312,Customer_2313,Chennai, ,2025-09-18,9,26431.05
C12313,Customer_2314,Delhi,Standard,2024-01-29,6,13329.53
C12314,Customer_2315,,Standard,2024-05-19,5,16023.04
C12315,Customer_2316,Chennai,Basic,2024-07-25,7,7889.01
C12316,Customer_2317,Bangalore,Standard,2026-02-16,6,20424.18
C12317,Customer_2318,Pune,Premium,2024-09-03,6,11027.78
C12318,Customer_2319, Bangalore ,Standard,2024-04-05,8,8883.44
C12319,Customer_2320,Hyderabad,Standard,2024-09-01,10,9633.37
C12320,Customer_2321,Kolkata,Standard,2024-08-14,10,9447.27
C12321,Customer_2322,Hyderabad,Standard,2024-02-29,9,15305.53
C12322,Customer_2323,Delhi,Premium,2025-09-28,12,7076.1
C12323,Customer_2324,Mumbai,Standard,2024-10-11,6,7954.2
C12324,Customer_2325, ,Basic,2025-09-09,5,10431.36
C12325,Customer_2326,PUNE,Basic,2024-12-15,15,5796.08
C12326,Customer_2327,,Basic,2026-02-21,3,18392.06
C12327,Customer_2328,Bangalore,Basic,2024-07-14,4,16571.12
C12328,Customer_2329,Hyderabad,Standard,2024-08-12,11,9700.4
C12329,Customer_2330,Hyderabad,Basic,2023-09-07,9,11594.05
C12330,Customer_2331,Pune,Premium,2026-03-20,10,15785.88
C12331,Customer_2332,Hyderabad,Standard,2026-01-17,12,9348.39
C12332,Customer_2333,Pune,Standard,2025-02-16,7,13091.25
C12333,Customer_2334,Delhi,Premium,2025-03-19,10,13762.72
C12334,Customer_2335,Bangalore,Basic,2024-12-07,13,20701.44
C12335,Customer_2336,MUMBAI,Basic,2023-10-27,7,18425.58
C12336,Customer_2337,Chennai,Standard,2024-08-17,7,14741.15
C12337,Customer_2338,Mumbai,Basic,2023-03-28,11,12507.46
C12338,Customer_2339,Delhi,Premium,2024-08-12,5,6954.78
C12339,Customer_2340,Chennai,Standard,2023-06-11,15,20118.02
C12340,Customer_2341,HYDERABAD,Standard,2024-12-10,8,14091.8
C12341,Customer_2342,Kolkata,Standard,2025-06-24,4,26029.68
C12342,Customer_2343,DELHI,Basic,2024-06-09,16,17007.57
C12343,Customer_2344, ,Basic,2025-09-08,11,13539.81
C12344,Customer_2345,Bangalore,Basic,2024-03-14,10,11186.97
C12345,Customer_2346, Mumbai ,Standard,2024-02-18,4,6579.96
C12346,Customer_2347,Delhi,Basic,2026-01-08,6,14060.16
C12347,Customer_2348,Delhi,Premium,2024-07-09,8,7744.38
C12348,Customer_2349,Hyderabad,basic,2026-02-25,4,28848.33
C12349,Customer_2350,Hyderabad,Standard,2024-07-10,11,8933.71
C12350,Customer_2351,Chennai,Premium,2023-10-09,12,10480.81
C12351,Customer_2352,Pune,Standard,2023-08-12,3,13003.27
C12352,Customer_2353,Pune,Standard,2026-06-14,8,12287.99
C12353,Customer_2354,Kolkata,Standard,2026-04-16,10,8605.07
C12354,Customer_2355,Pune,Standard,2024-05-05,8,11723.38
C12355,Customer_2356,Bangalore,Premium,2024-05-11,3,24163.79
C12356,Customer_2357,Kolkata,Premium,2023-04-14,7,4226.44
C12357,Customer_2358,Chennai,Premium,2025-12-23,9,14302.24
C12358,Customer_2359,Hyderabad,Standard,2024-04-07,14,13018.83
C12359,Customer_2360,Pune,Premium,2026-07-30,9,4361.56
C12360,Customer_2361,Mumbai,Standard,2024-04-21,15,13786.5
C12361,Customer_2362,Hyderabad,Standard,2023-04-18,9,23987.78
C12362,Customer_2363,Bangalore,Basic,2023-07-25,8,6721.69
C12363,Customer_2364,Hyderabad,Basic,2025-04-26,5,11490.29
C12364,Customer_2365,Bangalore,Standard,2024-11-07,7,11061.84
C12365,Customer_2366,Bangalore,Basic,2025-08-25,9,22836.3
C12366,Customer_2367,Bangalore,Basic,2023-07-25,9,8361.22
C12367,Customer_2368,Chennai,Basic,2023-10-09,10,8738.9
C12368,Customer_2369,Bangalore,Standard,2023-01-11,3,6248.7
C12369,Customer_2370,Bangalore,Premium,2026-02-01,5,12490.75
C12370,Customer_2371,Mumbai,Standard,2023-11-20,10,22651.81
C12371,Customer_2372,Kolkata,Standard,2025-04-13,16,11324.28
C12372,Customer_2373,Delhi,Standard,2026-08-30,7,9349.05
C12373,Customer_2374,Kolkata,Standard,2025-09-01,8,24746.08
C12374,Customer_2375,,Basic,2025-09-04,10,10047.38
C12375,Customer_2376,Mumbai,Basic,2026-08-25,2,13355.8
C12376,Customer_2377,Hyderabad,Standard,2024-02-13,11,10543.32
C12377,Customer_2378,Mumbai,Premium,2024-08-11,13,18169.56
C12378,Customer_2379,Bangalore,Premium,2024-10-19,7,15435.87
C12379,Customer_2380,Mumbai,Basic,2024-08-07,4,8368.8
C12380,Customer_2381,,Standard,2026-08-15,6,27198.61
C12381,Customer_2382,Mumbai,Standard,2023-05-02,10,17798.61
C12382,Customer_2383,BANGALORE,Standard,2023-07-03,9,12322.39
C12383,Customer_2384,Chennai,Standard,2026-08-28,10,20897.88
C12384,Customer_2385,Pune,Standard,2026-03-21,7,13867.0
C12385,Customer_2386,Mumbai,Standard,2024-04-20,9,9585.07
C12386,Customer_2387,Delhi,Basic,2025-12-31,6,11781.06
C12387,Customer_2388,Delhi,Basic,2023-03-18,8,10430.47
C12388,Customer_2389,Mumbai,Basic,2023-12-25,5,16463.69
C12389,Customer_2390,Chennai,Basic,2025-05-05,11,6291.04
C12390,Customer_2391,Hyderabad,Standard,2023-12-27,8,11728.89
C12391,Customer_2392,Bangalore,Standard,2023-03-16,9,5807.84
C12392,Customer_2393,Delhi,Basic,2025-03-24,5,13939.29
C12393,Customer_2394,Hyderabad,Basic,2025-10-11,7,17424.64
C12394,Customer_2395,Mumbai,Premium,2024-01-17,11,10095.48
C12395,Customer_2396,Hyderabad,Standard,2024-08-15,8,11397.49
C12396,Customer_2397,Pune,Premium,2023-03-18,8,15108.32
C12397,Customer_2398,Kolkata,Standard,2023-01-19,7,8982.4
C12398,Customer_2399, ,Standard,2024-09-03,15,10302.37
C12399,Customer_2400,Mumbai, Standard ,2026-03-09,14,7294.08
C12400,Customer_2401,,Premium,2026-05-19,13,10425.82
C12401,Customer_2402,Chennai,Standard,2023-08-08,8,22815.19
C12402,Customer_2403,Pune,Basic,2024-11-17,11,21107.15
C12403,Customer_2404,Mumbai,Standard,2024-08-05,9,9177.48
C12404,Customer_2405,Bangalore,Standard,2025-07-19,11,11618.25
C12405,Customer_2406,Chennai,Standard,2026-08-06,8,17617.03
C12406,Customer_2407,Chennai,Basic,2026-01-17,6,11265.82
C12407,Customer_2408,Mumbai,Premium,2025-12-09,6,8695.06
C12408,Customer_2409,Pune,Basic,2025-10-08,16,17468.49
C12409,Customer_2410,Hyderabad,Standard,2023-10-02,5,10540.44
C12410,Customer_2411,Hyderabad,Basic,2025-10-29,7,12296.38
C12411,Customer_2412,,Basic,2025-08-16,7,11158.44
C12412,Customer_2413,Hyderabad,Standard,2024-07-12,11,7457.27
C12413,Customer_2414,Kolkata,Premium,2024-01-30,7,10504.16
C12414,Customer_2415,Chennai,Standard,2023-08-19,10,6224.92
C12415,Customer_2416,Chennai,Standard,2024-11-08,5,11912.22
C12416,Customer_2417,Bangalore,Premium,2023-11-29,14,11353.16
C12417,Customer_2418,Hyderabad,Premium,2025-07-28,5,3024.03
C12418,Customer_2419,PUNE,Standard,2026-08-20,4,6986.87
C12419,Customer_2420,Chennai,Premium,2024-06-10,8,6372.07
C12420,Customer_2421,Pune,Premium,2024-01-17,15,10458.85
C12421,Customer_2422,Kolkata,Standard,2023-01-29,8,25211.29
C12422,Customer_2423,Bangalore,Premium,2024-11-21,11,7184.65
C12423,Customer_2424,Mumbai,Standard,2024-08-27,8,13855.29
C12424,Customer_2425,Pune,Standard,2026-03-08,4,19665.99
C12425,Customer_2426,Chennai,Standard,2024-01-31,7,7664.31
C12426,Customer_2427, Kolkata ,Basic,2023-12-26,5,2947.51
C12427,Customer_2428,Delhi,Standard,2026-06-05,11,5676.33
C12428,Customer_2429,Kolkata,Standard,2026-08-01,9,6016.44
C12429,Customer_2430,Kolkata,Standard,2025-04-10,10,21800.97
C12430,Customer_2431,Bangalore,Basic,2025-05-25,6,9119.64
C12431,Customer_2432,Mumbai,basic,2025-11-21,13,18897.91
C12432,Customer_2433,Delhi,Basic,2024-11-02,11,7843.94
C12433,Customer_2434,Hyderabad,Standard,2023-06-27,3,13676.67
C12434,Customer_2435,Hyderabad,Premium,2025-03-31,14,8156.41
C12435,Customer_2436,Pune,STANDARD,2023-07-15,9,9155.64
C12436,Customer_2437,Kolkata,Premium,2024-01-14,8,22120.88
C12437,Customer_2438,Bangalore,Basic,2023-10-15,10,13152.21
C12438,Customer_2439,Bangalore, ,2025-09-04,3,19488.62
C12439,Customer_2440,Hyderabad,Basic,2024-10-24,8,8140.69
C12440,Customer_2441,PUNE,Standard,2024-05-23,5,14761.41
C12441,Customer_2442,Pune,Basic,2023-01-14,8,7957.98
C12442,Customer_2443,Pune,Standard,2024-06-18,10,9043.98
C12443,Customer_2444,Delhi,Premium,2025-02-24,1,11667.44
C12444,Customer_2445, Mumbai ,Standard,2024-04-27,6,8942.94
C12445,Customer_2446,Delhi,Standard,2025-07-03,10,5108.79
C12446,Customer_2447,Chennai,Standard,2024-06-30,7,2292.45
C12447,Customer_2448,Chennai,Basic,2024-11-06,8,11641.32
C12448,Customer_2449,Mumbai,Premium,2024-09-10,7,6736.67
C12449,Customer_2450,Hyderabad,Standard,2026-04-07,11,16768.69
C12450,Customer_2451,Mumbai,Standard,2026-03-19,9,9644.51
C12451,Customer_2452,Bangalore,Standard,2023-01-24,4,16680.23
C12452,Customer_2453,Chennai,Basic,2024-06-19,9,15473.03
C12453,Customer_2454,Kolkata,Basic,2026-08-31,5,6350.5
C12454,Customer_2455,Kolkata,Basic,2025-01-06,11,10606.11
C12455,Customer_2456,Hyderabad,Basic,2024-04-28,6,5168.84
C12456,Customer_2457,Bangalore,Basic,2023-05-08,11,15975.21
C12457,Customer_2458,Delhi,Standard,2023-08-31,10,10188.13
C12458,Customer_2459,,Basic,2025-08-11,5,12961.08
C12459,Customer_2460,Kolkata,Standard,2024-09-20,3,15093.27
C12460,Customer_2461,Kolkata,Standard,2023-11-24,7,10263.64
C12461,Customer_2462,Chennai,Premium,2025-04-10,9,33050.37
C12462,Customer_2463,Bangalore,Basic,2025-10-26,9,26519.09
C12463,Customer_2464,Bangalore,Basic,2024-09-28,8,9013.29
C12464,Customer_2465,Kolkata,Standard,2023-08-29,5,14672.19
C12465,Customer_2466,Delhi,Basic,2026-08-01,12,14550.21
C12466,Customer_2467,Hyderabad,Basic,2024-08-27,8,19123.91
C12467,Customer_2468,Pune,Premium,2025-01-22,10,12134.79
C12468,Customer_2469,Hyderabad,Standard,2026-06-12,8,6637.95
C12469,Customer_2470,Bangalore,Basic,2024-03-28,14,12127.4
C12470,Customer_2471,Hyderabad,Standard,2024-03-24,7,15212.7
C12471,Customer_2472,Kolkata,Standard,2023-10-01,4,4811.05
C12472,Customer_2473,Kolkata,Premium,2025-09-06,4,12237.82
C12473,Customer_2474,Bangalore,Standard,2023-11-10,10,10925.13
C12474,Customer_2475,Bangalore,Basic,2025-07-20,4,19701.73
C12475,Customer_2476,Pune,Standard,2026-05-25,7,7419.25
C12476,Customer_2477,Pune,BASIC,2025-02-04,9,5887.47
C12477,Customer_2478,Chennai,Basic,2025-05-01,6,11300.07
C12478,Customer_2479,bangalore,Basic,2026-01-29,9,13197.46
C12479,Customer_2480,Delhi,Standard,2025-08-22,12,12541.59
C12480,Customer_2481,Hyderabad,Premium,2026-01-05,8,11344.64
C12481,Customer_2482,Bangalore,Standard,2024-03-23,6,15778.82
C12482,Customer_2483,Mumbai,Premium,2024-05-21,10,7060.27
C12483,Customer_2484,Chennai,Basic,2026-05-05,9,16032.83
C12484,Customer_2485,Mumbai,Standard,2023-06-17,11,6211.08
C12485,Customer_2486,Kolkata,Standard,2025-12-12,10,15402.89
C12486,Customer_2487,Pune,Standard,2025-07-03,9,12512.24
C12487,Customer_2488,,Basic,2025-12-17,7,8803.58
C12488,Customer_2489,bangalore,Basic,2025-01-10,7,17067.69
C12489,Customer_2490,Mumbai,Standard,2023-06-09,10,14092.29
C12490,Customer_2491,Hyderabad,Basic,2026-03-01,8,5715.32
C12491,Customer_2492,Kolkata,Standard,2023-08-18,5,4984.81
C12492,Customer_2493,Pune,Standard,2023-05-07,5,40126.59
C12493,Customer_2494,Delhi,Basic,2026-01-26,7,7187.35
C12494,Customer_2495,Chennai,Standard,2025-11-01,7,29283.16
C12495,Customer_2496,hyderabad,Basic,2024-02-19,6,25156.55
C12496,Customer_2497,Hyderabad,Premium,2026-03-18,11,22064.18
C12497,Customer_2498,Delhi,Premium,2026-01-04,10,6163.05
C12498,Customer_2499,HYDERABAD,Basic,2023-11-03,7,9174.11
C12499,Customer_2500,Kolkata,Premium,2023-12-03,12,29267.72
C12500,Customer_2501,Kolkata,Basic,2024-11-02,7,10527.06
C12501,Customer_2502,Delhi,Basic,2025-12-01,8,13002.28
C12502,Customer_2503,Chennai,Premium,2025-06-23,9,7638.95
C12503,Customer_2504,Bangalore,Standard,2023-08-27,5,15556.09
C12504,Customer_2505,MUMBAI,Premium,2024-02-25,10,7796.14
C12505,Customer_2506,Bangalore,Standard,2026-04-09,9,3503.14
C12506,Customer_2507,Hyderabad,Premium,2025-09-28,13,12470.57
C12507,Customer_2508,Mumbai,Standard,2023-07-06,6,10619.62
C12508,Customer_2509,Delhi,Standard,2025-11-11,7,16994.82
C12509,Customer_2510,delhi,Standard,2025-07-01,6,15981.28
C12510,Customer_2511,Chennai,Basic,2023-04-24,8,9426.75
C12511,Customer_2512,Mumbai,Basic,2025-07-17,12,10091.26
C12512,Customer_2513,Kolkata,Basic,2023-09-28,8,21756.16
C12513,Customer_2514,Mumbai,Standard,2025-11-17,14,10433.98
C12514,Customer_2515,Hyderabad,Basic,2025-04-30,4,5502.08
C12515,Customer_2516,Kolkata,Standard,2025-07-24,5,8960.58
C12516,Customer_2517,Pune,Basic,2026-02-28,8,13573.19
C12517,Customer_2518,PUNE,Basic,2023-04-29,8,15614.19
C12518,Customer_2519,PUNE,Standard,2026-02-18,11,9804.14
C12519,Customer_2520,Delhi,Standard,2025-08-04,12,7771.3
C12520,Customer_2521,mumbai,Basic,2024-09-23,11,13416.9
C12521,Customer_2522,Pune,Basic,2023-02-14,6,13702.72
C12522,Customer_2523,Bangalore,Basic,2025-03-21,8,13819.17
C12523,Customer_2524,Chennai,Standard,2024-06-05,8,12347.27
C12524,Customer_2525,Bangalore,Standard,2023-01-07,10,13697.8
C12525,Customer_2526,Pune,Premium,2024-03-22,8,15617.49
C12526,Customer_2527,Chennai,Basic,2026-03-30,6,13645.74
C12527,Customer_2528,Hyderabad,Premium,2023-05-30,9,8813.7
C12528,Customer_2529,Bangalore,Basic,2023-04-03,7,23351.32
C12529,Customer_2530,Mumbai,Premium,2025-05-17,6,16261.43
C12530,Customer_2531,Mumbai,Premium,2024-12-06,8,13286.71
C12531,Customer_2532,Bangalore,Standard,2023-05-11,5,14058.38
C12532,Customer_2533,Pune,Basic,2026-01-13,8,15093.0
C12533,Customer_2534,mumbai,Premium,2023-05-04,9,14650.62
C12534,Customer_2535,Hyderabad,Standard,2023-05-22,10,9466.94
C12535,Customer_2536,Kolkata,Standard,2025-08-24,7,6623.46
C12536,Customer_2537,Pune,Standard,2023-03-06,9,8891.68
C12537,Customer_2538,Hyderabad,Premium,2024-08-10,6,14871.35
C12538,Customer_2539,Chennai,Basic,2025-04-17,6,34842.55
C12539,Customer_2540,HYDERABAD,Standard,2024-01-04,11,7116.86
C12540,Customer_2541,Pune,Premium,2023-10-05,9,16864.79
C12541,Customer_2542,Chennai,Basic,2026-08-06,6,15717.12
C12542,Customer_2543,Pune,Basic,2026-08-15,7,21272.89
C12543,Customer_2544,Mumbai,Standard,2025-05-10,11,20831.76
C12544,Customer_2545,Kolkata,Standard,2025-02-05,6,17968.91
C12545,Customer_2546,Pune,Basic,2025-02-22,10,22619.55
C12546,Customer_2547,Pune,Basic,2025-07-07,11,17605.23
C12547,Customer_2548,Mumbai,Basic,2025-02-12,8,9959.99
C12548,Customer_2549,Delhi,Standard,2025-02-08,6,13309.78
C12549,Customer_2550,Mumbai,Standard,2023-06-14,11,14348.44
C12550,Customer_2551,Chennai,Basic,2026-01-09,5,10864.85
C12551,Customer_2552,Mumbai,Premium,2023-09-30,7,13358.98
C12552,Customer_2553,Mumbai,Standard,2026-08-31,13,9350.56
C12553,Customer_2554,Kolkata,Basic,2024-12-13,11,7118.48
C12554,Customer_2555,Mumbai,Standard,2023-08-31,11,11439.86
C12555,Customer_2556, ,Standard,2024-01-01,7,11948.02
C12556,Customer_2557,Kolkata,Standard,2026-01-05,5,13444.0
C12557,Customer_2558,Bangalore,Premium,2025-03-15,5,7532.16
C12558,Customer_2559,Delhi,Standard,2025-12-19,7,13834.75
C12559,Customer_2560,Kolkata,Basic,2023-09-18,6,7982.6
C12560,Customer_2561,Chennai,Standard,2024-04-01,9,25451.66
C12561,Customer_2562,Bangalore,Premium,2023-01-08,9,12974.01
C12562,Customer_2563,Kolkata,Basic,2023-02-16,4,21477.41
C12563,Customer_2564,Kolkata,Standard,2024-09-03,8,25105.06
C12564,Customer_2565,Delhi,Standard,2025-08-06,6,11217.81
C12565,Customer_2566,Pune,Basic,2026-01-20,9,9033.99
C12566,Customer_2567,Chennai,Basic,2025-05-18,6,6560.43
C12567,Customer_2568,Hyderabad,Standard,2025-12-25,8,9064.78
C12568,Customer_2569,Hyderabad, ,2025-02-15,7,17820.14
C12569,Customer_2570,kolkata,Premium,2024-04-15,17,9572.52
C12570,Customer_2571,mumbai,Basic,2024-05-21,5,8036.92
C12571,Customer_2572,Chennai,Standard,2025-08-01,5,20714.19
C12572,Customer_2573,Bangalore,Basic,2024-12-09,7,17907.05
C12573,Customer_2574,Mumbai,Standard,2023-11-14,14,5826.03
C12574,Customer_2575,Mumbai,Standard,2024-07-18,10,22420.91
C12575,Customer_2576,Chennai,Standard,2024-01-22,11,23499.45
C12576,Customer_2577,Pune,Standard,2023-08-20,12,11553.08
C12577,Customer_2578,Kolkata,Basic,2023-03-07,16,11000.78
C12578,Customer_2579,Kolkata,Standard,2025-05-08,6,18875.1
C12579,Customer_2580,Kolkata,Standard,2026-06-13,7,5978.88
C12580,Customer_2581,Kolkata,Standard,2023-02-02,5,5385.1
C12581,Customer_2582,Hyderabad,Standard,2024-05-07,8,15180.86
C12582,Customer_2583,Kolkata,Basic,2024-02-27,11,27272.02
C12583,Customer_2584,Hyderabad,Basic,2023-05-18,3,9409.45
C12584,Customer_2585,Hyderabad,Standard,2023-07-26,9,15444.21
C12585,Customer_2586,Pune,Basic,2026-05-01,7,15447.05
C12586,Customer_2587,Kolkata,Basic,2023-03-10,10,8854.23
C12587,Customer_2588,Delhi,Standard,2025-07-03,11,14372.84
C12588,Customer_2589,Bangalore,Standard,2026-05-09,10,17263.28
C12589,Customer_2590,,Basic,2023-04-10,11,14180.17
C12590,Customer_2591,Hyderabad,Standard,2024-05-16,5,6556.7
C12591,Customer_2592,Chennai,Basic,2023-04-01,8,7159.79
C12592,Customer_2593,Chennai,Standard,2025-04-03,11,12933.11
C12593,Customer_2594,Bangalore,Standard,2025-06-17,10,8927.31
C12594,Customer_2595,Chennai,Standard,2024-04-24,7,13612.83
C12595,Customer_2596,Delhi,Standard,2026-01-10,15,15210.17
C12596,Customer_2597,Chennai,Basic,2024-03-20,4,14065.0
C12597,Customer_2598,Mumbai,Standard,2023-04-26,8,12039.35
C12598,Customer_2599,Mumbai,Standard,2023-10-14,8,7000.32
C12599,Customer_2600,Hyderabad,Basic,2025-10-28,7,11993.07
C12600,Customer_2601,Kolkata,Standard,2024-08-15,8,13469.19
C12601,Customer_2602,Pune,Standard,2024-04-24,10,16646.54
C12602,Customer_2603,Delhi,Basic,2026-03-25,4,11446.91
C12603,Customer_2604,Hyderabad,,2024-10-15,7,6785.47
C12604,Customer_2605,Delhi,Premium,2026-03-28,12,12575.65
C12605,Customer_2606,Kolkata,Standard,2026-05-09,11,12785.99
C12606,Customer_2607,Chennai,Standard,2024-10-18,8,5747.23
C12607,Customer_2608,Chennai,Standard,2024-04-30,12,10694.7
C12608,Customer_2609,Pune,Standard,2024-09-10,5,11968.48
C12609,Customer_2610,Kolkata,Standard,2023-10-21,5,9776.45
C12610,Customer_2611,Hyderabad,Premium,2025-12-03,8,10965.95
C12611,Customer_2612,Pune,Standard,2024-03-28,4,6687.65
C12612,Customer_2613,Kolkata,Premium,2025-04-26,10,7551.43
C12613,Customer_2614,Bangalore,Standard,2024-09-07,12,16403.6
C12614,Customer_2615,Mumbai,Basic,2024-07-17,10,10562.36
C12615,Customer_2616,Pune,Basic,2023-05-05,13,10028.0
C12616,Customer_2617,Pune,Standard,2026-02-14,10,12298.55
C12617,Customer_2618,Hyderabad,Premium,2026-04-26,6,8017.51
C12618,Customer_2619,Delhi,Standard,2023-12-25,6,23443.77
C12619,Customer_2620,Bangalore,Standard,2026-07-06,8,12279.61
C12620,Customer_2621,Hyderabad,Standard,2025-05-24,4,14703.36
C12621,Customer_2622,Kolkata,Standard,2026-02-12,13,9795.52
C12622,Customer_2623,Kolkata,Standard,2025-10-12,8,3660.98
C12623,Customer_2624,Kolkata,Basic,2023-04-07,5,8482.52
C12624,Customer_2625,Kolkata,Standard,2024-12-06,6,8224.87
C12625,Customer_2626,Delhi,Standard,2026-08-10,8,6439.28
C12626,Customer_2627,Bangalore,Basic,2025-02-19,6,11844.69
C12627,Customer_2628,Chennai,Standard,2025-12-10,15,11605.18
C12628,Customer_2629,Mumbai,Premium,2024-10-14,11,27203.61
C12629,Customer_2630,Delhi,Standard,2025-05-02,9,20785.81
C12630,Customer_2631,Delhi,STANDARD,2025-04-16,12,9663.83
C12631,Customer_2632,Chennai,Basic,2023-11-02,6,13105.59
C12632,Customer_2633,Chennai,Standard,2024-09-06,12,10011.87
C12633,Customer_2634,Mumbai,Standard,2025-02-09,6,7922.66
C12634,Customer_2635,Mumbai,Standard,2024-01-12,8,10586.89
C12635,Customer_2636,chennai,Premium,2026-01-06,7,4287.07
C12636,Customer_2637,Kolkata,Basic,2025-08-27,5,8678.3
C12637,Customer_2638,Delhi,Basic,2024-05-08,15,9645.94
C12638,Customer_2639,Hyderabad,Standard,2024-04-06,3,13480.96
C12639,Customer_2640,Mumbai,Standard,2024-09-07,7,12694.14
C12640,Customer_2641,Mumbai,Standard,2023-10-23,5,6391.98
C12641,Customer_2642,Chennai,Basic,2025-08-06,5,14648.0
C12642,Customer_2643,Bangalore,Premium,2023-04-29,7,16478.15
C12643,Customer_2644,Hyderabad,Premium,2026-02-25,4,14088.05
C12644,Customer_2645,Hyderabad,Standard,2025-04-25,11,15565.81
C12645,Customer_2646,Mumbai,Standard,2025-05-03,6,15806.16
C12646,Customer_2647,Kolkata,Standard,2026-02-15,4,19426.71
C12647,Customer_2648,Bangalore,Premium,2025-12-21,9,14175.26
C12648,Customer_2649,Hyderabad,Standard,2023-10-02,6,16827.2
C12649,Customer_2650,Mumbai,Standard,2025-03-06,3,12616.19
C12650,Customer_2651,Hyderabad,Standard,2024-05-12,7,15791.14
C12651,Customer_2652,Pune,Basic,2024-06-06,6,9367.01
C12652,Customer_2653,Bangalore,Premium,2024-02-21,3,12745.67
C12653,Customer_2654,Bangalore,Standard,2024-11-07,9,12606.1
C12654,Customer_2655,Pune,Standard,2026-08-17,10,11099.29
C12655,Customer_2656,Delhi,Standard,2023-06-11,10,8787.59
C12656,Customer_2657,PUNE,Standard,2025-07-10,8,8923.19
C12657,Customer_2658,Chennai,Basic,2025-01-29,9,13886.47
C12658,Customer_2659,Chennai,Premium,2023-07-09,5,8229.3
C12659,Customer_2660,Mumbai,Basic,2026-01-01,3,14493.69
C12660,Customer_2661,Bangalore,Standard,2024-01-26,12,14172.34
C12661,Customer_2662,Delhi,Standard,2023-04-16,5,6741.17
C12662,Customer_2663,,Standard,2024-07-03,12,14297.12
C12663,Customer_2664,Hyderabad,Standard,2025-02-11,8,9925.45
C12664,Customer_2665,Hyderabad,Basic,2026-05-23,3,13940.73
C12665,Customer_2666,Pune,Basic,2026-05-19,6,29393.16
C12666,Customer_2667,Delhi,Basic,2023-03-22,14,25331.78
C12667,Customer_2668,Pune,Basic,2023-05-30,12,13141.86
C12668,Customer_2669,Pune,Basic,2024-01-21,9,9224.07
C12669,Customer_2670,hyderabad,Standard,2026-04-18,11,12404.28
C12670,Customer_2671,Bangalore,Standard,2026-02-18,9,5034.1
C12671,Customer_2672,Pune,Standard,2024-03-20,9,11058.42
C12672,Customer_2673,Kolkata,Premium,2025-09-08,14,17800.07
C12673,Customer_2674,Bangalore,Basic,2024-03-03,5,17825.06
C12674,Customer_2675,Delhi,,2024-11-12,5,13708.07
C12675,Customer_2676,Delhi,Premium,2024-09-12,9,14563.61
C12676,Customer_2677,Pune,Premium,2023-02-01,9,12207.6
C12677,Customer_2678,BANGALORE,Standard,2024-03-09,6,8084.08
C12678,Customer_2679,Hyderabad,Standard,2024-01-25,12,16846.79
C12679,Customer_2680,Hyderabad,Standard,2023-08-29,5,14137.13
C12680,Customer_2681,Chennai, ,2025-09-07,9,7361.58
C12681,Customer_2682,Delhi,Standard,2024-05-11,7,4155.16
C12682,Customer_2683,Mumbai,Standard,2026-05-22,13,10125.64
C12683,Customer_2684,Chennai,Standard,2024-02-23,10,14084.95
C12684,Customer_2685,Hyderabad,Premium,2025-03-23,12,8523.73
C12685,Customer_2686,Bangalore,Standard,2024-05-05,15,14034.85
C12686,Customer_2687,Hyderabad,Standard,2026-02-04,8,9693.79
C12687,Customer_2688,BANGALORE,premium,2024-10-20,7,10009.47
C12688,Customer_2689,Chennai,Standard,2024-08-02,6,9554.99
C12689,Customer_2690,Delhi,,2025-02-18,6,7784.81
C12690,Customer_2691,Hyderabad,Standard,2025-08-12,5,6510.49
C12691,Customer_2692,Pune,Standard,2025-12-28,11,9440.24
C12692,Customer_2693,Bangalore,Standard,2026-08-21,13,17618.54
C12693,Customer_2694,Delhi,Basic,2025-01-05,7,7530.51
C12694,Customer_2695,Mumbai, ,2024-09-23,11,9939.51
C12695,Customer_2696,Bangalore,Basic,2024-06-19,9,8742.34
C12696,Customer_2697,Chennai,Standard,2025-01-06,6,10418.26
C12697,Customer_2698,Mumbai,Standard,2025-11-16,10,23422.14
C12698,Customer_2699,Mumbai,Standard,2025-10-15,8,7389.38
C12699,Customer_2700,Kolkata,Standard,2025-08-12,5,15525.25
C12700,Customer_2701,Hyderabad,Standard,2023-07-21,7,23170.63
C12701,Customer_2702,Bangalore,Standard,2025-08-19,8,11154.34
C12702,Customer_2703,Mumbai,Premium,2024-10-17,9,8584.25
C12703,Customer_2704,Kolkata,PREMIUM,2024-02-21,11,12668.97
C12704,Customer_2705,Chennai,Standard,2025-01-29,9,10878.92
C12705,Customer_2706,Delhi,Standard,2024-10-02,8,9920.43
C12706,Customer_2707,Pune,Standard,2025-04-27,7,9536.86
C12707,Customer_2708,PUNE,Premium,2023-04-04,7,14874.94
C12708,Customer_2709,Bangalore,Basic,2026-02-26,8,10270.56
C12709,Customer_2710,Mumbai,Basic,2024-03-29,8,6980.91
C12710,Customer_2711,Pune,Basic,2023-10-26,8,16242.04
C12711,Customer_2712,Hyderabad,Standard,2023-02-03,6,12656.89
C12712,Customer_2713,Pune,Basic,2024-06-18,5,13947.86
C12713,Customer_2714,Pune,Basic,2026-02-07,3,9863.57
C12714,Customer_2715,Pune,Standard,2026-04-11,7,7492.65
C12715,Customer_2716,Kolkata,Standard,2026-04-01,5,19911.37
C12716,Customer_2717,Mumbai,Basic,2025-05-05,10,12592.33
C12717,Customer_2718, ,Standard,2024-08-27,5,15852.82
C12718,Customer_2719,Mumbai,Standard,2023-11-09,11,7252.67
C12719,Customer_2720,Bangalore,Premium,2024-02-06,9,7560.94
C12720,Customer_2721,Bangalore,Premium,2024-11-06,7,11822.98
C12721,Customer_2722,Bangalore,Basic,2024-04-16,3,18949.84
C12722,Customer_2723,,Standard,2025-02-16,9,9499.99
C12723,Customer_2724,Pune,Standard,2026-03-12,12,15965.8
C12724,Customer_2725,Chennai,Premium,2024-05-18,9,8179.27
C12725,Customer_2726,Kolkata,STANDARD,2025-10-19,8,7889.12
C12726,Customer_2727,Bangalore,Standard,2026-02-01,11,8284.01
C12727,Customer_2728,Hyderabad,Standard,2024-11-22,5,3734.84
C12728,Customer_2729,Mumbai,Basic,2024-06-11,5,9062.48
C12729,Customer_2730,Pune,Premium,2025-09-27,7,10713.52
C12730,Customer_2731,Delhi,Standard,2026-08-07,8,6442.24
C12731,Customer_2732,Hyderabad,Standard,2025-10-01,7,9146.73
C12732,Customer_2733,Pune,Standard,2025-08-01,8,8552.99
C12733,Customer_2734, ,Basic,2023-12-11,9,7271.96
C12734,Customer_2735,Chennai,Basic,2024-12-22,7,16524.64
C12735,Customer_2736,Hyderabad,Basic,2023-12-13,8,6964.44
C12736,Customer_2737,Chennai,Premium,2023-10-14,8,8190.55
C12737,Customer_2738,Bangalore,Premium,2026-01-24,12,3591.06
C12738,Customer_2739,Kolkata,Standard,2025-09-27,8,7097.87
C12739,Customer_2740,Mumbai,Standard,2024-01-12,8,9253.01
C12740,Customer_2741,Kolkata,Basic,2026-01-15,8,13231.31
C12741,Customer_2742,Pune,Basic,2026-08-07,12,17264.05
C12742,Customer_2743,Mumbai,Basic,2023-05-01,8,14331.36
C12743,Customer_2744,Mumbai,Basic,2025-12-09,11,4138.72
C12744,Customer_2745,Kolkata,Basic,2023-03-11,11,10895.68
C12745,Customer_2746,Hyderabad,Standard,2023-06-02,3,12941.13
C12746,Customer_2747, ,Standard,2023-04-10,15,17150.81
C12747,Customer_2748,Kolkata,Standard,2023-01-14,9,3600.63
C12748,Customer_2749, ,Premium,2025-04-24,9,15113.7
C12749,Customer_2750,Delhi,Premium,2023-10-09,6,16496.96
C12750,Customer_2751,Hyderabad,Standard,2026-07-15,9,9142.99
C12751,Customer_2752,Bangalore,Basic,2024-04-18,8,34261.34
C12752,Customer_2753, ,Premium,2023-05-20,8,6884.32
C12753,Customer_2754,Delhi,Basic,2023-11-06,7,15561.92
C12754,Customer_2755,Bangalore,Basic,2023-01-19,10,13875.81
C12755,Customer_2756,Bangalore,Standard,2024-03-23,9,5297.26
C12756,Customer_2757,Pune,Premium,2025-11-01,8,24871.66
C12757,Customer_2758,Mumbai,Premium,2025-07-22,10,21036.52
C12758,Customer_2759,Kolkata,Basic,2025-02-03,5,13614.88
C12759,Customer_2760,Mumbai,Basic,2023-05-04,3,16282.35
C12760,Customer_2761,Delhi,Basic,2026-06-19,8,20091.86
C12761,Customer_2762,Bangalore,Standard,2026-07-30,8,7532.29
C12762,Customer_2763,,Premium,2026-06-16,5,6584.66
C12763,Customer_2764,Kolkata,Premium,2025-09-16,9,11039.47
C12764,Customer_2765,Pune,,2025-09-26,7,19838.39
C12765,Customer_2766,Mumbai,Premium,2023-02-02,12,7323.87
C12766,Customer_2767,Hyderabad,Standard,2023-01-14,9,11953.16
C12767,Customer_2768,Pune,Standard,2025-12-25,9,6306.04
C12768,Customer_2769,Kolkata,Premium,2026-02-03,5,19827.74
C12769,Customer_2770,Delhi,Standard,2025-04-22,12,10993.05
C12770,Customer_2771, Bangalore ,Standard,2023-01-25,6,9260.79
C12771,Customer_2772,Mumbai,Standard,2023-02-04,14,12881.46
C12772,Customer_2773,Kolkata,Premium,2025-12-20,7,11368.62
C12773,Customer_2774,Pune,Basic,2024-07-16,6,16554.27
C12774,Customer_2775,Hyderabad,Basic,2026-01-02,9,7969.33
C12775,Customer_2776,Kolkata, ,2024-08-10,12,12963.75
C12776,Customer_2777,Chennai,Basic,2023-02-05,5,19508.23
C12777,Customer_2778,Hyderabad,,2025-10-25,8,9905.95
C12778,Customer_2779,Pune,Standard,2025-05-31,8,8620.4
C12779,Customer_2780,Delhi,Basic,2024-01-03,4,6588.93
C12780,Customer_2781,Bangalore,Basic,2023-08-08,7,27662.66
C12781,Customer_2782,Pune,Basic,2023-07-17,10,26263.09
C12782,Customer_2783,Delhi,Premium,2025-12-09,11,5915.41
C12783,Customer_2784,Mumbai,Premium,2023-11-01,7,11538.58
C12784,Customer_2785,Kolkata,Basic,2024-05-08,14,8542.14
C12785,Customer_2786,Chennai,Standard,2024-01-29,6,13548.59
C12786,Customer_2787,Hyderabad,Standard,2026-06-23,4,15433.78
C12787,Customer_2788,Hyderabad,Basic,2025-12-14,10,9572.67
C12788,Customer_2789,Kolkata,Basic,2024-05-31,3,8473.73
C12789,Customer_2790,Chennai,Basic,2024-12-26,8,22702.65
C12790,Customer_2791,Kolkata,Standard,2024-07-01,4,11383.5
C12791,Customer_2792,Mumbai,Basic,2025-03-23,11,12115.9
C12792,Customer_2793,Delhi,Premium,2023-06-11,12,11561.25
C12793,Customer_2794,Pune,Premium,2025-02-03,5,16719.8
C12794,Customer_2795, ,Standard,2025-04-11,5,8810.44
C12795,Customer_2796,Mumbai,Premium,2025-07-29,5,21083.04
C12796,Customer_2797,Delhi,Standard,2026-03-03,7,14930.93
C12797,Customer_2798,Mumbai,Standard,2024-05-13,11,12969.68
C12798,Customer_2799,Chennai,Standard,2024-04-07,5,22263.28
C12799,Customer_2800,Hyderabad,,2024-09-06,9,5342.18
C12800,Customer_2801,Pune,Standard,2023-06-15,7,5596.66
C12801,Customer_2802,Kolkata, Standard ,2026-08-31,7,9559.85
C12802,Customer_2803,Kolkata,Standard,2026-08-23,5,9597.22
C12803,Customer_2804,,Basic,2023-03-06,10,8787.06
C12804,Customer_2805,Pune,Basic,2023-07-11,11,23176.02
C12805,Customer_2806,Bangalore,Standard,2025-04-10,7,13175.76
C12806,Customer_2807,Chennai,Basic,2025-02-15,13,25141.41
C12807,Customer_2808,Delhi,Premium,2025-02-11,12,14792.36
C12808,Customer_2809,Bangalore,Standard,2026-02-05,8,10460.08
C12809,Customer_2810,Mumbai,Basic,2025-09-01,6,6575.88
C12810,Customer_2811,CHENNAI,Standard,2023-04-25,10,11274.33
C12811,Customer_2812,Mumbai,Basic,2026-07-28,8,6002.76
C12812,Customer_2813,Pune,Standard,2023-01-20,12,16526.3
C12813,Customer_2814,hyderabad,Basic,2023-12-17,10,14643.33
C12814,Customer_2815,Chennai,Standard,2023-06-19,8,12353.68
C12815,Customer_2816,,Standard,2025-10-20,8,17112.53
C12816,Customer_2817,HYDERABAD,Standard,2025-06-07,6,4534.34
C12817,Customer_2818,Kolkata,Basic,2026-08-13,6,13578.32
C12818,Customer_2819,,Standard,2024-11-09,8,7307.13
C12819,Customer_2820,Delhi,Basic,2026-03-04,5,11147.47
C12820,Customer_2821, ,Standard,2023-07-15,5,4696.14
C12821,Customer_2822,Kolkata,Premium,2025-12-17,4,4073.83
C12822,Customer_2823,Delhi,Standard,2023-03-29,5,11649.03
C12823,Customer_2824,Chennai,Standard,2024-04-15,2,11995.0
C12824,Customer_2825,Kolkata,Basic,2024-03-08,6,12916.3
C12825,Customer_2826,Pune,Standard,2026-03-06,6,12502.76
C12826,Customer_2827,Bangalore,Standard,2025-08-31,8,10562.08
C12827,Customer_2828,Hyderabad,Standard,2024-07-09,5,31659.49
C12828,Customer_2829,Kolkata,Standard,2023-04-06,2,11400.06
C12829,Customer_2830,BANGALORE,Basic,2023-06-02,11,11192.76
C12830,Customer_2831,Mumbai,Standard,2024-07-28,9,8447.59
C12831,Customer_2832,Bangalore,Standard,2026-01-17,7,8431.24
C12832,Customer_2833,Hyderabad,Basic,2026-02-28,9,7651.48
C12833,Customer_2834,Bangalore,Basic,2023-03-09,8,11174.68
C12834,Customer_2835,Delhi,Standard,2024-01-03,6,18944.38
C12835,Customer_2836,Hyderabad,Standard,2024-10-06,8,8831.42
C12836,Customer_2837,Chennai,Standard,2023-02-02,6,6263.97
C12837,Customer_2838,Mumbai,Standard,2024-02-29,10,7760.54
C12838,Customer_2839, Delhi ,Basic,2026-04-17,14,4316.16
C12839,Customer_2840,Chennai,Standard,2023-10-23,9,5611.19
C12840,Customer_2841,Bangalore,Standard,2025-03-26,6,11341.01
C12841,Customer_2842,Hyderabad,Standard,2023-06-07,4,12169.91
C12842,Customer_2843,Mumbai,Standard,2024-09-04,12,11947.54
C12843,Customer_2844,Delhi,Premium,2023-11-29,6,18270.77
C12844,Customer_2845,Chennai,Premium,2026-02-28,10,18601.08
C12845,Customer_2846,CHENNAI,Standard,2024-05-07,9,3923.69
C12846,Customer_2847,,Premium,2026-03-06,10,15770.25
C12847,Customer_2848,Pune,Premium,2025-03-07,6,24871.45
C12848,Customer_2849,Bangalore,Standard,2026-01-12,6,18426.44
C12849,Customer_2850,Mumbai,Premium,2024-11-10,14,32096.92
C12850,Customer_2851,Chennai,Premium,2025-02-25,6,13147.38
C12851,Customer_2852,Kolkata,Standard,2023-10-14,9,10063.51
C12852,Customer_2853,Delhi,Standard,2023-06-10,6,16270.87
C12853,Customer_2854,Mumbai,Standard,2025-10-22,3,19405.26
C12854,Customer_2855,Pune,Premium,2024-12-09,9,9729.21
C12855,Customer_2856,Chennai,Basic,2023-04-20,10,9601.85
C12856,Customer_2857,Bangalore,Basic,2023-07-20,7,7762.58
C12857,Customer_2858,Chennai,Basic,2025-06-14,4,7876.2
C12858,Customer_2859,Bangalore,Standard,2024-04-20,8,7262.58
C12859,Customer_2860,Mumbai,Basic,2023-06-05,7,16412.36
C12860,Customer_2861,Bangalore,Standard,2024-11-28,7,11877.59
C12861,Customer_2862,Hyderabad,Premium,2026-05-24,8,9033.91
C12862,Customer_2863,Hyderabad,Standard,2026-06-11,2,6439.14
C12863,Customer_2864,Hyderabad,Basic,2026-05-04,5,11065.86
C12864,Customer_2865,Pune,Standard,2025-03-23,6,16621.36
C12865,Customer_2866,Pune,Premium,2024-10-30,10,12662.15
C12866,Customer_2867,Kolkata,Basic,2023-03-02,8,20903.95
C12867,Customer_2868,pune,Basic,2026-07-22,6,6951.3
C12868,Customer_2869,Mumbai,Premium,2024-07-13,9,11929.21
C12869,Customer_2870,Chennai,Standard,2025-07-11,9,13116.59
C12870,Customer_2871,Chennai,Premium,2025-10-01,11,18744.74
C12871,Customer_2872,Kolkata,Basic,2024-04-12,3,3851.56
C12872,Customer_2873,Pune,Standard,2024-12-29,7,17705.19
C12873,Customer_2874,Bangalore,Standard,2026-02-06,5,10348.7
C12874,Customer_2875,Kolkata,Basic,2025-02-07,9,8369.76
C12875,Customer_2876,Bangalore,Standard,2025-06-03,14,2973.49
C12876,Customer_2877,Bangalore,Standard,2024-01-16,8,13351.51
C12877,Customer_2878,Delhi,Standard,2026-04-14,5,9656.89
C12878,Customer_2879,chennai,,2025-02-17,8,18832.4
C12879,Customer_2880,Hyderabad,Standard,2023-06-25,7,9089.62
C12880,Customer_2881,Pune,Premium,2026-06-20,3,8165.39
C12881,Customer_2882,BANGALORE,Standard,2024-08-27,7,11529.91
C12882,Customer_2883,Delhi,Standard,2024-05-19,10,7328.6
C12883,Customer_2884,Chennai,Standard,2023-05-31,10,8119.86
C12884,Customer_2885,Hyderabad,Basic,2023-06-18,13,11746.05
C12885,Customer_2886,Bangalore,Basic,2024-07-02,14,19069.73
C12886,Customer_2887,,Standard,2023-11-12,5,16048.94
C12887,Customer_2888,Kolkata,Standard,2025-02-17,9,15923.25
C12888,Customer_2889,Kolkata,Standard,2026-07-22,8,13296.89
C12889,Customer_2890,Chennai,Basic,2023-11-12,8,31500.18
C12890,Customer_2891,Hyderabad,Standard,2025-03-08,8,8895.14
C12891,Customer_2892,Bangalore,Basic,2024-10-10,7,11079.97
C12892,Customer_2893,Chennai,Standard,2025-01-08,5,6396.35
C12893,Customer_2894,Chennai,Basic,2023-08-07,7,16468.0
C12894,Customer_2895,Mumbai,BASIC,2023-07-07,7,9203.61
C12895,Customer_2896,Pune,Basic,2023-01-11,8,19354.89
C12896,Customer_2897,Kolkata,Standard,2024-09-23,10,11173.82
C12897,Customer_2898,Hyderabad,Premium,2025-06-29,8,5792.1
C12898,Customer_2899,Bangalore,Standard,2025-01-07,7,16185.01
C12899,Customer_2900,Chennai,Standard,2024-07-06,3,9472.27
C12900,Customer_2901,Bangalore,Premium,2023-07-29,5,11589.44
C12901,Customer_2902,Mumbai,Standard,2023-09-29,7,14977.9
C12902,Customer_2903,Hyderabad,Standard,2023-06-28,6,18492.69
C12903,Customer_2904,Chennai,Standard,2024-01-19,12,5427.7
C12904,Customer_2905,Bangalore,Standard,2025-06-01,10,5686.74
C12905,Customer_2906,Kolkata,Premium,2025-07-08,7,11770.93
C12906,Customer_2907,Pune,Basic,2026-02-14,11,19115.45
C12907,Customer_2908,Mumbai,Premium,2026-02-10,6,12073.19
C12908,Customer_2909,Hyderabad,Standard,2025-11-15,10,6778.02
C12909,Customer_2910,Mumbai, Standard ,2025-04-15,7,9714.54
C12910,Customer_2911,Kolkata,Basic,2023-07-31,7,6536.3
C12911,Customer_2912,Hyderabad,Premium,2023-02-23,5,13447.37
C12912,Customer_2913,Mumbai,Standard,2023-07-03,9,13264.96
C12913,Customer_2914,Delhi,Standard,2024-12-25,8,10231.31
C12914,Customer_2915,Kolkata,Standard,2026-02-09,11,14779.99
C12915,Customer_2916,Kolkata,Standard,2023-07-10,7,10130.81
C12916,Customer_2917,Kolkata,Basic,2026-05-07,8,17129.66
C12917,Customer_2918,Delhi,Basic,2026-05-09,6,17560.41
C12918,Customer_2919,DELHI,Premium,2024-10-26,11,9992.11
C12919,Customer_2920,,Standard,2025-02-27,7,6775.47
C12920,Customer_2921,Chennai,Standard,2023-01-26,11,15227.55
C12921,Customer_2922,,Standard,2024-08-20,8,18987.91
C12922,Customer_2923,Mumbai,Standard,2025-04-27,6,15547.39
C12923,Customer_2924,Bangalore,Standard,2025-03-05,11,11300.72
C12924,Customer_2925,Mumbai,Basic,2023-06-23,4,5054.15
C12925,Customer_2926,Pune,Basic,2026-02-19,8,6334.81
C12926,Customer_2927,,Premium,2024-05-12,4,21421.67
C12927,Customer_2928,Delhi,Standard,2026-03-17,10,12591.86
C12928,Customer_2929,Chennai,Standard,2025-12-03,6,10515.03
C12929,Customer_2930,Delhi,Standard,2023-12-14,7,11036.84
C12930,Customer_2931,Pune,Standard,2025-02-18,9,11894.51
C12931,Customer_2932,Chennai,Standard,2023-12-14,4,12203.26
C12932,Customer_2933,Bangalore,Basic,2023-10-12,10,11400.0
C12933,Customer_2934,Hyderabad,Basic,2024-07-04,8,10437.19
C12934,Customer_2935,Bangalore,Standard,2024-09-08,5,14621.29
C12935,Customer_2936,Mumbai,Standard,2024-07-03,3,22124.8
C12936,Customer_2937,Bangalore,Standard,2025-10-06,13,9957.41
C12937,Customer_2938,,Standard,2023-10-26,9,15676.31
C12938,Customer_2939,Kolkata,Standard,2023-05-10,9,8135.43
C12939,Customer_2940,Mumbai,Premium,2023-12-09,7,7417.02
C12940,Customer_2941,Chennai,Standard,2025-06-09,8,6942.69
C12941,Customer_2942,Mumbai,Standard,2024-07-19,8,13240.88
C12942,Customer_2943,Hyderabad,Basic,2025-05-12,8,19866.07
C12943,Customer_2944,Delhi,Standard,2024-09-05,5,9927.66
C12944,Customer_2945,,Standard,2025-09-18,6,15168.68
C12945,Customer_2946,Mumbai,Standard,2023-06-07,8,7277.58
C12946,Customer_2947,Chennai,Standard,2025-01-09,6,2849.86
C12947,Customer_2948,Chennai,Premium,2024-05-30,10,4215.52
C12948,Customer_2949,Chennai,Basic,2024-05-20,19,11592.72
C12949,Customer_2950,Delhi,Basic,2026-07-04,14,13150.54
C12950,Customer_2951,Pune,Standard,2025-10-12,6,12206.85
C12951,Customer_2952,Bangalore,Standard,2026-05-01,10,10854.64
C12952,Customer_2953,Chennai,,2026-06-16,7,12775.35
C12953,Customer_2954,Kolkata,Standard,2024-02-05,11,9190.32
C12954,Customer_2955,Pune,Basic,2025-07-26,12,15743.23
C12955,Customer_2956,Hyderabad,Premium,2023-08-08,7,12741.39
C12956,Customer_2957,Delhi,,2023-10-05,9,18023.86
C12957,Customer_2958,Mumbai,Standard,2024-09-15,4,18765.75
C12958,Customer_2959,Delhi,Standard,2023-01-14,4,13568.13
C12959,Customer_2960,Mumbai,Basic,2025-03-21,4,18456.14
C12960,Customer_2961,Delhi,Premium,2024-11-11,11,6192.96
C12961,Customer_2962,Mumbai,Basic,2026-06-24,8,7847.09
C12962,Customer_2963,Chennai,Standard,2025-02-17,13,7418.59
C12963,Customer_2964,Bangalore,Basic,2024-11-05,6,17416.86
C12964,Customer_2965,Mumbai,Standard,2025-06-20,10,9089.58
C12965,Customer_2966,Mumbai,Standard,2024-11-16,9,24381.03
C12966,Customer_2967,Kolkata,Basic,2025-05-31,6,8203.61
C12967,Customer_2968,Mumbai,Standard,2026-08-26,9,13432.58
C12968,Customer_2969,,Standard,2026-05-02,8,8778.91
C12969,Customer_2970,Hyderabad,Standard,2023-10-06,10,6856.5
C12970,Customer_2971,Chennai,Basic,2024-09-07,11,4139.67
C12971,Customer_2972,Kolkata,Standard,2024-10-18,5,5631.37
C12972,Customer_2973,Bangalore,Basic,2026-05-20,6,13181.27
C12973,Customer_2974,Pune,Standard,2024-02-16,10,11076.61
C12974,Customer_2975,Chennai,Standard,2025-09-08,10,16281.47
C12975,Customer_2976,Kolkata,Basic,2024-10-05,9,16243.47
C12976,Customer_2977,Chennai,Standard,2023-12-30,8,2929.97
C12977,Customer_2978,Chennai,Basic,2025-03-26,2,16648.28
C12978,Customer_2979,Chennai,Basic,2024-10-15,12,9338.46
C12979,Customer_2980,,Standard,2024-08-19,5,3505.51
C12980,Customer_2981,Bangalore,Premium,2026-07-20,5,12839.74
C12981,Customer_2982,Delhi,Premium,2025-10-02,9,5194.62
C12982,Customer_2983,Delhi,Basic,2026-03-25,11,7725.67
C12983,Customer_2984,Kolkata,Basic,2024-05-11,6,21048.97
C12984,Customer_2985, ,Standard,2024-10-29,2,9366.48
C12985,Customer_2986,Kolkata,Premium,2025-02-09,10,17299.66
C12986,Customer_2987,Hyderabad,Premium,2024-07-28,8,10372.74
C12987,Customer_2988,Hyderabad,,2025-03-15,9,21534.39
C12988,Customer_2989,MUMBAI,Standard,2025-01-17,3,7366.77
C12989,Customer_2990,Hyderabad,Standard,2023-08-22,4,8289.86
C12990,Customer_2991,Mumbai,Standard,2026-02-28,7,14454.55
C12991,Customer_2992,Bangalore,Basic,2024-02-14,8,13524.98
C12992,Customer_2993,Kolkata,Standard,2026-04-27,7,17400.94
C12993,Customer_2994,Pune,Standard,2026-01-22,8,8459.3
C12994,Customer_2995,Bangalore,PREMIUM,2024-01-04,15,11736.76
C12995,Customer_2996,Hyderabad,Standard,2026-01-31,7,3131.67
C12996,Customer_2997,Bangalore,Basic,2023-02-25,10,11652.69
C12997,Customer_2998,Bangalore,Basic,2025-08-03,7,10584.89
C12998,Customer_2999,Bangalore,Standard,2024-03-05,7,9408.26
C12999,Customer_3000,Hyderabad,Premium,2025-06-16,6,12483.9
C13000,Customer_3001,Pune,Premium,2024-08-19,8,13925.85
C13001,Customer_3002,Chennai,Standard,2023-05-22,11,8873.77
C13002,Customer_3003,Bangalore,Basic,2025-04-17,7,11340.5
C13003,Customer_3004,Mumbai,Premium,2025-10-19,2,3640.77
C13004,Customer_3005,Hyderabad,Standard,2023-10-13,6,6695.62
C13005,Customer_3006,Bangalore,Standard,2026-07-21,8,9249.01
C13006,Customer_3007,Pune,Premium,2024-09-12,10,13910.98
C13007,Customer_3008,Chennai,Standard,2024-05-10,5,11687.68
C13008,Customer_3009,Hyderabad,Standard,2024-06-01,7,16468.52
C13009,Customer_3010,Delhi,Standard,2023-11-12,5,10384.8
C13010,Customer_3011,Chennai,Basic,2025-05-16,10,13814.43
C13011,Customer_3012,Mumbai,Standard,2025-02-11,11,13604.63
C13012,Customer_3013,Bangalore,Premium,2023-06-01,11,8708.89
C13013,Customer_3014,Pune,Basic,2025-07-08,6,15891.27
C13014,Customer_3015,Delhi,Standard,2026-05-09,10,10962.56
C13015,Customer_3016, Pune ,BASIC,2025-09-08,7,6752.72
C13016,Customer_3017,Delhi,Premium,2026-04-07,8,7901.11
C13017,Customer_3018,Hyderabad,Premium,2025-03-31,7,14093.56
C13018,Customer_3019,Delhi,Premium,2025-12-30,6,9112.09
C13019,Customer_3020, Mumbai ,Premium,2025-11-03,11,18680.5
C13020,Customer_3021, ,Standard,2025-05-06,3,21584.39
C13021,Customer_3022,Kolkata,Basic,2026-01-18,9,14991.53
C13022,Customer_3023,Mumbai,Standard,2023-03-17,8,7402.32
C13023,Customer_3024,Chennai,Standard,2025-01-06,14,21272.53
C13024,Customer_3025,Delhi,Standard,2026-01-04,6,11306.45
C13025,Customer_3026,Mumbai,Premium,2026-05-01,8,11662.61
C13026,Customer_3027, ,Standard,2026-07-30,12,19242.25
C13027,Customer_3028,Pune,Standard,2023-06-24,2,19170.6
C13028,Customer_3029,Pune,Basic,2023-08-12,9,9645.9
C13029,Customer_3030,Kolkata,Basic,2024-05-23,6,10758.72
C13030,Customer_3031,Pune,Standard,2024-12-28,7,19989.49
C13031,Customer_3032,Delhi,Standard,2023-12-07,10,11995.04
C13032,Customer_3033,Kolkata,Basic,2026-08-18,10,19233.26
C13033,Customer_3034,Delhi,Basic,2026-06-08,11,6537.62
C13034,Customer_3035,Hyderabad,Standard,2023-04-01,10,16470.33
C13035,Customer_3036,Kolkata,Basic,2026-02-27,8,9375.53
C13036,Customer_3037,Bangalore,Premium,2026-08-14,13,10962.64
C13037,Customer_3038,Chennai,Basic,2026-08-17,7,4164.62
C13038,Customer_3039,Chennai,Premium,2025-03-29,7,10047.81
C13039,Customer_3040,Delhi,Standard,2024-11-10,5,17505.73
C13040,Customer_3041,Pune,Basic,2025-05-31,12,8253.37
C13041,Customer_3042,Bangalore,Standard,2023-08-05,6,7168.86
C13042,Customer_3043,Kolkata,Standard,2023-01-22,7,4919.25
C13043,Customer_3044,Bangalore,Standard,2023-07-21,9,17015.51
C13044,Customer_3045,Bangalore,Basic,2024-06-13,8,17764.19
C13045,Customer_3046,Pune,Basic,2024-03-30,7,14343.99
C13046,Customer_3047,Kolkata,Basic,2025-11-11,7,5798.09
C13047,Customer_3048,Hyderabad,Standard,2025-11-28,10,6042.23
C13048,Customer_3049,Pune,Basic,2026-02-16,6,9251.3
C13049,Customer_3050,Bangalore,Standard,2026-04-03,5,26009.07
C13050,Customer_3051,Bangalore,Standard,2026-03-24,2,22807.74
C13051,Customer_3052,,Basic,2024-03-28,8,15676.48
C13052,Customer_3053,Bangalore,Standard,2025-07-01,14,10356.33
C13053,Customer_3054,Bangalore,Premium,2025-02-05,4,6191.98
C13054,Customer_3055,Bangalore,Premium,2025-03-12,12,9877.64
C13055,Customer_3056,Chennai,Premium,2025-08-06,8,11066.92
C13056,Customer_3057,Pune,Basic,2026-04-20,10,6902.14
C13057,Customer_3058,Mumbai,Standard,2025-10-21,12,14241.11
C13058,Customer_3059,Pune,Basic,2023-11-05,6,7225.1
C13059,Customer_3060,Hyderabad,Standard,2024-12-07,8,13632.82
C13060,Customer_3061,,Standard,2023-02-20,5,9907.58
C13061,Customer_3062,Pune,Standard,2025-09-15,3,6699.23
C13062,Customer_3063,Chennai,Basic,2023-08-03,8,23742.17
C13063,Customer_3064,Hyderabad,Standard,2024-08-28,5,8274.4
C13064,Customer_3065,Delhi,Basic,2025-05-01,5,25540.14
C13065,Customer_3066,Pune,Standard,2023-06-25,1,5827.5
C13066,Customer_3067,Delhi,Standard,2023-08-26,7,7002.99
C13067,Customer_3068,Bangalore,Standard,2023-10-18,4,15548.57
C13068,Customer_3069,Chennai,Basic,2024-12-14,4,5377.15
C13069,Customer_3070, ,Basic,2024-09-30,10,11827.75
C13070,Customer_3071,Pune,Premium,2024-12-03,8,9582.06
C13071,Customer_3072,Hyderabad,Standard,2025-07-21,3,17376.71
C13072,Customer_3073,Hyderabad,Standard,2024-02-28,9,21504.98
C13073,Customer_3074,Chennai,Basic,2025-12-03,9,16549.33
C13074,Customer_3075,,Standard,2025-09-16,11,9776.72
C13075,Customer_3076,Chennai,Basic,2024-12-14,8,4688.75
C13076,Customer_3077, ,Basic,2025-09-02,14,13450.08
C13077,Customer_3078,Mumbai,STANDARD,2023-07-19,6,13264.02
C13078,Customer_3079,Chennai,basic,2025-06-16,5,29066.04
C13079,Customer_3080,Delhi,Premium,2025-07-15,5,21450.5
C13080,Customer_3081,Hyderabad,Premium,2024-10-15,4,11621.03
C13081,Customer_3082,Chennai,Premium,2023-05-18,8,10167.22
C13082,Customer_3083,,Premium,2024-09-06,10,22697.15
C13083,Customer_3084,Pune,Basic,2023-04-02,6,14011.17
C13084,Customer_3085,Hyderabad,Premium,2023-08-24,11,11346.85
C13085,Customer_3086,mumbai,Standard,2023-02-16,6,13452.19
C13086,Customer_3087,Pune,Premium,2024-12-03,4,15213.62
C13087,Customer_3088,Mumbai,Standard,2026-08-20,8,8964.11
C13088,Customer_3089,Pune,Premium,2023-08-12,9,7287.82
C13089,Customer_3090,Hyderabad,Standard,2023-12-03,12,5910.45
C13090,Customer_3091,Kolkata,Premium,2024-05-14,8,8334.59
C13091,Customer_3092,Hyderabad,Basic,2025-11-22,6,14291.26
C13092,Customer_3093,Hyderabad,Basic,2023-12-24,7,23027.13
C13093,Customer_3094,Mumbai,Premium,2026-02-04,10,7533.51
C13094,Customer_3095,Mumbai,Basic,2023-11-24,5,21877.74
C13095,Customer_3096,Hyderabad,Premium,2024-11-08,7,9465.2
C13096,Customer_3097,Hyderabad,Standard,2026-02-20,8,21224.68
C13097,Customer_3098,Hyderabad,Premium,2025-05-23,11,5336.81
C13098,Customer_3099,Mumbai,,2025-08-04,6,6524.63
C13099,Customer_3100,Hyderabad,Standard,2024-04-19,10,10512.77
C13100,Customer_3101,Hyderabad,Basic,2025-04-09,6,11925.07
C13101,Customer_3102, Bangalore ,Standard,2026-07-13,8,11464.99
C13102,Customer_3103,Kolkata,Basic,2024-01-13,6,8203.75
C13103,Customer_3104,Delhi, ,2024-01-17,8,4857.89
C13104,Customer_3105,Kolkata,Basic,2026-08-04,5,10720.85
C13105,Customer_3106,Bangalore,Standard,2025-06-04,7,22961.62
C13106,Customer_3107,Delhi,Premium,2025-03-21,10,16859.62
C13107,Customer_3108,Pune,Premium,2023-03-01,7,4112.9
C13108,Customer_3109,Hyderabad,Premium,2026-06-11,7,14086.38
C13109,Customer_3110,Bangalore,Standard,2024-02-09,9,18708.44
C13110,Customer_3111,Pune,Basic,2025-07-09,8,15284.63
C13111,Customer_3112,Hyderabad,Premium,2026-04-27,6,5694.71
C13112,Customer_3113,Mumbai,Basic,2025-05-29,3,5557.21
C13113,Customer_3114,Chennai,Standard,2025-03-07,10,16263.96
C13114,Customer_3115,Bangalore,Basic,2023-01-10,7,15570.17
C13115,Customer_3116,Mumbai,Standard,2024-03-15,7,13516.16
C13116,Customer_3117,Bangalore,Standard,2024-02-26,13,22293.1
C13117,Customer_3118,Bangalore,Basic,2024-07-24,8,8189.71
C13118,Customer_3119,Mumbai,Standard,2023-05-09,6,4345.01
C13119,Customer_3120,Delhi,Standard,2026-03-28,6,17512.67
C13120,Customer_3121,Kolkata, Premium ,2023-07-28,6,14056.92
C13121,Customer_3122,Hyderabad,Standard,2026-01-04,7,10958.32
C13122,Customer_3123,Bangalore,Standard,2024-01-18,13,11622.26
C13123,Customer_3124,Hyderabad,Basic,2025-01-19,6,12837.55
C13124,Customer_3125,Chennai,Premium,2024-10-29,12,18742.65
C13125,Customer_3126,Mumbai,Standard,2024-02-08,6,10629.34
C13126,Customer_3127,Hyderabad,Standard,2025-07-26,8,12013.04
C13127,Customer_3128,Mumbai,Standard,2023-08-22,9,8100.88
C13128,Customer_3129, Hyderabad ,Standard,2024-06-21,13,16469.4
C13129,Customer_3130,KOLKATA,Basic,2025-09-29,9,9436.83
C13130,Customer_3131,Kolkata, ,2025-12-16,7,8951.55
C13131,Customer_3132,Kolkata,Basic,2026-08-01,6,14054.59
C13132,Customer_3133,Kolkata,Premium,2024-10-03,7,9844.44
C13133,Customer_3134,Kolkata,Premium,2026-05-07,7,11407.1
C13134,Customer_3135,Kolkata,Standard,2025-03-06,12,10003.76
C13135,Customer_3136,Mumbai,Premium,2026-06-05,7,9603.62
C13136,Customer_3137,Bangalore,Standard,2025-03-14,14,5759.32
C13137,Customer_3138,Hyderabad,Premium,2026-04-17,10,14242.98
C13138,Customer_3139,Kolkata,Basic,2023-08-22,8,6923.64
C13139,Customer_3140,Mumbai,Premium,2024-12-13,6,17321.65
C13140,Customer_3141,Mumbai,Basic,2024-12-21,11,23744.88
C13141,Customer_3142,Mumbai,Premium,2025-07-26,9,18674.68
C13142,Customer_3143,Bangalore,Basic,2026-06-18,10,12588.6
C13143,Customer_3144,Hyderabad,Basic,2023-12-20,15,7103.89
C13144,Customer_3145,Bangalore,Premium,2024-09-01,13,12372.03
C13145,Customer_3146,Delhi,Basic,2026-06-12,9,17147.93
C13146,Customer_3147,Pune,Standard,2026-04-23,8,18877.95
C13147,Customer_3148,Mumbai,Basic,2023-06-23,8,14127.28
C13148,Customer_3149,,Standard,2023-10-02,5,6482.11
C13149,Customer_3150,Chennai,Standard,2024-10-03,11,5917.22
C13150,Customer_3151,Kolkata,Basic,2023-08-30,8,7732.84
C13151,Customer_3152,Pune,,2024-05-03,8,10443.8
C13152,Customer_3153,Kolkata,Premium,2024-09-17,8,9649.61
C13153,Customer_3154,Bangalore,Basic,2023-08-28,4,10915.78
C13154,Customer_3155,Pune,Standard,2024-01-10,7,2807.28
C13155,Customer_3156,Hyderabad,Standard,2025-02-03,4,9237.27
C13156,Customer_3157,Delhi,Premium,2023-10-17,9,11745.52
C13157,Customer_3158,Hyderabad,Standard,2025-11-12,2,26697.54
C13158,Customer_3159,bangalore,Basic,2025-03-06,8,10423.71
C13159,Customer_3160,Kolkata,Standard,2025-05-06,10,11050.33
C13160,Customer_3161,Pune,Standard,2026-05-06,9,12863.32
C13161,Customer_3162,Hyderabad,Standard,2023-10-10,10,13754.84
C13162,Customer_3163,Hyderabad,Basic,2026-03-23,4,11844.86
C13163,Customer_3164,Kolkata,Standard,2025-02-24,7,19102.61
C13164,Customer_3165,Pune,Standard,2025-05-16,8,14377.67
C13165,Customer_3166,Delhi,Basic,2024-01-16,7,2903.55
C13166,Customer_3167,Kolkata,Standard,2025-09-23,8,6220.24
C13167,Customer_3168,Hyderabad,Premium,2026-07-25,8,7865.86
C13168,Customer_3169,Delhi,Premium,2026-01-05,4,11537.37
C13169,Customer_3170,Delhi,Standard,2026-08-14,13,13570.22
C13170,Customer_3171,Kolkata,Standard,2023-12-21,8,9879.86
C13171,Customer_3172,Hyderabad,Standard,2026-02-10,3,26640.36
C13172,Customer_3173,Bangalore,Basic,2023-12-08,11,16918.67
C13173,Customer_3174,,Premium,2025-09-29,5,10262.96
C13174,Customer_3175,Mumbai,BASIC,2024-08-14,6,7638.27
C13175,Customer_3176,Pune,Standard,2023-10-15,7,9593.04
C13176,Customer_3177,Chennai,Basic,2024-01-19,8,22805.31
C13177,Customer_3178,Bangalore,BASIC,2024-10-06,8,23128.22
C13178,Customer_3179,,Premium,2025-07-12,7,10561.42
C13179,Customer_3180,Bangalore,Standard,2026-06-22,11,22080.32
C13180,Customer_3181,Pune,Premium,2023-04-20,3,7914.42
C13181,Customer_3182,,Basic,2025-01-05,10,14426.56
C13182,Customer_3183,Pune,Basic,2023-01-20,6,7876.98
C13183,Customer_3184,Delhi,Standard,2025-09-19,8,13636.45
C13184,Customer_3185,Bangalore,Standard,2023-10-07,9,14368.84
C13185,Customer_3186,Delhi,Standard,2024-02-04,9,13441.79
C13186,Customer_3187,Delhi,Basic,2025-02-25,8,20482.75
C13187,Customer_3188,Mumbai,Standard,2026-02-24,4,9777.84
C13188,Customer_3189,Hyderabad,Standard,2025-11-01,6,14319.56
C13189,Customer_3190,Hyderabad,Standard,2026-08-30,5,17736.26
C13190,Customer_3191,Chennai,Premium,2025-10-10,5,7698.6
C13191,Customer_3192,Chennai,Basic,2025-04-17,5,12311.28
C13192,Customer_3193,Mumbai,Premium,2025-10-04,7,11353.47
C13193,Customer_3194,Chennai, Standard ,2025-05-01,7,24357.08
C13194,Customer_3195,Pune,Premium,2025-06-28,9,15119.84
C13195,Customer_3196,Bangalore,Standard,2025-09-27,9,2899.45
C13196,Customer_3197,Kolkata,Standard,2023-12-09,4,11565.79
C13197,Customer_3198, ,Basic,2023-06-19,8,12280.52
C13198,Customer_3199,Kolkata,basic,2026-03-03,12,16360.14
C13199,Customer_3200,Kolkata,Standard,2023-03-05,9,13937.24
C13200,Customer_3201,Mumbai,Premium,2024-03-27,7,16349.0
C13201,Customer_3202,Pune,Basic,2024-08-21,5,6635.33
C13202,Customer_3203,Mumbai,Standard,2023-03-08,12,5338.07
C13203,Customer_3204,Delhi,Premium,2024-07-16,3,7574.87
C13204,Customer_3205,Kolkata,Basic,2024-04-05,9,18012.41
C13205,Customer_3206,Bangalore,,2026-01-06,8,22456.99
C13206,Customer_3207,Chennai,Basic,2024-08-14,10,7070.58
C13207,Customer_3208,Bangalore,Basic,2023-12-11,10,8002.85
C13208,Customer_3209,Chennai,Basic,2025-07-25,12,25465.24
C13209,Customer_3210,Kolkata,Premium,2026-03-04,7,10357.92
C13210,Customer_3211,Kolkata,Premium,2025-10-11,2,23953.46
C13211,Customer_3212,Kolkata,Standard,2026-01-30,7,4980.01
C13212,Customer_3213,Mumbai,Standard,2025-11-12,11,14208.47
C13213,Customer_3214,Pune,Standard,2023-08-20,9,13733.88
C13214,Customer_3215,Chennai,Standard,2026-03-18,5,19092.14
C13215,Customer_3216, ,Standard,2023-08-22,10,17686.56
C13216,Customer_3217,Mumbai,Standard,2024-07-02,4,7700.04
C13217,Customer_3218,Mumbai,Premium,2026-01-17,12,8095.19
C13218,Customer_3219, Hyderabad ,Standard,2025-01-21,6,13997.92
C13219,Customer_3220,Bangalore,Standard,2026-01-15,5,10608.31
C13220,Customer_3221,Bangalore,Basic,2023-03-27,11,17156.08
C13221,Customer_3222,Delhi,Premium,2025-06-22,6,9085.54
C13222,Customer_3223,Mumbai,Standard,2026-01-23,6,5133.54
C13223,Customer_3224,Chennai,Basic,2024-03-23,9,11271.13
C13224,Customer_3225,Hyderabad,Standard,2025-05-20,10,17910.66
C13225,Customer_3226,Hyderabad,Premium,2023-07-29,8,12079.61
C13226,Customer_3227,Pune,Standard,2026-08-31,9,10149.12
C13227,Customer_3228,Bangalore,Standard,2024-05-21,6,13664.89
C13228,Customer_3229,Mumbai,Basic,2024-09-01,12,19256.03
C13229,Customer_3230,Delhi,premium,2023-03-08,11,6156.39
C13230,Customer_3231,Mumbai,Standard,2025-07-10,6,7382.38
C13231,Customer_3232,Pune,Premium,2024-06-22,11,10748.88
C13232,Customer_3233,Kolkata,Standard,2024-12-14,12,5495.7
C13233,Customer_3234,Mumbai,STANDARD,2023-06-28,13,8179.22
C13234,Customer_3235,Pune,Standard,2025-06-18,3,12583.95
C13235,Customer_3236,Kolkata,Standard,2023-08-29,13,11361.98
C13236,Customer_3237,Kolkata,Premium,2024-04-30,4,9801.61
C13237,Customer_3238,Delhi,Standard,2024-03-05,5,17602.18
C13238,Customer_3239,Chennai,Standard,2026-04-19,1,6181.93
C13239,Customer_3240,Bangalore,Standard,2024-12-19,8,21472.29
C13240,Customer_3241,Mumbai,Basic,2026-06-03,6,11221.74
C13241,Customer_3242,Kolkata,Standard,2026-07-19,3,10447.15
C13242,Customer_3243,Mumbai,Standard,2025-05-26,14,3503.11
C13243,Customer_3244,Chennai,Premium,2023-12-06,9,6381.52
C13244,Customer_3245,Bangalore,Standard,2026-06-15,8,4761.79
C13245,Customer_3246,Chennai,Basic,2023-10-13,8,10816.56
C13246,Customer_3247,,Standard,2024-02-28,7,13534.8
C13247,Customer_3248,Hyderabad,Basic,2024-02-28,4,16342.84
C13248,Customer_3249,Bangalore,Standard,2023-05-02,8,11906.72
C13249,Customer_3250,Delhi,Basic,2026-03-13,7,22107.41
C13250,Customer_3251,Chennai,Premium,2024-12-19,6,10526.73
C13251,Customer_3252,Kolkata,Basic,2025-12-26,5,6991.34
C13252,Customer_3253,Hyderabad,Standard,2024-07-29,10,15209.73
C13253,Customer_3254,Delhi,Standard,2026-05-07,7,3176.05
C13254,Customer_3255, Mumbai ,Standard,2026-01-08,6,21680.91
C13255,Customer_3256, ,Standard,2023-12-11,5,11603.75
C13256,Customer_3257,Pune,Basic,2024-10-24,6,20108.59
C13257,Customer_3258,Pune,Standard,2024-08-22,11,7795.94
C13258,Customer_3259,Kolkata,Premium,2024-08-15,11,11206.7
C13259,Customer_3260,Bangalore,Standard,2026-03-18,7,5692.78
C13260,Customer_3261,Kolkata,Standard,2024-07-01,7,9872.45
C13261,Customer_3262,Pune,Standard,2025-11-19,9,8157.61
C13262,Customer_3263,Mumbai,Standard,2023-07-15,9,4189.94
C13263,Customer_3264,Hyderabad,Standard,2023-10-05,7,11292.9
C13264,Customer_3265, Hyderabad ,Basic,2025-04-22,5,10201.3
C13265,Customer_3266,Chennai,Standard,2023-05-02,10,25615.79
C13266,Customer_3267,Hyderabad,Premium,2024-07-21,5,9765.18
C13267,Customer_3268,Chennai,Basic,2023-09-17,6,18577.41
C13268,Customer_3269,Chennai,Standard,2023-09-29,7,11480.86
C13269,Customer_3270,Chennai,Standard,2024-05-26,4,2841.31
C13270,Customer_3271,Pune,Standard,2023-10-27,11,23045.42
C13271,Customer_3272,Pune,Standard,2024-10-21,3,20398.15
C13272,Customer_3273,Bangalore,Standard,2024-05-21,7,15976.74
C13273,Customer_3274,Delhi,Basic,2025-03-15,6,11721.52
C13274,Customer_3275,Chennai,Premium,2025-09-29,10,11320.01
C13275,Customer_3276,Chennai,Standard,2023-10-19,12,8332.68
C13276,Customer_3277,Delhi,Basic,2026-03-28,14,10707.62
C13277,Customer_3278,Kolkata,Basic,2026-07-19,6,6204.86
C13278,Customer_3279,Chennai,Standard,2024-07-04,5,10637.67
C13279,Customer_3280,Bangalore,Standard,2026-07-09,3,9563.51
C13280,Customer_3281,Hyderabad,Standard,2025-04-28,10,9225.86
C13281,Customer_3282,,Basic,2025-02-07,10,17898.86
C13282,Customer_3283,Mumbai,Basic,2025-07-14,8,3610.11
C13283,Customer_3284,Mumbai,Premium,2023-06-04,4,14971.32
C13284,Customer_3285,Hyderabad,Standard,2026-07-21,6,9065.03
C13285,Customer_3286,Hyderabad,Standard,2023-07-10,5,16795.29
C13286,Customer_3287,Pune,Basic,2025-04-05,13,7546.42
C13287,Customer_3288,Bangalore,Standard,2025-11-21,7,18758.15
C13288,Customer_3289,Delhi,Standard,2024-07-23,2,24604.84
C13289,Customer_3290,Mumbai,Basic,2025-01-25,10,16742.96
C13290,Customer_3291,Pune,Premium,2025-07-20,3,17865.46
C13291,Customer_3292,Pune,Standard,2025-09-26,3,19732.81
C13292,Customer_3293,Delhi,Standard,2024-11-01,8,14049.16
C13293,Customer_3294,Pune,Standard,2026-04-06,15,13271.01
C13294,Customer_3295,Bangalore,Premium,2023-01-06,9,9095.52
C13295,Customer_3296,Hyderabad,Premium,2023-07-10,10,8676.68
C13296,Customer_3297,Chennai,Standard,2025-07-27,9,4668.13
C13297,Customer_3298,Delhi,Basic,2026-07-24,9,4255.61
C13298,Customer_3299,Hyderabad,Standard,2025-01-03,9,14961.97
C13299,Customer_3300,Hyderabad,Standard,2023-05-10,12,14737.19
C13300,Customer_3301,Kolkata,Standard,2025-12-30,7,12581.54
C13301,Customer_3302,Delhi,Basic,2025-03-25,9,14659.97
C13302,Customer_3303,,Basic,2024-03-22,10,16733.16
C13303,Customer_3304, ,Standard,2025-05-29,7,12669.8
C13304,Customer_3305,Delhi,Standard,2024-03-09,6,7485.41
C13305,Customer_3306,Pune,Premium,2025-10-10,7,7805.75
C13306,Customer_3307,Hyderabad,Premium,2024-07-03,8,6645.24
C13307,Customer_3308,Chennai,Standard,2024-10-23,9,9392.6
C13308,Customer_3309,Pune,Basic,2024-08-03,9,15209.14
C13309,Customer_3310,Bangalore,Basic,2024-11-22,6,25942.54
C13310,Customer_3311,Pune,Standard,2026-01-25,11,5233.43
C13311,Customer_3312,Kolkata, ,2026-03-29,4,3124.51
C13312,Customer_3313,Hyderabad,Basic,2023-09-25,4,9123.91
C13313,Customer_3314,Pune,Standard,2026-03-05,7,14531.55
C13314,Customer_3315,Mumbai,Standard,2025-09-20,7,13775.21
C13315,Customer_3316,Mumbai,Basic,2024-12-04,4,7867.78
C13316,Customer_3317,Kolkata,Standard,2023-04-10,6,5049.72
C13317,Customer_3318,Bangalore,Basic,2023-04-05,13,7085.32
C13318,Customer_3319,Hyderabad,Basic,2023-07-23,11,9209.97
C13319,Customer_3320,Delhi,Standard,2026-07-06,10,24039.25
C13320,Customer_3321,Kolkata,Basic,2025-07-30,7,16137.54
C13321,Customer_3322,Bangalore,Basic,2023-02-03,3,6938.91
C13322,Customer_3323,Delhi,Standard,2023-09-12,7,6358.95
C13323,Customer_3324,Mumbai,Standard,2023-11-20,10,10131.7
C13324,Customer_3325,Mumbai,Premium,2025-06-22,11,20215.82
C13325,Customer_3326,Delhi,Standard,2025-07-23,12,10991.92
C13326,Customer_3327, Kolkata ,Standard,2023-01-02,12,9832.33
C13327,Customer_3328,Mumbai,Premium,2025-05-26,7,8729.29
C13328,Customer_3329,Hyderabad,Premium,2024-02-19,7,11502.87
C13329,Customer_3330,Chennai,Premium,2023-09-28,12,8851.38
C13330,Customer_3331,Pune,Basic,2026-08-24,11,4457.37
C13331,Customer_3332, , ,2024-09-10,8,20628.38
C13332,Customer_3333,DELHI, ,2023-11-22,8,4484.14
C13333,Customer_3334,Mumbai,Standard,2024-07-15,8,11744.73
C13334,Customer_3335,Kolkata,Basic,2023-07-11,5,7968.55
C13335,Customer_3336,Hyderabad,Basic,2025-01-08,4,12838.25
C13336,Customer_3337,Kolkata,Standard,2024-05-27,8,25326.34
C13337,Customer_3338,Bangalore,Standard,2023-06-18,5,9078.57
C13338,Customer_3339,Bangalore,Premium,2025-01-31,8,10918.04
C13339,Customer_3340,chennai,Basic,2026-08-21,4,12384.68
C13340,Customer_3341,Mumbai,STANDARD,2023-12-05,9,17698.02
C13341,Customer_3342,Mumbai,Standard,2023-04-17,6,17251.28
C13342,Customer_3343,Mumbai,Standard,2025-03-22,7,11981.35
C13343,Customer_3344,Chennai,Standard,2026-07-05,4,27816.36
C13344,Customer_3345,Bangalore,Standard,2024-09-17,10,6269.26
C13345,Customer_3346,,Standard,2024-04-24,11,12268.7
C13346,Customer_3347,Chennai,Premium,2025-05-29,10,7061.94
C13347,Customer_3348,Chennai,Basic,2023-07-06,11,7746.97
C13348,Customer_3349,Kolkata,Standard,2023-07-14,4,8544.56
C13349,Customer_3350,Mumbai,,2023-01-03,7,17736.74
C13350,Customer_3351,Hyderabad,Standard,2024-03-13,9,19873.82
C13351,Customer_3352,Kolkata,Standard,2025-09-03,6,3889.38
C13352,Customer_3353,Bangalore,Standard,2023-06-09,8,22815.43
C13353,Customer_3354,Delhi,Standard,2023-09-29,9,21244.76
C13354,Customer_3355,DELHI,Basic,2026-04-30,11,12098.45
C13355,Customer_3356,Pune,Basic,2024-04-08,9,7825.24
C13356,Customer_3357,Pune,Basic,2025-11-29,2,14190.23
C13357,Customer_3358,Chennai,Premium,2025-06-30,12,21019.77
C13358,Customer_3359,Delhi,Standard,2023-01-20,6,16585.9
C13359,Customer_3360,Hyderabad,Basic,2023-01-17,12,7889.13
C13360,Customer_3361, ,Standard,2024-12-04,6,26499.75
C13361,Customer_3362,Bangalore,Premium,2023-09-04,9,26084.11
C13362,Customer_3363,Pune,Standard,2025-05-14,11,8126.84
C13363,Customer_3364,Hyderabad,Premium,2023-09-28,12,12007.34
C13364,Customer_3365,,Standard,2025-09-05,5,12342.35
C13365,Customer_3366,Bangalore,Basic,2023-05-26,13,10959.19
C13366,Customer_3367,Mumbai,Standard,2024-04-13,10,5358.74
C13367,Customer_3368,Chennai,Standard,2025-02-23,4,22088.93
C13368,Customer_3369,Delhi,Basic,2023-07-02,5,21126.82
C13369,Customer_3370,Mumbai,Basic,2023-07-29,4,16152.19
C13370,Customer_3371,Hyderabad,Standard,2023-07-31,14,7413.67
C13371,Customer_3372,Chennai,Standard,2024-10-03,4,5912.73
C13372,Customer_3373,Hyderabad,Basic,2025-01-22,5,5832.27
C13373,Customer_3374,Chennai,Basic,2024-09-04,6,12633.95
C13374,Customer_3375,Pune,STANDARD,2023-10-08,10,11868.03
C13375,Customer_3376,Hyderabad,Basic,2025-02-22,7,32165.91
C13376,Customer_3377,Mumbai,Standard,2023-09-30,8,11496.08
C13377,Customer_3378,Chennai,Standard,2026-08-06,10,13984.9
C13378,Customer_3379,Chennai,Standard,2023-10-20,8,16781.69
C13379,Customer_3380,Bangalore,Standard,2023-05-21,14,13214.3
C13380,Customer_3381,Bangalore,Basic,2025-12-22,5,23773.09
C13381,Customer_3382,Kolkata,Standard,2026-02-27,9,8750.31
C13382,Customer_3383,Hyderabad,Premium,2023-01-18,11,37868.22
C13383,Customer_3384,Bangalore,Standard,2026-06-03,11,7742.74
C13384,Customer_3385,Kolkata,Standard,2026-08-24,5,16072.36
C13385,Customer_3386,Pune,Standard,2023-12-03,7,11760.71
C13386,Customer_3387,Pune,Standard,2025-06-20,6,22496.94
C13387,Customer_3388,Bangalore,Standard,2024-12-20,5,12386.01
C13388,Customer_3389,Hyderabad,Basic,2024-03-12,10,14998.6
C13389,Customer_3390,Chennai,Premium,2026-07-10,3,7341.61
C13390,Customer_3391, , ,2023-11-07,5,14337.2
C13391,Customer_3392,Hyderabad,Basic,2025-04-23,11,27378.29
C13392,Customer_3393,Mumbai,Standard,2026-06-15,9,9584.37
C13393,Customer_3394,Pune,Standard,2025-06-25,9,8913.01
C13394,Customer_3395,Bangalore,Basic,2024-03-20,12,11929.6
C13395,Customer_3396,Bangalore,Standard,2023-06-27,8,4348.67
C13396,Customer_3397,Chennai,Premium,2023-07-25,6,10772.53
C13397,Customer_3398,Mumbai,Standard,2023-10-14,10,8146.58
C13398,Customer_3399,chennai,Premium,2023-09-10,5,13201.42
C13399,Customer_3400,Mumbai,Basic,2026-04-22,6,12474.74
C13400,Customer_3401,Delhi,Standard,2025-02-25,7,10636.48
C13401,Customer_3402,Pune,Basic,2024-12-20,9,18872.67
C13402,Customer_3403,Bangalore,Basic,2025-05-29,5,4853.28
C13403,Customer_3404,Bangalore,,2024-10-06,8,6659.61
C13404,Customer_3405,Delhi,Standard,2023-10-14,7,10405.83
C13405,Customer_3406,Kolkata,Premium,2024-05-22,14,11770.43
C13406,Customer_3407,Pune,Standard,2024-07-21,5,5084.53
C13407,Customer_3408,Chennai,Premium,2026-08-13,7,26107.69
C13408,Customer_3409,,Basic,2023-06-22,12,8865.28
C13409,Customer_3410,Chennai,Basic,2024-05-23,9,7175.48
C13410,Customer_3411,Hyderabad,Standard,2026-02-07,8,19815.26
C13411,Customer_3412,Bangalore,Standard,2026-05-15,7,13112.81
C13412,Customer_3413,Chennai,Basic,2026-05-13,8,2690.72
C13413,Customer_3414,Mumbai,Standard,2026-05-29,7,15436.31
C13414,Customer_3415,Chennai,Basic,2024-08-06,6,19352.4
C13415,Customer_3416,Hyderabad,Standard,2023-02-24,7,10945.39
C13416,Customer_3417,Pune,Standard,2024-09-09,8,22527.96
C13417,Customer_3418,Bangalore,Basic,2024-02-25,5,16363.45
C13418,Customer_3419,Delhi,Standard,2025-11-26,10,27495.0
C13419,Customer_3420,HYDERABAD,Basic,2026-05-27,5,12859.55
C13420,Customer_3421,Bangalore,Basic,2025-11-09,7,8116.06
C13421,Customer_3422,Chennai,Premium,2024-01-22,11,5360.36
C13422,Customer_3423,Pune,Premium,2025-03-13,4,11367.5
C13423,Customer_3424,Kolkata,Basic,2024-08-28,11,21625.29
C13424,Customer_3425,PUNE,Basic,2026-08-16,10,14531.36
C13425,Customer_3426,Kolkata,Premium,2023-04-22,13,14162.91
C13426,Customer_3427,Mumbai,Basic,2024-05-05,6,9897.41
C13427,Customer_3428,Pune,Standard,2025-10-10,5,8136.11
C13428,Customer_3429,Bangalore,Standard,2025-03-01,9,7653.97
C13429,Customer_3430,Kolkata,Basic,2023-08-19,6,7163.39
C13430,Customer_3431,Delhi,Premium,2024-05-08,10,12408.35
C13431,Customer_3432,Bangalore,Basic,2025-10-20,12,13255.76
C13432,Customer_3433,Delhi,Standard,2026-07-30,9,14517.87
C13433,Customer_3434,Pune,Standard,2026-05-01,12,11007.08
C13434,Customer_3435,Delhi,Standard,2023-05-26,4,18063.24
C13435,Customer_3436,Kolkata, Standard ,2025-12-17,9,15109.22
C13436,Customer_3437,Bangalore,Standard,2023-01-25,5,21979.62
C13437,Customer_3438,Chennai,Premium,2025-01-09,15,15055.37
C13438,Customer_3439,Hyderabad,Standard,2024-10-10,4,6913.81
C13439,Customer_3440,Kolkata,Standard,2023-09-28,7,19018.02
C13440,Customer_3441,,Premium,2025-03-03,11,4978.33
C13441,Customer_3442,CHENNAI,Basic,2026-03-10,5,6309.94
C13442,Customer_3443,Bangalore,Standard,2025-05-11,7,9546.96
C13443,Customer_3444,Bangalore,Standard,2025-01-18,8,16740.34
C13444,Customer_3445,Pune,Standard,2026-01-23,13,13131.88
C13445,Customer_3446,Delhi,Standard,2023-12-20,8,7324.53
C13446,Customer_3447,Pune,Premium,2025-08-22,11,15019.49
C13447,Customer_3448,Chennai,Standard,2023-05-30,7,3549.08
C13448,Customer_3449,Pune,Standard,2023-02-04,3,24480.51
C13449,Customer_3450,Chennai,Basic,2026-04-17,3,4149.08
C13450,Customer_3451,Bangalore,Basic,2023-05-19,6,11032.28
C13451,Customer_3452,Delhi,Standard,2023-01-29,4,18455.9
C13452,Customer_3453,Pune,,2024-06-20,6,10046.63
C13453,Customer_3454,Kolkata,Standard,2024-03-17,6,14509.55
C13454,Customer_3455,Mumbai,Premium,2023-03-23,8,11688.56
C13455,Customer_3456,Hyderabad,Premium,2023-05-04,7,15292.27
C13456,Customer_3457,,Standard,2025-03-26,5,9940.57
C13457,Customer_3458,Bangalore,Standard,2025-11-03,6,5927.09
C13458,Customer_3459,Hyderabad,Standard,2024-08-09,5,14910.76
C13459,Customer_3460,Mumbai,Premium,2026-07-11,7,5199.8
C13460,Customer_3461,mumbai,Premium,2025-10-23,13,12681.49
C13461,Customer_3462,Delhi,Premium,2025-04-30,9,11238.21
C13462,Customer_3463,Hyderabad,Premium,2025-05-17,7,6536.69
C13463,Customer_3464,Delhi,Standard,2025-04-03,5,7883.85
C13464,Customer_3465,Kolkata,Standard,2023-06-18,8,11819.18
C13465,Customer_3466,Chennai,Premium,2026-08-04,8,13274.76
C13466,Customer_3467,Chennai,Standard,2026-01-03,7,12856.64
C13467,Customer_3468,Chennai,Standard,2026-01-06,10,10914.03
C13468,Customer_3469,Hyderabad,Premium,2026-06-15,10,24640.17
C13469,Customer_3470,Chennai,Premium,2023-11-09,5,19943.03
C13470,Customer_3471,,Standard,2024-07-22,11,4808.57
C13471,Customer_3472,Delhi,Standard,2023-06-21,9,6640.54
C13472,Customer_3473,Hyderabad,Standard,2024-09-26,6,3803.31
C13473,Customer_3474,Delhi,Premium,2023-06-11,14,20309.42
C13474,Customer_3475,Hyderabad,Basic,2025-11-13,7,14657.73
C13475,Customer_3476,delhi,Standard,2024-02-21,6,14630.59
C13476,Customer_3477,Mumbai,Standard,2023-11-15,12,18936.77
C13477,Customer_3478,Delhi,Basic,2026-01-03,8,10307.69
C13478,Customer_3479,Chennai,Basic,2024-10-31,9,6851.4
C13479,Customer_3480,Mumbai,Standard,2025-03-11,9,12506.85
C13480,Customer_3481,,Standard,2026-04-16,8,15828.08
C13481,Customer_3482,Hyderabad,Standard,2026-07-23,8,20311.11
C13482,Customer_3483,Hyderabad,Premium,2026-08-23,8,16169.78
C13483,Customer_3484,Hyderabad,Standard,2026-08-10,5,16573.75
C13484,Customer_3485,Bangalore,Premium,2023-05-16,10,6027.82
C13485,Customer_3486,Kolkata,,2024-09-27,5,18040.38
C13486,Customer_3487,Hyderabad,Basic,2025-06-14,6,9286.92
C13487,Customer_3488,Mumbai,Basic,2024-05-03,7,9837.56
C13488,Customer_3489,Hyderabad,Standard,2023-04-29,9,19854.77
C13489,Customer_3490,bangalore,Standard,2024-05-15,15,7656.62
C13490,Customer_3491,Chennai,Standard,2023-06-26,7,5127.15
C13491,Customer_3492,Mumbai,Basic,2025-06-08,4,12254.27
C13492,Customer_3493,Bangalore,Standard,2023-08-26,9,16143.25
C13493,Customer_3494,Chennai, Premium ,2025-07-17,7,6817.96
C13494,Customer_3495,Pune,Premium,2026-06-07,7,12400.51
C13495,Customer_3496,Pune,Standard,2026-05-31,9,9233.44
C13496,Customer_3497,Mumbai,Standard,2023-04-23,5,18236.15
C13497,Customer_3498,Delhi,Basic,2024-09-25,6,19112.44
C13498,Customer_3499,Kolkata,Standard,2023-12-26,11,6362.0
C13499,Customer_3500,Kolkata,Standard,2023-09-02,8,8507.11
C13500,Customer_3501,BANGALORE,Standard,2023-01-26,5,11682.26
C13501,Customer_3502,Chennai,Premium,2023-10-09,12,18807.72
C13502,Customer_3503,Kolkata,Basic,2023-01-24,7,9900.71
C13503,Customer_3504,Chennai,Basic,2023-12-02,11,6069.8
C13504,Customer_3505,Chennai,Basic,2025-10-13,10,7045.98
C13505,Customer_3506,Bangalore,Basic,2024-12-11,4,8124.55
C13506,Customer_3507,Bangalore,Premium,2025-12-07,5,22425.61
C13507,Customer_3508, ,Premium,2025-11-25,4,11980.05
C13508,Customer_3509,Kolkata,Standard,2024-06-14,9,10473.51
C13509,Customer_3510,Pune,Basic,2023-12-08,12,14716.4
C13510,Customer_3511,Bangalore,Premium,2025-01-31,9,17622.56
C13511,Customer_3512,Kolkata,Premium,2023-09-17,14,12815.75
C13512,Customer_3513,Bangalore,Basic,2024-07-04,8,16635.67
C13513,Customer_3514,Hyderabad,Premium,2023-08-30,9,11964.24
C13514,Customer_3515,Chennai,Standard,2023-03-02,4,9534.26
C13515,Customer_3516,Bangalore,Standard,2024-11-17,10,7455.11
C13516,Customer_3517,Mumbai,Standard,2025-05-29,9,13693.59
C13517,Customer_3518,Chennai,Premium,2024-07-11,10,21062.22
C13518,Customer_3519,Chennai,Basic,2025-12-08,11,10074.71
C13519,Customer_3520,Bangalore,Standard,2023-05-11,5,8252.85
C13520,Customer_3521,Pune,Basic,2024-06-22,12,21448.87
C13521,Customer_3522,Delhi,Standard,2026-03-26,16,9680.31
C13522,Customer_3523,Pune,,2026-07-09,6,6813.86
C13523,Customer_3524,Bangalore,Basic,2023-06-07,10,22786.14
C13524,Customer_3525,Chennai,Standard,2025-10-13,6,11871.59
C13525,Customer_3526,Mumbai,Standard,2025-07-21,12,2693.46
C13526,Customer_3527,Chennai,Basic,2025-11-12,8,13900.14
C13527,Customer_3528,Pune,Standard,2025-01-07,6,18990.62
C13528,Customer_3529,Mumbai,Standard,2023-04-24,5,14537.07
C13529,Customer_3530,Kolkata,Premium,2025-10-20,9,8426.88
C13530,Customer_3531,hyderabad,Standard,2026-03-06,13,23014.05
C13531,Customer_3532,Chennai,Standard,2023-12-08,4,11912.19
C13532,Customer_3533,Bangalore,Standard,2025-01-23,6,20040.07
C13533,Customer_3534,Kolkata,Basic,2023-11-19,6,17108.01
C13534,Customer_3535,Hyderabad,Basic,2024-06-06,7,7070.36
C13535,Customer_3536,Bangalore,Premium,2023-07-30,9,18381.49
C13536,Customer_3537,Delhi,Premium,2026-03-21,9,9416.79
C13537,Customer_3538,Bangalore,Premium,2023-08-25,10,16642.95
C13538,Customer_3539,Mumbai,Premium,2024-04-12,13,15254.54
C13539,Customer_3540,,Standard,2025-11-08,8,9941.6
C13540,Customer_3541,Delhi,Basic,2023-01-06,10,16468.11
C13541,Customer_3542,Kolkata,Basic,2023-04-01,2,14698.09
C13542,Customer_3543,Hyderabad,Standard,2023-01-26,12,10072.86
C13543,Customer_3544,Bangalore,Standard,2024-05-15,9,13797.14
C13544,Customer_3545,Mumbai,Standard,2023-04-05,6,11053.89
C13545,Customer_3546,Kolkata,Premium,2025-08-24,10,10815.69
C13546,Customer_3547,Delhi,Standard,2025-01-15,7,6333.86
C13547,Customer_3548,Pune,Basic,2025-02-23,5,9625.84
C13548,Customer_3549,Chennai,Standard,2023-11-04,6,21815.38
C13549,Customer_3550,Pune,Basic,2024-01-02,5,15578.35
C13550,Customer_3551,Pune,Standard,2023-03-14,8,12630.11
C13551,Customer_3552,Mumbai,Premium,2026-02-06,10,25682.58
C13552,Customer_3553,Delhi,Standard,2025-05-08,13,4319.91
C13553,Customer_3554,Bangalore,Standard,2024-04-04,9,3083.45
C13554,Customer_3555,Pune,Premium,2024-10-21,11,7531.2
C13555,Customer_3556,Pune,Standard,2024-05-23,11,8862.65
C13556,Customer_3557,Hyderabad,Basic,2025-05-02,10,22176.54
C13557,Customer_3558,Mumbai,Standard,2024-10-17,7,19437.38
C13558,Customer_3559,Mumbai,Standard,2024-07-09,7,10677.08
C13559,Customer_3560,Bangalore,Basic,2023-06-09,10,9599.5
C13560,Customer_3561,Chennai,Basic,2026-03-16,6,7883.92
C13561,Customer_3562,Kolkata,Basic,2025-02-02,6,14991.28
C13562,Customer_3563,hyderabad,Standard,2023-09-02,6,13299.6
C13563,Customer_3564,Mumbai,Basic,2025-10-25,11,8103.23
C13564,Customer_3565,Hyderabad,Premium,2023-04-18,8,9905.32
C13565,Customer_3566,Mumbai,Standard,2024-01-03,7,7669.79
C13566,Customer_3567,Hyderabad,premium,2024-04-02,5,18044.63
C13567,Customer_3568,Delhi,Standard,2025-11-22,11,10887.83
C13568,Customer_3569,Pune,Standard,2023-04-05,10,10548.73
C13569,Customer_3570,Mumbai,Standard,2025-04-01,8,16606.92
C13570,Customer_3571,Hyderabad,Standard,2023-05-22,8,15706.3
C13571,Customer_3572,Kolkata,Premium,2025-08-10,3,12977.7
C13572,Customer_3573,Delhi,Standard,2024-08-01,4,7480.12
C13573,Customer_3574,Delhi,Basic,2024-09-28,14,12485.34
C13574,Customer_3575,Kolkata,Basic,2024-11-01,11,10300.23
C13575,Customer_3576,Hyderabad,Premium,2023-06-26,6,22533.1
C13576,Customer_3577,Bangalore,Basic,2026-02-06,10,6258.9
C13577,Customer_3578,Kolkata,Standard,2025-07-24,8,10437.42
C13578,Customer_3579,Hyderabad,Standard,2023-01-17,10,18950.54
C13579,Customer_3580,Kolkata,Premium,2025-01-25,10,9337.87
C13580,Customer_3581,Kolkata,Standard,2024-02-15,7,17883.39
C13581,Customer_3582,Mumbai,BASIC,2024-08-20,8,11212.47
C13582,Customer_3583,Hyderabad,Standard,2026-02-28,6,19837.67
C13583,Customer_3584,Bangalore,Standard,2024-09-14,10,22063.35
C13584,Customer_3585,Pune,Standard,2026-06-29,10,6134.82
C13585,Customer_3586,Mumbai,Premium,2024-05-11,4,22751.14
C13586,Customer_3587,Kolkata,Basic,2025-08-08,7,11128.81
C13587,Customer_3588,Pune,Basic,2025-01-24,10,10110.09
C13588,Customer_3589,Chennai,Premium,2026-04-26,13,4685.67
C13589,Customer_3590,pune,Basic,2025-10-07,8,21560.27
C13590,Customer_3591,Kolkata,Standard,2024-02-05,8,9880.89
C13591,Customer_3592,Kolkata,Basic,2026-01-24,9,12894.32
C13592,Customer_3593, ,Standard,2024-05-17,11,10197.0
C13593,Customer_3594,Hyderabad,Premium,2023-11-05,7,17784.35
C13594,Customer_3595,Mumbai,Standard,2023-01-14,8,19080.5
C13595,Customer_3596,Bangalore,Standard,2025-04-19,12,10391.24
C13596,Customer_3597,Mumbai,Premium,2023-02-18,8,7237.25
C13597,Customer_3598,Delhi,Standard,2024-04-22,6,13942.65
C13598,Customer_3599,Kolkata,Standard,2026-01-14,6,14276.83
C13599,Customer_3600,Pune,Basic,2024-12-10,9,8802.05
C13600,Customer_3601,Chennai,Premium,2026-07-26,12,13393.6
C13601,Customer_3602,Kolkata,Standard,2023-01-20,10,11363.64
C13602,Customer_3603,Kolkata,Premium,2024-11-17,5,4292.09
C13603,Customer_3604,Mumbai,Basic,2023-01-03,7,10456.43
C13604,Customer_3605,Chennai,Premium,2025-02-09,11,10414.2
C13605,Customer_3606,Chennai,Basic,2024-09-21,4,13878.73
C13606,Customer_3607,Chennai,Basic,2023-08-01,9,8505.83
C13607,Customer_3608,Mumbai,Standard,2024-02-25,5,11282.85
C13608,Customer_3609,Kolkata,Standard,2025-12-21,6,15259.59
C13609,Customer_3610,Mumbai, ,2024-05-02,10,16522.06
C13610,Customer_3611,Hyderabad,standard,2025-05-09,6,12551.18
C13611,Customer_3612,Hyderabad,Basic,2025-10-04,6,13343.38
C13612,Customer_3613, ,Basic,2023-05-03,10,6753.52
C13613,Customer_3614,Chennai,Premium,2023-10-19,8,15340.68
C13614,Customer_3615,Kolkata,Standard,2024-07-27,10,8397.3
C13615,Customer_3616,Mumbai,Basic,2023-07-10,9,12864.93
C13616,Customer_3617,,Standard,2023-03-31,5,14083.39
C13617,Customer_3618,Mumbai,Premium,2024-04-19,10,4751.11
C13618,Customer_3619,Delhi, ,2025-11-30,5,6209.54
C13619,Customer_3620,Hyderabad,Standard,2025-04-25,5,9936.4
C13620,Customer_3621,PUNE,Basic,2025-02-01,8,16007.95
C13621,Customer_3622,Chennai, ,2025-07-27,13,16731.42
C13622,Customer_3623,Bangalore,Standard,2023-06-23,7,6392.78
C13623,Customer_3624,Pune,,2026-04-04,8,17188.92
C13624,Customer_3625,Chennai,Standard,2023-07-15,6,20896.68
C13625,Customer_3626,Bangalore,BASIC,2025-11-01,8,7800.56
C13626,Customer_3627,Delhi,Standard,2023-10-01,15,7856.21
C13627,Customer_3628,Mumbai,Premium,2026-07-29,8,4935.0
C13628,Customer_3629,Delhi,Basic,2025-03-18,9,4021.19
C13629,Customer_3630,Delhi,Standard,2023-06-03,5,19123.9
C13630,Customer_3631,Pune,Premium,2026-04-27,7,14611.48
C13631,Customer_3632,Kolkata,Standard,2026-03-08,6,15855.07
C13632,Customer_3633,Pune,Premium,2023-05-08,6,16265.43
C13633,Customer_3634,Hyderabad,Standard,2025-06-09,15,17731.68
C13634,Customer_3635,Bangalore,Basic,2023-09-25,5,6728.81
C13635,Customer_3636,Mumbai,Basic,2024-04-29,8,17992.47
C13636,Customer_3637,Pune,Basic,2024-08-20,6,4730.16
C13637,Customer_3638,Bangalore,Premium,2024-06-18,18,7694.27
C13638,Customer_3639,Chennai,Standard,2024-10-07,8,6875.71
C13639,Customer_3640,Bangalore,Premium,2025-03-15,10,13561.31
C13640,Customer_3641,Chennai,Basic,2024-10-30,6,9287.59
C13641,Customer_3642,Pune, ,2024-10-13,9,11311.76
C13642,Customer_3643,Hyderabad,Standard,2025-07-16,5,15314.71
C13643,Customer_3644,Pune,Basic,2024-07-10,4,8731.83
C13644,Customer_3645,Chennai,Standard,2024-04-23,5,9740.49
C13645,Customer_3646,Bangalore,Standard,2023-06-02,6,5021.89
C13646,Customer_3647,Bangalore,Basic,2024-02-20,5,16840.56
C13647,Customer_3648, Chennai ,Basic,2023-10-06,8,4559.43
C13648,Customer_3649,Delhi,Standard,2026-04-12,9,21562.55
C13649,Customer_3650,Hyderabad,Standard,2023-08-12,12,9809.28
C13650,Customer_3651,Kolkata,Basic,2023-11-15,8,11335.43
C13651,Customer_3652,Mumbai,Premium,2023-08-05,9,10042.56
C13652,Customer_3653,Bangalore,Standard,2023-12-03,9,16621.55
C13653,Customer_3654,Mumbai,PREMIUM,2025-07-09,10,10601.02
C13654,Customer_3655, Kolkata ,Standard,2025-08-12,11,20136.18
C13655,Customer_3656,Pune,Premium,2024-10-05,8,5692.59
C13656,Customer_3657,Mumbai,Standard,2025-04-12,8,6779.23
C13657,Customer_3658,Kolkata,Standard,2023-09-05,8,19599.83
C13658,Customer_3659, Chennai ,Standard,2026-01-02,7,9409.96
C13659,Customer_3660,Delhi,Basic,2025-01-03,5,9636.46
C13660,Customer_3661,Bangalore,Basic,2024-03-01,9,13783.29
C13661,Customer_3662,Kolkata,Basic,2025-07-14,6,11238.44
C13662,Customer_3663,Mumbai,Standard,2024-09-23,11,27152.74
C13663,Customer_3664,Bangalore,Premium,2025-08-06,5,6863.9
C13664,Customer_3665,Delhi,Standard,2024-06-26,15,17729.48
C13665,Customer_3666, ,Basic,2023-09-03,8,17659.21
C13666,Customer_3667,Pune,Standard,2023-07-05,7,8181.39
C13667,Customer_3668,Bangalore,Premium,2023-11-19,5,6476.65
C13668,Customer_3669,Pune,Basic,2024-09-15,16,12725.5
C13669,Customer_3670,Kolkata,Standard,2026-05-20,16,10074.72
C13670,Customer_3671,Delhi,Standard,2023-03-24,9,18145.27
C13671,Customer_3672,Mumbai,Basic,2024-03-16,8,11432.69
C13672,Customer_3673,Delhi,Basic,2024-11-02,7,9204.51
C13673,Customer_3674, ,Standard,2023-10-31,8,6815.8
C13674,Customer_3675,Hyderabad,Basic,2023-07-06,7,14094.73
C13675,Customer_3676,Delhi,Standard,2024-05-23,5,3449.15
C13676,Customer_3677,Delhi,Basic,2024-12-29,8,6264.36
C13677,Customer_3678,Bangalore,Premium,2025-03-22,4,10158.44
C13678,Customer_3679,Mumbai,Premium,2025-11-17,7,8830.8
C13679,Customer_3680,Bangalore,Standard,2023-04-11,12,15335.36
C13680,Customer_3681,Bangalore,basic,2024-09-04,8,13149.01
C13681,Customer_3682,Kolkata,Standard,2024-06-16,9,6510.93
C13682,Customer_3683,Bangalore,Premium,2023-12-23,11,7956.77
C13683,Customer_3684,Hyderabad,Premium,2023-03-05,9,5582.8
C13684,Customer_3685,Hyderabad,Basic,2025-04-08,10,10473.52
C13685,Customer_3686,Pune,Premium,2025-07-15,5,25541.08
C13686,Customer_3687,Kolkata,Standard,2026-02-12,7,21749.16
C13687,Customer_3688,Pune,Premium,2026-01-31,8,14750.24
C13688,Customer_3689,Pune,Premium,2024-05-26,6,15794.17
C13689,Customer_3690,Chennai,Standard,2023-07-13,9,10998.95
C13690,Customer_3691,Mumbai,Standard,2025-08-04,5,17398.81
C13691,Customer_3692,Mumbai,Standard,2023-07-28,3,8477.0
C13692,Customer_3693,Bangalore,Standard,2023-10-14,8,14915.47
C13693,Customer_3694,Bangalore,Basic,2023-09-06,7,13596.98
C13694,Customer_3695,CHENNAI,Standard,2023-01-25,11,14183.11
C13695,Customer_3696,Bangalore,Standard,2023-05-07,11,15008.06
C13696,Customer_3697,Mumbai,Basic,2024-03-31,7,11918.75
C13697,Customer_3698,pune,Premium,2023-09-25,7,14990.64
C13698,Customer_3699,Delhi,Basic,2024-02-10,7,13447.94
C13699,Customer_3700,Hyderabad,Premium,2025-03-31,9,7486.98
C13700,Customer_3701,Delhi,Standard,2025-02-01,8,15417.77
C13701,Customer_3702,Delhi,Standard,2026-07-14,9,7240.42
C13702,Customer_3703,Mumbai,Basic,2026-08-13,12,2380.13
C13703,Customer_3704,Delhi,Standard,2023-06-22,5,8420.15
C13704,Customer_3705,Chennai,Standard,2026-04-07,8,10541.24
C13705,Customer_3706,Kolkata,Basic,2026-04-15,11,25465.27
C13706,Customer_3707,Bangalore,Standard,2024-06-14,4,15535.71
C13707,Customer_3708,Kolkata,Standard,2023-06-03,9,7369.15
C13708,Customer_3709,Pune,Standard,2023-02-14,8,18576.25
C13709,Customer_3710,Hyderabad,Basic,2023-05-13,9,5483.32
C13710,Customer_3711,Bangalore,Premium,2024-02-09,11,14108.2
C13711,Customer_3712,Delhi,Premium,2026-08-15,13,7556.2
C13712,Customer_3713,Hyderabad,Standard,2025-06-27,11,20550.39
C13713,Customer_3714,Bangalore,Standard,2023-09-21,5,12218.1
C13714,Customer_3715,Chennai,Basic,2023-07-08,9,13889.31
C13715,Customer_3716,Chennai,Basic,2024-11-10,14,14271.81
C13716,Customer_3717,Chennai,Basic,2023-09-08,13,9813.98
C13717,Customer_3718,Chennai,Basic,2023-03-29,7,11826.09
C13718,Customer_3719,Delhi,Standard,2025-08-02,6,13259.9
C13719,Customer_3720,Kolkata,Premium,2023-04-14,15,15483.04
C13720,Customer_3721,Bangalore,Basic,2023-12-11,8,7062.99
C13721,Customer_3722,Delhi,Standard,2026-03-21,6,9351.75
C13722,Customer_3723,Chennai,Standard,2025-06-06,7,4183.34
C13723,Customer_3724,Pune,Basic,2025-03-19,5,22551.13
C13724,Customer_3725,Kolkata,Standard,2025-10-13,6,8467.34
C13725,Customer_3726,Pune,Basic,2023-03-02,12,22387.41
C13726,Customer_3727,Hyderabad,Standard,2025-02-22,8,3963.68
C13727,Customer_3728,Pune,Standard,2025-05-23,10,4501.73
C13728,Customer_3729,Hyderabad,Premium,2023-12-20,2,5185.85
C13729,Customer_3730,Hyderabad,Standard,2024-12-25,8,15022.33
C13730,Customer_3731,Chennai,Basic,2024-03-15,5,9885.76
C13731,Customer_3732,,Standard,2024-01-19,15,25901.58
C13732,Customer_3733,Mumbai,Standard,2024-07-17,11,12822.4
C13733,Customer_3734,Bangalore,Premium,2024-07-27,7,8797.95
C13734,Customer_3735,Bangalore,Premium,2025-07-02,4,15466.15
C13735,Customer_3736,Chennai,Standard,2023-11-01,8,6395.5
C13736,Customer_3737,,Basic,2023-03-12,6,18458.29
C13737,Customer_3738,Pune,Standard,2026-06-11,7,18778.61
C13738,Customer_3739,Delhi,Basic,2026-06-22,9,20205.03
C13739,Customer_3740, ,Basic,2026-06-17,6,13739.06
C13740,Customer_3741,Delhi,Standard,2024-05-18,3,8798.39
C13741,Customer_3742,Hyderabad,Standard,2026-08-18,4,9984.72
C13742,Customer_3743,Kolkata,Basic,2024-08-27,5,8117.79
C13743,Customer_3744,Delhi,Standard,2025-10-18,9,11076.68
C13744,Customer_3745,Kolkata,Standard,2025-04-23,8,16803.83
C13745,Customer_3746,Bangalore,Premium,2026-02-01,9,12306.87
C13746,Customer_3747,Kolkata,Basic,2025-09-08,5,21289.33
C13747,Customer_3748,Bangalore,Basic,2023-05-05,6,19183.66
C13748,Customer_3749,Mumbai,Basic,2023-06-29,8,17955.09
C13749,Customer_3750,Mumbai,Premium,2024-07-26,6,6511.2
C13750,Customer_3751,Chennai,Standard,2025-02-23,6,17624.44
C13751,Customer_3752,Chennai,Premium,2023-10-09,9,9054.21
C13752,Customer_3753,Hyderabad,Premium,2025-05-08,5,14976.07
C13753,Customer_3754,Delhi,Standard,2024-02-13,12,11863.32
C13754,Customer_3755,Hyderabad,Basic,2026-08-09,7,6919.0
C13755,Customer_3756,Bangalore,Basic,2025-12-12,8,7432.6
C13756,Customer_3757,Hyderabad,Standard,2024-05-25,5,12453.43
C13757,Customer_3758,Kolkata,Premium,2026-07-15,13,9817.04
C13758,Customer_3759,Bangalore,Standard,2026-01-18,12,7248.74
C13759,Customer_3760,Chennai,Standard,2023-02-09,10,18573.8
C13760,Customer_3761,Mumbai,Basic,2025-02-22,6,6376.68
C13761,Customer_3762,Chennai,Basic,2025-01-05,9,4440.69
C13762,Customer_3763,Delhi,Standard,2025-09-09,6,17187.4
C13763,Customer_3764,Bangalore,Standard,2026-01-20,14,7773.75
C13764,Customer_3765,Bangalore,Premium,2025-09-19,3,5334.4
C13765,Customer_3766,Kolkata, ,2024-12-05,8,14274.44
C13766,Customer_3767,Delhi,Standard,2026-03-04,11,10585.33
C13767,Customer_3768,Mumbai,Premium,2025-10-25,4,17180.46
C13768,Customer_3769,Pune,Standard,2024-10-20,7,22170.2
C13769,Customer_3770,Bangalore,Basic,2025-03-06,1,3731.17
C13770,Customer_3771,Bangalore,Standard,2024-07-07,4,9817.03
C13771,Customer_3772,Kolkata,Premium,2024-01-04,14,5152.35
C13772,Customer_3773,Hyderabad,Premium,2023-02-23,5,15945.04
C13773,Customer_3774,Mumbai,Standard,2024-10-15,8,8206.75
C13774,Customer_3775,Chennai,,2026-05-07,5,5460.36
C13775,Customer_3776,Delhi,Standard,2024-03-24,13,9220.92
C13776,Customer_3777,Bangalore,Standard,2023-03-02,6,19263.07
C13777,Customer_3778,Bangalore,Standard,2024-07-29,9,6824.47
C13778,Customer_3779,Chennai,Basic,2023-04-30,4,9542.01
C13779,Customer_3780,Mumbai,Standard,2025-08-24,8,6092.31
C13780,Customer_3781,Hyderabad,Basic,2025-12-20,9,18029.99
C13781,Customer_3782,Bangalore,Standard,2025-01-02,9,5666.05
C13782,Customer_3783,Mumbai,Premium,2026-04-11,8,19855.53
C13783,Customer_3784, Chennai ,Standard,2024-04-21,8,13811.93
C13784,Customer_3785,Kolkata,Standard,2023-11-23,12,25264.06
C13785,Customer_3786,Hyderabad,Basic,2023-07-25,8,5492.28
C13786,Customer_3787,Delhi,Basic,2024-05-22,13,13310.99
C13787,Customer_3788,BANGALORE,Basic,2024-05-08,4,3397.6
C13788,Customer_3789,Mumbai,Basic,2024-06-29,4,3632.7
C13789,Customer_3790,Kolkata,Standard,2025-12-28,12,14439.22
C13790,Customer_3791,,Standard,2023-04-25,9,5959.02
C13791,Customer_3792,Pune,Standard,2024-03-25,9,8855.77
C13792,Customer_3793,Mumbai,Basic,2026-03-25,11,17614.9
C13793,Customer_3794,Mumbai,Basic,2025-03-06,9,16531.58
C13794,Customer_3795,Delhi,Premium,2024-12-27,15,11367.05
C13795,Customer_3796,Kolkata,Basic,2023-12-22,7,13330.99
C13796,Customer_3797,Pune,Premium,2023-12-27,5,26134.75
C13797,Customer_3798,Chennai,Standard,2024-04-29,8,12539.51
C13798,Customer_3799,,Standard,2026-04-28,7,15824.08
C13799,Customer_3800,Hyderabad,Standard,2024-10-13,5,12807.84
C13800,Customer_3801,Bangalore,Basic,2025-01-04,10,6269.05
C13801,Customer_3802, Delhi ,Standard,2026-04-26,9,6639.03
C13802,Customer_3803,Chennai,Premium,2023-02-27,7,9133.69
C13803,Customer_3804,Pune,Standard,2024-12-21,11,13435.97
C13804,Customer_3805,Delhi,Standard,2026-03-08,9,25100.85
C13805,Customer_3806,,Standard,2026-02-28,11,16175.18
C13806,Customer_3807,Kolkata,Standard,2023-10-19,8,6199.36
C13807,Customer_3808,Bangalore,Premium,2026-02-27,13,16376.42
C13808,Customer_3809,Hyderabad,Standard,2024-01-21,9,14174.08
C13809,Customer_3810,Mumbai,Standard,2025-10-05,13,8520.55
C13810,Customer_3811,Mumbai,Basic,2026-01-15,5,10251.52
C13811,Customer_3812,Delhi,Premium,2024-09-24,3,3593.64
C13812,Customer_3813, ,Standard,2023-12-26,5,21814.49
C13813,Customer_3814,Pune,Standard,2025-10-01,6,9379.27
C13814,Customer_3815,Pune,Standard,2023-03-19,6,8740.41
C13815,Customer_3816,Chennai,Standard,2023-07-04,4,18301.29
C13816,Customer_3817,,Basic,2023-04-26,4,7265.17
C13817,Customer_3818,Bangalore,,2024-04-21,3,12802.04
C13818,Customer_3819,Bangalore,Basic,2026-05-17,9,12629.29
C13819,Customer_3820,Kolkata,Standard,2024-03-24,11,9628.07
C13820,Customer_3821,Pune,Standard,2023-02-10,4,7186.01
C13821,Customer_3822,Pune,Basic,2025-12-14,9,13736.96
C13822,Customer_3823,Pune,Standard,2025-09-05,7,9059.4
C13823,Customer_3824,Delhi,Premium,2023-01-02,8,14952.97
C13824,Customer_3825,Bangalore,Basic,2024-11-10,12,12468.49
C13825,Customer_3826,Mumbai,Standard,2026-06-11,13,8195.25
C13826,Customer_3827,Kolkata,Premium,2024-02-17,8,19209.43
C13827,Customer_3828,Pune,Standard,2023-09-25,5,3591.12
C13828,Customer_3829,Chennai,Standard,2024-11-28,3,10529.3
C13829,Customer_3830,pune,Standard,2023-12-30,6,4546.77
C13830,Customer_3831,Pune,Standard,2024-10-24,7,18906.33
C13831,Customer_3832,,Premium,2023-05-02,9,13975.75
C13832,Customer_3833,Delhi,Premium,2023-02-14,6,13120.6
C13833,Customer_3834,Kolkata,Standard,2023-10-30,6,9605.51
C13834,Customer_3835,Hyderabad,Basic,2026-04-16,9,11809.87
C13835,Customer_3836,Hyderabad,Standard,2023-10-18,9,9494.36
C13836,Customer_3837,Chennai,Premium,2023-08-16,14,17100.9
C13837,Customer_3838,Bangalore,premium,2025-12-13,7,10194.92
C13838,Customer_3839,Chennai,Basic,2025-01-17,11,5494.92
C13839,Customer_3840,Bangalore,Standard,2023-05-29,8,3207.31
C13840,Customer_3841,Bangalore,Standard,2025-02-04,7,27819.0
C13841,Customer_3842,Kolkata,Premium,2025-03-21,8,11841.25
C13842,Customer_3843,Pune,Basic,2026-04-15,7,18562.29
C13843,Customer_3844,KOLKATA,Standard,2023-07-26,7,14637.6
C13844,Customer_3845,Delhi,Standard,2024-11-20,7,16683.99
C13845,Customer_3846,Bangalore,Premium,2024-09-10,7,13225.41
C13846,Customer_3847,Hyderabad,Standard,2024-10-22,12,15189.53
C13847,Customer_3848,Pune,Basic,2023-10-07,7,8988.02
C13848,Customer_3849,Mumbai,Basic,2023-11-19,10,21897.7
C13849,Customer_3850,Delhi,Standard,2025-06-13,6,12816.2
C13850,Customer_3851,Kolkata,Basic,2026-08-02,9,14339.67
C13851,Customer_3852,Chennai,Premium,2025-09-24,11,11185.72
C13852,Customer_3853,Delhi,Standard,2026-08-22,8,7739.19
C13853,Customer_3854,delhi,Standard,2024-10-11,7,7673.27
C13854,Customer_3855,Pune,Standard,2023-12-23,9,18603.85
C13855,Customer_3856,Delhi,Basic,2026-02-24,7,3462.1
C13856,Customer_3857,Delhi,Premium,2026-06-10,9,14139.25
C13857,Customer_3858,Mumbai,Standard,2024-12-31,5,9893.57
C13858,Customer_3859,chennai,Standard,2024-04-02,12,10627.0
C13859,Customer_3860,Chennai,Standard,2026-04-21,7,16185.36
C13860,Customer_3861,Chennai,Standard,2023-12-26,7,9270.82
C13861,Customer_3862,Bangalore,Premium,2025-02-13,7,11026.3
C13862,Customer_3863,Hyderabad,Basic,2024-09-20,4,8708.73
C13863,Customer_3864,Chennai,Standard,2024-08-26,7,17726.79
C13864,Customer_3865,Delhi,Standard,2023-09-18,8,20123.9
C13865,Customer_3866,Delhi,Basic,2023-12-30,5,13735.51
C13866,Customer_3867,Chennai,Basic,2023-01-04,7,6915.7
C13867,Customer_3868,Pune,Premium,2026-03-19,6,16628.35
C13868,Customer_3869,Chennai,Basic,2025-03-12,7,6549.69
C13869,Customer_3870,,Premium,2026-03-08,5,9009.3
C13870,Customer_3871,Bangalore,Premium,2023-03-08,8,14338.74
C13871,Customer_3872,Kolkata,Standard,2024-01-08,10,3751.03
C13872,Customer_3873,Kolkata,Basic,2026-05-18,5,12189.11
C13873,Customer_3874,Chennai,Premium,2024-10-13,5,16461.56
C13874,Customer_3875,Mumbai,Standard,2026-06-06,9,9343.26
C13875,Customer_3876,Chennai,Premium,2024-03-28,7,11790.02
C13876,Customer_3877,Pune,Basic,2026-08-02,9,8030.18
C13877,Customer_3878,Chennai,Standard,2026-03-04,10,13146.71
C13878,Customer_3879,Kolkata,Standard,2023-08-02,8,32288.52
C13879,Customer_3880,Delhi,Standard,2025-10-13,16,11705.51
C13880,Customer_3881,Chennai,Basic,2023-10-16,13,15310.39
C13881,Customer_3882,Delhi,Basic,2024-11-09,5,10990.32
C13882,Customer_3883,Delhi,Standard,2023-06-09,14,19851.16
C13883,Customer_3884,Mumbai,Standard,2024-05-02,13,17104.28
C13884,Customer_3885,Delhi,Basic,2024-12-11,6,20370.01
C13885,Customer_3886,Kolkata,Premium,2024-10-16,9,5534.78
C13886,Customer_3887,Bangalore,,2023-12-10,7,12404.88
C13887,Customer_3888,Bangalore,Basic,2026-07-26,6,7897.21
C13888,Customer_3889,Hyderabad,Premium,2023-07-01,8,24838.63
C13889,Customer_3890,PUNE, ,2026-08-01,7,16969.41
C13890,Customer_3891,Chennai,Standard,2024-11-18,10,12044.79
C13891,Customer_3892,Pune,Standard,2025-07-03,7,16837.53
C13892,Customer_3893,Kolkata,Standard,2023-01-24,5,8576.94
C13893,Customer_3894,,Standard,2024-06-27,8,10610.81
C13894,Customer_3895,Bangalore,Standard,2024-03-05,6,14971.89
C13895,Customer_3896,Pune,Standard,2024-05-26,8,15077.4
C13896,Customer_3897,Kolkata,Standard,2023-05-19,6,16293.83
C13897,Customer_3898,Bangalore,Premium,2024-12-18,15,7867.4
C13898,Customer_3899,Delhi,Basic,2024-06-09,12,20803.92
C13899,Customer_3900,Pune,Premium,2023-08-10,12,6667.19
C13900,Customer_3901,Bangalore,Basic,2023-01-03,6,13824.84
C13901,Customer_3902,Chennai,Standard,2023-04-09,7,6861.21
C13902,Customer_3903,,Standard,2025-03-01,8,8261.37
C13903,Customer_3904,Hyderabad,Basic,2025-06-16,6,15573.07
C13904,Customer_3905,Hyderabad,Standard,2025-05-09,9,9144.1
C13905,Customer_3906,Bangalore,Standard,2023-12-07,14,14596.28
C13906,Customer_3907,Kolkata,Premium,2025-04-27,13,19570.78
C13907,Customer_3908,Chennai,,2025-10-06,7,10922.06
C13908,Customer_3909,Kolkata,Standard,2025-02-14,7,17194.79
C13909,Customer_3910,Kolkata,Premium,2024-12-20,5,14313.16
C13910,Customer_3911,Bangalore,Standard,2026-01-23,10,13942.71
C13911,Customer_3912,Kolkata,Premium,2025-02-07,11,5326.02
C13912,Customer_3913,Chennai,Standard,2023-07-27,7,5175.99
C13913,Customer_3914,Delhi,Premium,2025-09-08,8,15564.74
C13914,Customer_3915,Hyderabad,Premium,2026-03-29,10,6566.8
C13915,Customer_3916,Delhi,Premium,2026-08-26,14,21977.26
C13916,Customer_3917,Kolkata,Basic,2024-04-06,11,9154.89
C13917,Customer_3918,DELHI,Premium,2023-11-30,5,13520.56
C13918,Customer_3919, ,Standard,2025-07-13,11,8855.85
C13919,Customer_3920,Chennai,Premium,2023-05-31,12,7032.72
C13920,Customer_3921,Kolkata,Basic,2023-03-10,7,8377.83
C13921,Customer_3922,Bangalore,Premium,2024-08-26,7,26028.76
C13922,Customer_3923,Delhi,Basic,2023-02-11,8,25619.17
C13923,Customer_3924,Bangalore,Standard,2024-10-14,6,6457.06
C13924,Customer_3925,Bangalore,Premium,2024-06-18,2,22697.27
C13925,Customer_3926,Mumbai,Basic,2023-08-03,5,11508.65
C13926,Customer_3927,Kolkata,Standard,2023-06-01,4,9865.81
C13927,Customer_3928,Hyderabad,Standard,2024-12-01,7,6572.3
C13928,Customer_3929,chennai,Basic,2023-12-15,5,31771.58
C13929,Customer_3930,Chennai,Basic,2025-02-07,6,9292.27
C13930,Customer_3931,Kolkata,Standard,2023-11-26,5,10637.94
C13931,Customer_3932,Pune,Standard,2023-06-03,5,9334.2
C13932,Customer_3933,Pune,Basic,2026-01-25,8,13281.6
C13933,Customer_3934,Pune,Standard,2023-07-10,6,8488.96
C13934,Customer_3935,Hyderabad,Basic,2024-11-23,10,20557.77
C13935,Customer_3936,Chennai,Standard,2026-05-01,5,18855.05
C13936,Customer_3937,Kolkata,Standard,2026-06-10,9,2526.83
C13937,Customer_3938,Chennai,Basic,2025-09-15,9,14529.73
C13938,Customer_3939,Bangalore,Premium,2023-03-05,13,13711.9
C13939,Customer_3940,Delhi,Standard,2025-06-02,9,11901.98
C13940,Customer_3941,Delhi,Standard,2026-08-31,8,10153.75
C13941,Customer_3942,Chennai,Standard,2023-12-04,6,7884.12
C13942,Customer_3943,Mumbai,Premium,2026-05-28,9,15967.63
C13943,Customer_3944,,Basic,2025-06-08,9,16720.28
C13944,Customer_3945,Pune,Standard,2023-11-18,6,24699.08
C13945,Customer_3946,Hyderabad, Standard ,2023-04-20,8,12432.24
C13946,Customer_3947,Hyderabad,Basic,2023-07-27,6,9689.55
C13947,Customer_3948,Bangalore,Standard,2024-11-09,9,13279.3
C13948,Customer_3949,Hyderabad,Premium,2024-02-25,8,10778.23
C13949,Customer_3950,Delhi,Premium,2024-01-25,13,12803.53
C13950,Customer_3951,Bangalore,Basic,2025-04-18,12,6596.16
C13951,Customer_3952,Kolkata,Premium,2026-02-08,4,12576.08
C13952,Customer_3953,HYDERABAD,Standard,2026-01-11,6,5127.11
C13953,Customer_3954,Hyderabad,Standard,2024-06-27,14,22244.11
C13954,Customer_3955,Kolkata,Standard,2024-07-30,10,9459.52
C13955,Customer_3956,Hyderabad,Premium,2024-09-01,4,14849.56
C13956,Customer_3957,Kolkata,Standard,2024-05-01,9,16340.35
C13957,Customer_3958,bangalore,Standard,2023-07-16,9,7720.57
C13958,Customer_3959,Delhi,Basic,2023-04-12,7,4929.36
C13959,Customer_3960,Kolkata,Premium,2025-03-15,8,23411.37
C13960,Customer_3961, ,Standard,2026-03-16,3,8928.65
C13961,Customer_3962,Kolkata,Standard,2026-01-30,6,12018.33
C13962,Customer_3963,Hyderabad,Standard,2025-10-02,7,8749.31
C13963,Customer_3964,Pune,Standard,2023-11-11,10,9158.64
C13964,Customer_3965,Pune,Standard,2023-04-22,7,9696.79
C13965,Customer_3966,Bangalore,Standard,2025-01-08,8,15514.28
C13966,Customer_3967,Chennai,Basic,2023-01-08,8,10229.24
C13967,Customer_3968,Bangalore,Standard,2025-05-25,7,4640.36
C13968,Customer_3969,Chennai,Standard,2023-06-29,4,17312.44
C13969,Customer_3970,Pune,Premium,2024-08-26,6,9657.3
C13970,Customer_3971,Pune,premium,2026-07-04,10,10742.29
C13971,Customer_3972,Kolkata,Premium,2026-05-14,7,29679.38
C13972,Customer_3973,Delhi,Premium,2025-09-10,6,11782.68
C13973,Customer_3974,,Standard,2024-02-13,2,12103.45
C13974,Customer_3975,Bangalore,Basic,2023-07-18,12,20994.32
C13975,Customer_3976,Hyderabad,Standard,2023-02-22,10,7758.66
C13976,Customer_3977,Chennai,Standard,2024-02-28,8,26925.26
C13977,Customer_3978,Hyderabad,Premium,2023-12-16,7,4552.67
C13978,Customer_3979,Delhi,Standard,2026-07-31,7,17200.9
C13979,Customer_3980,Chennai,premium,2024-08-20,11,17151.05
C13980,Customer_3981,Bangalore,Basic,2023-06-17,7,9936.52
C13981,Customer_3982,Kolkata,Standard,2025-08-27,6,8317.19
C13982,Customer_3983,Hyderabad,Basic,2023-08-25,7,11180.5
C13983,Customer_3984,Delhi,Basic,2024-09-23,7,6863.47
C13984,Customer_3985,BANGALORE,Standard,2025-03-25,13,7368.52
C13985,Customer_3986,pune,Standard,2025-08-22,12,7445.04
C13986,Customer_3987,Pune,Premium,2025-09-28,9,8509.38
C13987,Customer_3988,BANGALORE,Standard,2024-06-26,13,9727.11
C13988,Customer_3989,Bangalore,Basic,2023-07-06,8,17528.45
C13989,Customer_3990,Bangalore,Premium,2026-08-07,10,9803.53
C13990,Customer_3991,Chennai,Basic,2026-01-19,6,19762.02
C13991,Customer_3992,Bangalore,Standard,2025-03-04,6,12789.12
C13992,Customer_3993,Hyderabad,Basic,2024-01-14,15,11300.01
C13993,Customer_3994,Delhi,Basic,2025-01-29,8,4309.65
C13994,Customer_3995,Chennai,Standard,2025-02-20,10,12174.19
C13995,Customer_3996,Bangalore,Standard,2025-01-26,12,7709.83
C13996,Customer_3997,Mumbai,Standard,2024-01-18,10,10533.01
C13997,Customer_3998, Mumbai ,Basic,2025-07-01,7,16521.69
C13998,Customer_3999,Delhi,Basic,2023-04-02,10,9097.25
C13999,Customer_4000,Pune,Basic,2024-06-23,8,14723.81
C10555,Customer_556,Hyderabad,Premium,2023-12-27,10,10439.37
C13491,Customer_3492,Mumbai,Basic,2025-06-08,4,12254.27
C10527,Customer_528,Kolkata,Standard,2026-06-22,5,7605.87
C13925,Customer_3926,Mumbai,Basic,2023-08-03,5,11508.65
C12989,Customer_2990,Hyderabad,Standard,2023-08-22,4,8289.86
C10070,Customer_71,Bangalore,Standard,2023-11-30,6,12822.34
C11756,Customer_1757,Kolkata,Premium,2025-05-07,6,12137.85
C10211,Customer_212,Delhi,Standard,2024-03-27,1,10730.04
C10196,Customer_197,Bangalore,Standard,2026-08-23,5,20049.79
C10803,Customer_804,Hyderabad,Standard,2024-01-30,6,8697.62
C13409,Customer_3410,Chennai,Basic,2024-05-23,9,7175.48
C13836,Customer_3837,Chennai,Premium,2023-08-16,14,17100.9
C11146,Customer_1147,Mumbai,Standard,2025-07-30,11,21028.39
C11498,Customer_1499,Delhi,Standard,2024-07-13,10,13995.54
C13858,Customer_3859,chennai,Standard,2024-04-02,12,10627.0
C13482,Customer_3483,Hyderabad,Premium,2026-08-23,8,16169.78
C11185,Customer_1186,Bangalore,Basic,2024-12-22,7,7018.59
C10471,Customer_472,Hyderabad,Basic,2025-11-13,7,14162.04
C10594,Customer_595,Hyderabad,BASIC,2026-01-11,9,12179.11
C10321,Customer_322,Mumbai,Premium,2025-05-08,5,17580.64
C11417,Customer_1418,Chennai,Standard,2026-02-13,5,12083.05
C11674,Customer_1675,Kolkata,Basic,2023-05-15,7,24456.78
C13590,Customer_3591,Kolkata,Standard,2024-02-05,8,9880.89
C11703,Customer_1704,Pune,Standard,2025-11-07,8,17126.39
C12540,Customer_2541,Pune,Premium,2023-10-05,9,16864.79
C10205,Customer_206,Bangalore,Premium,2024-11-23,7,7442.7
C13887,Customer_3888,Bangalore,Basic,2026-07-26,6,7897.21
C13248,Customer_3249,Bangalore,Standard,2023-05-02,8,11906.72
C12131,Customer_2132,Pune,Basic,2026-05-27,5,11364.79
C11255,Customer_1256,,Standard,2026-08-22,9,15516.62
C12299,Customer_2300,Delhi,Standard,2025-09-06,4,24562.9
C11226,Customer_1227,Delhi,Standard,2026-02-15,9,19837.56
C13918,Customer_3919, ,Standard,2025-07-13,11,8855.85
C12464,Customer_2465,Kolkata,Standard,2023-08-29,5,14672.19
C12383,Customer_2384,Chennai,Standard,2026-08-28,10,20897.88
C10149,Customer_150,Delhi,Basic,2024-06-23,11,7761.05
C10869,Customer_870,Kolkata,Basic,2025-07-11,5,13648.15
C11978,Customer_1979,Pune,Premium,2023-10-09,8,3634.03
C12456,Customer_2457,Bangalore,Basic,2023-05-08,11,15975.21
C13865,Customer_3866,Delhi,Basic,2023-12-30,5,13735.51
C12212,Customer_2213,Chennai, ,2023-09-21,10,14029.71
C11006,Customer_1007,Bangalore,Standard,2026-05-31,7,7972.3
C13047,Customer_3048,Hyderabad,Standard,2025-11-28,10,6042.23
C10705,Customer_706,Bangalore,Standard,2026-04-27,6,23629.48
C13143,Customer_3144,Hyderabad,Basic,2023-12-20,15,7103.89
C13596,Customer_3597,Mumbai,Premium,2023-02-18,8,7237.25
C11987,Customer_1988,Delhi,Standard,2023-02-23,8,8044.4
C10179,Customer_180,Bangalore,Basic,2025-09-22,10,11066.49
C10109,Customer_110,Hyderabad,Premium,2026-02-23,9,11859.06
C13078,Customer_3079,Chennai,basic,2025-06-16,5,29066.04
