delivery_id,order_id,warehouse_id,carrier,dispatch_date,expected_date,actual_date,delivery_status,delivery_cost
D200000,O104238,W105,DHL,2026-07-21,2026-07-28,2026-07-26,Delivered,58.07
D200001,O105352,W104,FedEx,2026-09-02,2026-09-08,2026-09-13,In Transit,1426.88
D200002,O109381,W109,DHL,2026-02-11,2026-02-14,2026-02-14,Delivered,1327.97
D200003,O107522,W107,EcomExpress,2026-05-05,2026-05-07,2026-05-10,Delayed,163.69
D200004,O103648,W110,DHL,2026-03-22,2026-03-28,2026-03-28,Delivered,332.42
D200005,O103826,W109,DHL,2026-01-06,2026-01-10,2026-01-11,Delayed,1089.09
D200006,O100420,W100,EcomExpress,2026-03-13,2026-03-15,2026-03-14,Delivered,440.35
D200007,O109922,W116,FedEx,2026-06-10,2026-06-14,2026-06-14,Delivered,1033.32
D200008,O105413,W114,DHL,2026-05-07,2026-05-09,2026-05-14,Delivered,452.37
D200009,O104617,W104,BlueDart,2026-05-10,2026-05-16,2026-05-19,In Transit,391.32
D200010,O107735,W118,FedEx,2026-03-23,2026-03-30,2026-03-31,Delivered,237.83
D200011,O104193,W103,BlueDart,2026-05-04,2026-05-11,2026-05-12,Delivered,279.62
D200012,O103385,W113,DHL,2026-08-06,2026-08-13,2026-08-12,Delivered,1293.6
D200013,O109265,W102,BlueDart,2026-08-14,2026-08-17,2026-08-16,Delivered,1368.86
D200014,O101365,W104,Delhivery,2026-01-21,2026-01-24,2026-01-26,Delivered,1040.85
D200015,O104722,W108,FedEx,2026-08-18,2026-08-23,2026-08-24,Delivered,1120.8
D200016,O109441,W119,Delhivery,2026-08-31,2026-09-02,2026-09-08,Delayed,1396.15
D200017,O109697,W103,EcomExpress,2026-07-17,2026-07-22,2026-07-23,In Transit,879.66
D200018,O109640,W100,Delhivery,2026-01-16,2026-01-23,2026-01-23,Delivered,197.65
D200019,O108077,W112,FedEx,2026-06-09,2026-06-13,2026-06-19,Delivered,1487.56
D200020,O107126,W104,Delhivery,2026-03-10,2026-03-16,2026-03-18,Delivered,1017.07
D200021,O101896,W117,BlueDart,2026-04-12,2026-04-18,2026-04-18,Delivered,1388.31
D200022,O105953,W117,EcomExpress,2026-09-10,2026-09-13,2026-09-12,Delivered,324.14
D200023,O100417,W112,DHL,2026-08-07,2026-08-11,2026-08-12,Delivered,1447.1
D200024,O104450,W118,FedEx,2026-07-22,2026-07-28,2026-07-27,Delivered,1396.16
D200025,O101337,W103,Delhivery,2026-08-29,2026-09-04,2026-09-10,Delivered,151.18
D200026,O106167,W110,BlueDart,2026-06-04,2026-06-11,2026-06-16,Delivered,132.34
D200027,O100095,W102,Delhivery,2026-01-27,2026-02-02,2026-02-08,Delivered,284.22
D200028,O108416,W110,,2026-09-13,2026-09-15,2026-09-21,Delivered,322.69
D200029,O100710,W113,ecomexpress,2026-09-07,2026-09-11,2026-09-11,Delivered,480.41
D200030,O104506,W114,Delhivery,2026-03-10,2026-03-17,2026-03-16,In Transit,1190.84
D200031,O107989,W119,DHL,2026-02-08,2026-02-15,2026-02-20,Delivered,223.31
D200032,O100089,W110,FedEx,2026-01-21,2026-01-25,2026-01-23,Delivered,152.48
D200033,O106881,W108,DHL,2026-08-18,2026-08-20,2026-08-22,Delivered,850.29
D200034,O104003,W118,FedEx,2026-06-23,2026-06-25,2026-06-26,Delivered,848.62
D200035,O105211,W104,FedEx,2026-04-02,2026-04-06,2026-04-04,Delivered,952.0
D200036,O106153,W108,Delhivery,2026-05-30,2026-06-05,2026-06-03,Delivered,1153.12
D200037,O100867,W101,BlueDart,2026-01-27,2026-01-30,2026-02-04,Delivered,181.63
D200038,O102802,W102,Delhivery,2026-01-11,2026-01-15,2026-01-20,Delivered,897.32
D200039,O105993,W107,Delhivery,2026-05-04,2026-05-09,2026-05-08,Delivered,750.83
D200040,O103272,W112,FedEx,2026-04-22,2026-04-29,2026-05-01,Delivered,579.81
D200041,O100358,W105,EcomExpress,2026-01-19,2026-01-22,2026-01-23,Delayed,186.84
D200042,O107010,W116,BlueDart,2026-07-09,2026-07-15,2026-07-20,Delivered,819.08
D200043,O100377,W113,,2026-02-07,2026-02-14,2026-02-14,Delivered,100.27
D200044,O104248,W103,Delhivery,2026-01-10,2026-01-13,2026-01-18,Delayed,1459.19
D200045,O108642,W102,DHL,2026-09-10,2026-09-17,2026-09-22,In Transit,1331.28
D200046,O105906,W101,FedEx,2026-03-16,2026-03-19,2026-03-18,Delivered,1350.0
D200047,O100861,W104,FedEx,2026-05-26,2026-06-02,2026-06-02,In Transit,474.95
D200048,O103503,W113,FedEx,2026-08-25,2026-08-28,2026-08-27,Delayed,300.24
D200049,O104264,W108,Delhivery,2026-03-12,2026-03-19,2026-03-25,Delivered,190.41
D200050,O104487,W119,DHL,2026-06-26,2026-06-30,2026-07-01,Delivered,701.28
D200051,O102537,W100,BlueDart,2026-05-22,2026-05-25,2026-05-31,Delivered,111.88
D200052,O101326,W119,DHL,2026-04-04,2026-04-06,2026-04-09,In Transit,1152.52
D200053,O102765,W116,BlueDart,2026-08-10,2026-08-15,2026-08-20,Delivered,779.13
D200054,O103530,W113,Delhivery,2026-06-27,2026-06-30,2026-07-05,In Transit,1076.23
D200055,O100556,W100,FedEx,2026-05-29,2026-06-05,2026-06-07,Delivered,1079.92
D200056,O104203,W112,BlueDart,2026-02-03,2026-02-06,2026-02-04,Delivered,791.64
D200057,O102486,W114,FedEx,2026-08-12,2026-08-16,2026-08-21,Delivered,1123.75
D200058,O104180,W116,FedEx,2026-04-17,2026-04-20,2026-04-25,Delivered,1414.57
D200059,O109042,W113,DHL,2026-04-02,2026-04-04,2026-04-06,Delivered,61.98
D200060,O102400,W114,Delhivery,2026-09-06,2026-09-11,2026-09-11,Delivered,397.65
D200061,O102045,W107,FedEx,2026-08-11,2026-08-13,2026-08-17,Delivered,1360.48
D200062,O109470,W107,Delhivery,2026-04-30,2026-05-05,2026-05-09,Delivered,1066.43
D200063,O101813,W114,,2026-06-13,2026-06-18,2026-06-17,Delivered,873.33
D200064,O102024,W115,FedEx,2026-04-05,2026-04-09,2026-04-12,Delivered,841.66
D200065,O105182,W108,Delhivery,2026-04-23,2026-04-26,2026-04-24,Delivered,631.76
D200066,O102032,W102,DHL,2026-02-22,2026-02-26,2026-02-24,Delivered,917.61
D200067,O106007,W100,Delhivery,2026-03-28,2026-04-01,2026-04-05,Delivered,960.86
D200068,O103045,W104,DHL,2026-04-08,2026-04-15,2026-04-19,Delivered,580.07
D200069,O102735,W104,DHL,2026-07-15,2026-07-20,2026-07-18,Delayed,603.98
D200070,O109905,W116,BlueDart,2026-04-09,2026-04-11,2026-04-13,Delivered,382.64
D200071,O105258,W119,Delhivery,2026-03-27,2026-03-29,2026-03-30,Delivered,883.07
D200072,O102276,W102,DHL,2026-08-24,2026-08-30,2026-09-01,Delivered,787.93
D200073,O101296,W101,FedEx,2026-08-07,2026-08-11,2026-08-16,Delayed,718.24
D200074,O107089,W106,Delhivery,2026-01-11,2026-01-13,2026-01-13,Delivered,936.75
D200075,O103739,W102,Delhivery,2026-09-02,2026-09-04,2026-09-05,In Transit,992.12
D200076,O107661,W119,DHL,2026-01-21,2026-01-24,2026-01-28,Lost,630.87
D200077,O100194,W115,EcomExpress,2026-05-21,2026-05-27,2026-06-02,Delivered,1205.01
D200078,O108463,W108,BlueDart,2026-04-03,2026-04-05,2026-04-11,Delivered,162.8
D200079,O100577,W108,,2026-04-29,2026-05-03,2026-05-03,In Transit,630.56
D200080,O106576,W106,BlueDart,2026-06-30,2026-07-02,2026-07-01,Delayed,916.42
D200081,O108365,W104,EcomExpress,2026-08-22,2026-08-26,2026-08-31,Delayed,266.93
D200082,O104716,W113,BlueDart,2026-04-29,2026-05-02,2026-05-05,Delayed,378.93
D200083,O101123,W116,bluedart,2026-02-10,2026-02-12,2026-02-14,Delivered,950.67
D200084,O105901,W102,EcomExpress,2026-07-08,2026-07-11,2026-07-15,Delivered,829.76
D200085,O101013,W104,EcomExpress,2026-05-01,2026-05-07,2026-05-12,Delivered,356.03
D200086,O108719,W102,FedEx,2026-02-06,2026-02-13,2026-02-12,Delivered,656.37
D200087,O101098,W117,BlueDart,2026-02-11,2026-02-13,2026-02-19,Delivered,1205.81
D200088,O107422,W116,EcomExpress,2026-08-07,2026-08-09,2026-08-13,Delivered,840.82
D200089,O107549,W111,FedEx,2026-04-06,2026-04-11,2026-04-11,Delivered,1181.24
D200090,O108742,W109,EcomExpress,2026-02-11,2026-02-14,2026-02-13,Delivered,433.36
D200091,O101723,W102,Delhivery,2026-04-08,2026-04-12,2026-04-17,Delivered,182.89
D200092,O103734,W102,Delhivery,2026-06-13,2026-06-17,2026-06-22,Delivered,476.47
D200093,O106135,W103,EcomExpress,2026-05-08,2026-05-10,2026-05-15,In Transit,154.67
D200094,O106583,W110,DHL,2026-06-09,2026-06-11,2026-06-16,Delivered,540.4
D200095,O106974,W118,EcomExpress,2026-08-28,2026-09-02,2026-09-04,Delivered,955.57
D200096,O102584,W102,EcomExpress,2026-01-30,2026-02-04,2026-02-04,Delivered,511.37
D200097,O107883,W118,FedEx,2026-06-27,2026-07-03,2026-07-03,Delivered,314.74
D200098,O101797,W102,DHL,2026-01-04,2026-01-10,2026-01-16,Delivered,149.26
D200099,O100782,W104,DHL,2026-08-29,2026-08-31,2026-08-29,In Transit,608.93
D200100,O107150,W107,Delhivery,2026-01-02,2026-01-08,2026-01-10,Delivered,1451.55
D200101,O104443,W101,DHL,2026-09-11,2026-09-17,2026-09-15,Delivered,1000.3
D200102,O109382,W108,DHL,2026-09-03,2026-09-10,2026-09-15,Delivered,1210.36
D200103,O102605,W107,EcomExpress,2026-07-11,2026-07-14,2026-07-19,Delivered,991.04
D200104,O108907,W107,DHL,2026-01-04,2026-01-11,2026-01-12,Delivered,1058.09
D200105,O100929,W110,DHL,2026-06-02,2026-06-07,2026-06-07,Delivered,893.81
D200106,O106883,W105,FedEx,2026-05-25,2026-05-30,2026-06-03,Delivered,869.33
D200107,O105608,W111,BlueDart,2026-07-24,2026-07-30,2026-08-03,Delivered,822.08
D200108,O100879,W119,FedEx,2026-04-12,2026-04-18,2026-04-16,In Transit,607.98
D200109,O106411,W104,FedEx,2026-06-27,2026-06-30,2026-06-28,Delivered,950.03
D200110,O100253,W112,EcomExpress,2026-08-22,2026-08-26,2026-09-01,Delayed,1216.54
D200111,O105784,W118,BlueDart,2026-07-13,2026-07-15,2026-07-16,Delivered,976.6
D200112,O109052,W116,EcomExpress,2026-08-02,2026-08-05,2026-08-07,Delivered,336.36
D200113,O100093,W104,Delhivery,2026-08-01,2026-08-08,2026-08-13,Delivered,461.23
D200114,O107314,W100,BlueDart,2026-03-06,2026-03-11,2026-03-15,Delivered,1062.38
D200115,O106017,W104,Delhivery,2026-02-06,2026-02-10,2026-02-16,Lost,174.52
D200116,O102068,W117,DHL,2026-05-02,2026-05-04,2026-05-02,Delivered,933.84
D200117,O107546,W112,DHL,2026-01-06,2026-01-11,2026-01-13,Delivered,921.43
D200118,O104030,W106,FedEx,2026-06-16,2026-06-20,2026-06-23,Delivered,219.82
D200119,O105167,W105,DHL,2026-07-03,2026-07-10,2026-07-13,Delayed,495.79
D200120,O106605,W114,Delhivery,2026-02-07,2026-02-12,2026-02-13,Delayed,331.8
D200121,O109374,W103,Delhivery,2026-05-12,2026-05-16,2026-05-14,Delivered,1123.47
D200122,O100843,W118,BlueDart,2026-05-24,2026-05-28,2026-05-26,Delivered,1350.75
D200123,O107532,W101,BlueDart,2026-07-03,2026-07-08,2026-07-13,Delivered,1238.6
D200124,O101907,W113,DHL,2026-05-23,2026-05-30,2026-05-30,Delivered,723.87
D200125,O106294,W109,EcomExpress,2026-03-29,2026-03-31,2026-03-30,Delayed,383.22
D200126,O100847,W110,EcomExpress,2026-03-25,2026-04-01,2026-03-31,Delivered,919.84
D200127,O101068,W111,EcomExpress,2026-07-09,2026-07-14,2026-07-19,Delivered,546.17
D200128,O103749,W118,EcomExpress,2026-06-20,2026-06-25,2026-06-23,Delivered,116.56
D200129,O107275,W108,EcomExpress,2026-06-22,2026-06-24,2026-06-22,Delayed,715.94
D200130,O106361,W116,DHL,2026-02-21,2026-02-27,2026-02-27,Delayed,794.31
D200131,O104065,W114,Delhivery,2026-04-11,2026-04-13,2026-04-12,Delivered,1401.35
D200132,O105390,W106,FedEx,2026-04-07,2026-04-11,2026-04-16,Delivered,689.09
D200133,O108329,W109,BlueDart,2026-01-18,2026-01-25,2026-01-24,Delivered,420.67
D200134,O100367,W119,Delhivery,2026-06-17,2026-06-19,2026-06-25,In Transit,820.76
D200135,O106277,W117,FedEx,2026-02-04,2026-02-08,2026-02-14,In Transit,340.33
D200136,O102058,W107,BlueDart,2026-06-29,2026-07-05,2026-07-09,Delivered,1136.52
D200137,O102443,W116,DHL,2026-05-31,2026-06-07,2026-06-07,In Transit,857.13
D200138,O104896,W115,FedEx,2026-02-19,2026-02-23,2026-02-23,Delayed,202.18
D200139,O106814,W117,EcomExpress,2026-07-31,2026-08-03,2026-08-07,Delivered,844.64
D200140,O102486,W108,BlueDart,2026-04-17,2026-04-19,2026-04-21,Delayed,463.58
D200141,O101768,W105,EcomExpress,2026-07-01,2026-07-08,2026-07-12,Delivered,328.48
D200142,O109586,W104,Delhivery,2026-02-26,2026-03-01,2026-03-05,In Transit,176.01
D200143,O109734,W107,DHL,2026-02-20,2026-02-27,2026-03-04,Delivered,1380.07
D200144,O107945,W113,EcomExpress,2026-01-14,2026-01-20,2026-01-21,Delivered,1206.79
D200145,O100679,W106,EcomExpress,2026-07-30,2026-08-05,2026-08-05,Delivered,1245.46
D200146,O106417,W110,BlueDart,2026-09-12,2026-09-14,2026-09-14,Delivered,150.9
D200147,O104009,W102,EcomExpress,2026-06-08,2026-06-12,2026-06-14,In Transit,1485.16
D200148,O103408,W114,Delhivery,2026-06-25,2026-07-01,2026-07-07,Delayed,1457.9
D200149,O100283,W118,EcomExpress,2026-02-24,2026-03-03,2026-03-06,Delivered,1119.15
D200150,O109094,W111,Delhivery,2026-04-28,2026-05-01,2026-04-29,Delivered,1385.99
D200151,O106157,W103,DHL,2026-08-08,2026-08-15,2026-08-20,Delivered,1283.21
D200152,O108770,W107,DHL,2026-04-28,2026-04-30,2026-04-30,Delivered,1085.65
D200153,O109839,W102,EcomExpress,2026-07-25,2026-07-30,2026-07-29,Delivered,633.04
D200154,O103207,W104, BlueDart ,2026-07-02,2026-07-05,2026-07-10,Delivered,984.92
D200155,O109568,W115,DHL,2026-01-06,2026-01-12,2026-01-18,Delayed,1129.17
D200156,O107846,W110,EcomExpress,2026-06-21,2026-06-24,2026-06-25,Delivered,500.62
D200157,O102474,W113,,2026-01-16,2026-01-19,2026-01-23,Delivered,699.27
D200158,O103484,W109,DHL,2026-05-09,2026-05-12,2026-05-18,Delivered,1484.01
D200159,O101287,W114,DHL,2026-02-03,2026-02-09,2026-02-11,In Transit,1078.44
D200160,O101444,W103,FedEx,2026-09-09,2026-09-13,2026-09-18,Delayed,847.32
D200161,O109843,W117,EcomExpress,2026-05-02,2026-05-05,2026-05-09,Delivered,196.84
D200162,O103725,W117,Delhivery,2026-09-12,2026-09-15,2026-09-15,Delayed,757.04
D200163,O104976,W108,EcomExpress,2026-03-14,2026-03-20,2026-03-22,In Transit,137.61
D200164,O108811,W100,DHL,2026-03-14,2026-03-16,2026-03-21,Delivered,1137.77
D200165,O109581,W108,DHL,2026-05-02,2026-05-07,2026-05-11,Delivered,159.56
D200166,O108898,W111,EcomExpress,2026-05-14,2026-05-21,2026-05-27,Delayed,1091.37
D200167,O105157,W119,FedEx,2026-03-10,2026-03-16,2026-03-19,Delayed,584.48
D200168,O101527,W102,DHL,2026-08-03,2026-08-09,2026-08-08,Delivered,124.3
D200169,O104949,W116,BlueDart,2026-09-07,2026-09-14,2026-09-14,Delivered,338.2
D200170,O106435,W119,DHL,2026-09-15,2026-09-21,2026-09-23,Delivered,947.0
D200171,O103614,W117,BlueDart,2026-08-27,2026-09-01,2026-09-07,Delayed,1079.31
D200172,O108732,W101,EcomExpress,2026-01-21,2026-01-28,2026-01-28,Delivered,1076.14
D200173,O104216,W111,FedEx,2026-04-12,2026-04-16,2026-04-17,Delivered,946.03
D200174,O105160,W115,FedEx,2026-03-30,2026-04-02,2026-04-03,Delivered,689.04
D200175,O103981,W118,BlueDart,2026-04-21,2026-04-28,2026-04-28,In Transit,711.34
D200176,O100690,W112,DHL,2026-02-27,2026-03-02,2026-03-07,Delivered,70.2
D200177,O109016,W112,DHL,2026-03-13,2026-03-20,2026-03-24,Delivered,416.31
D200178,O108449,W116,FedEx,2026-02-11,2026-02-17,2026-02-19,Delayed,1040.54
D200179,O105648,W110,BlueDart,2026-08-14,2026-08-17,2026-08-16,Delivered,885.1
D200180,O102804,W102,FedEx,2026-02-02,2026-02-09,2026-02-11,Delayed,1130.47
D200181,O106007,W109,BlueDart,2026-04-28,2026-05-02,2026-04-30,Delivered,168.34
D200182,O103768,W115,DHL,2026-06-30,2026-07-03,2026-07-09,Delayed,989.1
D200183,O103461,W118,FedEx,2026-06-07,2026-06-14,2026-06-17,Delivered,127.3
D200184,O100475,W116,BlueDart,2026-08-15,2026-08-17,2026-08-15,Delivered,310.05
D200185,O100914,W103,BlueDart,2026-06-13,2026-06-17,2026-06-22,Delivered,1496.63
D200186,O108027,W119,EcomExpress,2026-03-13,2026-03-19,2026-03-25,Delayed,1186.09
D200187,O108515,W119,BlueDart,2026-03-03,2026-03-10,2026-03-16,Delivered,907.71
D200188,O103374,W100,BLUEDART,2026-02-06,2026-02-08,2026-02-12,Delayed,813.62
D200189,O105855,W115,Delhivery,2026-03-24,2026-03-28,2026-04-01,Delivered,1235.48
D200190,O100335,W104,FedEx,2026-08-14,2026-08-21,2026-08-24,Delivered,564.04
D200191,O109457,W114,FedEx,2026-06-12,2026-06-14,2026-06-12,Delivered,182.03
D200192,O107826,W101,DHL,2026-08-05,2026-08-09,2026-08-07,Delivered,1215.19
D200193,O100527,W108,,2026-05-06,2026-05-11,2026-05-15,In Transit,729.99
D200194,O105359,W113,BlueDart,2026-09-12,2026-09-15,2026-09-13,Delayed,1355.3
D200195,O106998,W109,BlueDart,2026-04-22,2026-04-27,2026-04-30,Delivered,726.51
D200196,O105671,W119,Delhivery,2026-02-06,2026-02-12,2026-02-16,In Transit,818.75
D200197,O101510,W103,DHL,2026-02-14,2026-02-19,2026-02-17,Delivered,1123.76
D200198,O104489,W119,DHL,2026-06-06,2026-06-09,2026-06-11,Delivered,274.11
D200199,O108596,W117,DHL,2026-04-16,2026-04-23,2026-04-23,Delivered,175.61
D200200,O103024,W114,BlueDart,2026-05-03,2026-05-07,2026-05-13,Delivered,429.42
D200201,O108826,W102,DHL,2026-02-23,2026-03-02,2026-03-02,Delayed,1332.96
D200202,O106888,W112,DHL,2026-01-09,2026-01-11,2026-01-11,Delivered,1288.98
D200203,O104626,W113,DHL,2026-09-15,2026-09-19,2026-09-21,Delivered,222.84
D200204,O106582,W117,BlueDart,2026-07-26,2026-07-30,2026-07-30,In Transit,1460.59
D200205,O106467,W102,BlueDart,2026-03-24,2026-03-26,2026-03-28,Delivered,411.26
D200206,O105851,W119,BlueDart,2026-05-04,2026-05-06,2026-05-12,In Transit,1222.72
D200207,O108136,W117,Delhivery,2026-01-28,2026-01-30,2026-01-29,In Transit,1135.33
D200208,O106561,W103,EcomExpress,2026-08-10,2026-08-15,2026-08-20,Delayed,1277.57
D200209,O107639,W110,DHL,2026-06-21,2026-06-27,2026-06-29,In Transit,1342.14
D200210,O109030,W104,EcomExpress,2026-05-13,2026-05-15,2026-05-20,In Transit,345.66
D200211,O104214,W115,DHL,2026-01-14,2026-01-16,2026-01-14,Delayed,908.45
D200212,O105976,W102,Delhivery,2026-01-14,2026-01-19,2026-01-25,Delivered,167.93
D200213,O107922,W115,EcomExpress,2026-05-01,2026-05-04,2026-05-04,Delivered,175.59
D200214,O102662,W109,Delhivery,2026-02-18,2026-02-23,2026-02-26,Delivered,1048.34
D200215,O103571,W116,BlueDart,2026-01-10,2026-01-16,2026-01-15,Delivered,916.79
D200216,O107505,W107,Delhivery,2026-05-05,2026-05-08,2026-05-14,Delayed,1032.24
D200217,O105563,W108,BlueDart,2026-08-02,2026-08-09,2026-08-08,Delivered,53.23
D200218,O108712,W114,EcomExpress,2026-06-02,2026-06-08,2026-06-06,Delayed,181.2
D200219,O109617,W109,BlueDart,2026-07-10,2026-07-15,2026-07-21,Delivered,188.43
D200220,O107916,W118, ,2026-02-17,2026-02-22,2026-02-26,Delivered,357.17
D200221,O106552,W111,DHL,2026-01-20,2026-01-22,2026-01-21,Delivered,767.71
D200222,O104538,W119,DHL,2026-01-23,2026-01-27,2026-01-28,In Transit,897.76
D200223,O105619,W101,BlueDart,2026-03-08,2026-03-10,2026-03-10,Delivered,824.79
D200224,O107630,W105,EcomExpress,2026-02-04,2026-02-06,2026-02-06,Delivered,584.74
D200225,O104678,W103,EcomExpress,2026-09-14,2026-09-18,2026-09-20,Delivered,816.45
D200226,O104487,W108,,2026-03-20,2026-03-25,2026-03-24,Delayed,658.6
D200227,O103334,W102,FedEx,2026-06-05,2026-06-09,2026-06-08,In Transit,1056.14
D200228,O109615,W106,BlueDart,2026-02-08,2026-02-15,2026-02-14,Delivered,1315.95
D200229,O105863,W103,DHL,2026-05-10,2026-05-14,2026-05-20,Delivered,848.21
D200230,O100463,W110,ECOMEXPRESS,2026-01-13,2026-01-19,2026-01-23,Delivered,970.11
D200231,O104642,W102,EcomExpress,2026-02-14,2026-02-17,2026-02-16,Delayed,1191.34
D200232,O106827,W106,,2026-08-18,2026-08-20,2026-08-23,Delivered,1179.78
D200233,O100945,W107,EcomExpress,2026-01-24,2026-01-29,2026-01-29,In Transit,1245.43
D200234,O107511,W101,EcomExpress,2026-03-10,2026-03-13,2026-03-11,Delivered,456.39
D200235,O100226,W104,Delhivery,2026-05-15,2026-05-19,2026-05-17,Delivered,378.62
D200236,O107271,W101,FedEx,2026-08-05,2026-08-10,2026-08-14,Delivered,1197.24
D200237,O104364,W108,BlueDart,2026-02-02,2026-02-06,2026-02-12,Delivered,1128.08
D200238,O104332,W116,FedEx,2026-08-06,2026-08-10,2026-08-08,Delivered,297.05
D200239,O102255,W100,BlueDart,2026-08-29,2026-09-04,2026-09-05,Delivered,281.34
D200240,O102178,W104,EcomExpress,2026-08-17,2026-08-19,2026-08-23,Delayed,196.19
D200241,O100362,W104,Delhivery,2026-04-09,2026-04-14,2026-04-18,Delivered,452.88
D200242,O102006,W115,DHL,2026-04-05,2026-04-07,2026-04-12,Delivered,1077.67
D200243,O106165,W105,EcomExpress,2026-02-02,2026-02-04,2026-02-09,Delivered,1308.4
D200244,O104123,W110,FedEx,2026-05-25,2026-05-31,2026-06-01,Delayed,1495.58
D200245,O104835,W102,BlueDart,2026-09-02,2026-09-06,2026-09-12,Delivered,1287.07
D200246,O108527,W116,EcomExpress,2026-01-06,2026-01-09,2026-01-14,Delayed,1473.76
D200247,O105274,W113,DHL,2026-04-18,2026-04-20,2026-04-22,Delivered,262.6
D200248,O103370,W103,EcomExpress,2026-03-07,2026-03-12,2026-03-12,Delayed,581.36
D200249,O103342,W101,FedEx,2026-01-11,2026-01-15,2026-01-14,Delivered,345.0
D200250,O101561,W115,Delhivery,2026-05-24,2026-05-29,2026-06-04,In Transit,464.49
D200251,O106437,W117,FedEx,2026-04-07,2026-04-14,2026-04-17,Delivered,209.03
D200252,O106976,W108,DHL,2026-06-09,2026-06-11,2026-06-09,Delayed,1300.71
D200253,O107309,W108,BlueDart,2026-09-11,2026-09-15,2026-09-20,Delayed,133.03
D200254,O105013,W118,BlueDart,2026-05-11,2026-05-14,2026-05-19,Delayed,663.32
D200255,O108805,W101,DHL,2026-04-20,2026-04-24,2026-04-23,In Transit,221.4
D200256,O888888,W113,Delhivery,2026-04-15,2026-04-19,2026-04-20,In Transit,705.83
D200257,O106475,W109,BlueDart,2026-06-07,2026-06-13,2026-06-19,Delivered,430.86
D200258,O105173,W112,EcomExpress,2026-06-06,2026-06-08,2026-06-06,Delivered,1023.58
D200259,O103110,W102,EcomExpress,2026-03-08,2026-03-13,2026-03-14,Delivered,1358.62
D200260,O104477,W115,BlueDart,2026-02-23,2026-02-25,2026-03-02,Delivered,193.0
D200261,O103114,W112,DHL,2026-01-23,2026-01-25,2026-01-29,Delivered,90.35
D200262,O109751,W102,DHL,2026-07-30,2026-08-03,2026-08-01,Delivered,727.14
D200263,O108687,W104,FedEx,2026-07-04,2026-07-09,2026-07-11,In Transit,145.77
D200264,O109696,W106,EcomExpress,2026-02-03,2026-02-10,2026-02-16,Delivered,252.27
D200265,O103811,W109,BlueDart,2026-01-24,2026-01-31,2026-01-30,Delivered,1012.71
D200266,O109098,W105,EcomExpress,2026-01-11,2026-01-18,2026-01-23,Delivered,1170.29
D200267,O107233,W108,Delhivery,2026-05-31,2026-06-06,2026-06-11,Delivered,703.91
D200268,O105420,W110,DHL,2026-07-22,2026-07-29,2026-08-02,Lost,973.06
D200269,O100513,W105,Delhivery,2026-01-01,2026-01-08,2026-01-09,Delivered,1371.33
D200270,O100531,W114,DHL,2026-02-03,2026-02-07,2026-02-05,Delivered,739.51
D200271,O102541,W119,DHL,2026-01-07,2026-01-13,2026-01-13,Delayed,1484.91
D200272,O109061,W109,Delhivery,2026-05-30,2026-06-04,2026-06-09,In Transit,96.04
D200273,O103126,W105, ,2026-02-26,2026-03-02,2026-03-06,Delivered,303.76
D200274,O102212,W108,EcomExpress,2026-04-13,2026-04-17,2026-04-19,Delayed,485.98
D200275,O108481,W118,FedEx,2026-03-04,2026-03-06,2026-03-08,Delivered,1006.41
D200276,O100134,W107,BlueDart,2026-05-01,2026-05-03,2026-05-05,Delivered,186.07
D200277,O103588,W100,Delhivery,2026-06-22,2026-06-26,2026-06-29,Delivered,928.04
D200278,O103807,W119,,2026-07-07,2026-07-11,2026-07-13,Lost,748.57
D200279,O103332,W118,Delhivery,2026-06-20,2026-06-24,2026-06-22,Delivered,225.13
D200280,O108147,W109,BlueDart,2026-08-22,2026-08-26,2026-08-24,Delivered,1047.03
D200281,O100583,W104,Delhivery,2026-06-05,2026-06-12,2026-06-11,In Transit,626.76
D200282,O100171,W106,EcomExpress,2026-03-10,2026-03-15,2026-03-16,Delivered,1302.87
D200283,O106215,W104,BlueDart,2026-01-25,2026-01-31,2026-02-01,Delivered,129.12
D200284,O102314,W106,EcomExpress,2026-08-30,2026-09-02,2026-09-02,Delivered,270.71
D200285,O106584,W110,EcomExpress,2026-03-17,2026-03-23,2026-03-29,Delivered,829.1
D200286,O103238,W111,,2026-03-07,2026-03-09,2026-03-12,Delivered,1357.58
D200287,O105539,W112,FedEx,2026-04-29,2026-05-06,2026-05-07,Delivered,1347.04
D200288,O107653,W119,EcomExpress,2026-07-02,2026-07-09,2026-07-12,Delivered,123.71
D200289,O101306,W104,FedEx,2026-08-05,2026-08-12,2026-08-14,Delivered,350.83
D200290,O103621,W118,DHL,2026-08-26,2026-09-01,2026-09-07,In Transit,1175.42
D200291,O104964,W106,,2026-03-08,2026-03-13,2026-03-15,Delivered,495.53
D200292,O108731,W103,Delhivery,2026-02-13,2026-02-16,2026-02-16,Delivered,1195.96
D200293,O104267,W102,,2026-09-08,2026-09-13,2026-09-19,Delayed,1177.75
D200294,O109544,W118,EcomExpress,2026-07-13,2026-07-19,2026-07-24,Delivered,889.51
D200295,O102755,W115,BlueDart,2026-02-09,2026-02-12,2026-02-14,Delayed,1177.2
D200296,O109265,W104,Delhivery,2026-09-12,2026-09-14,2026-09-18,Delivered,1108.62
D200297,O103730,W109,Delhivery,2026-08-21,2026-08-27,2026-09-01,Delivered,1019.77
D200298,O106039,W108,BlueDart,2026-09-09,2026-09-15,2026-09-13,Delivered,1014.59
D200299,O103582,W100,FedEx,2026-08-05,2026-08-11,2026-08-09,Delayed,1147.7
D200300,O108051,W118,,2026-09-01,2026-09-04,2026-09-08,Delivered,341.98
D200301,O109893,W105,Delhivery,2026-08-13,2026-08-19,2026-08-20,Delivered,442.79
D200302,O107511,W101,FedEx,2026-07-09,2026-07-14,2026-07-19,Delivered,323.09
D200303,O102774,W118,EcomExpress,2026-02-02,2026-02-07,2026-02-13,In Transit,261.28
D200304,O107483,W107,DHL,2026-04-22,2026-04-25,2026-04-23,Delivered,1224.64
D200305,O108187,W105,BlueDart,2026-09-14,2026-09-20,2026-09-22,Delayed,1462.69
D200306,O109120,W104,Delhivery,2026-09-03,2026-09-10,2026-09-10,In Transit,100.65
D200307,O108611,W105,FedEx,2026-08-26,2026-09-01,2026-09-04,Delivered,985.4
D200308,O100217,W109,EcomExpress,2026-02-09,2026-02-12,2026-02-13,Delivered,854.54
D200309,O106170,W104,EcomExpress,2026-03-07,2026-03-13,2026-03-15,In Transit,297.42
D200310,O108161,W111,BlueDart,2026-04-20,2026-04-22,2026-04-26,Delivered,478.33
D200311,O104153,W109,EcomExpress,2026-02-13,2026-02-20,2026-02-26,Delivered,211.14
D200312,O109444,W100,,2026-04-25,2026-04-27,2026-04-30,Delivered,964.04
D200313,O100023,W115,,2026-08-22,2026-08-24,2026-08-27,In Transit,1297.3
D200314,O109753,W110,EcomExpress,2026-03-24,2026-03-31,2026-04-03,Delivered,1183.94
D200315,O106649,W100,BlueDart,2026-01-22,2026-01-27,2026-01-25,Delivered,316.92
D200316,O103803,W115,Delhivery,2026-05-23,2026-05-29,2026-05-28,Lost,95.17
D200317,O108502,W102,BlueDart,2026-09-01,2026-09-07,2026-09-08,Delivered,796.81
D200318,O102813,W108,BlueDart,2026-04-26,2026-04-28,2026-04-30,Delayed,884.23
D200319,O103845,W102, ,2026-01-20,2026-01-26,2026-01-28,Delivered,364.49
D200320,O102087,W100,BlueDart,2026-05-21,2026-05-25,2026-05-29,Delivered,226.12
D200321,O101920,W119,DHL,2026-07-04,2026-07-07,2026-07-06,In Transit,1331.47
D200322,O108126,W115,DHL,2026-03-01,2026-03-06,2026-03-08,Delivered,485.17
D200323,O101625,W115,EcomExpress,2026-05-10,2026-05-15,2026-05-13,Delayed,784.19
D200324,O107219,W111,DHL,2026-06-13,2026-06-15,2026-06-16,Delivered,730.45
D200325,O107533,W116,DHL,2026-06-24,2026-07-01,2026-07-03,Delivered,1425.2
D200326,O108953,W109,DHL,2026-09-14,2026-09-17,2026-09-23,Delivered,618.31
D200327,O105537,W118,,2026-07-29,2026-08-02,2026-08-07,Delayed,1372.2
D200328,O107324,W109,EcomExpress,2026-02-13,2026-02-18,2026-02-18,Delivered,551.51
D200329,O107028,W115,DHL,2026-08-22,2026-08-25,2026-08-24,In Transit,1372.1
D200330,O103059,W116,FedEx,2026-04-25,2026-05-02,2026-05-06,Delivered,51.98
D200331,O100248,W109,BlueDart,2026-05-24,2026-05-28,2026-06-03,Delivered,367.94
D200332,O104987,W108,DHL,2026-02-28,2026-03-05,2026-03-06,In Transit,609.84
D200333,O105489,W119,DHL,2026-01-16,2026-01-20,2026-01-18,Delivered,1304.24
D200334,O102572,W105,DHL,2026-09-13,2026-09-16,2026-09-14,Delayed,1268.28
D200335,O104334,W113,EcomExpress,2026-07-26,2026-07-31,2026-08-01,Delivered,475.42
D200336,O103110,W104,DHL,2026-06-09,2026-06-15,2026-06-21,Delivered,784.61
D200337,O103388,W106,BlueDart,2026-01-21,2026-01-26,2026-01-29,In Transit,841.72
D200338,O104638,W106,FedEx,2026-05-07,2026-05-09,2026-05-09,Delivered,1476.5
D200339,O105436,W114,DHL,2026-02-24,2026-03-02,2026-03-04,Delivered,548.88
D200340,O105313,W112,BlueDart,2026-06-28,2026-07-03,2026-07-06,Delayed,1433.46
D200341,O102676,W105,Delhivery,2026-09-06,2026-09-08,2026-09-07,Delayed,780.73
D200342,O108591,W109,,2026-06-13,2026-06-18,2026-06-18,Delayed,998.72
D200343,O107706,W113,BlueDart,2026-06-19,2026-06-26,2026-06-28,Delivered,1029.98
D200344,O103891,W110, FedEx ,2026-04-09,2026-04-15,2026-04-18,Delivered,902.67
D200345,O109232,W104,FedEx,2026-02-24,2026-02-27,2026-02-28,Delivered,963.48
D200346,O105692,W114,Delhivery,2026-06-16,2026-06-19,2026-06-23,Delayed,1351.81
D200347,O103883,W107,BlueDart,2026-05-03,2026-05-08,2026-05-08,Delivered,654.03
D200348,O107179,W111,BlueDart,2026-07-20,2026-07-22,2026-07-21,Delivered,1017.75
D200349,O109239,W109,EcomExpress,2026-03-13,2026-03-20,2026-03-23,Delivered,410.71
D200350,O109375,W112,Delhivery,2026-01-17,2026-01-23,2026-01-26,In Transit,1097.12
D200351,O103733,W108,Delhivery,2026-07-05,2026-07-10,2026-07-15,Delayed,1484.53
D200352,O107240,W113,EcomExpress,2026-05-23,2026-05-29,2026-06-01,Delivered,1225.41
D200353,O100918,W116,FedEx,2026-06-06,2026-06-11,2026-06-14,Delayed,196.62
D200354,O106287,W102,DHL,2026-04-08,2026-04-15,2026-04-16,Delivered,985.58
D200355,O102610,W114,DHL,2026-05-01,2026-05-04,2026-05-05,Delivered,633.53
D200356,O105954,W101,DHL,2026-04-04,2026-04-08,2026-04-13,Delivered,621.51
D200357,O109207,W113,EcomExpress,2026-08-18,2026-08-24,2026-08-30,Delivered,621.78
D200358,O103867,W116,Delhivery,2026-02-11,2026-02-16,2026-02-21,Delayed,1050.0
D200359,O103193,W106,DHL,2026-06-11,2026-06-16,2026-06-18,Delivered,127.44
D200360,O109911,W117,Delhivery,2026-05-09,2026-05-14,2026-05-17,Delivered,619.62
D200361,O102223,W100,FedEx,2026-01-16,2026-01-20,2026-01-22,Delivered,158.28
D200362,O100445,W116,DHL,2026-07-30,2026-08-04,2026-08-07,Delivered,1371.57
D200363,O109683,W110,EcomExpress,2026-04-27,2026-04-30,2026-05-06,Delivered,131.7
D200364,O109149,W118,DHL,2026-06-10,2026-06-15,2026-06-17,Delivered,246.27
D200365,O104063,W106,EcomExpress,2026-08-04,2026-08-06,2026-08-07,Delivered,560.58
D200366,O101327,W112,EcomExpress,2026-08-22,2026-08-29,2026-08-27,Delivered,958.71
D200367,O108244,W103,DHL,2026-01-05,2026-01-12,2026-01-17,In Transit,808.87
D200368,O106564,W101,BlueDart,2026-03-13,2026-03-19,2026-03-23,In Transit,768.56
D200369,O105400,W111,Delhivery,2026-01-28,2026-02-04,2026-02-06,Delivered,80.64
D200370,O100126,W102,DHL,2026-08-28,2026-09-03,2026-09-08,Delayed,1004.39
D200371,O109195,W100,EcomExpress,2026-02-08,2026-02-12,2026-02-15,Delivered,591.26
D200372,O104554,W102,DHL,2026-07-01,2026-07-08,2026-07-09,Delivered,1082.59
D200373,O103319,W112,EcomExpress,2026-04-11,2026-04-18,2026-04-17,Delivered,662.51
D200374,O103293,W114,EcomExpress,2026-08-23,2026-08-29,2026-08-28,Delivered,1255.46
D200375,O108143,W116,DHL,2026-05-23,2026-05-26,2026-05-27,Delivered,344.4
D200376,O109802,W117,FedEx,2026-04-06,2026-04-08,2026-04-09,Delivered,1042.8
D200377,O100582,W119,EcomExpress,2026-01-29,2026-02-02,2026-02-04,In Transit,1364.97
D200378,O105615,W101,BlueDart,2026-06-27,2026-07-03,2026-07-04,Delivered,231.68
D200379,O101928,W111,Delhivery,2026-07-03,2026-07-10,2026-07-12,Delivered,1418.65
D200380,O102704,W118,Delhivery,2026-06-28,2026-07-03,2026-07-02,Delivered,671.85
D200381,O101736,W112,DHL,2026-06-22,2026-06-28,2026-07-02,Delayed,649.43
D200382,O100131,W106,EcomExpress,2026-04-23,2026-04-30,2026-05-01,Delivered,222.95
D200383,O109384,W111,BlueDart,2026-06-13,2026-06-16,2026-06-20,Delivered,1342.62
D200384,O105262,W114,DHL,2026-05-17,2026-05-24,2026-05-26,Delivered,998.92
D200385,O107663,W102,FedEx,2026-05-25,2026-05-31,2026-06-03,Delivered,1300.14
D200386,O101306,W109,EcomExpress,2026-01-19,2026-01-25,2026-01-25,Delivered,1079.96
D200387,O100284,W106,EcomExpress,2026-08-19,2026-08-26,2026-09-01,Delivered,710.0
D200388,O109482,W113,DHL,2026-07-31,2026-08-03,2026-08-07,Delayed,718.63
D200389,O101245,W100,FedEx,2026-08-22,2026-08-29,2026-08-29,Delivered,1280.95
D200390,O102256,W110,BlueDart,2026-08-28,2026-08-30,2026-09-05,Delivered,737.66
D200391,O108945,W103,DHL,2026-09-15,2026-09-22,2026-09-28,Delivered,269.4
D200392,O102410,W110,FedEx,2026-03-26,2026-03-31,2026-04-06,Delivered,568.09
D200393,O103068,W116,EcomExpress,2026-03-11,2026-03-17,2026-03-19,Delivered,1238.73
D200394,O103921,W117,EcomExpress,2026-02-24,2026-03-01,2026-03-04,Delivered,87.75
D200395,O101440,W105,EcomExpress,2026-01-17,2026-01-24,2026-01-22,Delivered,783.11
D200396,O101688,W103,FedEx,2026-01-20,2026-01-27,2026-01-25,Delayed,534.44
D200397,O109729,W117,EcomExpress,2026-08-22,2026-08-28,2026-08-26,Delivered,620.42
D200398,O109900,W114,FedEx,2026-03-13,2026-03-15,2026-03-20,Lost,449.8
D200399,O102726,W118,EcomExpress,2026-01-05,2026-01-07,2026-01-11,Delayed,1125.57
D200400,O101891,W110,Delhivery,2026-05-22,2026-05-28,2026-05-27,Delivered,1419.16
D200401,O107494,W103,EcomExpress,2026-01-12,2026-01-18,2026-01-21,In Transit,559.49
D200402,O100597,W109,DHL,2026-06-08,2026-06-13,2026-06-13,Delivered,712.93
D200403,O101099,W108,FedEx,2026-09-11,2026-09-13,2026-09-15,Delivered,1060.76
D200404,O103116,W106,EcomExpress,2026-02-04,2026-02-11,2026-02-13,Delivered,728.05
D200405,O104512,W118,Delhivery,2026-03-05,2026-03-10,2026-03-13,Delivered,837.7
D200406,O105832,W111,FedEx,2026-03-30,2026-04-02,2026-04-08,Delivered,862.17
D200407,O109157,W117,Delhivery,2026-06-01,2026-06-08,2026-06-08,Delivered,979.7
D200408,O106647,W116,FedEx,2026-07-26,2026-07-30,2026-07-31,Delivered,664.51
D200409,O101597,W101,Delhivery,2026-02-24,2026-03-02,2026-03-02,Delivered,265.57
D200410,O102856,W118,Delhivery,2026-08-16,2026-08-23,2026-08-21,Delivered,615.48
D200411,O106637,W104,Delhivery,2026-07-07,2026-07-13,2026-07-17,Delivered,1300.03
D200412,O108937,W103,FedEx,2026-09-09,2026-09-14,2026-09-16,Delivered,477.65
D200413,O106419,W101,EcomExpress,2026-01-08,2026-01-14,2026-01-20,In Transit,878.49
D200414,O107938,W110,FedEx,2026-05-24,2026-05-31,2026-06-02,Delivered,171.01
D200415,O107271,W100,DHL,2026-02-18,2026-02-21,2026-02-23,In Transit,1075.98
D200416,O108145,W115,Delhivery,2026-01-12,2026-01-14,2026-01-18,Delivered,620.73
D200417,O106616,W119,Delhivery,2026-06-09,2026-06-12,2026-06-12,Lost,309.71
D200418,O104068,W101,FedEx,2026-08-07,2026-08-13,2026-08-18,Delayed,1190.05
D200419,O100145,W102,EcomExpress,2026-07-29,2026-08-03,2026-08-06,Delayed,1472.86
D200420,O102135,W109,EcomExpress,2026-09-05,2026-09-07,2026-09-06,In Transit,463.54
D200421,O108349,W113,DHL,2026-02-11,2026-02-14,2026-02-16,In Transit,187.54
D200422,O102831,W107,EcomExpress,2026-08-03,2026-08-06,2026-08-09,Delivered,337.84
D200423,O105415,W104,FedEx,2026-05-12,2026-05-17,2026-05-20,Delivered,1136.14
D200424,O106385,W106,BlueDart,2026-05-20,2026-05-26,2026-05-26,Delivered,426.92
D200425,O101570,W101,FedEx,2026-03-18,2026-03-25,2026-03-25,Delivered,324.2
D200426,O109150,W113,BlueDart,2026-08-10,2026-08-17,2026-08-16,Delivered,1174.82
D200427,O102422,W109,Delhivery,2026-03-06,2026-03-08,2026-03-11,Delivered,592.34
D200428,O106796,W118,FedEx,2026-05-30,2026-06-01,2026-06-03,Lost,710.02
D200429,O106122,W109,BlueDart,2026-06-03,2026-06-09,2026-06-15,Delivered,1449.96
D200430,O107364,W107,,2026-09-12,2026-09-14,2026-09-16,Delayed,948.72
D200431,O109395,W107,BlueDart,2026-01-31,2026-02-04,2026-02-07,Delivered,450.63
D200432,O106755,W113,EcomExpress,2026-05-13,2026-05-15,2026-05-18,Delivered,340.59
D200433,O109791,W104,Delhivery,2026-08-01,2026-08-06,2026-08-08,Delivered,760.02
D200434,O106279,W114,Delhivery,2026-08-29,2026-09-02,2026-09-06,Delivered,1197.25
D200435,O100633,W111,FedEx,2026-02-12,2026-02-16,2026-02-17,Delivered,281.27
D200436,O105990,W110,DHL,2026-02-28,2026-03-03,2026-03-06,Delivered,812.3
D200437,O102027,W112,BlueDart,2026-01-09,2026-01-13,2026-01-15,Delivered,1025.66
D200438,O103942,W111,DHL,2026-03-02,2026-03-08,2026-03-08,Delivered,205.73
D200439,O109100,W118,EcomExpress,2026-09-15,2026-09-17,2026-09-15,Delivered,1117.41
D200440,O106391,W109,FedEx,2026-08-26,2026-08-29,2026-09-02,Delivered,1283.82
D200441,O107502,W102,FedEx,2026-08-27,2026-09-03,2026-09-08,Delivered,1064.53
D200442,O106736,W119,Delhivery,2026-01-08,2026-01-11,2026-01-09,Delivered,248.44
D200443,O108346,W113,EcomExpress,2026-04-29,2026-05-04,2026-05-10,Delivered,423.66
D200444,O106950,W116,FedEx,2026-05-05,2026-05-10,2026-05-09,Delivered,326.01
D200445,O104928,W117,FedEx,2026-03-22,2026-03-28,2026-03-31,Delivered,1336.47
D200446,O103579,W105,FedEx,2026-06-17,2026-06-22,2026-06-25,Delivered,996.35
D200447,O108056,W110,Delhivery,2026-08-26,2026-09-02,2026-09-02,Delayed,807.19
D200448,O102941,W106,BlueDart,2026-01-25,2026-01-29,2026-01-29,Delivered,800.12
D200449,O100453,W115,BlueDart,2026-05-27,2026-06-02,2026-06-03,Delayed,1160.62
D200450,O107573,W116,Delhivery,2026-05-31,2026-06-02,2026-06-06,Delivered,654.46
D200451,O105395,W101,DHL,2026-04-25,2026-05-02,2026-05-01,Delivered,391.41
D200452,O106121,W105,DHL,2026-01-15,2026-01-21,2026-01-21,Delayed,965.54
D200453,O101680,W116,BlueDart,2026-08-26,2026-08-28,2026-08-29,In Transit,1309.73
D200454,O103830,W113,EcomExpress,2026-05-06,2026-05-11,2026-05-09,Delivered,734.09
D200455,O103587,W115,Delhivery,2026-03-10,2026-03-14,2026-03-19,Delivered,573.6
D200456,O105245,W112,EcomExpress,2026-06-07,2026-06-09,2026-06-13,Delivered,72.78
D200457,O103847,W104,BlueDart,2026-07-12,2026-07-14,2026-07-20,Delivered,1488.72
D200458,O102669,W117,EcomExpress,2026-08-05,2026-08-11,2026-08-17,Delivered,554.93
D200459,O104307,W115,DHL,2026-09-05,2026-09-08,2026-09-06,Delayed,1319.16
D200460,O100639,W109,DHL,2026-05-12,2026-05-16,2026-05-22,In Transit,822.24
D200461,O109756,W110,BlueDart,2026-01-31,2026-02-03,2026-02-04,Delivered,112.05
D200462,O105711,W114,Delhivery,2026-04-20,2026-04-27,2026-04-30,Delivered,563.84
D200463,O106346,W118,Delhivery,2026-01-30,2026-02-05,2026-02-03,Delivered,400.69
D200464,O100553,W108,DHL,2026-05-14,2026-05-17,2026-05-19,Delivered,628.86
D200465,O109982,W105, FedEx ,2026-04-27,2026-05-01,2026-05-01,Delivered,643.49
D200466,O104872,W119,FedEx,2026-02-21,2026-02-24,2026-02-22,Delivered,969.21
D200467,O107961,W104,Delhivery,2026-08-26,2026-08-30,2026-08-28,Delivered,966.83
D200468,O106240,W110,BlueDart,2026-08-15,2026-08-19,2026-08-21,Delivered,1099.25
D200469,O100751,W107,BlueDart,2026-09-14,2026-09-18,2026-09-18,Delivered,1322.09
D200470,O104753,W109,Delhivery,2026-03-15,2026-03-17,2026-03-21,Lost,845.59
D200471,O106360,W115,DHL,2026-05-14,2026-05-19,2026-05-25,Delivered,454.76
D200472,O106428,W118,bluedart,2026-07-26,2026-08-01,2026-07-31,Delivered,1382.96
D200473,O107461,W106,Delhivery,2026-03-24,2026-03-30,2026-04-03,Delayed,1263.32
D200474,O101507,W109,BlueDart,2026-05-26,2026-05-31,2026-06-04,Delayed,636.8
D200475,O100050,W117,Delhivery,2026-08-28,2026-09-01,2026-09-06,Delayed,666.8
D200476,O101554,W104,BlueDart,2026-01-12,2026-01-16,2026-01-17,Delivered,697.35
D200477,O106536,W101,Delhivery,2026-05-25,2026-06-01,2026-06-03,Delivered,633.9
D200478,O100270,W119,,2026-03-04,2026-03-11,2026-03-15,In Transit,1407.71
D200479,O102168,W107,Delhivery,2026-02-23,2026-02-25,2026-02-28,Delayed,348.74
D200480,O105387,W106,DHL,2026-04-09,2026-04-11,2026-04-16,Delayed,1033.09
D200481,O108396,W113,EcomExpress,2026-01-31,2026-02-02,2026-02-03,Delivered,287.89
D200482,O101042,W117,Delhivery,2026-02-17,2026-02-23,2026-02-27,Delivered,96.56
D200483,O109381,W117,Delhivery,2026-08-07,2026-08-14,2026-08-18,Delivered,177.9
D200484,O102348,W104,EcomExpress,2026-05-28,2026-06-04,2026-06-02,Delivered,102.8
D200485,O105558,W113,BlueDart,2026-05-06,2026-05-09,2026-05-14,Delivered,1228.97
D200486,O100083,W109,EcomExpress,2026-03-11,2026-03-18,2026-03-24,In Transit,1488.59
D200487,O107655,W115, ,2026-05-07,2026-05-13,2026-05-18,Delivered,1418.9
D200488,O100039,W117,BlueDart,2026-02-12,2026-02-16,2026-02-16,Delivered,77.54
D200489,O100365,W114,EcomExpress,2026-05-16,2026-05-22,2026-05-25,Delivered,1229.86
D200490,O104832,W108,DHL,2026-07-02,2026-07-06,2026-07-11,Delivered,535.65
D200491,O108309,W119,BlueDart,2026-07-14,2026-07-17,2026-07-23,Delivered,171.67
D200492,O106953,W115,Delhivery,2026-07-10,2026-07-13,2026-07-15,Delivered,631.57
D200493,O105930,W109,FedEx,2026-02-19,2026-02-23,2026-02-24,Delivered,804.5
D200494,O108180,W113,BlueDart,2026-03-05,2026-03-09,2026-03-13,Delivered,713.8
D200495,O100862,W100,FedEx,2026-03-27,2026-03-29,2026-04-02,Delivered,204.51
D200496,O101098,W107,EcomExpress,2026-08-26,2026-08-29,2026-09-01,In Transit,1411.32
D200497,O107396,W104,BlueDart,2026-07-08,2026-07-14,2026-07-12,Delivered,1376.06
D200498,O106313,W112,DHL,2026-02-11,2026-02-16,2026-02-20,Delivered,1059.64
D200499,O104629,W100,FedEx,2026-09-01,2026-09-07,2026-09-06,Delivered,450.58
D200500,O107610,W106,FedEx,2026-01-30,2026-02-04,2026-02-04,Delivered,1009.9
D200501,O108378,W106,FedEx,2026-01-12,2026-01-16,2026-01-20,Delivered,301.85
D200502,O109316,W119,FedEx,2026-05-06,2026-05-11,2026-05-11,Delivered,510.78
D200503,O104478,W100,,2026-05-19,2026-05-21,2026-05-25,Delivered,1414.05
D200504,O108425,W115,Delhivery,2026-05-04,2026-05-11,2026-05-13,Delayed,85.22
D200505,O102508,W104,FedEx,2026-08-24,2026-08-31,2026-08-30,Delivered,509.11
D200506,O102227,W112,FedEx,2026-05-19,2026-05-25,2026-05-23,Delivered,749.27
D200507,O106298,W101,EcomExpress,2026-04-12,2026-04-15,2026-04-19,Delivered,1266.18
D200508,O105544,W119,Delhivery,2026-03-21,2026-03-26,2026-03-29,Delivered,1325.87
D200509,O103084,W118,Delhivery,2026-07-01,2026-07-06,2026-07-08,Delivered,1030.29
D200510,O107135,W107,Delhivery,2026-07-15,2026-07-19,2026-07-22,Delivered,571.84
D200511,O107482,W110,DHL,2026-08-29,2026-08-31,2026-09-03,Delivered,1469.64
D200512,O100410,W102,FedEx,2026-06-01,2026-06-06,2026-06-04,Delivered,85.0
D200513,O109165,W118,EcomExpress,2026-01-15,2026-01-19,2026-01-24,Delivered,1447.22
D200514,O106506,W107,Delhivery,2026-06-19,2026-06-24,2026-06-22,Delivered,1423.3
D200515,O109691,W107,EcomExpress,2026-04-18,2026-04-23,2026-04-23,Delivered,621.75
D200516,O107363,W118,EcomExpress,2026-07-14,2026-07-19,2026-07-17,Delivered,331.41
D200517,O103883,W119,DHL,2026-03-12,2026-03-17,2026-03-16,Delayed,1209.02
D200518,O101782,W103,BlueDart,2026-06-11,2026-06-17,2026-06-20,Delivered,1031.94
D200519,O107415,W103,DHL,2026-02-16,2026-02-21,2026-02-23,Delivered,976.77
D200520,O106387,W100,BlueDart,2026-03-21,2026-03-27,2026-03-28,Delivered,1230.15
D200521,O101028,W113,BlueDart,2026-04-16,2026-04-18,2026-04-17,In Transit,366.11
D200522,O103692,W106,BlueDart,2026-03-05,2026-03-10,2026-03-13,In Transit,309.87
D200523,O107404,W115,DHL,2026-02-07,2026-02-12,2026-02-18,Delivered,1366.56
D200524,O108547,W118,DHL,2026-06-22,2026-06-28,2026-06-28,Delivered,737.75
D200525,O108493,W111,Delhivery,2026-05-13,2026-05-17,2026-05-21,Delivered,1046.32
D200526,O106896,W107,FedEx,2026-02-25,2026-03-01,2026-03-04,Delivered,465.83
D200527,O101387,W104,Delhivery,2026-02-04,2026-02-07,2026-02-06,Delivered,774.7
D200528,O100606,W111,DHL,2026-02-28,2026-03-05,2026-03-09,Delivered,388.93
D200529,O102790,W103,EcomExpress,2026-01-14,2026-01-17,2026-01-22,In Transit,929.1
D200530,O105023,W113,EcomExpress,2026-03-12,2026-03-15,2026-03-13,Delivered,279.64
D200531,O106665,W118,Delhivery,2026-01-15,2026-01-19,2026-01-18,Delivered,265.79
D200532,O104798,W111,Delhivery,2026-07-14,2026-07-21,2026-07-24,Delivered,1042.69
D200533,O101699,W109,BlueDart,2026-01-06,2026-01-13,2026-01-17,Delivered,629.67
D200534,O108536,W115,BlueDart,2026-09-08,2026-09-15,2026-09-18,In Transit,1297.09
D200535,O103482,W114,BlueDart,2026-02-22,2026-02-26,2026-03-03,Delayed,549.86
D200536,O101284,W110,BlueDart,2026-05-07,2026-05-13,2026-05-14,Delivered,574.11
D200537,O102137,W110,EcomExpress,2026-07-25,2026-07-31,2026-07-29,Delivered,365.6
D200538,O108812,W115,FedEx,2026-04-15,2026-04-20,2026-04-24,Delivered,1205.46
D200539,O109252,W100,DHL,2026-01-28,2026-02-03,2026-02-09,Delayed,1414.22
D200540,O101329,W104,BlueDart,2026-01-17,2026-01-22,2026-01-28,In Transit,586.1
D200541,O107618,W107,Delhivery,2026-07-04,2026-07-10,2026-07-15,Delivered,673.23
D200542,O105277,W111,DHL,2026-03-07,2026-03-14,2026-03-20,Delivered,506.68
D200543,O105227,W112,DHL,2026-04-01,2026-04-06,2026-04-10,Delivered,56.34
D200544,O107700,W108,DHL,2026-02-08,2026-02-10,2026-02-08,Delivered,1194.9
D200545,O104929,W110,Delhivery,2026-06-08,2026-06-11,2026-06-17,Delivered,566.88
D200546,O107813,W111,BlueDart,2026-05-16,2026-05-22,2026-05-24,Delivered,1428.07
D200547,O107807,W115,FedEx,2026-03-25,2026-03-27,2026-03-27,Delivered,231.28
D200548,O101726,W109,Delhivery,2026-08-06,2026-08-13,2026-08-19,Delayed,1118.21
D200549,O107845,W105,BlueDart,2026-08-13,2026-08-15,2026-08-20,Delivered,1358.94
D200550,O107570,W107,FedEx,2026-05-06,2026-05-13,2026-05-17,Delivered,997.31
D200551,O107108,W100,FedEx,2026-07-07,2026-07-09,2026-07-07,In Transit,907.68
D200552,O106363,W113,Delhivery,2026-04-13,2026-04-15,2026-04-21,In Transit,626.97
D200553,O102938,W119,FedEx,2026-05-16,2026-05-20,2026-05-24,Delivered,685.35
D200554,O106619,W113,EcomExpress,2026-03-11,2026-03-14,2026-03-14,Delayed,972.85
D200555,O103521,W113,EcomExpress,2026-06-11,2026-06-16,2026-06-18,Delivered,720.33
D200556,O102723,W116,DHL,2026-08-06,2026-08-11,2026-08-16,Delivered,1482.07
D200557,O108167,W114,Delhivery,2026-03-03,2026-03-10,2026-03-13,Delivered,717.94
D200558,O777777,W115,BlueDart,2026-03-05,2026-03-12,2026-03-15,Delivered,1348.86
D200559,O103060,W119,,2026-07-29,2026-08-02,2026-08-04,Delivered,430.11
D200560,O101004,W116, ,2026-02-25,2026-03-04,2026-03-06,Delayed,1014.76
D200561,O106957,W109,DHL,2026-06-10,2026-06-12,2026-06-11,Delivered,1453.81
D200562,O107859,W115,DHL,2026-06-09,2026-06-15,2026-06-13,In Transit,1466.17
D200563,O100674,W115,BlueDart,2026-05-19,2026-05-22,2026-05-26,Delivered,570.63
D200564,O107835,W113,DHL,2026-03-14,2026-03-17,2026-03-19,Delivered,583.38
D200565,O109803,W108,Delhivery,2026-07-31,2026-08-06,2026-08-07,Delivered,277.14
D200566,O108066,W116,DHL,2026-02-13,2026-02-18,2026-02-20,Delivered,173.47
D200567,O107423,W108,delhivery,2026-05-21,2026-05-23,2026-05-29,Delivered,425.93
D200568,O101420,W118,FedEx,2026-06-18,2026-06-22,2026-06-24,Delivered,797.92
D200569,O102080,W111,FedEx,2026-06-11,2026-06-13,2026-06-11,Delivered,971.24
D200570,O108635,W108,fedex,2026-04-18,2026-04-24,2026-04-29,In Transit,175.37
D200571,O101458,W117,EcomExpress,2026-08-13,2026-08-19,2026-08-20,Delivered,958.47
D200572,O102291,W101,DHL,2026-06-12,2026-06-16,2026-06-19,Delayed,613.14
D200573,O103215,W104,BlueDart,2026-03-20,2026-03-26,2026-03-25,Delivered,184.41
D200574,O105262,W101,DHL,2026-07-25,2026-07-30,2026-08-05,Delivered,83.69
D200575,O103046,W101,BlueDart,2026-03-07,2026-03-12,2026-03-17,Delivered,1274.16
D200576,O108075,W101,EcomExpress,2026-07-08,2026-07-13,2026-07-14,Delivered,1256.51
D200577,O109619,W118,EcomExpress,2026-01-31,2026-02-04,2026-02-06,In Transit,1360.35
D200578,O102242,W112,Delhivery,2026-02-24,2026-03-01,2026-03-05,Delivered,1344.66
D200579,O102632,W111,EcomExpress,2026-05-19,2026-05-24,2026-05-27,Delayed,1464.41
D200580,O103449,W119,FedEx,2026-06-09,2026-06-14,2026-06-18,In Transit,474.5
D200581,O104745,W112,Delhivery,2026-01-17,2026-01-20,2026-01-25,Delivered,541.4
D200582,O104693,W112,DHL,2026-04-04,2026-04-08,2026-04-11,Delivered,974.67
D200583,O107298,W103,Delhivery,2026-04-09,2026-04-13,2026-04-19,Delivered,638.52
D200584,O101981,W114,EcomExpress,2026-03-10,2026-03-15,2026-03-13,Delivered,945.72
D200585,O109470,W100,FedEx,2026-04-10,2026-04-16,2026-04-19,Delivered,441.06
D200586,O102950,W107,EcomExpress,2026-06-27,2026-07-04,2026-07-10,Delayed,1275.02
D200587,O101921,W112,DHL,2026-07-09,2026-07-16,2026-07-16,Delivered,1007.87
D200588,O107683,W102,FedEx,2026-04-28,2026-05-05,2026-05-07,Delivered,853.97
D200589,O101894,W114,,2026-06-28,2026-07-02,2026-07-02,Delivered,990.87
D200590,O108190,W112,EcomExpress,2026-01-29,2026-02-02,2026-01-31,Delayed,181.06
D200591,O101487,W114,EcomExpress,2026-04-16,2026-04-22,2026-04-26,In Transit,794.2
D200592,O104839,W111,BlueDart,2026-06-20,2026-06-25,2026-06-24,Delivered,1325.94
D200593,O100950,W116,FedEx,2026-03-29,2026-04-01,2026-03-30,Delivered,875.46
D200594,O101634,W114,BlueDart,2026-01-16,2026-01-18,2026-01-24,Delivered,337.6
D200595,O108769,W107,EcomExpress,2026-06-22,2026-06-28,2026-06-30,Delivered,138.85
D200596,O102256,W107,BlueDart,2026-01-15,2026-01-17,2026-01-23,Delivered,1342.9
D200597,O109759,W118,DHL,2026-09-11,2026-09-18,2026-09-17,Delivered,1379.16
D200598,O103510,W106,EcomExpress,2026-06-11,2026-06-17,2026-06-16,In Transit,1395.96
D200599,O100697,W108,DHL,2026-01-24,2026-01-27,2026-01-30,Delivered,1152.0
D200600,O100274,W101,BlueDart,2026-09-12,2026-09-19,2026-09-25,Delivered,516.9
D200601,O102701,W114,DHL,2026-02-15,2026-02-18,2026-02-20,Delivered,911.61
D200602,O103649,W109,EcomExpress,2026-08-19,2026-08-24,2026-08-30,Delayed,740.64
D200603,O100684,W113,EcomExpress,2026-04-19,2026-04-21,2026-04-25,Delivered,1282.64
D200604,O104655,W113,Delhivery,2026-07-04,2026-07-07,2026-07-11,In Transit,933.18
D200605,O100397,W114,BlueDart,2026-05-13,2026-05-17,2026-05-17,Delivered,1052.56
D200606,O102800,W101,Delhivery,2026-05-31,2026-06-03,2026-06-07,In Transit,749.49
D200607,O102960,W102,EcomExpress,2026-03-09,2026-03-14,2026-03-20,Delivered,1022.72
D200608,O101868,W116,Delhivery,2026-07-03,2026-07-06,2026-07-12,Delivered,803.39
D200609,O101141,W110,EcomExpress,2026-04-03,2026-04-10,2026-04-08,Delivered,1351.01
D200610,O108573,W108,EcomExpress,2026-05-24,2026-05-30,2026-06-03,Delivered,405.52
D200611,O102576,W116,EcomExpress,2026-08-31,2026-09-06,2026-09-09,Delivered,865.49
D200612,O102925,W112,BlueDart,2026-09-10,2026-09-12,2026-09-11,In Transit,181.19
D200613,O108594,W118,Delhivery,2026-09-08,2026-09-14,2026-09-20,Delayed,326.53
D200614,O107238,W109,DHL,2026-09-05,2026-09-07,2026-09-12,Delayed,617.18
D200615,O107990,W111,Delhivery,2026-05-10,2026-05-12,2026-05-11,Delivered,838.05
D200616,O101917,W105,,2026-05-27,2026-05-29,2026-05-30,Delivered,870.43
D200617,O103953,W112,BlueDart,2026-05-21,2026-05-28,2026-05-27,Delayed,92.93
D200618,O107541,W100,FedEx,2026-07-19,2026-07-23,2026-07-21,Delivered,1053.84
D200619,O109419,W102,DHL,2026-05-16,2026-05-18,2026-05-19,Delivered,1247.48
D200620,O109776,W118,DHL,2026-05-06,2026-05-12,2026-05-15,Delivered,278.21
D200621,O102471,W117,,2026-01-18,2026-01-24,2026-01-25,In Transit,951.4
D200622,O104866,W104,FedEx,2026-06-06,2026-06-09,2026-06-13,Delayed,1388.44
D200623,O107735,W102,Delhivery,2026-08-07,2026-08-10,2026-08-14,Delivered,919.2
D200624,O104601,W105,Delhivery,2026-05-25,2026-05-31,2026-06-02,Delivered,257.0
D200625,O106993,W103,Delhivery,2026-01-28,2026-02-04,2026-02-04,In Transit,194.39
D200626,O104900,W107,BlueDart,2026-01-25,2026-01-29,2026-01-29,Delivered,343.62
D200627,O102328,W119,EcomExpress,2026-08-11,2026-08-16,2026-08-19,Delivered,488.7
D200628,O108825,W117,Delhivery,2026-01-05,2026-01-07,2026-01-08,Delivered,556.97
D200629,O107484,W109,DHL,2026-07-17,2026-07-20,2026-07-25,Delivered,795.64
D200630,O101643,W117,Delhivery,2026-03-11,2026-03-17,2026-03-20,In Transit,1002.19
D200631,O106264,W111,EcomExpress,2026-07-19,2026-07-21,2026-07-19,Delivered,289.56
D200632,O106060,W101,Delhivery,2026-06-02,2026-06-05,2026-06-09,Delivered,848.13
D200633,O106409,W100,BlueDart,2026-08-11,2026-08-13,2026-08-16,Delivered,983.37
D200634,O105669,W117,EcomExpress,2026-03-06,2026-03-08,2026-03-10,Delivered,625.3
D200635,O109003,W106,BlueDart,2026-08-23,2026-08-30,2026-08-28,Delivered,745.17
D200636,O105922,W101,BlueDart,2026-07-06,2026-07-11,2026-07-17,Delivered,1131.18
D200637,O105137,W104,BlueDart,2026-07-06,2026-07-08,2026-07-11,Delivered,1234.67
D200638,O106168,W109,dhl,2026-04-17,2026-04-20,2026-04-23,In Transit,649.87
D200639,O108098,W109, ,2026-09-12,2026-09-14,2026-09-19,Delivered,440.88
D200640,O102758,W103,FedEx,2026-08-25,2026-09-01,2026-09-06,Delayed,813.4
D200641,O103876,W102,FedEx,2026-04-27,2026-04-29,2026-04-28,Delayed,769.34
D200642,O103544,W105,DHL,2026-06-30,2026-07-04,2026-07-08,Delivered,912.66
D200643,O102962,W109,DHL,2026-05-29,2026-06-03,2026-06-02,Delivered,570.47
D200644,O107085,W115,BlueDart,2026-07-14,2026-07-18,2026-07-16,Delivered,1233.68
D200645,O104532,W119,FedEx,2026-01-11,2026-01-13,2026-01-19,In Transit,873.53
D200646,O109471,W101,FedEx,2026-02-21,2026-02-23,2026-02-24,Delayed,861.73
D200647,O108051,W109,Delhivery,2026-03-13,2026-03-19,2026-03-22,Delivered,409.38
D200648,O103795,W108,EcomExpress,2026-03-04,2026-03-07,2026-03-10,Delayed,768.82
D200649,O106455,W114,Delhivery,2026-01-12,2026-01-19,2026-01-19,Delivered,1365.83
D200650,O104476,W104,FedEx,2026-05-11,2026-05-14,2026-05-13,Delivered,852.82
D200651,O107891,W105,,2026-01-13,2026-01-16,2026-01-18,Delivered,213.19
D200652,O103483,W104,BlueDart,2026-08-28,2026-09-04,2026-09-08,Delivered,805.63
D200653,O101204,W112,Delhivery,2026-03-22,2026-03-28,2026-03-27,Delivered,321.46
D200654,O101489,W111,EcomExpress,2026-07-04,2026-07-06,2026-07-09,Delivered,1375.03
D200655,O109966,W112,DHL,2026-05-10,2026-05-17,2026-05-16,In Transit,819.07
D200656,O103403,W117,FedEx,2026-07-01,2026-07-03,2026-07-04,Delivered,1114.01
D200657,O106229,W113,FedEx,2026-04-12,2026-04-19,2026-04-19,Delivered,137.82
D200658,O105010,W105,FedEx,2026-08-11,2026-08-17,2026-08-23,Delivered,638.12
D200659,O105469,W104,DHL,2026-01-23,2026-01-26,2026-01-28,Delivered,915.07
D200660,O102844,W104,BlueDart,2026-02-17,2026-02-22,2026-02-23,Delivered,211.91
D200661,O109199,W101,EcomExpress,2026-08-11,2026-08-17,2026-08-15,Delivered,135.76
D200662,O103394,W116,BlueDart,2026-01-31,2026-02-07,2026-02-08,Delivered,1379.26
D200663,O106495,W118,DHL,2026-04-24,2026-04-26,2026-04-27,Delivered,214.58
D200664,O106860,W111,BlueDart,2026-03-14,2026-03-16,2026-03-14,Delayed,807.57
D200665,O107410,W103,BlueDart,2026-05-10,2026-05-13,2026-05-14,Delivered,1420.05
D200666,O107432,W119,Delhivery,2026-08-28,2026-09-02,2026-09-05,Delayed,69.33
D200667,O105807,W117,DHL,2026-01-16,2026-01-22,2026-01-27,Delivered,1287.93
D200668,O102542,W117,Delhivery,2026-08-14,2026-08-21,2026-08-21,Delivered,351.92
D200669,O106454,W105,DHL,2026-03-15,2026-03-17,2026-03-16,Delivered,1401.8
D200670,O101734,W109,FedEx,2026-07-23,2026-07-27,2026-07-26,Delivered,770.29
D200671,O107979,W103,,2026-03-11,2026-03-15,2026-03-17,Delivered,261.15
D200672,O108623,W108,DHL,2026-07-04,2026-07-11,2026-07-09,In Transit,794.85
D200673,O107064,W101,FedEx,2026-02-23,2026-02-26,2026-03-01,Delayed,962.09
D200674,O102511,W114,EcomExpress,2026-09-02,2026-09-09,2026-09-13,In Transit,939.86
D200675,O107092,W118,FedEx,2026-06-01,2026-06-07,2026-06-12,Delivered,1119.58
D200676,O103732,W105,EcomExpress,2026-04-14,2026-04-18,2026-04-20,Delivered,1485.99
D200677,O107117,W113,FedEx,2026-03-05,2026-03-07,2026-03-11,Delivered,532.06
D200678,O103667,W115,EcomExpress,2026-07-21,2026-07-28,2026-07-29,In Transit,951.69
D200679,O102611,W116,BlueDart,2026-01-30,2026-02-03,2026-02-03,Delivered,142.32
D200680,O107048,W118,Delhivery,2026-04-22,2026-04-29,2026-05-01,Delivered,807.71
D200681,O104848,W107,BlueDart,2026-03-09,2026-03-13,2026-03-11,Delivered,1463.62
D200682,O101647,W101,Delhivery,2026-07-10,2026-07-14,2026-07-15,Delayed,702.34
D200683,O103200,W105,EcomExpress,2026-01-31,2026-02-02,2026-02-03,In Transit,1160.63
D200684,O100382,W101,,2026-04-29,2026-05-06,2026-05-12,Delivered,613.06
D200685,O104549,W119,EcomExpress,2026-06-02,2026-06-08,2026-06-12,Delivered,1434.18
D200686,O107881,W104,DHL,2026-05-07,2026-05-13,2026-05-16,Delayed,609.24
D200687,O108411,W116,EcomExpress,2026-05-13,2026-05-15,2026-05-21,Delivered,1228.15
D200688,O102066,W114,DHL,2026-05-17,2026-05-20,2026-05-24,Delivered,1188.81
D200689,O103958,W103,DHL,2026-03-21,2026-03-24,2026-03-22,Delivered,268.36
D200690,O105032,W108,Delhivery,2026-08-24,2026-08-29,2026-09-03,Delivered,1278.34
D200691,O106847,W106,FedEx,2026-07-03,2026-07-05,2026-07-11,Delivered,1074.3
D200692,O100085,W104,BlueDart,2026-03-21,2026-03-23,2026-03-29,Delivered,296.06
D200693,O108529,W112,FedEx,2026-05-05,2026-05-12,2026-05-14,Delayed,408.41
D200694,O102291,W100,FedEx,2026-08-07,2026-08-09,2026-08-09,Delivered,534.86
D200695,O107983,W103,FedEx,2026-02-16,2026-02-21,2026-02-25,Delivered,65.87
D200696,O107707,W105,BlueDart,2026-09-13,2026-09-19,2026-09-17,Delivered,908.29
D200697,O103487,W104,EcomExpress,2026-05-16,2026-05-21,2026-05-27,Delivered,1032.56
D200698,O102168,W113,Delhivery,2026-08-01,2026-08-06,2026-08-06,Delivered,580.96
D200699,O109749,W110,EcomExpress,2026-05-15,2026-05-19,2026-05-19,Delivered,523.54
D200700,O104278,W116,Delhivery,2026-06-22,2026-06-25,2026-07-01,In Transit,1118.61
D200701,O108063,W100,DHL,2026-06-06,2026-06-09,2026-06-07,Delivered,514.3
D200702,O106186,W109,FedEx,2026-07-01,2026-07-05,2026-07-04,In Transit,184.15
D200703,O101266,W109,Delhivery,2026-07-01,2026-07-03,2026-07-01,Delayed,840.63
D200704,O105883,W112,FedEx,2026-08-22,2026-08-26,2026-08-25,Delivered,1196.87
D200705,O101175,W101,DHL,2026-03-01,2026-03-03,2026-03-02,Delivered,914.61
D200706,O101859,W119,Delhivery,2026-03-30,2026-04-02,2026-04-05,Delivered,1068.76
D200707,O107225,W101,BlueDart,2026-08-18,2026-08-21,2026-08-21,Delivered,1179.42
D200708,O108674,W119,FedEx,2026-04-09,2026-04-15,2026-04-14,Delivered,1402.15
D200709,O101631,W108,,2026-02-25,2026-03-01,2026-03-05,Delayed,1228.58
D200710,O100693,W100,DHL,2026-09-10,2026-09-17,2026-09-21,Delivered,692.68
D200711,O106293,W117,Delhivery,2026-05-28,2026-06-01,2026-06-04,Delivered,466.03
D200712,O107230,W102,FedEx,2026-03-15,2026-03-22,2026-03-23,In Transit,64.39
D200713,O108420,W103,EcomExpress,2026-08-13,2026-08-20,2026-08-23,Delivered,601.84
D200714,O106446,W101, Delhivery ,2026-02-24,2026-02-28,2026-02-27,Delivered,-500.0
D200715,O105553,W102,FedEx,2026-04-28,2026-05-01,2026-05-05,In Transit,999.34
D200716,O105362,W117,BlueDart,2026-03-09,2026-03-15,2026-03-16,Delivered,615.77
D200717,O107220,W118,Delhivery,2026-03-16,2026-03-21,2026-03-25,Delivered,1214.82
D200718,O104534,W109,FedEx,2026-05-24,2026-05-29,2026-06-03,In Transit,1493.69
D200719,O104264,W110,,2026-01-13,2026-01-20,2026-01-23,Delivered,1193.87
D200720,O101533,W115,Delhivery,2026-03-24,2026-03-26,2026-03-25,Delivered,1165.93
D200721,O104374,W119,DHL,2026-04-20,2026-04-23,2026-04-24,Delivered,719.59
D200722,O109568,W104,FedEx,2026-04-17,2026-04-20,2026-04-22,Delivered,615.81
D200723,O102180,W111,EcomExpress,2026-07-21,2026-07-27,2026-08-02,Delivered,192.09
D200724,O103509,W111,BlueDart,2026-03-08,2026-03-14,2026-03-20,Delivered,931.71
D200725,O105532,W115,DHL,2026-09-01,2026-09-07,2026-09-12,Delayed,511.95
D200726,O103410,W113,EcomExpress,2026-07-18,2026-07-23,2026-07-21,Delivered,758.69
D200727,O101835,W119,EcomExpress,2026-02-22,2026-02-25,2026-02-23,Delivered,807.48
D200728,O101863,W111,DHL,2026-08-25,2026-08-30,2026-08-31,Delivered,828.57
D200729,O109185,W118,EcomExpress,2026-07-29,2026-08-03,2026-08-09,In Transit,609.95
D200730,O104457,W112,EcomExpress,2026-05-19,2026-05-25,2026-05-30,Delivered,607.68
D200731,O101347,W104,EcomExpress,2026-01-16,2026-01-19,2026-01-25,In Transit,191.28
D200732,O108533,W112,EcomExpress,2026-05-22,2026-05-28,2026-05-29,Delivered,592.1
D200733,O101396,W105,BlueDart,2026-01-21,2026-01-27,2026-02-01,Delayed,1191.3
D200734,O104412,W105,DHL,2026-05-23,2026-05-28,2026-05-26,Delivered,523.28
D200735,O104574,W116,FedEx,2026-07-19,2026-07-22,2026-07-24,Delivered,701.85
D200736,O106313,W100,BlueDart,2026-06-22,2026-06-27,2026-06-26,Delivered,707.97
D200737,O103843,W105,DHL,2026-07-07,2026-07-12,2026-07-17,Delivered,1158.38
D200738,O108882,W109,DHL,2026-02-20,2026-02-25,2026-02-23,Delivered,583.43
D200739,O109245,W112,BlueDart,2026-02-11,2026-02-15,2026-02-20,Delivered,296.24
D200740,O103025,W110,BlueDart,2026-03-25,2026-03-30,2026-04-02,Delivered,100.26
D200741,O105273,W108,Delhivery,2026-07-13,2026-07-20,2026-07-21,Lost,1156.33
D200742,O106815,W117,EcomExpress,2026-04-29,2026-05-03,2026-05-05,Delivered,706.8
D200743,O109054,W116,EcomExpress,2026-02-10,2026-02-16,2026-02-14,Delivered,694.78
D200744,O108103,W104,BlueDart,2026-03-04,2026-03-07,2026-03-06,Delivered,518.28
D200745,O104125,W115,Delhivery,2026-01-09,2026-01-14,2026-01-14,Delayed,126.55
D200746,O103536,W101,Delhivery,2026-06-29,2026-07-01,2026-07-07,Delivered,1124.21
D200747,O100861,W112,DHL,2026-01-04,2026-01-11,2026-01-12,In Transit,1174.64
D200748,O107425,W108,BlueDart,2026-03-11,2026-03-18,2026-03-16,Delayed,1415.51
D200749,O102312,W103,EcomExpress,2026-03-09,2026-03-11,2026-03-11,Delayed,670.4
D200750,O109485,W118,EcomExpress,2026-03-24,2026-03-31,2026-04-04,Delivered,269.56
D200751,O107614,W103,BlueDart,2026-01-20,2026-01-27,2026-01-27,Delivered,636.85
D200752,O105270,W118,BlueDart,2026-09-02,2026-09-09,2026-09-13,Delivered,610.22
D200753,O107773,W105,DHL,2026-05-30,2026-06-01,2026-06-03,Delayed,838.14
D200754,O103990,W108,Delhivery,2026-06-23,2026-06-28,2026-06-28,Delayed,313.4
D200755,O109510,W112,Delhivery,2026-07-02,2026-07-09,2026-07-09,Delivered,569.83
D200756,O101000,W107,EcomExpress,2026-03-28,2026-04-03,2026-04-03,Delivered,1402.09
D200757,O109109,W106,FedEx,2026-03-11,2026-03-14,2026-03-15,Delivered,1271.9
D200758,O107635,W118,FedEx,2026-08-15,2026-08-18,2026-08-21,In Transit,223.13
D200759,O102938,W117,EcomExpress,2026-08-04,2026-08-07,2026-08-13,Delivered,114.32
D200760,O102746,W110,BlueDart,2026-09-09,2026-09-14,2026-09-12,Delivered,885.25
D200761,O104724,W115,DHL,2026-09-04,2026-09-08,2026-09-11,Delayed,1301.13
D200762,O108323,W112,FedEx,2026-05-20,2026-05-27,2026-05-25,Delivered,845.13
D200763,O105995,W119,FedEx,2026-04-04,2026-04-06,2026-04-09,Delivered,527.07
D200764,O105870,W104, ,2026-04-16,2026-04-21,2026-04-25,Delivered,1481.58
D200765,O103785,W117,BlueDart,2026-04-18,2026-04-25,2026-04-29,Delivered,50.71
D200766,O103173,W113,Delhivery,2026-06-12,2026-06-16,2026-06-15,Delivered,169.19
D200767,O105463,W111,EcomExpress,2026-05-16,2026-05-23,2026-05-27,In Transit,114.75
D200768,O108452,W104,Delhivery,2026-04-22,2026-04-25,2026-05-01,In Transit,184.97
D200769,O104583,W111,EcomExpress,2026-04-28,2026-05-05,2026-05-04,Delivered,808.44
D200770,O109925,W100,Delhivery,2026-08-22,2026-08-27,2026-08-31,Delayed,464.81
D200771,O106114,W116,BlueDart,2026-04-10,2026-04-13,2026-04-18,Delivered,1439.29
D200772,O105482,W100,Delhivery,2026-03-10,2026-03-12,2026-03-12,Delayed,1186.31
D200773,O102503,W116,Delhivery,2026-08-14,2026-08-16,2026-08-20,In Transit,346.48
D200774,O105647,W116,BlueDart,2026-04-21,2026-04-27,2026-05-03,Delivered,562.48
D200775,O107078,W102,EcomExpress,2026-08-03,2026-08-05,2026-08-09,Delivered,1311.17
D200776,O105278,W102,Delhivery,2026-04-06,2026-04-08,2026-04-10,Delayed,-500.0
D200777,O101843,W103,FedEx,2026-02-10,2026-02-17,2026-02-18,Delivered,1067.57
D200778,O100335,W102,BlueDart,2026-06-26,2026-06-28,2026-07-04,Delivered,866.02
D200779,O101106,W108,EcomExpress,2026-03-03,2026-03-05,2026-03-05,Delivered,849.59
D200780,O107116,W105,FedEx,2026-01-22,2026-01-26,2026-01-29,In Transit,960.95
D200781,O104838,W107,DHL,2026-01-07,2026-01-14,2026-01-17,Delivered,587.56
D200782,O105398,W103,EcomExpress,2026-03-12,2026-03-19,2026-03-22,Delivered,959.91
D200783,O104648,W116,Delhivery,2026-07-14,2026-07-18,2026-07-19,Delivered,1143.27
D200784,O109916,W107,BlueDart,2026-01-01,2026-01-08,2026-01-09,Delayed,810.5
D200785,O100773,W108,BlueDart,2026-09-08,2026-09-10,2026-09-12,Delivered,696.45
D200786,O106521,W109,FedEx,2026-08-14,2026-08-17,2026-08-18,Delivered,167.37
D200787,O109649,W101,FedEx,2026-03-26,2026-03-30,2026-04-05,In Transit,78.36
D200788,O106328,W103,DHL,2026-02-04,2026-02-08,2026-02-13,Delivered,494.71
D200789,O101208,W113,FedEx,2026-05-12,2026-05-15,2026-05-19,Lost,94.02
D200790,O108610,W103,FedEx,2026-04-10,2026-04-16,2026-04-17,Delivered,1439.56
D200791,O106334,W114,BlueDart,2026-05-09,2026-05-15,2026-05-15,Delivered,74.76
D200792,O109327,W100,EcomExpress,2026-07-17,2026-07-24,2026-07-28,Delivered,1429.15
D200793,O100169,W106,DHL,2026-07-15,2026-07-22,2026-07-20,Delivered,1018.27
D200794,O100374,W119,delhivery,2026-06-25,2026-06-27,2026-07-02,Delivered,204.93
D200795,O103497,W112,BlueDart,2026-04-21,2026-04-24,2026-04-25,Delayed,418.68
D200796,O109752,W100,FedEx,2026-09-12,2026-09-16,2026-09-20,Delivered,1468.0
D200797,O104026,W107,Delhivery,2026-02-04,2026-02-07,2026-02-09,In Transit,56.11
D200798,O107452,W118,DHL,2026-07-04,2026-07-06,2026-07-06,Delivered,83.0
D200799,O102317,W101,BlueDart,2026-07-02,2026-07-06,2026-07-05,Delivered,1333.09
D200800,O106059,W105,Delhivery,2026-09-01,2026-09-05,2026-09-05,Delivered,767.56
D200801,O101314,W104,Delhivery,2026-05-08,2026-05-13,2026-05-13,Delayed,150.09
D200802,O106649,W100,FedEx,2026-02-27,2026-03-03,2026-03-02,Delivered,1226.06
D200803,O102117,W104,Delhivery,2026-01-14,2026-01-16,2026-01-15,Delayed,644.14
D200804,O106813,W106,Delhivery,2026-07-02,2026-07-05,2026-07-05,Delivered,687.06
D200805,O104251,W100,DHL,2026-04-03,2026-04-09,2026-04-11,Delivered,1285.24
D200806,O104122,W112,Delhivery,2026-01-03,2026-01-07,2026-01-10,Delivered,89.83
D200807,O108748,W118,BlueDart,2026-04-10,2026-04-13,2026-04-17,Delayed,1330.56
D200808,O107949,W106,Delhivery,2026-02-03,2026-02-09,2026-02-14,Delivered,1171.97
D200809,O109403,W117,FedEx,2026-08-21,2026-08-27,2026-08-28,In Transit,336.34
D200810,O105847,W113,DHL,2026-04-24,2026-04-30,2026-05-03,Delivered,627.24
D200811,O109566,W115,DHL,2026-01-16,2026-01-22,2026-01-21,Delivered,893.81
D200812,O104179,W112,EcomExpress,2026-07-05,2026-07-09,2026-07-09,Delayed,385.31
D200813,O106013,W114,Delhivery,2026-01-27,2026-02-03,2026-02-09,Delivered,430.86
D200814,O100382,W108,FedEx,2026-09-01,2026-09-04,2026-09-08,Delayed,799.3
D200815,O103807,W108,EcomExpress,2026-04-18,2026-04-23,2026-04-22,Delivered,912.85
D200816,O108469,W119,EcomExpress,2026-04-30,2026-05-05,2026-05-05,Delayed,576.63
D200817,O103607,W119,FedEx,2026-08-28,2026-09-01,2026-09-04,In Transit,1438.13
D200818,O107666,W115,EcomExpress,2026-08-19,2026-08-25,2026-08-27,Delivered,283.8
D200819,O103905,W107,DHL,2026-04-27,2026-05-02,2026-05-08,Delivered,538.05
D200820,O109979,W114,FedEx,2026-02-23,2026-02-28,2026-03-01,Delivered,1166.16
D200821,O102526,W118,EcomExpress,2026-03-08,2026-03-12,2026-03-10,Delivered,952.13
D200822,O108576,W119,DHL,2026-09-01,2026-09-06,2026-09-05,In Transit,212.47
D200823,O101004,W115,EcomExpress,2026-04-09,2026-04-13,2026-04-16,Lost,460.46
D200824,O102200,W108,BlueDart,2026-05-21,2026-05-24,2026-05-23,Delayed,764.3
D200825,O105609,W104,EcomExpress,2026-02-13,2026-02-19,2026-02-23,Delayed,705.37
D200826,O100561,W106,EcomExpress,2026-06-09,2026-06-16,2026-06-17,Delayed,615.26
D200827,O101393,W113,FedEx,2026-06-24,2026-07-01,2026-07-06,Delivered,63.82
D200828,O109723,W119,BlueDart,2026-01-27,2026-02-02,2026-02-08,Delivered,412.0
D200829,O102881,W116,DHL,2026-03-23,2026-03-26,2026-03-26,Delayed,335.96
D200830,O106824,W106,FedEx,2026-08-21,2026-08-24,2026-08-22,In Transit,103.75
D200831,O109861,W116,DHL,2026-07-11,2026-07-14,2026-07-18,In Transit,613.99
D200832,O101963,W109,DHL,2026-01-14,2026-01-17,2026-01-16,Delivered,159.58
D200833,O105797,W107,,2026-03-18,2026-03-22,2026-03-28,In Transit,183.81
D200834,O105007,W105,DHL,2026-07-30,2026-08-05,2026-08-04,In Transit,1412.22
D200835,O101833,W101,DHL,2026-01-10,2026-01-17,2026-01-19,Delivered,947.7
D200836,O102398,W119,DHL,2026-01-01,2026-01-07,2026-01-08,Delivered,776.11
D200837,O100508,W119,Delhivery,2026-01-31,2026-02-04,2026-02-02,Delivered,404.57
D200838,O107413,W108,Delhivery,2026-08-30,2026-09-03,2026-09-01,Delivered,424.03
D200839,O107388,W118,Delhivery,2026-03-19,2026-03-21,2026-03-27,Delivered,525.45
D200840,O108441,W102,EcomExpress,2026-03-30,2026-04-01,2026-04-06,Delivered,159.01
D200841,O106762,W100,DHL,2026-01-15,2026-01-17,2026-01-20,Delivered,1041.2
D200842,O105564,W107,FedEx,2026-09-02,2026-09-06,2026-09-08,Delayed,464.48
D200843,O107593,W105,EcomExpress,2026-02-13,2026-02-15,2026-02-18,Delivered,1397.14
D200844,O108730,W112,FedEx,2026-03-22,2026-03-29,2026-03-27,Delayed,547.22
D200845,O105250,W113,Delhivery,2026-03-04,2026-03-06,2026-03-06,In Transit,1240.71
D200846,O102079,W115,DHL,2026-05-23,2026-05-30,2026-06-01,Delayed,375.37
D200847,O101744,W110,EcomExpress,2026-06-27,2026-07-01,2026-06-30,Delayed,1471.72
D200848,O105062,W117,Delhivery,2026-04-03,2026-04-06,2026-04-05,Delivered,565.78
D200849,O104881,W111,BlueDart,2026-05-06,2026-05-12,2026-05-16,Delivered,1426.71
D200850,O101914,W103,BlueDart,2026-06-15,2026-06-18,2026-06-18,Delayed,1241.25
D200851,O104356,W119,Delhivery,2026-07-31,2026-08-03,2026-08-05,Delayed,-500.0
D200852,O100625,W104,DHL,2026-01-20,2026-01-27,2026-02-02,Delivered,1380.98
D200853,O107469,W106,EcomExpress,2026-03-09,2026-03-11,2026-03-15,In Transit,180.49
D200854,O102356,W107,BlueDart,2026-05-01,2026-05-07,2026-05-08,In Transit,326.34
D200855,O101199,W113,BlueDart,2026-04-18,2026-04-20,2026-04-21,Delivered,848.27
D200856,O101335,W118,EcomExpress,2026-02-08,2026-02-14,2026-02-15,Delayed,1320.25
D200857,O106018,W100,FedEx,2026-06-17,2026-06-23,2026-06-23,Delivered,627.9
D200858,O101095,W101,BlueDart,2026-08-26,2026-08-30,2026-08-28,Delivered,289.78
D200859,O104603,W112,DHL,2026-06-29,2026-07-03,2026-07-03,Delivered,93.67
D200860,O108762,W106,Delhivery,2026-02-28,2026-03-06,2026-03-06,Delivered,1151.58
D200861,O104865,W108,EcomExpress,2026-08-24,2026-08-30,2026-09-03,Delivered,1012.77
D200862,O106034,W119,Delhivery,2026-07-04,2026-07-08,2026-07-11,Delivered,815.77
D200863,O106308,W116,DHL,2026-08-17,2026-08-23,2026-08-21,Delivered,294.46
D200864,O107459,W110,DHL,2026-01-16,2026-01-20,2026-01-24,Delayed,339.62
D200865,O109934,W108,Delhivery,2026-04-12,2026-04-17,2026-04-22,Delivered,954.08
D200866,O105659,W103,DHL,2026-03-27,2026-04-02,2026-04-08,Delivered,1498.47
D200867,O102281,W107,Delhivery,2026-04-11,2026-04-14,2026-04-16,In Transit,245.08
D200868,O101176,W117,EcomExpress,2026-01-08,2026-01-11,2026-01-13,Delivered,1414.81
D200869,O108378,W109,EcomExpress,2026-01-30,2026-02-04,2026-02-07,Delivered,1408.37
D200870,O106250,W118,BlueDart,2026-08-11,2026-08-18,2026-08-21,Delivered,1319.8
D200871,O106991,W116,EcomExpress,2026-01-02,2026-01-07,2026-01-09,Delayed,827.47
D200872,O102425,W115,Delhivery,2026-05-25,2026-06-01,2026-05-31,Delivered,717.4
D200873,O100986,W109,FedEx,2026-02-04,2026-02-11,2026-02-15,In Transit,151.08
D200874,O100374,W108,Delhivery,2026-08-27,2026-09-03,2026-09-02,Delivered,149.19
D200875,O102231,W113,EcomExpress,2026-06-22,2026-06-24,2026-06-22,Delivered,328.75
D200876,O105043,W106,DHL,2026-01-07,2026-01-11,2026-01-09,Delivered,751.1
D200877,O100833,W100,Delhivery,2026-03-28,2026-03-30,2026-04-02,Delivered,721.08
D200878,O108437,W116,DHL,2026-05-24,2026-05-27,2026-06-01,Delivered,537.8
D200879,O107152,W104,FedEx,2026-03-04,2026-03-10,2026-03-11,Delivered,1121.44
D200880,O105837,W103,EcomExpress,2026-04-24,2026-04-28,2026-04-28,Delayed,156.04
D200881,O105990,W108,FedEx,2026-01-13,2026-01-18,2026-01-22,In Transit,1271.42
D200882,O103669,W116,Delhivery,2026-01-25,2026-02-01,2026-02-02,Delayed,91.69
D200883,O100779,W115,EcomExpress,2026-08-16,2026-08-21,2026-08-25,Delivered,1389.45
D200884,O107175,W112,DHL,2026-08-05,2026-08-11,2026-08-11,Delivered,1131.45
D200885,O102582,W114,FedEx,2026-09-10,2026-09-15,2026-09-21,Delayed,962.76
D200886,O109189,W114,BlueDart,2026-06-28,2026-07-01,2026-07-01,Delivered,275.25
D200887,O104337,W114,Delhivery,2026-09-06,2026-09-11,2026-09-11,Delayed,497.73
D200888,O100489,W101,EcomExpress,2026-06-16,2026-06-21,2026-06-27,Delivered,759.18
D200889,O107189,W107,FedEx,2026-06-24,2026-06-29,2026-07-03,Delivered,1160.76
D200890,O105785,W106,Delhivery,2026-06-23,2026-06-26,2026-06-24,Delivered,349.04
D200891,O103014,W108,DHL,2026-01-03,2026-01-05,2026-01-11,Delivered,1261.69
D200892,O106748,W112,BlueDart,2026-06-23,2026-06-29,2026-07-05,Delivered,1211.48
D200893,O100763,W119,DHL,2026-02-19,2026-02-22,2026-02-20,Delivered,948.49
D200894,O104857,W117,FedEx,2026-06-05,2026-06-09,2026-06-09,Lost,1034.76
D200895,O105883,W107,EcomExpress,2026-06-21,2026-06-28,2026-06-30,Delivered,360.96
D200896,O104453,W100,BlueDart,2026-01-23,2026-01-26,2026-01-30,Delayed,-500.0
D200897,O103775,W117,Delhivery,2026-06-01,2026-06-03,2026-06-07,Delivered,1062.91
D200898,O103240,W112,Delhivery,2026-08-13,2026-08-19,2026-08-22,Delayed,133.82
D200899,O105068,W110,BlueDart,2026-04-01,2026-04-06,2026-04-09,Delivered,747.14
D200900,O107042,W110,FedEx,2026-05-08,2026-05-10,2026-05-12,Delayed,752.01
D200901,O109645,W108,EcomExpress,2026-07-20,2026-07-26,2026-07-31,In Transit,521.23
D200902,O104700,W115,DHL,2026-07-31,2026-08-02,2026-08-05,Delivered,672.16
D200903,O106847,W105,EcomExpress,2026-05-30,2026-06-06,2026-06-09,Delivered,1414.65
D200904,O106619,W115,BlueDart,2026-07-21,2026-07-23,2026-07-29,Delivered,1332.98
D200905,O109337,W106,FedEx,2026-03-07,2026-03-12,2026-03-13,Delivered,386.89
D200906,O103283,W102,EcomExpress,2026-08-17,2026-08-23,2026-08-28,Delivered,1447.82
D200907,O103869,W110,Delhivery,2026-04-02,2026-04-07,2026-04-11,Delivered,848.88
D200908,O107015,W112,DHL,2026-09-14,2026-09-16,2026-09-16,Delivered,174.74
D200909,O106002,W118,DHL,2026-08-08,2026-08-13,2026-08-16,Delivered,727.21
D200910,O102058,W100,FedEx,2026-06-23,2026-06-26,2026-06-28,Delivered,627.34
D200911,O106333,W102,DHL,2026-02-23,2026-02-28,2026-03-04,Delivered,1438.02
D200912,O106768,W113,BlueDart,2026-03-05,2026-03-12,2026-03-18,In Transit,1060.85
D200913,O109316,W113,Delhivery,2026-05-28,2026-06-03,2026-06-09,In Transit,1182.46
D200914,O108216,W102,Delhivery,2026-03-10,2026-03-13,2026-03-19,In Transit,1028.97
D200915,O109380,W104,Delhivery,2026-01-21,2026-01-25,2026-01-24,Delivered,620.53
D200916,O106355,W101,Delhivery,2026-06-07,2026-06-13,2026-06-12,Delivered,253.36
D200917,O104442,W101,Delhivery,2026-04-26,2026-05-01,2026-04-30,Delivered,732.96
D200918,O101195,W116,Delhivery,2026-05-19,2026-05-24,2026-05-25,Delivered,578.24
D200919,O108839,W108,DHL,2026-06-15,2026-06-22,2026-06-28,Delivered,146.77
D200920,O104947,W114,EcomExpress,2026-01-24,2026-01-29,2026-02-01,In Transit,607.38
D200921,O100623,W109,FedEx,2026-05-13,2026-05-16,2026-05-16,Delivered,849.19
D200922,O107522,W107,Delhivery,2026-07-25,2026-07-28,2026-08-01,Delivered,875.74
D200923,O105192,W103,FedEx,2026-03-16,2026-03-20,2026-03-26,Delivered,1493.08
D200924,O106256,W118,Delhivery,2026-02-24,2026-02-26,2026-03-01,Delivered,604.52
D200925,O103199,W114,BlueDart,2026-09-07,2026-09-13,2026-09-15,Delayed,496.22
D200926,O106650,W110,DHL,2026-07-17,2026-07-22,2026-07-26,In Transit,937.58
D200927,O106571,W103,FedEx,2026-05-14,2026-05-20,2026-05-23,Delivered,1034.33
D200928,O105691,W107,Delhivery,2026-04-10,2026-04-13,2026-04-13,Delivered,129.16
D200929,O108413,W110,FedEx,2026-06-01,2026-06-06,2026-06-05,Delivered,108.75
D200930,O102840,W119,DHL,2026-04-14,2026-04-16,2026-04-14,Delivered,423.78
D200931,O109625,W109,BlueDart,2026-05-27,2026-06-03,2026-06-04,Delivered,362.39
D200932,O100763,W101,DHL,2026-02-24,2026-02-28,2026-02-26,Delayed,1349.5
D200933,O107556,W110,FedEx,2026-08-06,2026-08-12,2026-08-15,Delivered,1360.49
D200934,O102512,W112,DHL,2026-07-13,2026-07-15,2026-07-20,Delivered,918.66
D200935,O103341,W100,FedEx,2026-08-18,2026-08-23,2026-08-28,Delivered,1339.18
D200936,O109533,W109,FedEx,2026-05-12,2026-05-19,2026-05-18,Delivered,168.86
D200937,O104439,W105,Delhivery,2026-01-18,2026-01-25,2026-01-30,Delivered,535.35
D200938,O106847,W112,Delhivery,2026-08-15,2026-08-21,2026-08-27,Delivered,444.73
D200939,O104340,W105,DHL,2026-08-03,2026-08-10,2026-08-08,Delivered,189.32
D200940,O105198,W109,FedEx,2026-07-04,2026-07-07,2026-07-07,Delivered,892.07
D200941,O104708,W101,Delhivery,2026-06-11,2026-06-17,2026-06-21,Delayed,890.67
D200942,O107925,W111,EcomExpress,2026-08-17,2026-08-22,2026-08-22,Delayed,727.83
D200943,O109956,W100,Delhivery,2026-05-19,2026-05-26,2026-05-25,Delivered,1363.54
D200944,O101646,W101,Delhivery,2026-02-08,2026-02-10,2026-02-09,Delivered,825.68
D200945,O105144,W111,,2026-02-14,2026-02-19,2026-02-18,Lost,846.77
D200946,O100258,W107,EcomExpress,2026-01-28,2026-01-31,2026-02-02,Delivered,53.58
D200947,O108281,W119,EcomExpress,2026-07-22,2026-07-27,2026-07-25,Delivered,701.16
D200948,O107977,W106,EcomExpress,2026-08-12,2026-08-19,2026-08-23,Delayed,309.72
D200949,O104176,W100,EcomExpress,2026-08-23,2026-08-26,2026-08-27,In Transit,800.89
D200950,O104024,W103,Delhivery,2026-03-19,2026-03-22,2026-03-28,Delivered,935.02
D200951,O101047,W106,DHL,2026-08-08,2026-08-13,2026-08-12,Delivered,1050.96
D200952,O100378,W104,DHL,2026-05-29,2026-06-02,2026-05-31,In Transit,1034.98
D200953,O109818,W115,Delhivery,2026-02-16,2026-02-19,2026-02-23,Delivered,458.95
D200954,O108381,W113,BlueDart,2026-08-18,2026-08-24,2026-08-26,Delivered,809.78
D200955,O108461,W111,BlueDart,2026-05-01,2026-05-06,2026-05-12,In Transit,881.56
D200956,O101931,W102,EcomExpress,2026-08-19,2026-08-25,2026-08-27,Delayed,1277.26
D200957,O101926,W102,DHL,2026-06-12,2026-06-15,2026-06-17,Delivered,501.26
D200958,O109458,W119,EcomExpress,2026-04-21,2026-04-26,2026-04-26,Delivered,275.23
D200959,O109316,W104,EcomExpress,2026-08-21,2026-08-26,2026-08-30,Delivered,1013.38
D200960,O106944,W108,FedEx,2026-08-31,2026-09-03,2026-09-07,Delivered,1156.07
D200961,O102220,W107,EcomExpress,2026-01-27,2026-01-29,2026-01-31,In Transit,1444.48
D200962,O109007,W116,Delhivery,2026-02-07,2026-02-12,2026-02-10,Delivered,726.0
D200963,O104400,W106,EcomExpress,2026-03-23,2026-03-28,2026-03-28,Lost,1118.44
D200964,O106352,W112,DHL,2026-05-23,2026-05-29,2026-06-02,In Transit,781.54
D200965,O101698,W105,Delhivery,2026-04-19,2026-04-22,2026-04-25,Delayed,244.75
D200966,O102128,W112,Delhivery,2026-02-26,2026-03-05,2026-03-05,Delivered,1380.43
D200967,O101332,W114,FedEx,2026-08-09,2026-08-12,2026-08-12,Delayed,956.96
D200968,O106775,W110,Delhivery,2026-05-17,2026-05-21,2026-05-21,Delayed,94.72
D200969,O100527,W101,BlueDart,2026-07-02,2026-07-07,2026-07-09,Delivered,701.71
D200970,O109810,W110,Delhivery,2026-03-17,2026-03-21,2026-03-22,In Transit,384.73
D200971,O103580,W108,FedEx,2026-05-13,2026-05-18,2026-05-20,Delivered,1337.02
D200972,O101925,W119,FedEx,2026-05-07,2026-05-13,2026-05-16,Delivered,738.57
D200973,O107821,W113,,2026-08-13,2026-08-17,2026-08-22,Delivered,721.36
D200974,O103243,W108,BlueDart,2026-01-08,2026-01-10,2026-01-09,Delivered,510.01
D200975,O104364,W106,BlueDart,2026-05-19,2026-05-24,2026-05-30,In Transit,114.77
D200976,O100744,W101,Delhivery,2026-08-14,2026-08-18,2026-08-23,Delivered,457.55
D200977,O102615,W102,FedEx,2026-01-02,2026-01-07,2026-01-09,Delayed,857.35
D200978,O108766,W108,DHL,2026-05-30,2026-06-02,2026-06-06,Delivered,523.69
D200979,O102750,W116,ecomexpress,2026-01-21,2026-01-26,2026-01-30,Delayed,130.04
D200980,O101546,W109,DHL,2026-09-05,2026-09-08,2026-09-12,In Transit,1186.02
D200981,O108636,W113,Delhivery,2026-04-13,2026-04-20,2026-04-19,Delivered,857.59
D200982,O104721,W113,EcomExpress,2026-07-19,2026-07-23,2026-07-27,Delivered,327.54
D200983,O105705,W100,EcomExpress,2026-06-26,2026-07-01,2026-06-29,Delivered,850.8
D200984,O104636,W111,BlueDart,2026-02-04,2026-02-07,2026-02-10,In Transit,1053.89
D200985,O108402,W102,BlueDart,2026-08-17,2026-08-20,2026-08-21,Delayed,1005.14
D200986,O106695,W117,Delhivery,2026-07-11,2026-07-18,2026-07-18,Delivered,980.48
D200987,O103454,W106,Delhivery,2026-07-21,2026-07-25,2026-07-24,Delivered,277.89
D200988,O104239,W112,FedEx,2026-04-02,2026-04-08,2026-04-12,Delivered,98.92
D200989,O109278,W106,EcomExpress,2026-08-10,2026-08-13,2026-08-19,Delivered,269.51
D200990,O100290,W102,EcomExpress,2026-03-13,2026-03-16,2026-03-22,Delivered,831.66
D200991,O106117,W110,DHL,2026-01-26,2026-01-28,2026-01-27,In Transit,876.19
D200992,O106989,W106,FedEx,2026-04-23,2026-04-27,2026-04-28,Delivered,1022.65
D200993,O101971,W114,DHL,2026-03-23,2026-03-30,2026-04-03,Delivered,705.29
D200994,O103189,W114,DHL,2026-08-29,2026-09-02,2026-09-05,Delivered,1429.01
D200995,O105893,W100,Delhivery,2026-04-17,2026-04-20,2026-04-23,Delivered,665.81
D200996,O108460,W103,FedEx,2026-06-25,2026-07-01,2026-07-01,Delivered,789.14
D200997,O106088,W110,EcomExpress,2026-09-12,2026-09-14,2026-09-16,Delivered,877.66
D200998,O103260,W109,BlueDart,2026-03-02,2026-03-07,2026-03-07,Delayed,999.94
D200999,O102452,W112,DHL,2026-03-14,2026-03-20,2026-03-22,Delivered,76.62
D201000,O101028,W110,Delhivery,2026-07-06,2026-07-12,2026-07-18,Delivered,821.72
D201001,O104226,W110,Delhivery,2026-07-19,2026-07-24,2026-07-26,Delivered,1212.79
D201002,O101324,W102,FedEx,2026-09-05,2026-09-12,2026-09-12,Delivered,469.7
D201003,O103748,W113,,2026-04-05,2026-04-07,2026-04-10,In Transit,555.68
D201004,O102385,W113,Delhivery,2026-02-07,2026-02-13,2026-02-14,Delivered,772.96
D201005,O103900,W115,FedEx,2026-03-21,2026-03-27,2026-03-31,Delivered,556.95
D201006,O106371,W112,EcomExpress,2026-05-08,2026-05-15,2026-05-20,Delivered,304.64
D201007,O108700,W118,EcomExpress,2026-01-03,2026-01-07,2026-01-07,Delivered,960.74
D201008,O102248,W113,EcomExpress,2026-01-14,2026-01-19,2026-01-21,Delivered,1434.09
D201009,O103112,W117,Delhivery,2026-06-24,2026-06-29,2026-07-03,Delivered,629.82
D201010,O107523,W115,BlueDart,2026-08-23,2026-08-25,2026-08-28,Delayed,750.49
D201011,O106773,W106,FedEx,2026-06-28,2026-07-02,2026-07-01,Delivered,161.83
D201012,O102320,W102,FedEx,2026-02-28,2026-03-07,2026-03-12,Delayed,593.53
D201013,O104313,W102,BlueDart,2026-07-08,2026-07-13,2026-07-12,Delivered,777.35
D201014,O108663,W104,Delhivery,2026-04-30,2026-05-03,2026-05-05,Delivered,373.01
D201015,O106383,W104,DHL,2026-03-14,2026-03-17,2026-03-17,Delayed,1464.15
D201016,O107139,W112,Delhivery,2026-06-06,2026-06-10,2026-06-16,Delayed,89.88
D201017,O104839,W117,FedEx,2026-04-03,2026-04-07,2026-04-07,Delivered,1305.4
D201018,O101487,W107,DHL,2026-06-24,2026-06-26,2026-06-26,Delivered,909.88
D201019,O100104,W101,FedEx,2026-07-18,2026-07-22,2026-07-26,Delayed,593.18
D201020,O100385,W103,DHL,2026-07-14,2026-07-16,2026-07-14,Delivered,536.07
D201021,O106586,W100,DHL,2026-01-11,2026-01-13,2026-01-14,Delayed,111.99
D201022,O106406,W117,FedEx,2026-01-04,2026-01-11,2026-01-16,Delivered,343.25
D201023,O102323,W106,Delhivery,2026-01-01,2026-01-05,2026-01-10,Delivered,743.16
D201024,O106371,W108,EcomExpress,2026-06-20,2026-06-24,2026-06-23,In Transit,1279.42
D201025,O105237,W112,DHL,2026-09-09,2026-09-11,2026-09-16,Delayed,1211.72
D201026,O109147,W119,EcomExpress,2026-04-19,2026-04-22,2026-04-21,Delivered,863.0
D201027,O100865,W109,Delhivery,2026-07-28,2026-07-31,2026-08-02,Delivered,452.87
D201028,O104924,W116,DHL,2026-01-24,2026-01-27,2026-01-27,Delivered,607.51
D201029,O107369,W118,BlueDart,2026-04-16,2026-04-22,2026-04-21,Delivered,77.37
D201030,O103820,W101,FedEx,2026-01-16,2026-01-19,2026-01-18,Delivered,1164.69
D201031,O102668,W112,DHL,2026-04-14,2026-04-19,2026-04-17,Delivered,1315.84
D201032,O103983,W112,,2026-05-18,2026-05-20,2026-05-19,Delivered,293.76
D201033,O105862,W111,Delhivery,2026-02-07,2026-02-12,2026-02-12,Delayed,1250.78
D201034,O108980,W104,EcomExpress,2026-05-06,2026-05-09,2026-05-10,Delivered,1049.43
D201035,O108299,W112,EcomExpress,2026-07-27,2026-08-03,2026-08-05,Delayed,1417.56
D201036,O109600,W106,FedEx,2026-06-23,2026-06-26,2026-06-27,Delivered,394.77
D201037,O104713,W105,FedEx,2026-04-07,2026-04-11,2026-04-09,Delivered,1128.83
D201038,O104106,W107,EcomExpress,2026-03-06,2026-03-11,2026-03-13,Delivered,904.74
D201039,O100246,W109,FedEx,2026-06-15,2026-06-22,2026-06-24,In Transit,1454.72
D201040,O103230,W109,EcomExpress,2026-08-11,2026-08-14,2026-08-20,Delivered,1054.23
D201041,O106874,W103,EcomExpress,2026-05-17,2026-05-19,2026-05-20,Delivered,743.75
D201042,O102001,W111,BlueDart,2026-08-16,2026-08-19,2026-08-25,Delivered,1051.48
D201043,O105500,W112,,2026-08-14,2026-08-18,2026-08-18,Delivered,1495.58
D201044,O103904,W118,BlueDart,2026-01-15,2026-01-21,2026-01-26,Delivered,1200.57
D201045,O100927,W106,BlueDart,2026-09-13,2026-09-18,2026-09-24,In Transit,1417.18
D201046,O109450,W111,BlueDart,2026-01-23,2026-01-26,2026-01-24,Delivered,1446.87
D201047,O107686,W109,BlueDart,2026-08-07,2026-08-09,2026-08-12,Delivered,1219.48
D201048,O101992,W105,Delhivery,2026-01-23,2026-01-25,2026-01-31,Delivered,361.16
D201049,O109324,W103,EcomExpress,2026-01-13,2026-01-19,2026-01-17,In Transit,1224.07
D201050,O107302,W113,EcomExpress,2026-09-13,2026-09-19,2026-09-18,Delayed,166.94
D201051,O101251,W107, DHL ,2026-05-20,2026-05-27,2026-05-29,Delivered,606.91
D201052,O105543,W116,,2026-07-13,2026-07-15,2026-07-20,Delivered,1468.08
D201053,O106989,W112, EcomExpress ,2026-02-20,2026-02-23,2026-02-25,Delivered,788.52
D201054,O101608,W118,EcomExpress,2026-05-23,2026-05-26,2026-05-29,Delivered,819.3
D201055,O102260,W117,Delhivery,2026-05-03,2026-05-09,2026-05-08,Delayed,1104.83
D201056,O108557,W105,Delhivery,2026-05-07,2026-05-09,2026-05-13,In Transit,481.87
D201057,O102694,W117,ecomexpress,2026-08-16,2026-08-21,2026-08-25,Delayed,115.08
D201058,O106786,W114,FedEx,2026-01-17,2026-01-20,2026-01-24,Delivered,354.68
D201059,O102539,W104,DHL,2026-01-27,2026-01-31,2026-02-03,Delivered,1189.43
D201060,O101367,W104,BlueDart,2026-05-23,2026-05-30,2026-05-30,Delivered,579.5
D201061,O109176,W108,FedEx,2026-02-10,2026-02-13,2026-02-11,Delayed,231.13
D201062,O101296,W106,EcomExpress,2026-09-07,2026-09-10,2026-09-11,Delivered,968.95
D201063,O104199,W100,Delhivery,2026-06-08,2026-06-14,2026-06-16,Delivered,805.14
D201064,O102303,W114,FedEx,2026-05-26,2026-05-31,2026-06-01,In Transit,698.98
D201065,O107169,W111,EcomExpress,2026-04-11,2026-04-18,2026-04-17,In Transit,385.63
D201066,O102929,W111,BlueDart,2026-07-18,2026-07-22,2026-07-23,In Transit,1133.39
D201067,O101885,W104,Delhivery,2026-08-13,2026-08-19,2026-08-20,Delivered,860.54
D201068,O103485,W112,Delhivery,2026-02-12,2026-02-15,2026-02-20,In Transit,1475.57
D201069,O104786,W105,DHL,2026-07-15,2026-07-17,2026-07-16,Delivered,1300.8
D201070,O107461,W109,FedEx,2026-05-03,2026-05-10,2026-05-12,Delayed,394.74
D201071,O108988,W107,DHL,2026-09-15,2026-09-20,2026-09-23,Delivered,821.61
D201072,O102115,W115,DHL,2026-08-23,2026-08-25,2026-08-28,Delivered,817.28
D201073,O109526,W112,,2026-08-12,2026-08-16,2026-08-16,Delivered,263.6
D201074,O107864,W108,Delhivery,2026-04-06,2026-04-13,2026-04-15,Delivered,1227.86
D201075,O102378,W101,EcomExpress,2026-02-10,2026-02-15,2026-02-16,In Transit,537.29
D201076,O103027,W116,EcomExpress,2026-07-03,2026-07-09,2026-07-08,Delivered,255.33
D201077,O107677,W116,DHL,2026-09-02,2026-09-07,2026-09-05,Delivered,400.29
D201078,O101479,W111,Delhivery,2026-09-08,2026-09-14,2026-09-14,Delivered,1460.0
D201079,O105545,W117,BlueDart,2026-06-04,2026-06-07,2026-06-13,Delivered,867.26
D201080,O104558,W112,BlueDart,2026-01-04,2026-01-11,2026-01-13,Delivered,80.14
D201081,O101843,W103,Delhivery,2026-06-16,2026-06-22,2026-06-22,Delivered,814.69
D201082,O105201,W110,DHL,2026-05-11,2026-05-18,2026-05-20,Delivered,1467.91
D201083,O102100,W100,DHL,2026-07-11,2026-07-18,2026-07-20,Delayed,182.45
D201084,O103653,W102,EcomExpress,2026-09-14,2026-09-20,2026-09-23,Delivered,601.08
D201085,O104236,W107,DHL,2026-08-12,2026-08-18,2026-08-16,In Transit,628.77
D201086,O102682,W103,DHL,2026-08-08,2026-08-13,2026-08-14,Delivered,269.07
D201087,O109338,W112,FEDEX,2026-03-04,2026-03-11,2026-03-11,Delayed,668.68
D201088,O105314,W113,FedEx,2026-03-18,2026-03-20,2026-03-22,Delivered,207.37
D201089,O102991,W119,,2026-05-29,2026-06-01,2026-06-05,Delivered,1057.53
D201090,O109220,W114,EcomExpress,2026-09-13,2026-09-16,2026-09-15,In Transit,1395.79
D201091,O101246,W101,DHL,2026-06-07,2026-06-13,2026-06-18,Delivered,649.31
D201092,O104325,W109,Delhivery,2026-02-04,2026-02-11,2026-02-10,Delivered,1463.98
D201093,O100465,W104,FedEx,2026-05-21,2026-05-25,2026-05-31,Lost,856.8
D201094,O106621,W108,FedEx,2026-03-29,2026-04-03,2026-04-09,Delayed,99.71
D201095,O103549,W113,DHL,2026-09-08,2026-09-15,2026-09-17,Delayed,291.79
D201096,O104679,W106,Delhivery,2026-07-05,2026-07-11,2026-07-17,Delivered,197.68
D201097,O102602,W102,DHL,2026-04-30,2026-05-06,2026-05-11,Delivered,1072.75
D201098,O102703,W110,Delhivery,2026-02-02,2026-02-05,2026-02-05,In Transit,1110.36
D201099,O105899,W112,BlueDart,2026-05-09,2026-05-14,2026-05-17,Delivered,627.84
D201100,O108151,W113,BlueDart,2026-02-25,2026-03-04,2026-03-05,Delayed,1253.96
D201101,O108528,W110,DHL,2026-09-15,2026-09-20,2026-09-20,Delivered,1322.28
D201102,O106408,W102,DHL,2026-09-14,2026-09-17,2026-09-16,In Transit,429.62
D201103,O103803,W102,Delhivery,2026-08-29,2026-08-31,2026-08-30,Delivered,1285.25
D201104,O103730,W109,FedEx,2026-03-30,2026-04-02,2026-04-07,Delivered,1217.34
D201105,O100022,W107,BlueDart,2026-08-03,2026-08-07,2026-08-07,Delivered,643.45
D201106,O107183,W102,FedEx,2026-04-17,2026-04-20,2026-04-18,Delivered,588.91
D201107,O100651,W107,DHL,2026-05-13,2026-05-17,2026-05-20,Delivered,1466.93
D201108,O103092,W114,DHL,2026-03-30,2026-04-06,2026-04-11,Delayed,648.05
D201109,O106396,W115,FedEx,2026-02-12,2026-02-19,2026-02-22,Delivered,482.56
D201110,O106686,W115,DHL,2026-03-24,2026-03-28,2026-03-26,Delayed,929.53
D201111,O107385,W105,DHL,2026-03-11,2026-03-17,2026-03-19,Delivered,1318.32
D201112,O101451,W104,Delhivery,2026-04-15,2026-04-19,2026-04-20,Delivered,953.13
D201113,O100233,W111,DHL,2026-04-23,2026-04-25,2026-04-30,Delayed,1337.97
D201114,O105497,W118,EcomExpress,2026-03-23,2026-03-28,2026-03-27,Delivered,1212.19
D201115,O102060,W113,FedEx,2026-03-04,2026-03-06,2026-03-04,Delayed,1340.57
D201116,O104434,W106,DHL,2026-06-10,2026-06-17,2026-06-20,In Transit,1178.56
D201117,O105485,W110,EcomExpress,2026-01-13,2026-01-15,2026-01-21,In Transit,922.35
D201118,O101272,W113,BlueDart,2026-01-08,2026-01-15,2026-01-20,Delayed,132.59
D201119,O109340,W105,EcomExpress,2026-08-25,2026-08-31,2026-09-03,Delivered,572.18
D201120,O100547,W103,FedEx,2026-03-04,2026-03-07,2026-03-06,In Transit,122.58
D201121,O105667,W116,FedEx,2026-04-19,2026-04-24,2026-04-30,Delivered,1384.71
D201122,O104442,W106,ECOMEXPRESS,2026-03-12,2026-03-16,2026-03-18,In Transit,1420.84
D201123,O105507,W111,DHL,2026-01-04,2026-01-09,2026-01-14,Delivered,272.28
D201124,O101757,W102,EcomExpress,2026-05-29,2026-06-04,2026-06-02,Delivered,954.48
D201125,O108374,W108,DHL,2026-05-20,2026-05-25,2026-05-26,Delayed,1246.89
D201126,O104035,W108,Delhivery,2026-05-13,2026-05-15,2026-05-18,Delivered,165.19
D201127,O100274,W111,DHL,2026-06-29,2026-07-04,2026-07-08,Delivered,1454.01
D201128,O103273,W114,BlueDart,2026-08-03,2026-08-10,2026-08-12,Delayed,935.16
D201129,O104065,W103,BlueDart,2026-08-21,2026-08-24,2026-08-25,Lost,579.62
D201130,O107474,W109,FedEx,2026-09-05,2026-09-11,2026-09-15,Delivered,865.5
D201131,O102204,W108,BlueDart,2026-02-06,2026-02-13,2026-02-19,Delivered,869.82
D201132,O106520,W112,BlueDart,2026-07-06,2026-07-12,2026-07-15,Delivered,220.12
D201133,O100627,W113,BlueDart,2026-05-17,2026-05-23,2026-05-29,Delivered,876.51
D201134,O105616,W100,EcomExpress,2026-02-26,2026-02-28,2026-03-03,Delayed,1022.61
D201135,O103364,W116,EcomExpress,2026-08-26,2026-09-02,2026-09-03,Delivered,383.15
D201136,O109089,W106,EcomExpress,2026-07-14,2026-07-17,2026-07-15,In Transit,92.03
D201137,O106020,W108,FedEx,2026-07-19,2026-07-26,2026-07-30,Delivered,786.7
D201138,O100540,W111,DHL,2026-01-04,2026-01-06,2026-01-04,Delivered,171.77
D201139,O102844,W110,FedEx,2026-06-01,2026-06-05,2026-06-03,Delivered,430.31
D201140,O103624,W101,Delhivery,2026-06-11,2026-06-14,2026-06-15,Lost,756.8
D201141,O100566,W104,Delhivery,2026-08-02,2026-08-05,2026-08-05,Delivered,119.59
D201142,O109548,W117,EcomExpress,2026-04-29,2026-05-06,2026-05-11,Delivered,1378.09
D201143,O103621,W119,DHL,2026-02-13,2026-02-20,2026-02-23,In Transit,575.97
D201144,O105947,W103,EcomExpress,2026-02-20,2026-02-23,2026-02-22,Delivered,712.51
D201145,O104650,W113,DHL,2026-07-25,2026-07-31,2026-07-29,Delivered,860.41
D201146,O104746,W105,BlueDart,2026-06-08,2026-06-11,2026-06-17,In Transit,792.82
D201147,O109170,W109,EcomExpress,2026-07-09,2026-07-13,2026-07-15,Delivered,359.92
D201148,O107091,W119,FedEx,2026-08-14,2026-08-21,2026-08-25,Delivered,262.92
D201149,O100656,W100,BlueDart,2026-07-25,2026-07-30,2026-07-29,Delayed,308.29
D201150,O102170,W109,EcomExpress,2026-09-09,2026-09-12,2026-09-15,Delivered,587.2
D201151,O101885,W106,Delhivery,2026-08-19,2026-08-22,2026-08-24,Delivered,1082.88
D201152,O104029,W101,FedEx,2026-07-24,2026-07-30,2026-08-04,Delivered,1014.32
D201153,O106052,W103,EcomExpress,2026-07-10,2026-07-12,2026-07-15,In Transit,930.37
D201154,O105558,W115,BlueDart,2026-08-31,2026-09-04,2026-09-07,Delivered,290.66
D201155,O105339,W111,FedEx,2026-08-10,2026-08-12,2026-08-18,Delayed,186.02
D201156,O105994,W103,DHL,2026-07-17,2026-07-21,2026-07-23,Delayed,310.86
D201157,O100152,W114,BlueDart,2026-07-25,2026-07-30,2026-08-05,Delivered,1203.62
D201158,O100594,W101,DHL,2026-05-09,2026-05-15,2026-05-19,Delayed,1195.33
D201159,O107873,W119,DHL,2026-09-04,2026-09-07,2026-09-13,Delivered,1037.38
D201160,O105251,W109,FedEx,2026-07-21,2026-07-26,2026-07-27,Delivered,1354.96
D201161,O107982,W119,EcomExpress,2026-01-24,2026-01-27,2026-02-02,Delivered,119.15
D201162,O102109,W106,Delhivery,2026-06-30,2026-07-02,2026-06-30,Delivered,991.76
D201163,O102620,W104,BlueDart,2026-03-06,2026-03-12,2026-03-11,Delivered,1247.87
D201164,O104180,W108,EcomExpress,2026-01-05,2026-01-07,2026-01-06,Delivered,805.02
D201165,O101740,W118,FedEx,2026-09-14,2026-09-18,2026-09-21,Delivered,647.84
D201166,O105879,W100, ,2026-06-25,2026-07-01,2026-07-01,Delivered,1038.28
D201167,O108511,W112,DHL,2026-03-13,2026-03-19,2026-03-20,Delivered,1080.16
D201168,O109693,W116,DHL,2026-08-12,2026-08-18,2026-08-17,Delayed,1033.92
D201169,O103313,W119,DHL,2026-06-09,2026-06-15,2026-06-18,Delayed,1441.86
D201170,O106135,W101,DELHIVERY,2026-06-18,2026-06-20,2026-06-20,Delivered,1452.92
D201171,O105383,W102,DHL,2026-06-14,2026-06-21,2026-06-27,Delivered,962.47
D201172,O104966,W115,BlueDart,2026-04-05,2026-04-12,2026-04-13,Delivered,1449.3
D201173,O101322,W119,BlueDart,2026-02-06,2026-02-11,2026-02-10,Delivered,1394.83
D201174,O102064,W102,DHL,2026-09-09,2026-09-16,2026-09-22,Delivered,380.12
D201175,O101873,W108,DHL,2026-07-06,2026-07-11,2026-07-12,Delivered,1108.59
D201176,O104947,W104,BlueDart,2026-02-01,2026-02-05,2026-02-10,Delivered,517.53
D201177,O105273,W117,Delhivery,2026-05-28,2026-05-31,2026-05-31,Delivered,1208.06
D201178,O107737,W114,Delhivery,2026-09-11,2026-09-17,2026-09-19,Delivered,485.22
D201179,O100651,W104,BlueDart,2026-03-10,2026-03-12,2026-03-10,Delivered,384.61
D201180,O101366,W100,FedEx,2026-09-14,2026-09-16,2026-09-17,Delayed,1458.33
D201181,O106569,W118,BlueDart,2026-09-07,2026-09-09,2026-09-11,Delivered,443.59
D201182,O102094,W116,EcomExpress,2026-03-15,2026-03-21,2026-03-24,Delivered,1069.34
D201183,O107171,W111,DHL,2026-08-28,2026-09-02,2026-09-04,Delivered,129.97
D201184,O102883,W115,DHL,2026-07-04,2026-07-10,2026-07-12,Delayed,774.7
D201185,O100177,W116,DHL,2026-06-03,2026-06-07,2026-06-06,Delivered,798.3
D201186,O105024,W107,Delhivery,2026-05-22,2026-05-24,2026-05-26,Delivered,1141.88
D201187,O109388,W110,EcomExpress,2026-03-14,2026-03-18,2026-03-16,In Transit,1042.41
D201188,O102050,W105,BlueDart,2026-03-27,2026-04-01,2026-03-30,Delayed,971.86
D201189,O108909,W119,FedEx,2026-01-03,2026-01-05,2026-01-07,Delivered,462.95
D201190,O102435,W114,DHL,2026-08-09,2026-08-14,2026-08-16,Delivered,678.13
D201191,O106200,W108,Delhivery,2026-02-09,2026-02-11,2026-02-14,Delayed,914.89
D201192,O104836,W115,Delhivery,2026-07-05,2026-07-10,2026-07-10,Delayed,622.47
D201193,O101674,W104,Delhivery,2026-01-21,2026-01-28,2026-01-28,In Transit,1328.53
D201194,O103681,W101,EcomExpress,2026-08-01,2026-08-03,2026-08-09,Delivered,1372.13
D201195,O100764,W106,BlueDart,2026-03-29,2026-04-04,2026-04-02,Delivered,788.18
D201196,O105242,W111,Delhivery,2026-08-28,2026-08-30,2026-09-04,Delivered,220.54
D201197,O106024,W110,EcomExpress,2026-04-29,2026-05-01,2026-05-03,Delivered,399.63
D201198,O105517,W116,Delhivery,2026-08-10,2026-08-17,2026-08-23,Delayed,1417.82
D201199,O100349,W107,BlueDart,2026-05-22,2026-05-28,2026-06-03,Delivered,1208.12
D201200,O103792,W100,EcomExpress,2026-01-18,2026-01-23,2026-01-24,In Transit,1098.61
D201201,O108124,W111,FedEx,2026-02-01,2026-02-08,2026-02-11,Delivered,594.81
D201202,O109674,W105,BlueDart,2026-07-14,2026-07-20,2026-07-18,Delivered,561.7
D201203,O109354,W116,Delhivery,2026-09-03,2026-09-10,2026-09-08,In Transit,858.69
D201204,O105560,W109,BlueDart,2026-03-13,2026-03-17,2026-03-17,Delivered,868.29
D201205,O102131,W102,EcomExpress,2026-06-06,2026-06-10,2026-06-15,Delivered,925.15
D201206,O109472,W112,,2026-08-01,2026-08-06,2026-08-06,Delivered,882.19
D201207,O107802,W107,DHL,2026-08-10,2026-08-12,2026-08-18,Delivered,511.78
D201208,O100443,W116,Delhivery,2026-04-14,2026-04-17,2026-04-18,Delivered,311.9
D201209,O100786,W104,Delhivery,2026-01-20,2026-01-26,2026-01-24,Delivered,1457.56
D201210,O104797,W106,DHL,2026-05-06,2026-05-10,2026-05-15,Delivered,183.37
D201211,O105021,W102,EcomExpress,2026-03-25,2026-03-29,2026-04-01,Delivered,1235.77
D201212,O106159,W105,EcomExpress,2026-02-14,2026-02-18,2026-02-21,Delivered,335.53
D201213,O105662,W113,Delhivery,2026-05-12,2026-05-19,2026-05-21,Delivered,1432.74
D201214,O106050,W108,EcomExpress,2026-05-07,2026-05-11,2026-05-13,Delayed,774.06
D201215,O100121,W116,BlueDart,2026-01-29,2026-02-01,2026-02-03,Delivered,540.19
D201216,O107671,W108,EcomExpress,2026-04-10,2026-04-13,2026-04-11,In Transit,1382.44
D201217,O102008,W112,EcomExpress,2026-02-15,2026-02-18,2026-02-22,Delivered,543.76
D201218,O102955,W115,,2026-04-08,2026-04-15,2026-04-19,Delayed,815.77
D201219,O109583,W110,EcomExpress,2026-05-03,2026-05-08,2026-05-07,Delayed,1209.75
D201220,O109067,W104,BlueDart,2026-05-04,2026-05-11,2026-05-15,Delivered,1133.61
D201221,O100470,W116,FedEx,2026-01-11,2026-01-17,2026-01-17,Delivered,1348.13
D201222,O101113,W115,FedEx,2026-02-10,2026-02-16,2026-02-22,Delivered,582.79
D201223,O100708,W104,FedEx,2026-02-25,2026-03-04,2026-03-05,In Transit,345.73
D201224,O108385,W118,Delhivery,2026-02-27,2026-03-01,2026-03-06,Delivered,680.11
D201225,O105811,W109,FedEx,2026-05-15,2026-05-17,2026-05-19,Delivered,1040.17
D201226,O107450,W111,FedEx,2026-01-11,2026-01-16,2026-01-18,Delivered,430.08
D201227,O100952,W118,BlueDart,2026-07-25,2026-07-27,2026-07-31,Delivered,1032.6
D201228,O104591,W106,BlueDart,2026-07-01,2026-07-08,2026-07-08,Delivered,296.09
D201229,O100126,W105,FedEx,2026-05-09,2026-05-13,2026-05-16,Delivered,1491.79
D201230,O107432,W112,DHL,2026-09-14,2026-09-19,2026-09-23,Delivered,845.0
D201231,O102622,W118,EcomExpress,2026-06-15,2026-06-20,2026-06-26,In Transit,162.55
D201232,O104729,W119,EcomExpress,2026-06-25,2026-06-30,2026-07-02,Delivered,221.25
D201233,O109713,W115,EcomExpress,2026-09-13,2026-09-17,2026-09-21,Delivered,905.95
D201234,O102042,W110,Delhivery,2026-06-13,2026-06-19,2026-06-17,Delivered,854.86
D201235,O107209,W109,Delhivery,2026-07-10,2026-07-15,2026-07-14,Delivered,649.86
D201236,O100130,W114,EcomExpress,2026-03-10,2026-03-12,2026-03-13,Delivered,928.29
D201237,O102516,W106,FedEx,2026-05-29,2026-06-02,2026-06-01,Delayed,192.08
D201238,O100520,W101,DHL,2026-07-02,2026-07-09,2026-07-15,Delivered,227.92
D201239,O102858,W117,BlueDart,2026-03-20,2026-03-22,2026-03-21,Delivered,472.36
D201240,O103754,W115,Delhivery,2026-07-21,2026-07-26,2026-07-25,Delivered,1245.23
D201241,O100144,W103,EcomExpress,2026-02-23,2026-03-01,2026-03-07,Delivered,397.3
D201242,O100328,W109,BlueDart,2026-06-25,2026-06-30,2026-06-30,Delivered,1119.41
D201243,O107059,W104,FedEx,2026-02-08,2026-02-13,2026-02-17,Delayed,888.9
D201244,O109393,W110,,2026-05-22,2026-05-28,2026-05-30,Delayed,546.01
D201245,O103445,W115,FedEx,2026-04-09,2026-04-14,2026-04-13,Delayed,232.69
D201246,O108117,W108,DHL,2026-07-30,2026-08-03,2026-08-05,Delivered,1105.9
D201247,O100464,W116,DHL,2026-08-23,2026-08-28,2026-08-26,Delivered,680.68
D201248,O103471,W111,FedEx,2026-05-10,2026-05-15,2026-05-15,Delivered,931.47
D201249,O106356,W113,Delhivery,2026-06-27,2026-06-30,2026-07-02,Delivered,696.18
D201250,O104541,W114,Delhivery,2026-08-21,2026-08-25,2026-08-25,Delayed,1051.02
D201251,O108508,W104,BlueDart,2026-04-19,2026-04-26,2026-04-27,In Transit,130.79
D201252,O104903,W104,FedEx,2026-06-12,2026-06-18,2026-06-23,Delivered,120.69
D201253,O103565,W103,DHL,2026-02-07,2026-02-09,2026-02-14,Delayed,431.15
D201254,O109667,W107,BlueDart,2026-08-20,2026-08-23,2026-08-27,Delivered,1210.63
D201255,O106674,W104,BlueDart,2026-04-13,2026-04-16,2026-04-14,Delayed,668.64
D201256,O109116,W118,EcomExpress,2026-09-14,2026-09-17,2026-09-17,Delivered,1466.61
D201257,O109761,W111, ,2026-08-22,2026-08-24,2026-08-22,Delivered,1181.91
D201258,O102936,W106,Delhivery,2026-02-15,2026-02-17,2026-02-15,Delivered,937.43
D201259,O106015,W105,Delhivery,2026-05-04,2026-05-10,2026-05-09,Delivered,423.13
D201260,O106255,W118,BlueDart,2026-06-18,2026-06-25,2026-06-25,Delivered,432.76
D201261,O108713,W105,DHL,2026-06-28,2026-07-03,2026-07-04,Delivered,543.55
D201262,O101246,W100,FedEx,2026-07-23,2026-07-26,2026-07-28,Delivered,1278.66
D201263,O105978,W100,Delhivery,2026-08-06,2026-08-09,2026-08-08,Delivered,1208.0
D201264,O105288,W104,FedEx,2026-08-10,2026-08-14,2026-08-19,In Transit,1115.88
D201265,O104564,W115,Delhivery,2026-05-07,2026-05-09,2026-05-07,Delivered,811.38
D201266,O108742,W114,BlueDart,2026-04-15,2026-04-17,2026-04-20,Delivered,586.04
D201267,O107763,W109,EcomExpress,2026-07-01,2026-07-08,2026-07-11,Delivered,1116.92
D201268,O103444,W118,Delhivery,2026-08-12,2026-08-15,2026-08-19,Delivered,532.36
D201269,O109406,W106,BlueDart,2026-05-09,2026-05-13,2026-05-18,In Transit,1174.88
D201270,O102298,W115,Delhivery,2026-02-04,2026-02-08,2026-02-14,Delivered,270.02
D201271,O108581,W104,EcomExpress,2026-08-26,2026-09-02,2026-09-01,Delivered,957.11
D201272,O106491,W113,Delhivery,2026-03-14,2026-03-16,2026-03-18,Delivered,192.63
D201273,O105543,W115,EcomExpress,2026-06-17,2026-06-24,2026-06-25,Delivered,857.14
D201274,O108308,W107,EcomExpress,2026-07-18,2026-07-23,2026-07-28,Delivered,192.99
D201275,O102759,W116,FedEx,2026-01-24,2026-01-30,2026-01-31,Delivered,1349.45
D201276,O103636,W107,EcomExpress,2026-03-04,2026-03-11,2026-03-11,Delivered,634.94
D201277,O106665,W112,FedEx,2026-02-26,2026-03-03,2026-03-04,In Transit,969.59
D201278,O100278,W102,EcomExpress,2026-08-10,2026-08-15,2026-08-13,Delivered,545.55
D201279,O100479,W107,,2026-03-08,2026-03-14,2026-03-17,Delivered,838.04
D201280,O103609,W104,Delhivery,2026-05-16,2026-05-20,2026-05-23,Delivered,1093.27
D201281,O101909,W110,FedEx,2026-08-06,2026-08-08,2026-08-06,Delayed,545.69
D201282,O108178,W103,BlueDart,2026-06-06,2026-06-08,2026-06-07,Delivered,358.27
D201283,O102563,W102,BlueDart,2026-08-29,2026-08-31,2026-09-03,Delivered,1056.12
D201284,O108571,W117,FedEx,2026-08-04,2026-08-07,2026-08-08,In Transit,236.42
D201285,O105533,W104,FedEx,2026-03-28,2026-04-01,2026-04-01,Delivered,1245.52
D201286,O107042,W112,DHL,2026-04-11,2026-04-13,2026-04-11,Delivered,856.58
D201287,O104063,W118,DHL,2026-07-21,2026-07-23,2026-07-26,In Transit,259.16
D201288,O109960,W109,BlueDart,2026-05-26,2026-05-30,2026-06-01,Delivered,725.88
D201289,O100141,W108,DHL,2026-03-12,2026-03-19,2026-03-23,In Transit,567.05
D201290,O101781,W105,DHL,2026-08-09,2026-08-14,2026-08-19,Delivered,278.19
D201291,O100769,W105,FedEx,2026-07-05,2026-07-09,2026-07-14,Delayed,106.4
D201292,O103513,W117,Delhivery,2026-03-01,2026-03-08,2026-03-10,In Transit,698.63
D201293,O105164,W108,Delhivery,2026-09-06,2026-09-13,2026-09-13,Delivered,994.71
D201294,O104145,W104, ,2026-08-23,2026-08-25,2026-08-28,Delivered,1337.61
D201295,O103331,W100,FedEx,2026-04-08,2026-04-14,2026-04-14,Delivered,532.83
D201296,O109352,W108,Delhivery,2026-08-11,2026-08-14,2026-08-16,Delivered,491.38
D201297,O100905,W118,Delhivery,2026-09-04,2026-09-10,2026-09-15,Delivered,817.65
D201298,O103664,W118,FedEx,2026-01-25,2026-01-27,2026-01-27,Delivered,-500.0
D201299,O105434,W114, Delhivery ,2026-02-16,2026-02-19,2026-02-22,Delivered,256.32
D201300,O102165,W104,Delhivery,2026-01-03,2026-01-05,2026-01-11,Delivered,158.96
D201301,O105653,W117,EcomExpress,2026-03-09,2026-03-13,2026-03-12,Delayed,308.25
D201302,O100490,W105,BlueDart,2026-09-11,2026-09-14,2026-09-14,Delivered,940.51
D201303,O102658,W108,FedEx,2026-02-09,2026-02-13,2026-02-19,Delayed,616.73
D201304,O108344,W118,EcomExpress,2026-01-30,2026-02-03,2026-02-04,Delivered,186.21
D201305,O103155,W101,FedEx,2026-06-10,2026-06-17,2026-06-19,Delivered,1183.09
D201306,O109752,W118,BlueDart,2026-03-07,2026-03-13,2026-03-12,Delivered,969.26
D201307,O100707,W105,EcomExpress,2026-01-05,2026-01-11,2026-01-12,Delivered,1260.9
D201308,O103354,W102,FedEx,2026-04-07,2026-04-12,2026-04-17,Delayed,493.4
D201309,O105508,W115,Delhivery,2026-08-21,2026-08-28,2026-09-03,In Transit,872.6
D201310,O103096,W104,BlueDart,2026-03-23,2026-03-25,2026-03-29,Delivered,1072.44
D201311,O103530,W119,EcomExpress,2026-02-21,2026-02-24,2026-02-27,Delivered,1383.6
D201312,O109958,W119,,2026-03-07,2026-03-13,2026-03-16,Delayed,125.91
D201313,O103798,W104,EcomExpress,2026-03-05,2026-03-09,2026-03-10,Delivered,1380.88
D201314,O108346,W108,BlueDart,2026-07-07,2026-07-14,2026-07-17,Delivered,323.12
D201315,O102725,W109,Delhivery,2026-02-08,2026-02-15,2026-02-17,Delivered,638.51
D201316,O108877,W119,FedEx,2026-01-22,2026-01-27,2026-01-26,Delivered,232.6
D201317,O105788,W113,EcomExpress,2026-05-21,2026-05-28,2026-06-03,Delivered,1329.38
D201318,O108444,W106,Delhivery,2026-06-30,2026-07-06,2026-07-08,Delivered,451.24
D201319,O102394,W100,DHL,2026-07-15,2026-07-22,2026-07-26,Delivered,928.87
D201320,O106513,W114,Delhivery,2026-03-29,2026-04-03,2026-04-05,Delivered,733.99
D201321,O107863,W102,DHL,2026-06-06,2026-06-13,2026-06-11,Delivered,1321.44
D201322,O108493,W105,FedEx,2026-05-19,2026-05-25,2026-05-25,Delivered,107.84
D201323,O104450,W110,FedEx,2026-08-02,2026-08-05,2026-08-05,Lost,651.3
D201324,O106222,W116,EcomExpress,2026-04-04,2026-04-06,2026-04-09,Delivered,420.85
D201325,O108354,W116,BlueDart,2026-03-19,2026-03-21,2026-03-22,In Transit,425.25
D201326,O107807,W112,Delhivery,2026-01-19,2026-01-25,2026-01-26,Delivered,820.95
D201327,O109459,W113,EcomExpress,2026-02-18,2026-02-24,2026-02-27,Delayed,396.8
D201328,O103489,W114,BlueDart,2026-07-20,2026-07-25,2026-07-25,In Transit,807.35
D201329,O108793,W119,BlueDart,2026-06-22,2026-06-28,2026-07-01,Delivered,246.11
D201330,O106533,W116,FedEx,2026-08-06,2026-08-11,2026-08-11,Delivered,1390.81
D201331,O101150,W107,DHL,2026-07-28,2026-08-01,2026-07-30,Delivered,1242.16
D201332,O109282,W110,EcomExpress,2026-04-22,2026-04-27,2026-04-30,Delivered,177.84
D201333,O107857,W118,FedEx,2026-05-01,2026-05-07,2026-05-13,Delivered,1227.9
D201334,O100383,W108,Delhivery,2026-04-19,2026-04-25,2026-05-01,Delayed,1165.66
D201335,O106888,W119,Delhivery,2026-06-30,2026-07-06,2026-07-05,Delayed,150.1
D201336,O103730,W112,EcomExpress,2026-01-19,2026-01-23,2026-01-26,Delivered,766.78
D201337,O105933,W106,FedEx,2026-03-21,2026-03-27,2026-03-30,Delivered,271.86
D201338,O108033,W102,BlueDart,2026-05-28,2026-06-01,2026-06-05,Delivered,130.62
D201339,O104476,W102,BlueDart,2026-04-07,2026-04-14,2026-04-19,Delivered,1024.24
D201340,O101786,W101,FedEx,2026-03-09,2026-03-15,2026-03-21,Delivered,718.36
D201341,O100885,W101,EcomExpress,2026-07-16,2026-07-20,2026-07-21,Delivered,881.21
D201342,O101963,W113,DHL,2026-03-07,2026-03-12,2026-03-13,Delivered,258.69
D201343,O103320,W112,DHL,2026-06-15,2026-06-20,2026-06-18,Delivered,662.66
D201344,O105861,W118,FedEx,2026-05-04,2026-05-10,2026-05-14,Delivered,235.63
D201345,O103968,W106,,2026-02-16,2026-02-18,2026-02-18,Delayed,779.7
D201346,O101050,W119,DHL,2026-05-22,2026-05-26,2026-05-24,Delivered,638.66
D201347,O101233,W107,BlueDart,2026-01-08,2026-01-15,2026-01-20,Delivered,1476.54
D201348,O101700,W110,FEDEX,2026-05-01,2026-05-07,2026-05-08,Delivered,78.09
D201349,O109594,W111,FedEx,2026-01-28,2026-02-02,2026-01-31,Lost,479.83
D201350,O107675,W101,FedEx,2026-09-11,2026-09-15,2026-09-14,Delivered,936.68
D201351,O109010,W100,DHL,2026-06-10,2026-06-14,2026-06-19,Delivered,951.66
D201352,O109359,W110, DHL ,2026-06-10,2026-06-15,2026-06-14,In Transit,856.2
D201353,O109404,W108,Delhivery,2026-05-26,2026-06-02,2026-06-06,Delivered,1294.53
D201354,O101242,W119,EcomExpress,2026-02-03,2026-02-09,2026-02-11,In Transit,1132.51
D201355,O108831,W113,Delhivery,2026-05-21,2026-05-27,2026-05-26,Delivered,1401.9
D201356,O101986,W113,EcomExpress,2026-03-23,2026-03-29,2026-03-29,Delayed,1032.15
D201357,O103840,W108,EcomExpress,2026-02-01,2026-02-03,2026-02-03,Delivered,431.15
D201358,O105529,W115,EcomExpress,2026-03-14,2026-03-17,2026-03-17,Delayed,872.79
D201359,O103229,W100,EcomExpress,2026-05-25,2026-05-30,2026-05-30,Delivered,1154.68
D201360,O100144,W107,DHL,2026-06-02,2026-06-06,2026-06-04,Delayed,1253.83
D201361,O104236,W105,DHL,2026-04-08,2026-04-11,2026-04-13,Delivered,179.86
D201362,O107193,W104,Delhivery,2026-06-27,2026-06-30,2026-07-04,In Transit,695.43
D201363,O109389,W114,FedEx,2026-01-26,2026-02-01,2026-02-06,Delayed,386.14
D201364,O104230,W101,BlueDart,2026-09-07,2026-09-13,2026-09-15,Delivered,1250.55
D201365,O100444,W118,Delhivery,2026-05-24,2026-05-27,2026-06-01,Delivered,151.3
D201366,O108087,W100,DHL,2026-07-08,2026-07-10,2026-07-16,Delayed,577.0
D201367,O106391,W116,FedEx,2026-01-08,2026-01-15,2026-01-14,In Transit,223.06
D201368,O106412,W103,BlueDart,2026-04-19,2026-04-23,2026-04-21,Delivered,1008.1
D201369,O108349,W117,Delhivery,2026-05-07,2026-05-09,2026-05-10,Delayed,63.39
D201370,O102684,W101,FedEx,2026-04-05,2026-04-11,2026-04-13,Delivered,1266.39
D201371,O109018,W118,DHL,2026-01-28,2026-02-03,2026-02-04,Delivered,795.81
D201372,O106562,W115,Delhivery,2026-08-27,2026-09-01,2026-09-07,Delivered,647.59
D201373,O105739,W106,FedEx,2026-01-13,2026-01-16,2026-01-16,Delivered,587.42
D201374,O109677,W114,FedEx,2026-03-13,2026-03-19,2026-03-25,In Transit,515.49
D201375,O101549,W102,DHL,2026-05-16,2026-05-21,2026-05-26,In Transit,500.06
D201376,O108638,W104,FedEx,2026-05-19,2026-05-21,2026-05-26,Delivered,1425.95
D201377,O106323,W114,Delhivery,2026-01-03,2026-01-10,2026-01-11,Delivered,717.38
D201378,O107258,W107,EcomExpress,2026-06-04,2026-06-08,2026-06-11,Delivered,177.33
D201379,O105766,W118,,2026-04-14,2026-04-18,2026-04-19,Delivered,723.45
D201380,O107733,W102,Delhivery,2026-02-14,2026-02-21,2026-02-24,Delivered,1104.94
D201381,O101656,W100,EcomExpress,2026-01-13,2026-01-16,2026-01-18,Delivered,889.31
D201382,O100686,W114,EcomExpress,2026-01-07,2026-01-13,2026-01-11,Lost,1264.59
D201383,O105877,W119,Delhivery,2026-08-28,2026-09-01,2026-09-01,Lost,594.9
D201384,O102212,W103,Delhivery,2026-09-05,2026-09-10,2026-09-15,Delayed,1332.63
D201385,O105277,W116,BlueDart,2026-02-19,2026-02-21,2026-02-27,Delivered,1026.19
D201386,O109322,W118,EcomExpress,2026-03-31,2026-04-05,2026-04-08,In Transit,846.87
D201387,O102895,W105,Delhivery,2026-05-01,2026-05-07,2026-05-05,Delivered,1138.15
D201388,O100293,W104,EcomExpress,2026-06-18,2026-06-24,2026-06-23,Delivered,168.39
D201389,O108621,W113,Delhivery,2026-05-04,2026-05-11,2026-05-14,Delivered,419.02
D201390,O109871,W113,EcomExpress,2026-03-08,2026-03-15,2026-03-13,Delivered,593.19
D201391,O102776,W104,FedEx,2026-09-08,2026-09-11,2026-09-16,Delivered,939.23
D201392,O108026,W113,DHL,2026-09-01,2026-09-08,2026-09-10,Delayed,280.1
D201393,O102362,W111,Delhivery,2026-04-23,2026-04-26,2026-04-29,Lost,1483.45
D201394,O109094,W113,EcomExpress,2026-09-08,2026-09-14,2026-09-12,Delayed,1421.16
D201395,O103863,W100,FedEx,2026-08-12,2026-08-15,2026-08-16,Delivered,682.64
D201396,O109684,W118,BlueDart,2026-07-01,2026-07-07,2026-07-10,Delivered,1348.8
D201397,O100056,W105,EcomExpress,2026-06-25,2026-07-02,2026-07-08,Delivered,1314.61
D201398,O103294,W114,EcomExpress,2026-05-12,2026-05-18,2026-05-19,Delayed,585.53
D201399,O108121,W108,DHL,2026-08-14,2026-08-20,2026-08-20,Delivered,838.18
D201400,O105445,W119,FedEx,2026-07-23,2026-07-26,2026-07-28,Delayed,110.61
D201401,O107272,W117,EcomExpress,2026-02-03,2026-02-09,2026-02-10,Delivered,791.1
D201402,O105917,W103,DHL,2026-08-13,2026-08-17,2026-08-15,Delivered,789.01
D201403,O105232,W113,BlueDart,2026-03-07,2026-03-09,2026-03-07,Delivered,1259.82
D201404,O103433,W115,DHL,2026-08-16,2026-08-21,2026-08-19,Delivered,157.04
D201405,O101746,W104,DHL,2026-07-02,2026-07-04,2026-07-03,Delivered,925.91
D201406,O106286,W108,FedEx,2026-09-01,2026-09-04,2026-09-07,Delayed,1247.49
D201407,O103947,W100,,2026-04-26,2026-04-30,2026-05-06,Delivered,649.89
D201408,O108039,W104,DHL,2026-06-22,2026-06-28,2026-06-29,Delivered,860.63
D201409,O105646,W100,Delhivery,2026-06-14,2026-06-18,2026-06-24,Delivered,1001.34
D201410,O109749,W117,BlueDart,2026-06-08,2026-06-13,2026-06-16,Delivered,140.82
D201411,O101713,W101,FedEx,2026-02-24,2026-02-26,2026-03-01,Delayed,709.19
D201412,O106870,W118,FedEx,2026-05-28,2026-05-31,2026-06-06,Delivered,383.55
D201413,O108803,W107,FedEx,2026-08-28,2026-08-31,2026-08-29,In Transit,1374.75
D201414,O102776,W116,FedEx,2026-02-19,2026-02-26,2026-03-02,Delayed,1417.29
D201415,O104887,W110,BlueDart,2026-04-03,2026-04-09,2026-04-12,Delivered,1157.9
D201416,O105177,W109,EcomExpress,2026-07-19,2026-07-25,2026-07-25,Delivered,231.27
D201417,O109490,W105,BlueDart,2026-07-28,2026-07-30,2026-08-01,Delivered,1496.67
D201418,O107052,W114,,2026-08-08,2026-08-11,2026-08-14,Delivered,122.85
D201419,O109607,W100,EcomExpress,2026-02-24,2026-03-03,2026-03-03,Delivered,1407.95
D201420,O104955,W113,DHL,2026-06-23,2026-06-30,2026-07-04,Delivered,385.11
D201421,O104626,W102,Delhivery,2026-05-07,2026-05-09,2026-05-14,Delivered,367.41
D201422,O107008,W112,Delhivery,2026-04-22,2026-04-24,2026-04-25,Delayed,855.69
D201423,O106106,W101,DHL,2026-03-07,2026-03-13,2026-03-14,Delivered,898.81
D201424,O106924,W110,FedEx,2026-05-17,2026-05-21,2026-05-25,Delivered,778.8
D201425,O109048,W108,EcomExpress,2026-04-02,2026-04-08,2026-04-13,Delivered,1290.48
D201426,O105122,W106,Delhivery,2026-08-25,2026-09-01,2026-09-04,Delivered,60.45
D201427,O100595,W104,,2026-01-27,2026-01-29,2026-01-28,Delivered,467.56
D201428,O109289,W103,BlueDart,2026-03-13,2026-03-19,2026-03-24,Delivered,1176.65
D201429,O108581,W113,DHL,2026-02-05,2026-02-08,2026-02-07,Delivered,828.7
D201430,O106909,W104,BlueDart,2026-06-27,2026-06-30,2026-07-04,Delivered,277.16
D201431,O101641,W118,FedEx,2026-01-31,2026-02-02,2026-02-06,Delivered,693.96
D201432,O108821,W118, ,2026-02-20,2026-02-22,2026-02-21,Delivered,119.32
D201433,O102313,W106,Delhivery,2026-04-17,2026-04-24,2026-04-23,Delivered,329.41
D201434,O109790,W106,DHL,2026-05-11,2026-05-15,2026-05-14,Delivered,1009.03
D201435,O109620,W115,BlueDart,2026-04-24,2026-04-29,2026-05-02,Delayed,285.17
D201436,O106477,W106,FedEx,2026-05-08,2026-05-11,2026-05-14,Delivered,839.47
D201437,O101223,W103,FedEx,2026-01-26,2026-01-31,2026-01-29,Delivered,832.21
D201438,O103682,W118,EcomExpress,2026-08-12,2026-08-15,2026-08-17,Delivered,210.14
D201439,O101973,W109,Delhivery,2026-03-22,2026-03-25,2026-03-31,Delivered,1404.17
D201440,O103972,W118,EcomExpress,2026-08-30,2026-09-02,2026-08-31,Delivered,950.76
D201441,O102980,W111,Delhivery,2026-06-19,2026-06-23,2026-06-23,Delayed,1240.06
D201442,O105042,W115,EcomExpress,2026-04-03,2026-04-10,2026-04-12,Delivered,826.44
D201443,O100785,W103,FedEx,2026-05-28,2026-05-31,2026-06-02,Delivered,1142.5
D201444,O100954,W115,Delhivery,2026-08-17,2026-08-19,2026-08-25,Delivered,825.0
D201445,O100548,W105,BlueDart,2026-08-31,2026-09-05,2026-09-07,Delivered,788.32
D201446,O102921,W117,Delhivery,2026-04-07,2026-04-14,2026-04-18,In Transit,302.98
D201447,O100543,W111,EcomExpress,2026-04-21,2026-04-24,2026-04-29,In Transit,96.09
D201448,O100720,W103,Delhivery,2026-02-05,2026-02-10,2026-02-08,Delivered,400.47
D201449,O108769,W109,BlueDart,2026-03-09,2026-03-13,2026-03-15,Delivered,316.99
D201450,O101371,W111,EcomExpress,2026-01-23,2026-01-25,2026-01-28,Delivered,1012.45
D201451,O105669,W100,EcomExpress,2026-04-24,2026-05-01,2026-05-01,Delivered,325.17
D201452,O106406,W114,FedEx,2026-08-19,2026-08-23,2026-08-26,Delivered,236.08
D201453,O100355,W106,,2026-02-27,2026-03-02,2026-03-07,Delivered,1291.46
D201454,O107449,W101,FedEx,2026-02-26,2026-03-04,2026-03-07,Delivered,491.83
D201455,O108040,W114,BlueDart,2026-03-17,2026-03-23,2026-03-23,Delivered,1288.67
D201456,O106960,W119,FedEx,2026-08-15,2026-08-19,2026-08-21,Delivered,1212.74
D201457,O103441,W102,DHL,2026-06-27,2026-06-30,2026-06-30,Delivered,1239.84
D201458,O106932,W100,BlueDart,2026-05-05,2026-05-11,2026-05-12,Delivered,310.04
D201459,O109652,W103,FedEx,2026-07-05,2026-07-09,2026-07-15,Delivered,86.16
D201460,O100334,W107,DHL,2026-06-11,2026-06-15,2026-06-14,Delivered,508.19
D201461,O101503,W109,DHL,2026-08-25,2026-08-29,2026-08-28,Delivered,1243.0
D201462,O104877,W103,EcomExpress,2026-02-14,2026-02-21,2026-02-19,Delayed,1476.94
D201463,O100991,W109,DHL,2026-05-28,2026-06-04,2026-06-10,Delayed,740.77
D201464,O103673,W105,BlueDart,2026-04-03,2026-04-08,2026-04-10,Delayed,299.55
D201465,O109010,W116,Delhivery,2026-02-13,2026-02-15,2026-02-18,Delivered,410.69
D201466,O105329,W104,BlueDart,2026-02-15,2026-02-18,2026-02-22,Delivered,1293.58
D201467,O104801,W110,Delhivery,2026-08-04,2026-08-10,2026-08-11,Delivered,216.18
D201468,O101298,W110,DHL,2026-04-06,2026-04-12,2026-04-14,Delivered,530.32
D201469,O100791,W106,DHL,2026-04-01,2026-04-04,2026-04-07,Delivered,1262.98
D201470,O109906,W102,BlueDart,2026-01-18,2026-01-24,2026-01-29,Delivered,447.53
D201471,O104120,W104,BlueDart,2026-07-20,2026-07-23,2026-07-22,Delivered,858.13
D201472,O105377,W108,Delhivery,2026-06-16,2026-06-20,2026-06-25,In Transit,425.06
D201473,O106945,W112,FedEx,2026-02-15,2026-02-17,2026-02-22,Delayed,136.01
D201474,O106259,W101,Delhivery,2026-01-24,2026-01-31,2026-02-05,Delayed,543.41
D201475,O103500,W106,BlueDart,2026-01-02,2026-01-04,2026-01-02,Delivered,73.24
D201476,O100378,W111,,2026-05-22,2026-05-29,2026-05-27,Delivered,1382.1
D201477,O101201,W106,EcomExpress,2026-05-09,2026-05-14,2026-05-14,In Transit,272.54
D201478,O103303,W100,EcomExpress,2026-04-08,2026-04-11,2026-04-09,Delivered,939.35
D201479,O108073,W104,DHL,2026-07-21,2026-07-27,2026-08-02,Delivered,1437.39
D201480,O107188,W111,Delhivery,2026-05-09,2026-05-15,2026-05-20,Delivered,1385.54
D201481,O106270,W107,BlueDart,2026-04-21,2026-04-25,2026-04-27,Delivered,204.98
D201482,O104541,W116,EcomExpress,2026-07-20,2026-07-24,2026-07-29,Delayed,1135.04
D201483,O106129,W117,FedEx,2026-05-17,2026-05-22,2026-05-21,Delivered,637.18
D201484,O104644,W110,Delhivery,2026-05-29,2026-06-05,2026-06-08,Delivered,168.35
D201485,O106898,W103,EcomExpress,2026-05-09,2026-05-15,2026-05-20,Delivered,1053.01
D201486,O109101,W114,Delhivery,2026-04-18,2026-04-20,2026-04-20,Delivered,1386.04
D201487,O102204,W117,BlueDart,2026-03-24,2026-03-27,2026-04-02,Delayed,337.05
D201488,O108907,W113,Delhivery,2026-08-03,2026-08-09,2026-08-10,Delivered,240.72
D201489,O104832,W116,Delhivery,2026-02-17,2026-02-21,2026-02-25,Delivered,478.92
D201490,O105462,W114,Delhivery,2026-05-10,2026-05-15,2026-05-15,Delivered,275.56
D201491,O106147,W100,,2026-03-17,2026-03-19,2026-03-22,Delayed,331.88
D201492,O106781,W117,BlueDart,2026-03-22,2026-03-27,2026-04-01,Delivered,645.03
D201493,O107344,W113,FedEx,2026-01-04,2026-01-08,2026-01-07,Delivered,212.74
D201494,O106819,W115,ecomexpress,2026-01-29,2026-02-05,2026-02-04,Delayed,176.19
D201495,O105770,W109,ECOMEXPRESS,2026-08-26,2026-08-30,2026-08-28,Delivered,707.72
D201496,O106923,W102,DHL,2026-03-18,2026-03-21,2026-03-19,In Transit,626.94
D201497,O103459,W113,FedEx,2026-03-26,2026-03-28,2026-04-03,Delivered,1134.96
D201498,O106972,W117,BlueDart,2026-08-15,2026-08-19,2026-08-24,Delivered,1157.12
D201499,O101678,W112,DHL,2026-07-23,2026-07-27,2026-08-01,Delivered,800.72
D201500,O107585,W113,BlueDart,2026-09-14,2026-09-20,2026-09-25,In Transit,1288.25
D201501,O102050,W104,Delhivery,2026-05-03,2026-05-05,2026-05-10,Delivered,187.13
D201502,O107846,W111,ECOMEXPRESS,2026-06-13,2026-06-17,2026-06-16,Delivered,218.7
D201503,O101439,W103,DHL,2026-03-22,2026-03-24,2026-03-27,Delayed,703.61
D201504,O100732,W114,BlueDart,2026-08-25,2026-08-28,2026-08-26,Delivered,1417.75
D201505,O105140,W117,Delhivery,2026-01-25,2026-01-29,2026-02-01,Delivered,818.09
D201506,O101611,W107,FedEx,2026-08-17,2026-08-19,2026-08-22,Delayed,610.38
D201507,O106158,W103,BlueDart,2026-06-13,2026-06-19,2026-06-24,Delivered,337.32
D201508,O109705,W112,EcomExpress,2026-09-04,2026-09-11,2026-09-11,Lost,1461.41
D201509,O103071,W109,EcomExpress,2026-02-24,2026-03-01,2026-03-06,Delivered,552.27
D201510,O109801,W118,BlueDart,2026-01-29,2026-02-04,2026-02-08,Delivered,444.68
D201511,O108852,W115,FedEx,2026-04-22,2026-04-27,2026-04-28,Delayed,600.1
D201512,O104882,W108,EcomExpress,2026-04-07,2026-04-09,2026-04-08,Delivered,958.04
D201513,O103343,W118,BlueDart,2026-07-10,2026-07-17,2026-07-17,Delayed,139.07
D201514,O103749,W111,Delhivery,2026-04-22,2026-04-25,2026-04-26,Delivered,217.47
D201515,O102033,W102,,2026-01-21,2026-01-27,2026-01-25,In Transit,1483.1
D201516,O109890,W104,DHL,2026-01-08,2026-01-13,2026-01-16,In Transit,585.99
D201517,O103589,W102,BlueDart,2026-01-23,2026-01-30,2026-01-30,Delivered,872.34
D201518,O106118,W104,EcomExpress,2026-01-23,2026-01-28,2026-02-02,Delivered,587.57
D201519,O100525,W110,Delhivery,2026-01-31,2026-02-05,2026-02-07,Lost,56.71
D201520,O101755,W106,BlueDart,2026-08-05,2026-08-12,2026-08-17,Delivered,1140.0
D201521,O105192,W101,EcomExpress,2026-04-19,2026-04-22,2026-04-21,Delivered,745.45
D201522,O102781,W117,Delhivery,2026-03-13,2026-03-16,2026-03-17,Delayed,754.42
D201523,O103813,W102,Delhivery,2026-06-25,2026-06-30,2026-07-05,Delayed,800.72
D201524,O104630,W109,BlueDart,2026-08-06,2026-08-10,2026-08-09,Delivered,339.84
D201525,O104671,W115,DHL,2026-09-01,2026-09-06,2026-09-04,Delivered,1246.8
D201526,O102947,W118,EcomExpress,2026-08-17,2026-08-20,2026-08-19,Delivered,1215.65
D201527,O102466,W105,EcomExpress,2026-06-19,2026-06-25,2026-06-30,Delivered,421.25
D201528,O106040,W101,BlueDart,2026-05-26,2026-05-30,2026-05-29,In Transit,1261.32
D201529,O109378,W106,,2026-07-26,2026-08-01,2026-07-30,In Transit,1424.89
D201530,O102818,W101,FEDEX,2026-07-09,2026-07-14,2026-07-20,Delivered,70.78
D201531,O102790,W105,BlueDart,2026-07-31,2026-08-06,2026-08-07,Delayed,1020.93
D201532,O103926,W100,DHL,2026-03-03,2026-03-10,2026-03-11,Delivered,1102.76
D201533,O104104,W113,FedEx,2026-09-03,2026-09-05,2026-09-07,Delivered,699.11
D201534,O105143,W100,FedEx,2026-03-26,2026-03-30,2026-04-04,Delivered,146.18
D201535,O107413,W117,EcomExpress,2026-06-08,2026-06-10,2026-06-16,Delayed,252.12
D201536,O107252,W113,Delhivery,2026-08-25,2026-08-29,2026-08-27,Delivered,1446.68
D201537,O109301,W112,DHL,2026-01-15,2026-01-18,2026-01-18,Delivered,817.26
D201538,O107131,W111,EcomExpress,2026-05-04,2026-05-08,2026-05-12,Delivered,1036.42
D201539,O105363,W111,DHL,2026-05-29,2026-06-01,2026-05-30,Delivered,747.94
D201540,O101661,W118,Delhivery,2026-05-21,2026-05-23,2026-05-21,Delivered,803.22
D201541,O104824,W102,FedEx,2026-08-04,2026-08-10,2026-08-12,Delivered,332.31
D201542,O109480,W117,BlueDart,2026-04-21,2026-04-24,2026-04-28,Delivered,429.69
D201543,O102353,W103,FedEx,2026-04-23,2026-04-26,2026-04-26,Delayed,544.52
D201544,O106533,W114,Delhivery,2026-04-05,2026-04-10,2026-04-11,Delivered,514.06
D201545,O109849,W115,Delhivery,2026-05-27,2026-06-01,2026-06-04,Delayed,186.01
D201546,O102844,W118,FedEx,2026-07-13,2026-07-17,2026-07-21,Delivered,1066.28
D201547,O103840,W107,DHL,2026-07-01,2026-07-06,2026-07-12,Delivered,156.98
D201548,O102853,W110,FedEx,2026-07-31,2026-08-07,2026-08-08,Delivered,845.96
D201549,O106570,W103,delhivery,2026-05-26,2026-05-29,2026-06-01,In Transit,639.7
D201550,O100872,W115,FedEx,2026-02-03,2026-02-05,2026-02-10,Delivered,747.95
D201551,O103208,W115,EcomExpress,2026-06-21,2026-06-28,2026-07-02,In Transit,1044.1
D201552,O103362,W119,BlueDart,2026-06-01,2026-06-04,2026-06-07,Delivered,917.89
D201553,O103216,W114,BlueDart,2026-07-30,2026-08-04,2026-08-04,Delivered,1381.41
D201554,O108001,W117, ,2026-04-13,2026-04-17,2026-04-23,Delivered,1450.96
D201555,O106972,W100,Delhivery,2026-06-20,2026-06-25,2026-07-01,Delivered,1480.71
D201556,O102219,W103,BlueDart,2026-03-03,2026-03-09,2026-03-10,Delayed,689.49
D201557,O109097,W111,FedEx,2026-08-27,2026-08-30,2026-08-28,Delivered,584.22
D201558,O102486,W111,EcomExpress,2026-06-10,2026-06-16,2026-06-21,Delivered,668.63
D201559,O108807,W116,FedEx,2026-09-11,2026-09-13,2026-09-16,Delivered,351.56
D201560,O103862,W116,FedEx,2026-04-15,2026-04-19,2026-04-25,Delivered,693.84
D201561,O106165,W106,BlueDart,2026-06-10,2026-06-14,2026-06-15,Delivered,964.65
D201562,O100275,W115,Delhivery,2026-02-04,2026-02-06,2026-02-10,In Transit,1059.03
D201563,O108992,W112,EcomExpress,2026-07-07,2026-07-11,2026-07-13,Delivered,173.74
D201564,O100864,W114,FedEx,2026-02-25,2026-03-03,2026-03-09,Delivered,1293.95
D201565,O103599,W119,DHL,2026-09-13,2026-09-20,2026-09-19,Delivered,456.99
D201566,O107562,W112,Delhivery,2026-07-22,2026-07-27,2026-07-29,Delivered,1060.42
D201567,O103210,W114,DHL,2026-07-17,2026-07-23,2026-07-27,Delivered,1209.51
D201568,O105837,W104,EcomExpress,2026-07-03,2026-07-10,2026-07-14,Delivered,660.92
D201569,O106995,W113,EcomExpress,2026-07-04,2026-07-08,2026-07-10,In Transit,420.22
D201570,O107571,W118,EcomExpress,2026-07-29,2026-08-01,2026-08-03,Delayed,292.59
D201571,O102826,W103,FedEx,2026-06-17,2026-06-21,2026-06-25,Delivered,1377.72
D201572,O106138,W108,EcomExpress,2026-07-30,2026-08-05,2026-08-03,Delayed,243.84
D201573,O100926,W108,EcomExpress,2026-01-07,2026-01-13,2026-01-16,Delayed,595.38
D201574,O107552,W110,Delhivery,2026-01-22,2026-01-29,2026-01-27,Delivered,1307.46
D201575,O102437,W116,Delhivery,2026-04-28,2026-05-03,2026-05-08,Delivered,944.76
D201576,O104394,W113,Delhivery,2026-04-23,2026-04-27,2026-05-01,In Transit,244.39
D201577,O102339,W102,BlueDart,2026-08-18,2026-08-23,2026-08-23,Delivered,941.69
D201578,O101515,W114,FedEx,2026-06-11,2026-06-18,2026-06-16,In Transit,1231.2
D201579,O108143,W105,EcomExpress,2026-03-20,2026-03-25,2026-03-26,Delivered,1138.52
D201580,O102118,W106,DHL,2026-04-04,2026-04-11,2026-04-11,Delivered,1284.49
D201581,O107549,W101,BlueDart,2026-07-22,2026-07-29,2026-07-28,Delivered,1067.91
D201582,O108493,W114,DHL,2026-05-20,2026-05-22,2026-05-22,Delivered,1080.31
D201583,O104678,W102, ,2026-05-12,2026-05-15,2026-05-21,Delivered,798.13
D201584,O107975,W116,EcomExpress,2026-03-13,2026-03-16,2026-03-20,Delivered,368.06
D201585,O102853,W118,BlueDart,2026-02-15,2026-02-18,2026-02-20,Delivered,683.76
D201586,O101588,W101,DHL,2026-01-05,2026-01-07,2026-01-12,Delivered,105.31
D201587,O105380,W106,Delhivery,2026-03-23,2026-03-28,2026-03-30,Delivered,1237.6
D201588,O104735,W119,DHL,2026-04-05,2026-04-11,2026-04-17,Delivered,1491.61
D201589,O108503,W117,BlueDart,2026-03-07,2026-03-09,2026-03-08,Delivered,923.67
D201590,O106722,W100, BlueDart ,2026-06-16,2026-06-22,2026-06-25,Delivered,1008.06
D201591,O100085,W100,EcomExpress,2026-02-17,2026-02-23,2026-02-27,In Transit,629.65
D201592,O108328,W104,DHL,2026-05-16,2026-05-18,2026-05-18,Delivered,524.93
D201593,O104036,W102,EcomExpress,2026-06-23,2026-06-27,2026-07-02,Delivered,1244.45
D201594,O102878,W100,DHL,2026-06-30,2026-07-07,2026-07-06,Delivered,348.81
D201595,O104575,W110,BlueDart,2026-09-03,2026-09-05,2026-09-08,In Transit,1219.32
D201596,O103644,W110,DHL,2026-07-08,2026-07-12,2026-07-11,Delivered,956.52
D201597,O104586,W116,Delhivery,2026-04-12,2026-04-18,2026-04-20,Delivered,400.35
D201598,O102300,W106,EcomExpress,2026-08-21,2026-08-28,2026-09-02,Delivered,1076.67
D201599,O103085,W103,BlueDart,2026-03-08,2026-03-13,2026-03-15,In Transit,1294.92
D201600,O106226,W107,delhivery,2026-04-28,2026-05-03,2026-05-01,Delivered,436.4
D201601,O101928,W110,EcomExpress,2026-09-06,2026-09-10,2026-09-15,Delivered,461.83
D201602,O107725,W119,dhl,2026-07-23,2026-07-25,2026-07-30,In Transit,105.6
D201603,O106076,W101,FedEx,2026-07-31,2026-08-04,2026-08-06,Delivered,108.51
D201604,O106440,W105,EcomExpress,2026-01-24,2026-01-29,2026-02-04,Delivered,1135.0
D201605,O108293,W108,BlueDart,2026-05-20,2026-05-26,2026-05-25,Delayed,144.93
D201606,O109131,W106,Delhivery,2026-02-05,2026-02-11,2026-02-10,Delivered,160.65
D201607,O103671,W114,DHL,2026-05-26,2026-05-29,2026-05-30,Delivered,1083.17
D201608,O100584,W104,DHL,2026-03-15,2026-03-19,2026-03-23,Delivered,925.84
D201609,O105874,W119,BlueDart,2026-08-08,2026-08-10,2026-08-15,Delivered,783.77
D201610,O103859,W111,Delhivery,2026-06-07,2026-06-09,2026-06-13,Delayed,898.5
D201611,O100879,W104,Delhivery,2026-04-20,2026-04-23,2026-04-28,Delayed,1091.41
D201612,O102513,W105,Delhivery,2026-01-30,2026-02-02,2026-02-06,In Transit,904.98
D201613,O102828,W115,Delhivery,2026-04-05,2026-04-08,2026-04-07,Delayed,1379.51
D201614,O106232,W108,FedEx,2026-08-30,2026-09-04,2026-09-02,Delivered,389.24
D201615,O104347,W111,FedEx,2026-01-24,2026-01-31,2026-02-01,Delivered,954.18
D201616,O105786,W111,DHL,2026-02-09,2026-02-13,2026-02-12,Delayed,385.61
D201617,O100480,W100,BlueDart,2026-04-23,2026-04-27,2026-05-03,Delivered,1348.02
D201618,O102029,W112,EcomExpress,2026-09-07,2026-09-14,2026-09-17,Delivered,1278.65
D201619,O105664,W110,DHL,2026-03-21,2026-03-24,2026-03-29,Delivered,1424.05
D201620,O105764,W119,,2026-04-02,2026-04-08,2026-04-10,Delivered,161.46
D201621,O108035,W109,delhivery,2026-03-15,2026-03-20,2026-03-23,Delivered,1318.47
D201622,O104720,W111,BlueDart,2026-03-04,2026-03-07,2026-03-11,Delivered,230.25
D201623,O107443,W107,DHL,2026-01-09,2026-01-11,2026-01-11,Delivered,1404.2
D201624,O107952,W103,EcomExpress,2026-04-13,2026-04-16,2026-04-18,Delayed,1344.71
D201625,O100242,W113,ecomexpress,2026-07-05,2026-07-09,2026-07-12,Delivered,1131.94
D201626,O105791,W100,Delhivery,2026-03-18,2026-03-22,2026-03-25,Delivered,90.04
D201627,O102107,W103,Delhivery,2026-06-09,2026-06-11,2026-06-12,Delivered,151.91
D201628,O105829,W114,BlueDart,2026-04-08,2026-04-14,2026-04-14,Delivered,1237.19
D201629,O108997,W111,BlueDart,2026-03-20,2026-03-22,2026-03-23,Delivered,1439.9
D201630,O106605,W119,DHL,2026-03-27,2026-03-30,2026-04-05,Delivered,519.67
D201631,O108227,W117,Delhivery,2026-07-09,2026-07-14,2026-07-16,Delivered,540.55
D201632,O100081,W115,BlueDart,2026-01-17,2026-01-20,2026-01-23,Delayed,769.26
D201633,O106637,W101,Delhivery,2026-02-14,2026-02-19,2026-02-18,Delayed,74.6
D201634,O108048,W115,DHL,2026-06-06,2026-06-12,2026-06-15,Delayed,855.35
D201635,O106868,W102,Delhivery,2026-07-21,2026-07-27,2026-07-27,Delivered,756.49
D201636,O104882,W110,FedEx,2026-03-10,2026-03-14,2026-03-16,Delivered,511.6
D201637,O104064,W106,Delhivery,2026-05-14,2026-05-20,2026-05-25,In Transit,1018.7
D201638,O106255,W110,EcomExpress,2026-01-14,2026-01-18,2026-01-19,In Transit,90.87
D201639,O102066,W113,,2026-08-24,2026-08-29,2026-09-04,Delivered,544.55
D201640,O104099,W112,FedEx,2026-08-10,2026-08-14,2026-08-18,Delivered,303.64
D201641,O105766,W112,Delhivery,2026-06-18,2026-06-25,2026-06-24,Delivered,1017.54
D201642,O102177,W111,DHL,2026-04-12,2026-04-14,2026-04-16,Delivered,401.39
D201643,O105757,W102,EcomExpress,2026-01-28,2026-02-04,2026-02-03,Delivered,744.25
D201644,O106273,W105,Delhivery,2026-08-28,2026-09-01,2026-09-05,Delivered,274.26
D201645,O105515,W108,EcomExpress,2026-04-19,2026-04-23,2026-04-27,In Transit,460.18
D201646,O109845,W116,BlueDart,2026-05-31,2026-06-06,2026-06-08,In Transit,1166.26
D201647,O102390,W117,EcomExpress,2026-09-13,2026-09-20,2026-09-21,Delivered,726.85
D201648,O103543,W113,EcomExpress,2026-07-26,2026-08-02,2026-08-07,Delivered,1499.64
D201649,O108062,W103,Delhivery,2026-08-23,2026-08-29,2026-08-29,Delivered,294.95
D201650,O103506,W117,DHL,2026-01-13,2026-01-20,2026-01-19,Delivered,444.27
D201651,O109944,W109,Delhivery,2026-01-26,2026-01-31,2026-01-30,Delivered,1259.85
D201652,O109146,W115,EcomExpress,2026-08-13,2026-08-16,2026-08-19,Delayed,189.79
D201653,O106422,W111,FedEx,2026-03-21,2026-03-24,2026-03-23,Delivered,595.16
D201654,O108871,W118,Delhivery,2026-06-09,2026-06-15,2026-06-14,Delivered,387.61
D201655,O103522,W111,EcomExpress,2026-06-05,2026-06-10,2026-06-11,Delayed,1007.4
D201656,O107086,W111,EcomExpress,2026-07-24,2026-07-31,2026-08-04,Delivered,1080.87
D201657,O105384,W113,DHL,2026-08-09,2026-08-13,2026-08-15,Delivered,995.8
D201658,O101837,W112,FedEx,2026-07-20,2026-07-24,2026-07-23,Delivered,445.15
D201659,O109810,W106,EcomExpress,2026-07-13,2026-07-19,2026-07-23,Delivered,210.08
D201660,O106550,W108,EcomExpress,2026-06-08,2026-06-10,2026-06-16,Delayed,332.07
D201661,O102574,W100,Delhivery,2026-04-24,2026-04-29,2026-04-28,Delivered,921.54
D201662,O102187,W106,,2026-08-09,2026-08-16,2026-08-14,Delivered,1220.88
D201663,O106836,W108,EcomExpress,2026-01-03,2026-01-06,2026-01-09,Delayed,246.13
D201664,O102828,W111,FedEx,2026-06-08,2026-06-15,2026-06-18,In Transit,566.98
D201665,O102507,W103,BlueDart,2026-04-18,2026-04-20,2026-04-25,In Transit,422.45
D201666,O101336,W116,EcomExpress,2026-07-29,2026-08-05,2026-08-07,Delayed,308.55
D201667,O104849,W111,EcomExpress,2026-03-23,2026-03-25,2026-03-24,Delivered,771.05
D201668,O105040,W104,EcomExpress,2026-07-02,2026-07-05,2026-07-06,Delivered,667.34
D201669,O105421,W109,BlueDart,2026-01-09,2026-01-14,2026-01-18,Delivered,1020.25
D201670,O107572,W113,Delhivery,2026-06-17,2026-06-19,2026-06-23,Delivered,774.02
D201671,O103932,W101,DHL,2026-06-21,2026-06-25,2026-06-28,Delivered,1396.11
D201672,O100479,W115,BlueDart,2026-04-03,2026-04-07,2026-04-11,Delayed,1286.2
D201673,O107292,W107,BlueDart,2026-06-21,2026-06-28,2026-07-02,In Transit,497.55
D201674,O106005,W117,DHL,2026-08-07,2026-08-10,2026-08-12,Delivered,993.07
D201675,O102301,W119,Delhivery,2026-03-26,2026-04-02,2026-04-02,Lost,992.58
D201676,O102055,W110,FedEx,2026-09-02,2026-09-06,2026-09-09,Delivered,924.5
D201677,O109519,W112,BlueDart,2026-04-05,2026-04-08,2026-04-10,Delivered,911.07
D201678,O108195,W118,BlueDart,2026-07-13,2026-07-16,2026-07-14,Delivered,177.08
D201679,O109765,W116,FedEx,2026-07-14,2026-07-19,2026-07-19,Delivered,1389.11
D201680,O109420,W112,Delhivery,2026-03-16,2026-03-18,2026-03-22,Delivered,873.79
D201681,O107551,W102,Delhivery,2026-04-18,2026-04-23,2026-04-24,Delivered,644.59
D201682,O101636,W111,Delhivery,2026-03-15,2026-03-21,2026-03-21,Delivered,1231.69
D201683,O106329,W115,DHL,2026-06-17,2026-06-24,2026-06-30,Delayed,415.81
D201684,O105272,W110,DHL,2026-08-18,2026-08-21,2026-08-20,Delivered,116.65
D201685,O100704,W108,EcomExpress,2026-03-23,2026-03-30,2026-03-31,Delayed,516.87
D201686,O107304,W118,Delhivery,2026-09-07,2026-09-10,2026-09-16,Delivered,906.72
D201687,O106888,W112,EcomExpress,2026-05-06,2026-05-11,2026-05-13,Delivered,1386.08
D201688,O100301,W116,Delhivery,2026-06-05,2026-06-07,2026-06-10,In Transit,1130.46
D201689,O102771,W101,EcomExpress,2026-07-31,2026-08-02,2026-08-04,Delayed,570.34
D201690,O105276,W105,Delhivery,2026-03-26,2026-04-02,2026-04-04,In Transit,1201.61
D201691,O107997,W117,EcomExpress,2026-08-31,2026-09-02,2026-09-05,Delivered,1412.42
D201692,O108769,W104,BlueDart,2026-01-29,2026-02-05,2026-02-08,Delivered,654.88
D201693,O100835,W112,DHL,2026-05-19,2026-05-21,2026-05-19,Lost,1489.3
D201694,O109043,W115,FedEx,2026-08-28,2026-08-31,2026-09-06,Delayed,662.97
D201695,O103703,W113,BlueDart,2026-04-01,2026-04-04,2026-04-08,Delivered,1286.73
D201696,O101831,W102,FedEx,2026-04-09,2026-04-11,2026-04-17,Delivered,428.51
D201697,O105762,W113,BlueDart,2026-05-04,2026-05-09,2026-05-09,Delayed,560.32
D201698,O106658,W111,BlueDart,2026-05-10,2026-05-17,2026-05-17,Delivered,1302.66
D201699,O109685,W115,,2026-05-09,2026-05-14,2026-05-15,Delivered,100.95
D201700,O105744,W103,dhl,2026-08-09,2026-08-12,2026-08-11,Delivered,446.78
D201701,O105346,W116,,2026-08-02,2026-08-07,2026-08-06,Delivered,1111.82
D201702,O101341,W113,DHL,2026-07-23,2026-07-25,2026-07-25,Delivered,836.16
D201703,O101160,W109,DHL,2026-02-23,2026-03-01,2026-03-04,In Transit,874.7
D201704,O103027,W101,EcomExpress,2026-01-24,2026-01-28,2026-01-31,Delivered,530.08
D201705,O105494,W101,BlueDart,2026-06-30,2026-07-04,2026-07-09,Delivered,865.29
D201706,O105222,W106,EcomExpress,2026-02-21,2026-02-24,2026-02-23,Delivered,511.42
D201707,O102220,W104,DHL,2026-06-02,2026-06-09,2026-06-08,Delivered,147.27
D201708,O105741,W103,DHL,2026-07-17,2026-07-19,2026-07-25,In Transit,68.78
D201709,O103495,W119,DHL,2026-02-14,2026-02-20,2026-02-26,Delivered,458.73
D201710,O101131,W107,FedEx,2026-01-25,2026-01-27,2026-01-29,Delivered,935.15
D201711,O106449,W103,FedEx,2026-07-13,2026-07-15,2026-07-16,Delayed,346.0
D201712,O104336,W100,DHL,2026-07-22,2026-07-25,2026-07-27,Delivered,1036.2
D201713,O109065,W103,BlueDart,2026-03-28,2026-03-31,2026-04-04,Delivered,708.03
D201714,O102778,W117,BlueDart,2026-09-15,2026-09-19,2026-09-20,In Transit,973.78
D201715,O108433,W103,Delhivery,2026-07-17,2026-07-22,2026-07-22,Delayed,680.46
D201716,O108166,W118,FedEx,2026-08-30,2026-09-01,2026-09-07,Delivered,1206.14
D201717,O103370,W108,FedEx,2026-03-28,2026-04-02,2026-04-06,In Transit,170.35
D201718,O104119,W102,BlueDart,2026-05-20,2026-05-22,2026-05-28,Delayed,152.6
D201719,O106107,W106,FedEx,2026-05-09,2026-05-11,2026-05-10,Delivered,1437.37
D201720,O104778,W113,DHL,2026-05-11,2026-05-18,2026-05-21,Delivered,500.41
D201721,O105556,W116,DHL,2026-01-10,2026-01-15,2026-01-18,Delivered,425.95
D201722,O106190,W113,Delhivery,2026-05-06,2026-05-08,2026-05-13,Delivered,1065.38
D201723,O102389,W100,FedEx,2026-07-04,2026-07-06,2026-07-06,Delivered,1088.57
D201724,O102198,W103,DHL,2026-02-12,2026-02-19,2026-02-22,Delivered,319.55
D201725,O103324,W100,DHL,2026-08-07,2026-08-09,2026-08-07,Delivered,239.74
D201726,O109849,W103,FedEx,2026-06-15,2026-06-18,2026-06-22,Delivered,1236.25
D201727,O103884,W108,BlueDart,2026-08-02,2026-08-09,2026-08-12,Delivered,1371.71
D201728,O105201,W104,EcomExpress,2026-02-14,2026-02-16,2026-02-14,Delivered,404.85
D201729,O109774,W113,Delhivery,2026-04-28,2026-05-02,2026-05-06,Delivered,288.62
D201730,O106258,W104,EcomExpress,2026-06-03,2026-06-10,2026-06-12,Delivered,1062.25
D201731,O105404,W104,EcomExpress,2026-05-20,2026-05-24,2026-05-22,Delivered,1017.66
D201732,O101320,W118,EcomExpress,2026-01-25,2026-01-30,2026-02-04,Delivered,1019.53
D201733,O108694,W103,DHL,2026-04-27,2026-05-03,2026-05-02,Delivered,1094.25
D201734,O101452,W109,FedEx,2026-05-01,2026-05-03,2026-05-01,Delivered,1112.16
D201735,O106885,W111,Delhivery,2026-02-21,2026-02-27,2026-03-03,Delivered,1182.66
D201736,O103328,W105,BlueDart,2026-05-07,2026-05-12,2026-05-14,Delivered,144.27
D201737,O101496,W110,Delhivery,2026-01-15,2026-01-18,2026-01-21,Delivered,1456.65
D201738,O104413,W104,EcomExpress,2026-03-04,2026-03-11,2026-03-17,Delayed,635.1
D201739,O103863,W104,Delhivery,2026-07-22,2026-07-26,2026-07-27,Delivered,585.28
D201740,O102156,W115,FedEx,2026-04-08,2026-04-11,2026-04-17,Delivered,405.21
D201741,O107689,W105,DHL,2026-05-18,2026-05-20,2026-05-19,Delayed,375.59
D201742,O102457,W108,BlueDart,2026-08-29,2026-09-04,2026-09-09,Delivered,791.09
D201743,O106623,W105,BlueDart,2026-08-04,2026-08-08,2026-08-12,In Transit,791.79
D201744,O107410,W115,DHL,2026-02-04,2026-02-08,2026-02-09,In Transit,376.49
D201745,O108679,W105,Delhivery,2026-03-11,2026-03-16,2026-03-16,Delivered,744.3
D201746,O107643,W112,FedEx,2026-04-15,2026-04-20,2026-04-23,Delivered,838.23
D201747,O102819,W105,FedEx,2026-09-10,2026-09-13,2026-09-12,Delivered,564.31
D201748,O105252,W119, DHL ,2026-09-10,2026-09-14,2026-09-15,Delivered,1138.8
D201749,O109928,W115,DHL,2026-05-07,2026-05-11,2026-05-11,In Transit,1186.19
D201750,O102799,W112,Delhivery,2026-01-02,2026-01-08,2026-01-14,Delivered,294.36
D201751,O108677,W115,Delhivery,2026-02-16,2026-02-20,2026-02-21,Delivered,970.05
D201752,O105583,W111,FedEx,2026-03-22,2026-03-24,2026-03-27,Delivered,1039.77
D201753,O107126,W110,FedEx,2026-03-23,2026-03-25,2026-03-29,Delivered,1497.38
D201754,O105241,W118,EcomExpress,2026-01-15,2026-01-20,2026-01-19,Delivered,1254.68
D201755,O102247,W102,EcomExpress,2026-02-09,2026-02-11,2026-02-13,Delivered,1323.5
D201756,O103814,W101,BlueDart,2026-07-17,2026-07-21,2026-07-27,Delayed,1155.13
D201757,O106976,W100,FedEx,2026-04-21,2026-04-27,2026-05-01,In Transit,833.77
D201758,O102467,W112,EcomExpress,2026-02-19,2026-02-21,2026-02-21,In Transit,699.57
D201759,O103900,W102,BlueDart,2026-09-14,2026-09-20,2026-09-23,Delivered,647.26
D201760,O109840,W105,Delhivery,2026-07-07,2026-07-14,2026-07-15,Delivered,1244.95
D201761,O102823,W101,EcomExpress,2026-04-03,2026-04-05,2026-04-04,Delivered,565.61
D201762,O105656,W110,FedEx,2026-01-16,2026-01-23,2026-01-26,Delivered,1023.28
D201763,O106068,W107,Delhivery,2026-01-04,2026-01-07,2026-01-07,Delivered,622.24
D201764,O109900,W108,FedEx,2026-03-20,2026-03-23,2026-03-27,Delivered,50.7
D201765,O106951,W111,Delhivery,2026-05-04,2026-05-06,2026-05-04,Delayed,572.88
D201766,O103679,W101,Delhivery,2026-02-20,2026-02-23,2026-02-25,In Transit,237.91
D201767,O103518,W117,FedEx,2026-07-06,2026-07-12,2026-07-14,Delivered,91.84
D201768,O108730,W108,EcomExpress,2026-03-19,2026-03-25,2026-03-26,In Transit,353.53
D201769,O106259,W103,Delhivery,2026-04-21,2026-04-28,2026-05-04,Delivered,1488.65
D201770,O105195,W111,BlueDart,2026-02-07,2026-02-11,2026-02-14,Delivered,250.12
D201771,O102170,W112,Delhivery,2026-04-10,2026-04-13,2026-04-18,Delivered,1037.94
D201772,O106957,W103,ecomexpress,2026-05-05,2026-05-11,2026-05-12,Delivered,1465.93
D201773,O109083,W114,Delhivery,2026-07-22,2026-07-26,2026-07-27,Delivered,877.04
D201774,O105118,W116,FedEx,2026-04-22,2026-04-25,2026-04-29,In Transit,1358.15
D201775,O102916,W107,EcomExpress,2026-02-04,2026-02-09,2026-02-13,Delayed,836.46
D201776,O105038,W107,Delhivery,2026-05-30,2026-06-04,2026-06-05,Delayed,623.69
D201777,O102597,W108,EcomExpress,2026-01-03,2026-01-10,2026-01-13,Delayed,805.98
D201778,O109761,W118,EcomExpress,2026-04-01,2026-04-05,2026-04-05,Delivered,341.35
D201779,O101380,W109,FedEx,2026-02-10,2026-02-16,2026-02-22,Delivered,1246.23
D201780,O102825,W110,DHL,2026-03-27,2026-03-31,2026-04-03,Delivered,212.02
D201781,O109402,W113,FedEx,2026-09-06,2026-09-10,2026-09-10,Delivered,146.19
D201782,O105541,W102,FedEx,2026-01-24,2026-01-31,2026-01-29,Delivered,1313.9
D201783,O101970,W109,BlueDart,2026-04-04,2026-04-07,2026-04-08,Delivered,1203.56
D201784,O105844,W101,EcomExpress,2026-05-06,2026-05-13,2026-05-15,Delivered,1279.75
D201785,O105332,W117,EcomExpress,2026-03-04,2026-03-11,2026-03-17,Delivered,57.71
D201786,O102736,W107,FedEx,2026-08-07,2026-08-11,2026-08-14,In Transit,450.49
D201787,O106854,W102,Delhivery,2026-09-05,2026-09-11,2026-09-16,Delayed,371.31
D201788,O101871,W107,BlueDart,2026-04-06,2026-04-11,2026-04-16,Delivered,141.4
D201789,O107107,W119,Delhivery,2026-01-18,2026-01-21,2026-01-19,Delayed,1076.42
D201790,O104690,W107,FedEx,2026-02-27,2026-03-04,2026-03-10,Delivered,1497.53
D201791,O102399,W104,FedEx,2026-04-04,2026-04-11,2026-04-15,Delivered,1375.03
D201792,O108573,W101,EcomExpress,2026-06-28,2026-07-03,2026-07-06,Delivered,1098.51
D201793,O102142,W109,DHL,2026-01-10,2026-01-13,2026-01-15,Delayed,91.63
D201794,O101394,W116,Delhivery,2026-05-06,2026-05-09,2026-05-08,Delivered,1067.77
D201795,O106896,W107,Delhivery,2026-02-20,2026-02-26,2026-02-27,Delivered,929.66
D201796,O105300,W100,FedEx,2026-08-22,2026-08-26,2026-09-01,Delivered,1164.03
D201797,O103274,W107,Delhivery,2026-09-06,2026-09-12,2026-09-13,Delivered,1454.83
D201798,O103567,W102,BlueDart,2026-06-13,2026-06-15,2026-06-16,Delivered,1139.63
D201799,O107122,W114,FedEx,2026-07-24,2026-07-30,2026-08-05,Delivered,1108.64
D201800,O109634,W104,FedEx,2026-01-08,2026-01-11,2026-01-11,Delivered,1128.69
D201801,O108159,W119,Delhivery,2026-01-04,2026-01-09,2026-01-10,Delivered,327.4
D201802,O108623,W115,FedEx,2026-01-03,2026-01-06,2026-01-08,In Transit,303.61
D201803,O109116,W105,EcomExpress,2026-02-23,2026-03-02,2026-03-07,Delayed,1394.87
D201804,O107228,W107,BlueDart,2026-02-10,2026-02-13,2026-02-12,Delivered,190.93
D201805,O102441,W109,EcomExpress,2026-08-26,2026-08-29,2026-08-29,Delayed,1412.58
D201806,O105003,W114,FedEx,2026-07-12,2026-07-14,2026-07-17,Delivered,616.58
D201807,O103687,W109,BlueDart,2026-06-25,2026-06-29,2026-07-05,Delayed,64.76
D201808,O105235,W117,Delhivery,2026-04-19,2026-04-24,2026-04-24,Delivered,675.46
D201809,O107478,W111,EcomExpress,2026-03-31,2026-04-07,2026-04-06,Delivered,969.94
D201810,O102109,W110,dhl,2026-05-31,2026-06-02,2026-06-05,Delivered,932.6
D201811,O102715,W101,dhl,2026-06-08,2026-06-12,2026-06-17,Delivered,357.35
D201812,O101374,W106,FedEx,2026-05-03,2026-05-09,2026-05-10,Delivered,741.33
D201813,O108743,W100,BlueDart,2026-05-12,2026-05-18,2026-05-16,Delivered,834.84
D201814,O103603,W114,BlueDart,2026-04-22,2026-04-29,2026-04-30,In Transit,416.16
D201815,O104597,W115,BlueDart,2026-09-04,2026-09-10,2026-09-10,In Transit,509.83
D201816,O106526,W102,BlueDart,2026-02-28,2026-03-03,2026-03-08,Delivered,951.44
D201817,O108145,W110,EcomExpress,2026-07-10,2026-07-12,2026-07-11,Delivered,762.01
D201818,O109106,W107,Delhivery,2026-02-07,2026-02-10,2026-02-10,Delivered,392.72
D201819,O100943,W113,FedEx,2026-06-10,2026-06-13,2026-06-12,Delivered,1282.13
D201820,O102672,W112,BlueDart,2026-05-26,2026-05-29,2026-06-02,Delivered,902.83
D201821,O103723,W106,EcomExpress,2026-09-10,2026-09-16,2026-09-14,Delivered,1486.04
D201822,O102234,W106,EcomExpress,2026-06-05,2026-06-11,2026-06-16,Delivered,684.27
D201823,O108101,W115,EcomExpress,2026-08-11,2026-08-15,2026-08-19,Delivered,847.52
D201824,O103757,W113,EcomExpress,2026-03-01,2026-03-04,2026-03-02,Delivered,199.61
D201825,O102338,W112,BlueDart,2026-02-28,2026-03-02,2026-03-07,Delivered,523.94
D201826,O109021,W111,Delhivery,2026-08-27,2026-09-01,2026-09-07,Delivered,1372.07
D201827,O101842,W118,DHL,2026-01-30,2026-02-06,2026-02-12,Delayed,1064.4
D201828,O104435,W114,DHL,2026-08-20,2026-08-26,2026-08-30,Delivered,144.26
D201829,O102772,W110,DELHIVERY,2026-01-06,2026-01-13,2026-01-16,In Transit,1084.01
D201830,O100189,W112,DHL,2026-03-10,2026-03-15,2026-03-15,Delivered,716.24
D201831,O103639,W103,Delhivery,2026-09-05,2026-09-07,2026-09-09,Delivered,1249.52
D201832,O102060,W113,EcomExpress,2026-03-14,2026-03-18,2026-03-19,In Transit,880.43
D201833,O100072,W114,FedEx,2026-04-06,2026-04-12,2026-04-10,Delivered,1490.04
D201834,O108996,W106,Delhivery,2026-01-17,2026-01-22,2026-01-23,Delivered,511.69
D201835,O105963,W108,DHL,2026-05-11,2026-05-15,2026-05-17,Delivered,1103.51
D201836,O106710,W101,DHL,2026-01-28,2026-02-02,2026-02-05,In Transit,527.64
D201837,O109414,W106,EcomExpress,2026-01-24,2026-01-27,2026-01-30,Delayed,763.94
D201838,O107587,W114,Delhivery,2026-05-02,2026-05-05,2026-05-05,Delayed,1301.38
D201839,O105387,W107,DHL,2026-01-05,2026-01-12,2026-01-14,Delivered,821.51
D201840,O106073,W110,Delhivery,2026-04-14,2026-04-20,2026-04-22,Delayed,960.09
D201841,O109063,W117,Delhivery,2026-05-25,2026-06-01,2026-05-30,Delivered,1176.92
D201842,O101389,W112,Delhivery,2026-02-28,2026-03-05,2026-03-04,Delivered,1143.72
D201843,O107409,W104,EcomExpress,2026-04-02,2026-04-05,2026-04-11,In Transit,1245.4
D201844,O100354,W115,EcomExpress,2026-04-15,2026-04-20,2026-04-19,Delivered,892.27
D201845,O107430,W107,BlueDart,2026-03-27,2026-03-31,2026-04-02,In Transit,842.53
D201846,O104037,W109,FedEx,2026-02-27,2026-03-05,2026-03-05,Delivered,1337.41
D201847,O107936,W104,DHL,2026-07-14,2026-07-19,2026-07-18,In Transit,1389.88
D201848,O103697,W111,Delhivery,2026-01-07,2026-01-09,2026-01-15,Delivered,237.49
D201849,O102549,W103,FedEx,2026-01-13,2026-01-17,2026-01-19,Delivered,702.2
D201850,O105780,W114,EcomExpress,2026-07-11,2026-07-15,2026-07-21,Delivered,130.79
D201851,O101690,W116,DHL,2026-04-20,2026-04-27,2026-04-25,Delayed,245.58
D201852,O103996,W112,FedEx,2026-04-02,2026-04-07,2026-04-13,Delayed,452.26
D201853,O100506,W101,DHL,2026-05-16,2026-05-20,2026-05-20,Delivered,505.79
D201854,O100075,W114,DHL,2026-02-08,2026-02-11,2026-02-10,Delayed,916.64
D201855,O107645,W113,BlueDart,2026-04-30,2026-05-04,2026-05-05,Delivered,820.53
D201856,O102568,W102,Delhivery,2026-03-13,2026-03-17,2026-03-20,Delayed,126.85
D201857,O105395,W115,FedEx,2026-06-29,2026-07-06,2026-07-05,Delivered,60.2
D201858,O109808,W114,Delhivery,2026-04-06,2026-04-10,2026-04-13,Delayed,1229.7
D201859,O101977,W102,Delhivery,2026-08-19,2026-08-25,2026-08-27,In Transit,203.43
D201860,O109058,W104,DHL,2026-07-16,2026-07-19,2026-07-20,Delivered,288.14
D201861,O102615,W110,DHL,2026-03-24,2026-03-28,2026-03-28,Delivered,1400.25
D201862,O104846,W105,FedEx,2026-07-04,2026-07-06,2026-07-09,Delivered,1279.77
D201863,O100869,W111,EcomExpress,2026-03-17,2026-03-22,2026-03-24,In Transit,1420.41
D201864,O107181,W108,DHL,2026-01-22,2026-01-24,2026-01-25,In Transit,1301.43
D201865,O100656,W107,FedEx,2026-03-25,2026-03-29,2026-04-04,In Transit,1309.42
D201866,O103927,W111,,2026-02-15,2026-02-19,2026-02-25,Delivered,390.7
D201867,O107025,W106,BlueDart,2026-04-23,2026-04-27,2026-05-03,Delivered,1189.31
D201868,O102930,W107,FedEx,2026-02-27,2026-03-04,2026-03-05,Delivered,619.01
D201869,O101688,W113,BlueDart,2026-02-20,2026-02-25,2026-02-27,In Transit,1359.2
D201870,O102645,W114,DHL,2026-08-12,2026-08-16,2026-08-22,Delivered,748.92
D201871,O105591,W102,BlueDart,2026-08-28,2026-09-04,2026-09-07,Delivered,1209.29
D201872,O103120,W102,EcomExpress,2026-06-27,2026-07-04,2026-07-09,Delivered,1459.39
D201873,O106310,W118,FedEx,2026-05-29,2026-06-04,2026-06-07,Delayed,1400.53
D201874,O106796,W116, ,2026-03-26,2026-03-28,2026-03-31,Delivered,411.37
D201875,O109838,W117,DHL,2026-04-21,2026-04-28,2026-05-01,Delivered,854.37
D201876,O109720,W108,Delhivery,2026-03-27,2026-04-03,2026-04-09,Delivered,525.89
D201877,O107076,W113,EcomExpress,2026-07-17,2026-07-22,2026-07-27,Delivered,758.23
D201878,O100171,W108,BlueDart,2026-09-10,2026-09-14,2026-09-13,Delivered,150.77
D201879,O109380,W103,FedEx,2026-01-14,2026-01-18,2026-01-22,Delivered,674.84
D201880,O105000,W101,Delhivery,2026-02-21,2026-02-25,2026-03-02,Delivered,888.06
D201881,O107656,W115,DHL,2026-02-12,2026-02-16,2026-02-18,Delivered,1004.38
D201882,O102478,W104,BlueDart,2026-07-25,2026-07-27,2026-08-02,Delivered,825.51
D201883,O105931,W103,EcomExpress,2026-08-17,2026-08-21,2026-08-26,Delivered,68.7
D201884,O105090,W102,DHL,2026-02-26,2026-03-05,2026-03-11,Delivered,639.92
D201885,O102514,W100,BlueDart,2026-02-27,2026-03-03,2026-03-06,Delivered,867.93
D201886,O106186,W112,EcomExpress,2026-08-10,2026-08-12,2026-08-16,Delivered,1400.41
D201887,O104394,W111,DHL,2026-08-28,2026-08-30,2026-08-28,Delivered,1405.46
D201888,O101490,W103,BlueDart,2026-07-30,2026-08-02,2026-08-06,In Transit,239.09
D201889,O101083,W100,DHL,2026-03-11,2026-03-14,2026-03-20,In Transit,897.69
D201890,O100447,W114,FedEx,2026-01-04,2026-01-11,2026-01-15,Delayed,621.22
D201891,O104703,W106,FedEx,2026-04-02,2026-04-06,2026-04-04,Delayed,1192.15
D201892,O103140,W100,Delhivery,2026-06-13,2026-06-15,2026-06-13,In Transit,1411.81
D201893,O106460,W110,,2026-02-19,2026-02-21,2026-02-23,Delivered,869.89
D201894,O108510,W109,FedEx,2026-06-20,2026-06-25,2026-06-25,Delivered,1025.48
D201895,O106315,W105,,2026-04-07,2026-04-14,2026-04-12,Delivered,1468.02
D201896,O104833,W119,BlueDart,2026-07-23,2026-07-30,2026-08-03,Delivered,937.19
D201897,O100140,W106,FedEx,2026-05-12,2026-05-14,2026-05-13,Delivered,1154.77
D201898,O100420,W105,FedEx,2026-03-28,2026-04-01,2026-04-01,Delivered,712.1
D201899,O100942,W107,DHL,2026-08-10,2026-08-15,2026-08-20,Delivered,978.2
D201900,O106463,W109,FedEx,2026-08-15,2026-08-18,2026-08-19,Delivered,1301.62
D201901,O109167,W118,DHL,2026-04-30,2026-05-04,2026-05-09,Delivered,1298.71
D201902,O102506,W119,EcomExpress,2026-01-09,2026-01-16,2026-01-17,Delivered,890.72
D201903,O107775,W101,DHL,2026-03-29,2026-04-03,2026-04-05,Delivered,1484.18
D201904,O100130,W114,DHL,2026-03-29,2026-04-03,2026-04-05,Delivered,684.76
D201905,O101302,W106,FedEx,2026-01-21,2026-01-24,2026-01-24,In Transit,488.4
D201906,O106568,W119,BlueDart,2026-06-03,2026-06-07,2026-06-07,Delivered,706.44
D201907,O106932,W116,Delhivery,2026-02-12,2026-02-17,2026-02-21,Delayed,778.55
D201908,O105338,W118,EcomExpress,2026-09-05,2026-09-10,2026-09-16,In Transit,1380.0
D201909,O107475,W108,BlueDart,2026-06-23,2026-06-27,2026-07-01,Delayed,137.66
D201910,O107010,W106,EcomExpress,2026-04-17,2026-04-20,2026-04-26,Delivered,790.11
D201911,O101345,W119,FedEx,2026-01-12,2026-01-17,2026-01-19,Delivered,266.19
D201912,O106001,W102,BlueDart,2026-05-25,2026-05-30,2026-06-05,Delayed,230.19
D201913,O106855,W102,Delhivery,2026-01-07,2026-01-10,2026-01-13,Delivered,1344.69
D201914,O100188,W110,FedEx,2026-07-04,2026-07-08,2026-07-10,Delivered,751.7
D201915,O105792,W103,DHL,2026-04-12,2026-04-17,2026-04-22,Delayed,140.29
D201916,O108489,W108,DHL,2026-02-09,2026-02-16,2026-02-21,In Transit,716.78
D201917,O105446,W105,FedEx,2026-05-24,2026-05-26,2026-05-30,Delivered,1018.17
D201918,O104837,W112,FedEx,2026-02-08,2026-02-13,2026-02-16,Delivered,221.14
D201919,O109951,W101,DHL,2026-02-01,2026-02-03,2026-02-09,Delivered,622.01
D201920,O107222,W117,DHL,2026-06-25,2026-07-02,2026-07-05,Delivered,1488.4
D201921,O107516,W119,,2026-01-15,2026-01-21,2026-01-22,Delayed,1252.22
D201922,O105601,W104,EcomExpress,2026-08-18,2026-08-25,2026-08-23,Delivered,705.53
D201923,O103499,W119,DHL,2026-06-15,2026-06-17,2026-06-22,Delivered,1071.64
D201924,O101827,W101,FedEx,2026-06-13,2026-06-18,2026-06-19,Delivered,533.93
D201925,O109085,W101,BlueDart,2026-01-02,2026-01-09,2026-01-09,Delivered,1309.82
D201926,O101925,W110,,2026-05-13,2026-05-17,2026-05-17,Delivered,1365.07
D201927,O100754,W102,DHL,2026-09-14,2026-09-21,2026-09-27,Delivered,870.91
D201928,O107425,W104,EcomExpress,2026-06-13,2026-06-19,2026-06-19,Delayed,61.49
D201929,O100596,W117,FedEx,2026-03-25,2026-03-30,2026-03-30,Delivered,1229.75
D201930,O102906,W103,EcomExpress,2026-05-30,2026-06-04,2026-06-06,Delivered,818.09
D201931,O102948,W100,Delhivery,2026-07-31,2026-08-07,2026-08-13,Delivered,191.39
D201932,O107371,W101,Delhivery,2026-09-08,2026-09-13,2026-09-18,Delivered,137.75
D201933,O101097,W101,Delhivery,2026-08-17,2026-08-23,2026-08-23,Delivered,762.74
D201934,O107593,W101,DHL,2026-02-01,2026-02-04,2026-02-10,Delivered,1029.21
D201935,O108305,W113,Delhivery,2026-04-30,2026-05-02,2026-05-01,Delivered,784.09
D201936,O104906,W110,BlueDart,2026-09-12,2026-09-19,2026-09-17,Delivered,452.47
D201937,O101091,W102,,2026-05-09,2026-05-13,2026-05-17,Delivered,1183.92
D201938,O107058,W114,DHL,2026-08-12,2026-08-18,2026-08-21,Delivered,163.2
D201939,O103250,W115,,2026-08-20,2026-08-24,2026-08-28,Delivered,323.93
D201940,O101135,W105,DHL,2026-09-09,2026-09-13,2026-09-11,Delivered,1149.91
D201941,O103462,W112, ,2026-01-26,2026-01-28,2026-01-27,Delivered,1179.69
D201942,O106605,W104,BlueDart,2026-01-04,2026-01-11,2026-01-13,Delayed,781.26
D201943,O100720,W100,Delhivery,2026-04-27,2026-05-04,2026-05-04,Delayed,198.96
D201944,O106160,W104,DHL,2026-01-13,2026-01-15,2026-01-18,Delivered,92.48
D201945,O107574,W113,Delhivery,2026-08-19,2026-08-26,2026-08-30,Delivered,640.82
D201946,O104921,W100,Delhivery,2026-07-21,2026-07-25,2026-07-27,Delayed,542.87
D201947,O109529,W113,EcomExpress,2026-05-20,2026-05-25,2026-05-31,Delayed,979.58
D201948,O108083,W106,FedEx,2026-05-31,2026-06-03,2026-06-02,Delivered,890.34
D201949,O103815,W101,Delhivery,2026-01-21,2026-01-28,2026-01-31,Delivered,604.49
D201950,O109062,W117,Delhivery,2026-06-23,2026-06-28,2026-07-02,Delivered,1107.45
D201951,O100530,W118,BlueDart,2026-04-29,2026-05-05,2026-05-08,Delivered,577.45
D201952,O100180,W106,BlueDart,2026-06-14,2026-06-18,2026-06-22,Delivered,281.97
D201953,O107585,W101,EcomExpress,2026-06-17,2026-06-22,2026-06-22,Delivered,389.26
D201954,O106827,W118, DHL ,2026-01-04,2026-01-11,2026-01-15,In Transit,1103.89
D201955,O105641,W112,FedEx,2026-02-13,2026-02-18,2026-02-23,Delayed,1129.22
D201956,O109048,W114,ecomexpress,2026-09-12,2026-09-18,2026-09-23,Delivered,1070.79
D201957,O103035,W107,FedEx,2026-03-25,2026-04-01,2026-04-06,Delivered,81.73
D201958,O102053,W112,DHL,2026-08-15,2026-08-22,2026-08-25,Delivered,1282.48
D201959,O102492,W100,DHL,2026-03-27,2026-04-02,2026-04-07,Delivered,639.56
D201960,O102282,W105,DHL,2026-08-21,2026-08-24,2026-08-22,Delayed,1320.12
D201961,O100806,W113,EcomExpress,2026-08-15,2026-08-21,2026-08-19,Delivered,589.77
D201962,O100304,W119,FedEx,2026-05-05,2026-05-10,2026-05-14,Delivered,1472.33
D201963,O107123,W118,EcomExpress,2026-03-12,2026-03-19,2026-03-18,Delivered,855.84
D201964,O101896,W118,Delhivery,2026-04-06,2026-04-13,2026-04-18,Delayed,332.6
D201965,O109828,W114,Delhivery,2026-01-14,2026-01-16,2026-01-16,Delayed,848.95
D201966,O107551,W100,BlueDart,2026-03-02,2026-03-09,2026-03-10,In Transit,240.62
D201967,O106259,W116,Delhivery,2026-05-01,2026-05-04,2026-05-02,Delayed,126.68
D201968,O109950,W104,,2026-03-08,2026-03-12,2026-03-12,Delivered,201.26
D201969,O107106,W118,Delhivery,2026-01-06,2026-01-12,2026-01-13,Delivered,470.36
D201970,O108613,W107,BlueDart,2026-07-04,2026-07-10,2026-07-09,Delayed,576.6
D201971,O104272,W118,EcomExpress,2026-02-25,2026-03-01,2026-02-28,Lost,1022.4
D201972,O100334,W101,DHL,2026-02-16,2026-02-18,2026-02-17,In Transit,434.51
D201973,O106128,W102,DHL,2026-03-22,2026-03-28,2026-03-30,Delivered,1423.19
D201974,O103561,W104,bluedart,2026-02-02,2026-02-05,2026-02-03,Delivered,261.54
D201975,O101993,W111,Delhivery,2026-04-09,2026-04-11,2026-04-13,Delayed,954.85
D201976,O108581,W112,,2026-05-11,2026-05-16,2026-05-15,Delivered,324.8
D201977,O103188,W107,FedEx,2026-01-15,2026-01-17,2026-01-17,Delivered,74.97
D201978,O106916,W108,FedEx,2026-08-07,2026-08-14,2026-08-20,Delivered,995.08
D201979,O105632,W107,EcomExpress,2026-04-11,2026-04-15,2026-04-20,Delivered,463.01
D201980,O108159,W110,BlueDart,2026-07-16,2026-07-23,2026-07-21,Delivered,191.1
D201981,O102411,W106,FedEx,2026-01-16,2026-01-23,2026-01-23,Delayed,1138.33
D201982,O100213,W113,BlueDart,2026-02-07,2026-02-11,2026-02-16,Delivered,909.28
D201983,O100136,W112, ,2026-01-21,2026-01-25,2026-01-27,Delivered,87.34
D201984,O106672,W114,BlueDart,2026-07-06,2026-07-10,2026-07-08,Delayed,111.18
D201985,O108789,W118,BlueDart,2026-01-16,2026-01-20,2026-01-23,Delivered,88.1
D201986,O105197,W100,BlueDart,2026-04-02,2026-04-06,2026-04-07,Delivered,187.43
D201987,O105658,W108,EcomExpress,2026-06-05,2026-06-10,2026-06-15,In Transit,1222.79
D201988,O101235,W118,EcomExpress,2026-01-22,2026-01-24,2026-01-25,Delivered,-500.0
D201989,O108932,W115,BlueDart,2026-07-25,2026-07-27,2026-07-25,Delivered,969.14
D201990,O103508,W115,DHL,2026-06-11,2026-06-18,2026-06-16,Delivered,73.5
D201991,O106988,W115,Delhivery,2026-02-02,2026-02-08,2026-02-10,In Transit,322.65
D201992,O106564,W104,BlueDart,2026-02-03,2026-02-09,2026-02-12,Delivered,1200.34
D201993,O109297,W103,FedEx,2026-08-29,2026-08-31,2026-09-04,Delivered,1096.3
D201994,O108365,W105,Delhivery,2026-05-20,2026-05-25,2026-05-30,Delayed,694.43
D201995,O109914,W103,FedEx,2026-09-01,2026-09-07,2026-09-08,Lost,1236.88
D201996,O107772,W109,EcomExpress,2026-02-09,2026-02-12,2026-02-11,Delivered,69.39
D201997,O100515,W111,Delhivery,2026-02-15,2026-02-18,2026-02-17,Delivered,547.45
D201998,O102666,W109,Delhivery,2026-08-24,2026-08-26,2026-09-01,In Transit,215.8
D201999,O102992,W100,DHL,2026-01-26,2026-01-28,2026-01-30,Delivered,1333.27
D202000,O109700,W118,FedEx,2026-07-21,2026-07-28,2026-07-28,Delivered,1318.15
D202001,O105957,W116,FedEx,2026-05-20,2026-05-24,2026-05-22,Delivered,96.88
D202002,O104449,W104,DHL,2026-06-30,2026-07-04,2026-07-05,Delivered,1146.63
D202003,O104244,W101,EcomExpress,2026-08-14,2026-08-19,2026-08-20,Delivered,527.63
D202004,O107611,W101,,2026-08-12,2026-08-14,2026-08-17,Delivered,544.6
D202005,O108991,W106,DHL,2026-07-27,2026-07-30,2026-07-28,In Transit,1015.05
D202006,O109283,W109,BlueDart,2026-04-10,2026-04-12,2026-04-10,Delivered,627.81
D202007,O103069,W118,FedEx,2026-02-15,2026-02-18,2026-02-23,Delivered,1053.78
D202008,O108194,W106,Delhivery,2026-03-25,2026-03-31,2026-03-29,Delivered,901.76
D202009,O109964,W106,Delhivery,2026-05-11,2026-05-17,2026-05-18,In Transit,1250.59
D202010,O100811,W117,FedEx,2026-01-29,2026-02-04,2026-02-02,Delivered,210.31
D202011,O106259,W100,EcomExpress,2026-08-18,2026-08-22,2026-08-25,Delivered,872.25
D202012,O104392,W100,Delhivery,2026-01-13,2026-01-19,2026-01-22,In Transit,222.13
D202013,O107438,W117,Delhivery,2026-06-07,2026-06-10,2026-06-15,Delivered,296.48
D202014,O105984,W105,DHL,2026-06-02,2026-06-07,2026-06-06,In Transit,1203.76
D202015,O101670,W102,,2026-02-11,2026-02-13,2026-02-15,Delivered,1113.01
D202016,O104995,W117,EcomExpress,2026-05-07,2026-05-10,2026-05-12,In Transit,273.31
D202017,O105775,W107,BlueDart,2026-03-03,2026-03-08,2026-03-06,Delivered,674.06
D202018,O100812,W105,DHL,2026-02-01,2026-02-08,2026-02-11,Delivered,885.05
D202019,O105894,W109,Delhivery,2026-03-05,2026-03-12,2026-03-13,Delivered,547.59
D202020,O101518,W102,DHL,2026-02-21,2026-02-25,2026-02-23,In Transit,546.97
D202021,O109328,W111,FEDEX,2026-05-21,2026-05-24,2026-05-25,Delivered,565.49
D202022,O104404,W116,DHL,2026-06-21,2026-06-23,2026-06-25,Delivered,1031.65
D202023,O108651,W106,EcomExpress,2026-07-28,2026-08-01,2026-08-03,Delivered,260.6
D202024,O100926,W104,EcomExpress,2026-09-13,2026-09-16,2026-09-18,Delivered,731.9
D202025,O102479,W114,FedEx,2026-07-25,2026-07-28,2026-07-30,Delivered,1057.0
D202026,O109248,W108,Delhivery,2026-08-26,2026-08-30,2026-09-03,Delayed,1099.5
D202027,O108599,W110,Delhivery,2026-08-13,2026-08-15,2026-08-13,Delivered,316.74
D202028,O102694,W115,Delhivery,2026-08-02,2026-08-08,2026-08-07,Lost,239.02
D202029,O104294,W118,FedEx,2026-02-06,2026-02-12,2026-02-10,In Transit,1319.22
D202030,O101072,W103,BlueDart,2026-06-23,2026-06-27,2026-06-28,In Transit,566.9
D202031,O104629,W111,FedEx,2026-03-08,2026-03-11,2026-03-14,In Transit,499.84
D202032,O102898,W110,BlueDart,2026-05-18,2026-05-22,2026-05-28,In Transit,1149.58
D202033,O107631,W107,Delhivery,2026-07-24,2026-07-31,2026-08-02,Delayed,803.41
D202034,O109087,W115,EcomExpress,2026-01-15,2026-01-22,2026-01-23,In Transit,912.28
D202035,O108793,W117,DHL,2026-02-19,2026-02-22,2026-02-23,Delivered,825.97
D202036,O109898,W107,EcomExpress,2026-09-05,2026-09-08,2026-09-08,Delayed,1055.2
D202037,O103373,W111,DHL,2026-01-20,2026-01-23,2026-01-29,Delivered,185.96
D202038,O108471,W119,,2026-03-20,2026-03-25,2026-03-26,Delivered,773.37
D202039,O106807,W118,FedEx,2026-02-18,2026-02-24,2026-03-02,Delivered,577.9
D202040,O104584,W107,DHL,2026-08-19,2026-08-25,2026-08-25,Delivered,413.1
D202041,O107776,W118,DHL,2026-08-05,2026-08-07,2026-08-13,Delivered,128.99
D202042,O100641,W117,BlueDart,2026-06-06,2026-06-10,2026-06-14,Delivered,1276.47
D202043,O108584,W110,EcomExpress,2026-06-19,2026-06-24,2026-06-27,In Transit,656.44
D202044,O107684,W114,DHL,2026-02-08,2026-02-12,2026-02-12,Delivered,1428.44
D202045,O103180,W101,DHL,2026-09-05,2026-09-07,2026-09-11,In Transit,567.67
D202046,O107653,W109,BlueDart,2026-08-27,2026-09-01,2026-09-03,Delivered,1178.28
D202047,O107481,W101,DHL,2026-01-21,2026-01-26,2026-01-27,Delivered,565.58
D202048,O105824,W110,Delhivery,2026-03-08,2026-03-13,2026-03-11,Delivered,1261.76
D202049,O105072,W110,Delhivery,2026-03-20,2026-03-24,2026-03-23,Delivered,1129.66
D202050,O102374,W107,Delhivery,2026-04-16,2026-04-23,2026-04-24,Delivered,107.59
D202051,O105293,W110,Delhivery,2026-01-03,2026-01-09,2026-01-07,Delayed,802.49
D202052,O104426,W106,EcomExpress,2026-05-09,2026-05-13,2026-05-15,Delayed,273.28
D202053,O109035,W116,BlueDart,2026-06-29,2026-07-03,2026-07-04,Delivered,1207.47
D202054,O103910,W119,FedEx,2026-04-28,2026-05-03,2026-05-09,Delivered,1372.39
D202055,O103474,W114,DHL,2026-06-06,2026-06-13,2026-06-11,Delayed,473.23
D202056,O106066,W119,FedEx,2026-08-20,2026-08-26,2026-08-25,Delivered,801.56
D202057,O106237,W101,BlueDart,2026-03-25,2026-03-31,2026-04-02,Delivered,1030.6
D202058,O107833,W101,Delhivery,2026-08-14,2026-08-20,2026-08-25,Delayed,1311.79
D202059,O109908,W113,EcomExpress,2026-08-24,2026-08-27,2026-08-27,In Transit,692.7
D202060,O100035,W113,DHL,2026-03-11,2026-03-16,2026-03-17,In Transit,1385.82
D202061,O108326,W114,FedEx,2026-06-15,2026-06-21,2026-06-22,Delivered,1271.45
D202062,O100813,W115,FedEx,2026-04-08,2026-04-11,2026-04-14,Delayed,1180.63
D202063,O106198,W112,EcomExpress,2026-03-18,2026-03-24,2026-03-27,Delivered,259.47
D202064,O107783,W106,FedEx,2026-01-31,2026-02-06,2026-02-06,Delivered,843.77
D202065,O103454,W102,EcomExpress,2026-06-30,2026-07-02,2026-07-03,Delayed,1074.33
D202066,O109709,W103,EcomExpress,2026-04-04,2026-04-07,2026-04-13,Delivered,65.78
D202067,O104304,W118,BlueDart,2026-05-18,2026-05-24,2026-05-24,In Transit,1101.99
D202068,O101317,W103,DHL,2026-08-31,2026-09-05,2026-09-08,Delivered,689.79
D202069,O102245,W101,DHL,2026-05-01,2026-05-08,2026-05-06,Delivered,1262.88
D202070,O104547,W114,EcomExpress,2026-07-04,2026-07-07,2026-07-09,Delivered,975.69
D202071,O108951,W102,DHL,2026-09-15,2026-09-22,2026-09-24,Delivered,114.41
D202072,O101213,W105,EcomExpress,2026-09-13,2026-09-16,2026-09-19,Delivered,532.49
D202073,O106869,W107,DHL,2026-03-31,2026-04-07,2026-04-10,Delayed,95.18
D202074,O101102,W110,FedEx,2026-08-23,2026-08-28,2026-08-28,Delayed,61.43
D202075,O100646,W102,ecomexpress,2026-03-29,2026-03-31,2026-04-01,Delivered,1470.84
D202076,O104590,W110,BlueDart,2026-04-08,2026-04-10,2026-04-15,Delivered,430.43
D202077,O102908,W115,BlueDart,2026-04-21,2026-04-28,2026-05-03,Delivered,279.72
D202078,O107457,W100,Delhivery,2026-06-23,2026-06-29,2026-06-28,Delivered,1315.2
D202079,O103931,W106,Delhivery,2026-08-30,2026-09-05,2026-09-08,Delivered,497.96
D202080,O105194,W110,FedEx,2026-01-09,2026-01-15,2026-01-13,Delayed,476.52
D202081,O107103,W101,Delhivery,2026-03-25,2026-03-31,2026-04-05,Delivered,1333.2
D202082,O102954,W116,EcomExpress,2026-05-11,2026-05-14,2026-05-16,Delivered,886.01
D202083,O102854,W106,EcomExpress,2026-01-16,2026-01-19,2026-01-24,Delivered,353.36
D202084,O100964,W112,FedEx,2026-05-05,2026-05-09,2026-05-11,Delivered,470.39
D202085,O103454,W111,EcomExpress,2026-09-15,2026-09-21,2026-09-27,Delivered,190.19
D202086,O106250,W104,FedEx,2026-07-25,2026-07-29,2026-08-04,Delivered,1004.67
D202087,O109066,W102,,2026-08-05,2026-08-11,2026-08-10,Delivered,303.34
D202088,O104596,W112,Delhivery,2026-04-11,2026-04-15,2026-04-13,Delivered,675.79
D202089,O105020,W117,BlueDart,2026-06-07,2026-06-09,2026-06-13,Delivered,998.92
D202090,O105039,W116,FedEx,2026-07-16,2026-07-22,2026-07-23,Delayed,696.32
D202091,O106574,W117,EcomExpress,2026-05-27,2026-05-31,2026-06-05,Delivered,708.07
D202092,O100410,W100,DHL,2026-05-27,2026-06-02,2026-06-07,Delayed,1366.74
D202093,O101336,W118,DHL,2026-05-17,2026-05-24,2026-05-30,Delayed,1218.28
D202094,O104108,W111,FedEx,2026-03-11,2026-03-17,2026-03-15,Delivered,590.27
D202095,O106192,W112,delhivery,2026-08-21,2026-08-26,2026-08-31,Delivered,921.13
D202096,O109636,W103,EcomExpress,2026-05-08,2026-05-15,2026-05-19,Delivered,664.4
D202097,O101701,W106,Delhivery,2026-04-30,2026-05-06,2026-05-10,Delivered,975.21
D202098,O105274,W109,DHL,2026-06-13,2026-06-15,2026-06-20,Delivered,1366.49
D202099,O100042,W109,BlueDart,2026-07-21,2026-07-26,2026-07-28,Delivered,871.01
D202100,O109621,W114,EcomExpress,2026-06-27,2026-07-03,2026-07-01,Delivered,254.32
D202101,O105210,W105,,2026-03-09,2026-03-12,2026-03-12,Delivered,1268.44
D202102,O107124,W102,,2026-05-03,2026-05-08,2026-05-06,Delayed,1111.2
D202103,O109592,W111,BlueDart,2026-02-09,2026-02-11,2026-02-11,Delivered,307.18
D202104,O107987,W101,FedEx,2026-08-02,2026-08-04,2026-08-10,Delivered,956.93
D202105,O103354,W105,DHL,2026-08-21,2026-08-28,2026-09-02,Delivered,1371.43
D202106,O104536,W118,EcomExpress,2026-07-27,2026-08-02,2026-07-31,Delivered,1353.97
D202107,O103158,W101,DHL,2026-03-27,2026-04-01,2026-04-02,In Transit,1478.16
D202108,O107863,W115,FedEx,2026-03-21,2026-03-25,2026-03-30,Delivered,1040.68
D202109,O100842,W105,Delhivery,2026-08-31,2026-09-04,2026-09-06,Delivered,1463.66
D202110,O101821,W103,EcomExpress,2026-05-08,2026-05-13,2026-05-16,Delivered,186.65
D202111,O102568,W110,BlueDart,2026-06-20,2026-06-27,2026-07-02,Delivered,361.6
D202112,O108999,W110,Delhivery,2026-04-26,2026-04-28,2026-04-29,Delivered,811.14
D202113,O104311,W114,EcomExpress,2026-05-01,2026-05-07,2026-05-05,Delivered,590.91
D202114,O108817,W108,EcomExpress,2026-06-09,2026-06-13,2026-06-17,In Transit,138.16
D202115,O103290,W106,DHL,2026-01-02,2026-01-07,2026-01-10,Delivered,233.04
D202116,O100039,W111,Delhivery,2026-07-19,2026-07-26,2026-07-31,Delivered,516.05
D202117,O101096,W110,BlueDart,2026-03-22,2026-03-29,2026-04-01,Delivered,1237.69
D202118,O107060,W118,Delhivery,2026-01-29,2026-01-31,2026-02-01,Delivered,1356.29
D202119,O103761,W100,Delhivery,2026-02-23,2026-02-26,2026-02-25,Delayed,1339.91
D202120,O106689,W108,FedEx,2026-07-30,2026-08-06,2026-08-09,Lost,453.53
D202121,O109934,W105,DHL,2026-08-06,2026-08-11,2026-08-12,Delivered,1138.46
D202122,O100960,W105,FedEx,2026-04-10,2026-04-16,2026-04-21,Delayed,508.21
D202123,O107720,W110,EcomExpress,2026-05-06,2026-05-12,2026-05-17,Delivered,951.57
D202124,O100977,W105,bluedart,2026-05-19,2026-05-26,2026-05-31,Delivered,1265.73
D202125,O105302,W116,Delhivery,2026-01-31,2026-02-07,2026-02-11,Delivered,386.7
D202126,O100410,W101,FedEx,2026-03-01,2026-03-04,2026-03-02,Delivered,676.7
D202127,O107639,W111,DHL,2026-05-15,2026-05-17,2026-05-21,Delayed,753.94
D202128,O106302,W108,DHL,2026-03-10,2026-03-16,2026-03-15,Delivered,595.17
D202129,O109009,W110,FedEx,2026-02-17,2026-02-23,2026-02-23,Delivered,1293.47
D202130,O108423,W117,DHL,2026-07-11,2026-07-18,2026-07-24,Delivered,168.65
D202131,O107053,W102,EcomExpress,2026-07-23,2026-07-26,2026-08-01,Delivered,1438.69
D202132,O107569,W118,EcomExpress,2026-04-11,2026-04-18,2026-04-24,In Transit,1378.3
D202133,O101104,W104,Delhivery,2026-05-11,2026-05-13,2026-05-12,Delivered,580.75
D202134,O108523,W110,BlueDart,2026-06-25,2026-07-02,2026-06-30,Delivered,1260.59
D202135,O109574,W105,Delhivery,2026-04-01,2026-04-03,2026-04-09,Delivered,195.27
D202136,O109117,W100,BlueDart,2026-08-01,2026-08-06,2026-08-10,Delivered,1370.1
D202137,O108891,W117,EcomExpress,2026-04-19,2026-04-26,2026-04-29,Delayed,1131.11
D202138,O105302,W111,DHL,2026-07-25,2026-07-29,2026-07-31,Delivered,989.4
D202139,O104317,W105,FedEx,2026-03-29,2026-04-02,2026-04-02,Delivered,690.34
D202140,O100172,W113,FedEx,2026-08-03,2026-08-09,2026-08-11,Delivered,50.67
D202141,O109050,W112,EcomExpress,2026-04-04,2026-04-06,2026-04-12,Delayed,1124.83
D202142,O100658,W100,EcomExpress,2026-04-22,2026-04-28,2026-04-29,Delivered,1151.72
D202143,O108587,W117,,2026-04-10,2026-04-13,2026-04-13,Delivered,933.69
D202144,O103284,W105,EcomExpress,2026-07-06,2026-07-10,2026-07-16,Delivered,484.01
D202145,O104614,W111,BlueDart,2026-08-24,2026-08-30,2026-08-28,Delivered,193.11
D202146,O108413,W106,DHL,2026-01-17,2026-01-19,2026-01-18,Delayed,108.36
D202147,O103253,W115,BlueDart,2026-05-26,2026-05-31,2026-06-03,Delayed,236.76
D202148,O101886,W104,Delhivery,2026-05-22,2026-05-24,2026-05-22,Lost,266.84
D202149,O106898,W115,BlueDart,2026-05-17,2026-05-24,2026-05-29,Delivered,448.27
D202150,O109391,W108,DHL,2026-07-06,2026-07-08,2026-07-12,Delivered,1155.17
D202151,O103761,W108,EcomExpress,2026-07-05,2026-07-11,2026-07-09,Delivered,501.91
D202152,O102843,W118,BlueDart,2026-03-02,2026-03-05,2026-03-04,Delivered,1498.37
D202153,O102562,W115,BlueDart,2026-06-06,2026-06-13,2026-06-19,Delayed,317.73
D202154,O106378,W100,DHL,2026-04-15,2026-04-19,2026-04-20,Delivered,1287.03
D202155,O100519,W113,DHL,2026-05-19,2026-05-25,2026-05-27,Delivered,379.93
D202156,O103599,W105,FedEx,2026-05-29,2026-06-03,2026-06-07,Delivered,517.23
D202157,O106265,W117,DHL,2026-03-17,2026-03-20,2026-03-21,Delivered,406.23
D202158,O105462,W110,FedEx,2026-02-13,2026-02-16,2026-02-22,Delayed,940.16
D202159,O105660,W118,EcomExpress,2026-02-09,2026-02-12,2026-02-13,Delivered,1138.92
D202160,O109445,W103,fedex,2026-02-23,2026-03-02,2026-02-28,Delivered,103.49
D202161,O105124,W101,BlueDart,2026-08-28,2026-09-04,2026-09-04,Delivered,693.74
D202162,O105686,W107,DHL,2026-06-23,2026-06-30,2026-07-03,Delivered,1015.6
D202163,O107526,W113,Delhivery,2026-05-16,2026-05-18,2026-05-21,Delivered,258.93
D202164,O103378,W115,BLUEDART,2026-05-16,2026-05-18,2026-05-23,Delivered,940.21
D202165,O102954,W113,FedEx,2026-05-31,2026-06-06,2026-06-10,Delivered,560.54
D202166,O104839,W111,DHL,2026-06-20,2026-06-23,2026-06-23,Delivered,97.55
D202167,O108997,W103,,2026-09-02,2026-09-04,2026-09-09,Delayed,1454.97
D202168,O107590,W114,Delhivery,2026-05-28,2026-06-02,2026-06-03,In Transit,1227.05
D202169,O106681,W119,DHL,2026-03-27,2026-04-02,2026-04-07,Delivered,138.98
D202170,O104221,W107,BlueDart,2026-02-11,2026-02-15,2026-02-18,Delivered,-500.0
D202171,O104575,W117,BlueDart,2026-06-03,2026-06-10,2026-06-08,In Transit,1210.16
D202172,O109298,W113,BlueDart,2026-04-02,2026-04-05,2026-04-06,Delivered,1448.39
D202173,O102980,W119,,2026-06-03,2026-06-07,2026-06-09,Delivered,707.62
D202174,O107881,W112,EcomExpress,2026-07-13,2026-07-19,2026-07-23,Delivered,1362.12
D202175,O108057,W112,FedEx,2026-05-02,2026-05-05,2026-05-08,Delayed,1009.61
D202176,O109257,W103,FedEx,2026-02-26,2026-03-01,2026-03-04,Delayed,220.65
D202177,O103530,W103,EcomExpress,2026-07-07,2026-07-13,2026-07-15,Delayed,1250.44
D202178,O107103,W105,EcomExpress,2026-02-08,2026-02-12,2026-02-16,Delivered,1160.85
D202179,O103180,W110, ,2026-03-24,2026-03-28,2026-04-02,Delivered,527.58
D202180,O107173,W111,Delhivery,2026-02-26,2026-03-05,2026-03-04,Delivered,1378.37
D202181,O108410,W100,BlueDart,2026-03-04,2026-03-06,2026-03-05,Delivered,367.38
D202182,O105007,W115,DHL,2026-07-28,2026-07-30,2026-08-05,Delayed,1069.14
D202183,O108281,W111,FedEx,2026-05-20,2026-05-27,2026-06-01,Delayed,1128.9
D202184,O105787,W108,EcomExpress,2026-09-09,2026-09-11,2026-09-11,Delivered,480.46
D202185,O106306,W116,Delhivery,2026-03-30,2026-04-02,2026-04-02,Delivered,539.69
D202186,O102463,W104,EcomExpress,2026-05-09,2026-05-14,2026-05-16,Lost,1389.42
D202187,O109750,W115,BlueDart,2026-07-18,2026-07-25,2026-07-29,Delivered,888.21
D202188,O108091,W100,EcomExpress,2026-05-28,2026-05-31,2026-06-03,Delivered,278.9
D202189,O106137,W103,EcomExpress,2026-04-02,2026-04-04,2026-04-10,Delivered,344.21
D202190,O109296,W113,,2026-09-14,2026-09-17,2026-09-18,Delivered,210.17
D202191,O104067,W110,EcomExpress,2026-08-15,2026-08-17,2026-08-23,Delivered,191.16
D202192,O109031,W113,BlueDart,2026-03-30,2026-04-01,2026-04-03,In Transit,763.89
D202193,O105602,W106,DHL,2026-05-10,2026-05-16,2026-05-14,In Transit,1039.29
D202194,O103401,W114,FedEx,2026-08-14,2026-08-19,2026-08-21,Delivered,1405.1
D202195,O105884,W111,Delhivery,2026-04-15,2026-04-18,2026-04-16,Delayed,175.84
D202196,O104256,W112,EcomExpress,2026-06-15,2026-06-18,2026-06-22,Delivered,569.91
D202197,O103000,W106,EcomExpress,2026-04-20,2026-04-26,2026-05-02,Delivered,720.06
D202198,O108969,W102,DHL,2026-09-11,2026-09-17,2026-09-21,In Transit,1005.12
D202199,O107444,W104,DHL,2026-07-11,2026-07-18,2026-07-17,Delayed,947.07
D202200,O108038,W116,EcomExpress,2026-03-02,2026-03-06,2026-03-06,Delivered,586.98
D202201,O106202,W109,DHL,2026-07-04,2026-07-08,2026-07-07,Lost,554.4
D202202,O108348,W100,EcomExpress,2026-05-03,2026-05-05,2026-05-04,Delayed,1091.38
D202203,O107839,W110,EcomExpress,2026-01-02,2026-01-05,2026-01-03,In Transit,50.17
D202204,O107653,W101,EcomExpress,2026-02-01,2026-02-05,2026-02-10,Delivered,854.38
D202205,O105347,W103,FedEx,2026-08-26,2026-09-01,2026-09-06,In Transit,920.79
D202206,O101160,W106,EcomExpress,2026-06-11,2026-06-15,2026-06-13,Delivered,895.98
D202207,O100220,W110,,2026-03-03,2026-03-10,2026-03-13,Delivered,316.82
D202208,O102086,W112,BlueDart,2026-05-14,2026-05-19,2026-05-18,Delivered,266.54
D202209,O108910,W113,Delhivery,2026-07-08,2026-07-12,2026-07-11,Delivered,928.69
D202210,O100214,W107,Delhivery,2026-02-08,2026-02-10,2026-02-11,In Transit,1023.73
D202211,O102721,W115,Delhivery,2026-04-23,2026-04-25,2026-04-30,Delayed,1024.01
D202212,O105766,W106,Delhivery,2026-05-23,2026-05-27,2026-06-02,Delivered,934.53
D202213,O100194,W100,EcomExpress,2026-09-03,2026-09-06,2026-09-05,Delivered,369.28
D202214,O104779,W108,BlueDart,2026-04-01,2026-04-03,2026-04-07,Delivered,525.29
D202215,O108215,W119,FedEx,2026-05-01,2026-05-04,2026-05-06,Delivered,190.36
D202216,O102436,W105,EcomExpress,2026-01-25,2026-01-29,2026-01-31,Delivered,1328.12
D202217,O101518,W114,BlueDart,2026-06-23,2026-06-30,2026-07-06,Delivered,1437.52
D202218,O106398,W102,DHL,2026-08-27,2026-08-30,2026-08-30,Delivered,304.6
D202219,O106951,W108,DHL,2026-03-29,2026-04-04,2026-04-02,In Transit,276.53
D202220,O103740,W103,FedEx,2026-05-14,2026-05-17,2026-05-23,Delayed,1018.01
D202221,O100227,W115,BlueDart,2026-06-16,2026-06-22,2026-06-26,Delivered,1099.32
D202222,O102361,W101,BlueDart,2026-04-11,2026-04-17,2026-04-23,Delayed,968.56
D202223,O103101,W113,DHL,2026-02-09,2026-02-15,2026-02-16,In Transit,1260.0
D202224,O100168,W114,BlueDart,2026-01-14,2026-01-16,2026-01-15,Delivered,236.86
D202225,O101422,W114,Delhivery,2026-09-15,2026-09-20,2026-09-26,Delayed,1328.61
D202226,O101242,W101,FedEx,2026-02-16,2026-02-19,2026-02-17,In Transit,1242.17
D202227,O105363,W113,BlueDart,2026-03-13,2026-03-20,2026-03-20,Delivered,669.45
D202228,O102837,W119,Delhivery,2026-05-09,2026-05-14,2026-05-16,Delivered,555.82
D202229,O100114,W117,FedEx,2026-07-27,2026-07-30,2026-07-31,Delivered,911.18
D202230,O104335,W101,Delhivery,2026-06-03,2026-06-06,2026-06-09,Delivered,769.08
D202231,O108128,W105,FedEx,2026-05-03,2026-05-10,2026-05-11,Delivered,1328.4
D202232,O109020,W115,FedEx,2026-09-02,2026-09-05,2026-09-09,Delivered,159.64
D202233,O100543,W112,FedEx,2026-07-16,2026-07-18,2026-07-17,Delivered,842.85
D202234,O103126,W118,Delhivery,2026-03-28,2026-04-02,2026-04-07,Delivered,1127.38
D202235,O103744,W109,BlueDart,2026-06-07,2026-06-11,2026-06-16,Delivered,558.8
D202236,O108710,W109,Delhivery,2026-04-16,2026-04-22,2026-04-22,Delayed,919.27
D202237,O101257,W104,Delhivery,2026-01-25,2026-01-29,2026-02-02,Delivered,346.11
D202238,O103017,W113,EcomExpress,2026-02-06,2026-02-13,2026-02-16,Delivered,1177.18
D202239,O101248,W110,EcomExpress,2026-05-18,2026-05-20,2026-05-26,Delayed,441.15
D202240,O101361,W104,BlueDart,2026-08-01,2026-08-05,2026-08-07,Delivered,1470.62
D202241,O106022,W109,DHL,2026-01-07,2026-01-13,2026-01-15,Delivered,170.67
D202242,O105773,W118,Delhivery,2026-08-06,2026-08-11,2026-08-13,Delivered,388.97
D202243,O109663,W101,Delhivery,2026-08-04,2026-08-07,2026-08-13,Delivered,142.88
D202244,O103719,W117,EcomExpress,2026-07-19,2026-07-25,2026-07-23,Delivered,1476.06
D202245,O109394,W110,EcomExpress,2026-02-28,2026-03-07,2026-03-11,Delivered,169.7
D202246,O100640,W102,DHL,2026-01-14,2026-01-21,2026-01-24,Delivered,584.3
D202247,O100991,W106,DHL,2026-07-13,2026-07-15,2026-07-20,Delivered,493.78
D202248,O106872,W101,EcomExpress,2026-07-31,2026-08-07,2026-08-05,Delivered,466.95
D202249,O105225,W100,DHL,2026-05-05,2026-05-09,2026-05-10,Delivered,1451.77
D202250,O106435,W104,DHL,2026-08-17,2026-08-22,2026-08-25,Delivered,1318.99
D202251,O102909,W101,Delhivery,2026-06-08,2026-06-15,2026-06-13,Delivered,522.19
D202252,O105038,W100,BlueDart,2026-02-22,2026-02-25,2026-02-23,In Transit,1028.71
D202253,O106107,W113,DHL,2026-03-17,2026-03-23,2026-03-22,Delivered,258.05
D202254,O108653,W116,FedEx,2026-02-02,2026-02-07,2026-02-07,Delivered,849.07
D202255,O100099,W110,BlueDart,2026-09-09,2026-09-14,2026-09-16,In Transit,1303.73
D202256,O101068,W111,EcomExpress,2026-01-19,2026-01-25,2026-01-29,Delayed,1401.62
D202257,O105805,W106,EcomExpress,2026-07-17,2026-07-20,2026-07-26,Delivered,625.26
D202258,O105399,W118,BlueDart,2026-06-23,2026-06-30,2026-07-06,Delivered,409.66
D202259,O105542,W118,BlueDart,2026-01-05,2026-01-07,2026-01-07,Delayed,378.87
D202260,O103400,W102,Delhivery,2026-08-06,2026-08-10,2026-08-10,Delivered,974.59
D202261,O106650,W117,FEDEX,2026-02-09,2026-02-15,2026-02-15,Delivered,614.44
D202262,O101183,W117,dhl,2026-05-17,2026-05-22,2026-05-28,Delivered,386.73
D202263,O102677,W118,BlueDart,2026-08-13,2026-08-18,2026-08-18,Delivered,943.38
D202264,O101429,W112,Delhivery,2026-02-12,2026-02-17,2026-02-17,Delivered,964.27
D202265,O101970,W104,EcomExpress,2026-06-29,2026-07-05,2026-07-07,Delivered,153.06
D202266,O106408,W111,DHL,2026-01-05,2026-01-08,2026-01-08,Delivered,1466.27
D202267,O109674,W116,FedEx,2026-02-22,2026-02-27,2026-02-27,Delivered,706.57
D202268,O100891,W118,FedEx,2026-02-25,2026-02-28,2026-03-04,Delivered,1216.03
D202269,O103316,W117,EcomExpress,2026-03-26,2026-03-29,2026-04-04,Delivered,538.29
D202270,O103052,W119,Delhivery,2026-06-13,2026-06-18,2026-06-21,Delivered,1058.62
D202271,O101379,W113,Delhivery,2026-01-02,2026-01-06,2026-01-04,In Transit,547.81
D202272,O101136,W106,EcomExpress,2026-03-13,2026-03-16,2026-03-21,Delivered,336.13
D202273,O108705,W115,FedEx,2026-04-08,2026-04-12,2026-04-14,In Transit,785.53
D202274,O104161,W100,DHL,2026-02-11,2026-02-18,2026-02-22,Delivered,172.13
D202275,O100361,W112,FedEx,2026-08-01,2026-08-04,2026-08-08,Delayed,826.83
D202276,O105644,W104,EcomExpress,2026-01-23,2026-01-25,2026-01-29,Delayed,295.12
D202277,O108085,W116,DHL,2026-01-01,2026-01-07,2026-01-10,Delivered,103.56
D202278,O107190,W110,DHL,2026-05-11,2026-05-15,2026-05-18,Delivered,1156.8
D202279,O107072,W110,DHL,2026-01-27,2026-02-03,2026-02-04,Delivered,928.0
D202280,O106784,W114,,2026-04-06,2026-04-09,2026-04-14,Delivered,1041.35
D202281,O105030,W119,Delhivery,2026-09-04,2026-09-10,2026-09-13,Delivered,1477.92
D202282,O103043,W118,BlueDart,2026-03-26,2026-03-31,2026-04-03,In Transit,877.99
D202283,O108610,W113,BlueDart,2026-08-01,2026-08-05,2026-08-08,Delivered,483.19
D202284,O101905,W114,ecomexpress,2026-04-27,2026-05-01,2026-04-29,Delivered,168.02
D202285,O103724,W116,EcomExpress,2026-03-10,2026-03-17,2026-03-23,Delayed,733.47
D202286,O106997,W104,DHL,2026-02-27,2026-03-05,2026-03-10,Delivered,71.39
D202287,O101598,W106,FedEx,2026-03-30,2026-04-02,2026-04-05,In Transit,323.42
D202288,O107210,W111,EcomExpress,2026-01-31,2026-02-02,2026-01-31,Delivered,885.02
D202289,O109715,W100,BlueDart,2026-07-20,2026-07-24,2026-07-26,Delivered,1315.2
D202290,O100470,W114,FedEx,2026-02-10,2026-02-15,2026-02-14,Delivered,1348.11
D202291,O104327,W116,EcomExpress,2026-05-16,2026-05-23,2026-05-24,Delivered,1013.28
D202292,O104546,W115,Delhivery,2026-06-01,2026-06-03,2026-06-02,Delivered,927.6
D202293,O104764,W104,EcomExpress,2026-03-14,2026-03-16,2026-03-14,Delivered,800.43
D202294,O107208,W100,Delhivery,2026-07-10,2026-07-14,2026-07-20,Delivered,617.8
D202295,O101228,W105,FedEx,2026-01-19,2026-01-21,2026-01-25,Delivered,900.01
D202296,O105629,W105,EcomExpress,2026-08-25,2026-08-31,2026-09-02,Delivered,685.88
D202297,O104180,W112,BlueDart,2026-07-22,2026-07-25,2026-07-28,Delivered,1251.18
D202298,O106699,W100,DHL,2026-07-14,2026-07-17,2026-07-21,In Transit,362.89
D202299,O105566,W113,Delhivery,2026-08-20,2026-08-22,2026-08-21,Delayed,562.43
D202300,O100133,W113,BlueDart,2026-05-14,2026-05-17,2026-05-21,Delivered,588.8
D202301,O106606,W104,FedEx,2026-03-25,2026-03-29,2026-03-31,Delivered,992.41
D202302,O101752,W105,Delhivery,2026-01-17,2026-01-21,2026-01-24,Delivered,1304.79
D202303,O106263,W108,BlueDart,2026-02-01,2026-02-08,2026-02-13,Delivered,797.8
D202304,O101948,W101,EcomExpress,2026-02-04,2026-02-08,2026-02-09,In Transit,1381.57
D202305,O105342,W110,BlueDart,2026-05-27,2026-06-03,2026-06-01,In Transit,53.17
D202306,O101622,W119,BlueDart,2026-02-13,2026-02-20,2026-02-26,Delivered,1447.74
D202307,O107709,W115,Delhivery,2026-05-23,2026-05-30,2026-06-02,Delivered,1491.15
D202308,O108805,W100,BlueDart,2026-05-19,2026-05-24,2026-05-22,In Transit,204.22
D202309,O107778,W112,BlueDart,2026-03-11,2026-03-16,2026-03-18,Delivered,952.3
D202310,O105876,W106,Delhivery,2026-05-12,2026-05-14,2026-05-14,In Transit,185.67
D202311,O106965,W108,BlueDart,2026-07-20,2026-07-24,2026-07-24,Delivered,429.91
D202312,O107833,W105,BlueDart,2026-01-08,2026-01-12,2026-01-13,Delivered,155.38
D202313,O103411,W103,BlueDart,2026-09-01,2026-09-07,2026-09-07,Delayed,1272.62
D202314,O106113,W106,FedEx,2026-04-25,2026-04-29,2026-04-27,Delivered,1202.0
D202315,O107695,W118,Delhivery,2026-09-08,2026-09-10,2026-09-10,Delayed,508.07
D202316,O108339,W111,BlueDart,2026-03-28,2026-03-30,2026-04-01,Delivered,896.01
D202317,O105347,W102,DHL,2026-05-07,2026-05-13,2026-05-17,Delivered,236.47
D202318,O103946,W106,FedEx,2026-08-05,2026-08-09,2026-08-15,Delivered,447.26
D202319,O109165,W117,Delhivery,2026-02-04,2026-02-07,2026-02-12,Delivered,1053.42
D202320,O100363,W102,DHL,2026-07-01,2026-07-07,2026-07-06,Delivered,116.81
D202321,O109551,W104,BlueDart,2026-07-08,2026-07-15,2026-07-19,Delivered,518.46
D202322,O100614,W113,BlueDart,2026-03-28,2026-03-31,2026-04-04,Delayed,420.87
D202323,O104326,W114,EcomExpress,2026-06-14,2026-06-19,2026-06-24,Delayed,951.78
D202324,O107382,W108,EcomExpress,2026-05-20,2026-05-23,2026-05-27,Delivered,914.36
D202325,O108310,W106,FedEx,2026-08-22,2026-08-26,2026-08-27,Delivered,1089.18
D202326,O103578,W112,EcomExpress,2026-06-15,2026-06-17,2026-06-16,Delivered,1490.92
D202327,O108537,W101,DHL,2026-08-29,2026-09-01,2026-09-06,In Transit,1393.35
D202328,O105771,W100,Delhivery,2026-08-12,2026-08-16,2026-08-22,Delivered,616.13
D202329,O104675,W116,DHL,2026-04-20,2026-04-27,2026-04-25,Delivered,414.04
D202330,O109990,W116,DHL,2026-09-08,2026-09-13,2026-09-15,Delivered,1200.1
D202331,O106296,W100,BlueDart,2026-09-15,2026-09-20,2026-09-18,Delivered,1015.88
D202332,O106823,W103,DHL,2026-03-29,2026-04-03,2026-04-02,Delayed,411.98
D202333,O101657,W102,DHL,2026-04-28,2026-05-03,2026-05-05,Delivered,337.38
D202334,O103176,W101,BlueDart,2026-01-15,2026-01-18,2026-01-21,Delivered,363.89
D202335,O107662,W109,DHL,2026-06-24,2026-07-01,2026-07-03,In Transit,1249.65
D202336,O103937,W114,EcomExpress,2026-06-10,2026-06-16,2026-06-18,Delivered,1158.4
D202337,O103818,W109,DHL,2026-09-13,2026-09-19,2026-09-24,Delivered,374.95
D202338,O102000,W102,EcomExpress,2026-09-02,2026-09-04,2026-09-04,Delivered,908.56
D202339,O107058,W115,FedEx,2026-08-29,2026-09-01,2026-09-01,Lost,786.66
D202340,O107812,W118,Delhivery,2026-04-17,2026-04-22,2026-04-24,Delivered,557.37
D202341,O100049,W101,Delhivery,2026-07-19,2026-07-26,2026-07-24,Delivered,616.62
D202342,O101840,W104,FedEx,2026-08-16,2026-08-20,2026-08-21,Delivered,1085.29
D202343,O101874,W100,DHL,2026-08-11,2026-08-17,2026-08-19,Delivered,627.05
D202344,O102411,W117,BlueDart,2026-01-09,2026-01-11,2026-01-12,In Transit,1270.98
D202345,O102496,W113,Delhivery,2026-08-29,2026-09-04,2026-09-04,Delivered,1221.15
D202346,O105589,W115,Delhivery,2026-06-09,2026-06-11,2026-06-11,Delayed,310.35
D202347,O104346,W103,,2026-02-21,2026-02-24,2026-03-02,Delayed,1099.0
D202348,O101155,W113,EcomExpress,2026-01-21,2026-01-25,2026-01-30,Delivered,1284.31
D202349,O107843,W111,DHL,2026-07-08,2026-07-10,2026-07-12,Delivered,1213.71
D202350,O101401,W108,FedEx,2026-04-22,2026-04-29,2026-05-03,In Transit,125.42
D202351,O101378,W117,FedEx,2026-05-20,2026-05-26,2026-06-01,Delivered,113.89
D202352,O108199,W105,Delhivery,2026-02-22,2026-02-27,2026-02-26,Delivered,780.51
D202353,O100860,W119,Delhivery,2026-06-12,2026-06-19,2026-06-24,Delivered,1323.76
D202354,O107725,W112,BlueDart,2026-01-03,2026-01-10,2026-01-08,Delivered,450.98
D202355,O109418,W119,BlueDart,2026-05-24,2026-05-28,2026-05-30,Delivered,254.48
D202356,O101453,W107,Delhivery,2026-04-28,2026-05-03,2026-05-01,Delivered,63.02
D202357,O103167,W109,Delhivery,2026-01-29,2026-02-05,2026-02-08,Delivered,1424.55
D202358,O106884,W113,FedEx,2026-05-02,2026-05-07,2026-05-08,Delivered,476.58
D202359,O103655,W103,EcomExpress,2026-06-24,2026-06-28,2026-07-04,Delivered,907.93
D202360,O102952,W103, ,2026-08-11,2026-08-14,2026-08-15,Delivered,1174.06
D202361,O106116,W100,Delhivery,2026-01-14,2026-01-17,2026-01-19,In Transit,700.08
D202362,O107682,W107,Delhivery,2026-03-10,2026-03-16,2026-03-17,Delivered,1112.05
D202363,O103790,W114,Delhivery,2026-07-02,2026-07-05,2026-07-04,Delivered,746.69
D202364,O109861,W107,FedEx,2026-07-29,2026-08-01,2026-08-06,Delivered,960.88
D202365,O101034,W119,Delhivery,2026-07-16,2026-07-21,2026-07-20,In Transit,1195.09
D202366,O101465,W112,EcomExpress,2026-08-06,2026-08-13,2026-08-16,Delivered,1255.15
D202367,O103216,W119,DHL,2026-01-08,2026-01-14,2026-01-18,Delivered,811.18
D202368,O103971,W114,FedEx,2026-08-03,2026-08-05,2026-08-11,Delayed,294.71
D202369,O102013,W105,EcomExpress,2026-04-19,2026-04-22,2026-04-25,Delivered,748.55
D202370,O108891,W101,EcomExpress,2026-07-02,2026-07-07,2026-07-11,Delayed,999.11
D202371,O100965,W106,DHL,2026-06-07,2026-06-11,2026-06-12,Delivered,1407.78
D202372,O107502,W116,EcomExpress,2026-08-28,2026-08-30,2026-08-28,Delivered,1225.52
D202373,O105671,W103,EcomExpress,2026-07-21,2026-07-27,2026-08-01,Delivered,1097.7
D202374,O108053,W105,EcomExpress,2026-01-09,2026-01-13,2026-01-19,Delivered,498.75
D202375,O103309,W117,DHL,2026-09-06,2026-09-11,2026-09-16,Delayed,1357.64
D202376,O100642,W103,DHL,2026-06-17,2026-06-23,2026-06-22,In Transit,761.96
D202377,O107412,W113, FedEx ,2026-02-11,2026-02-13,2026-02-14,Delivered,198.26
D202378,O108714,W108,BlueDart,2026-03-29,2026-04-04,2026-04-03,Lost,243.41
D202379,O101558,W103,BlueDart,2026-02-14,2026-02-20,2026-02-22,Delivered,116.44
D202380,O106086,W109,BlueDart,2026-01-30,2026-02-06,2026-02-09,Delayed,591.09
D202381,O109073,W114,FedEx,2026-02-15,2026-02-17,2026-02-22,Delayed,623.05
D202382,O104389,W102,DHL,2026-09-14,2026-09-21,2026-09-24,Delivered,604.53
D202383,O108146,W107,EcomExpress,2026-05-29,2026-06-03,2026-06-03,Delivered,257.9
D202384,O105723,W101,EcomExpress,2026-03-08,2026-03-14,2026-03-18,Delivered,921.81
D202385,O107917,W106,BlueDart,2026-07-19,2026-07-22,2026-07-27,In Transit,989.79
D202386,O108185,W103,BlueDart,2026-03-26,2026-03-29,2026-04-01,Delivered,315.38
D202387,O106030,W102,EcomExpress,2026-03-12,2026-03-19,2026-03-23,Delivered,1407.03
D202388,O100138,W111,BlueDart,2026-07-14,2026-07-16,2026-07-17,Delivered,1362.72
D202389,O104257,W101,FedEx,2026-06-09,2026-06-11,2026-06-12,In Transit,441.34
D202390,O102914,W109,FedEx,2026-05-27,2026-06-02,2026-06-08,Delayed,968.36
D202391,O100269,W113,BlueDart,2026-02-23,2026-03-02,2026-03-08,Delivered,265.24
D202392,O106424,W116,FedEx,2026-01-12,2026-01-19,2026-01-24,Delayed,459.65
D202393,O105246,W107,FedEx,2026-03-08,2026-03-11,2026-03-10,In Transit,887.81
D202394,O102362,W103,FedEx,2026-05-23,2026-05-29,2026-05-27,Delivered,1157.47
D202395,O101558,W110,FedEx,2026-06-26,2026-07-01,2026-07-07,In Transit,1310.17
D202396,O106773,W105,DHL,2026-05-31,2026-06-03,2026-06-03,In Transit,1286.56
D202397,O106111,W118,DHL,2026-02-01,2026-02-06,2026-02-10,In Transit,1301.48
D202398,O107508,W105,Delhivery,2026-09-14,2026-09-20,2026-09-26,Delivered,1000.17
D202399,O102779,W108,BlueDart,2026-06-28,2026-07-04,2026-07-02,In Transit,630.55
D202400,O106231,W111,,2026-04-30,2026-05-07,2026-05-10,Lost,366.37
D202401,O107805,W116,EcomExpress,2026-06-14,2026-06-20,2026-06-24,Delivered,1256.21
D202402,O100510,W112,BlueDart,2026-07-27,2026-07-31,2026-08-03,Delayed,129.34
D202403,O102208,W116,BlueDart,2026-07-11,2026-07-17,2026-07-22,Delivered,-500.0
D202404,O106696,W107,DHL,2026-05-04,2026-05-07,2026-05-09,Delivered,500.56
D202405,O107972,W113,FedEx,2026-06-22,2026-06-28,2026-07-02,Delivered,288.61
D202406,O106861,W119,Delhivery,2026-03-22,2026-03-27,2026-03-31,In Transit,664.72
D202407,O104893,W116,BlueDart,2026-05-22,2026-05-26,2026-05-30,Delivered,931.65
D202408,O108359,W118,FedEx,2026-05-06,2026-05-12,2026-05-12,Delivered,249.4
D202409,O107176,W111,BlueDart,2026-08-29,2026-09-01,2026-09-06,Delivered,1297.33
D202410,O108276,W111,BlueDart,2026-08-21,2026-08-24,2026-08-29,In Transit,187.7
D202411,O101940,W105,BlueDart,2026-06-19,2026-06-21,2026-06-27,Delivered,660.71
D202412,O102405,W116,,2026-01-20,2026-01-26,2026-01-25,Delivered,1345.81
D202413,O101836,W115,DHL,2026-08-17,2026-08-24,2026-08-29,Delivered,647.9
D202414,O105333,W114,BlueDart,2026-08-02,2026-08-09,2026-08-12,Delivered,1208.87
D202415,O107275,W105,BlueDart,2026-07-05,2026-07-12,2026-07-14,Delivered,1316.5
D202416,O108804,W105,Delhivery,2026-06-15,2026-06-18,2026-06-19,In Transit,105.54
D202417,O103848,W101,Delhivery,2026-08-23,2026-08-27,2026-08-29,Delivered,1250.42
D202418,O102009,W116,EcomExpress,2026-04-25,2026-05-01,2026-04-29,Delivered,438.58
D202419,O103407,W117,FedEx,2026-09-06,2026-09-12,2026-09-11,Delivered,146.17
D202420,O105941,W116,EcomExpress,2026-05-10,2026-05-15,2026-05-17,Delivered,1133.02
D202421,O105701,W110,DHL,2026-06-30,2026-07-03,2026-07-04,Delivered,1324.71
D202422,O109191,W108,FedEx,2026-03-21,2026-03-26,2026-04-01,Delivered,1481.38
D202423,O107172,W100,Delhivery,2026-06-19,2026-06-26,2026-06-30,Delivered,1205.27
D202424,O107927,W112,,2026-02-08,2026-02-11,2026-02-10,In Transit,960.24
D202425,O109261,W114,BlueDart,2026-03-29,2026-03-31,2026-04-03,Delivered,1326.03
D202426,O107759,W119,DHL,2026-03-29,2026-04-01,2026-03-31,Delivered,1211.76
D202427,O107109,W114,,2026-06-19,2026-06-21,2026-06-21,Delivered,630.48
D202428,O109777,W102,DHL,2026-05-29,2026-06-05,2026-06-05,Delivered,1299.29
D202429,O107122,W111,FedEx,2026-08-03,2026-08-07,2026-08-12,Delivered,56.57
D202430,O102942,W108,FedEx,2026-08-23,2026-08-29,2026-09-03,In Transit,781.6
D202431,O101882,W115,DHL,2026-01-27,2026-02-01,2026-01-31,Delivered,589.33
D202432,O108941,W112,FedEx,2026-02-12,2026-02-15,2026-02-21,In Transit,803.78
D202433,O108428,W101,FedEx,2026-09-09,2026-09-12,2026-09-16,Delivered,1001.54
D202434,O109263,W118,BlueDart,2026-06-16,2026-06-22,2026-06-22,Delivered,1336.97
D202435,O101769,W115,Delhivery,2026-03-28,2026-04-03,2026-04-06,In Transit,118.67
D202436,O106438,W112,Delhivery,2026-03-22,2026-03-29,2026-03-29,Delivered,514.99
D202437,O103326,W111,FedEx,2026-09-03,2026-09-08,2026-09-10,Delayed,917.48
D202438,O108268,W104,EcomExpress,2026-03-31,2026-04-03,2026-04-02,Delivered,919.83
D202439,O105750,W102,DHL,2026-05-21,2026-05-23,2026-05-23,Delivered,888.0
D202440,O105674,W118,DHL,2026-08-08,2026-08-10,2026-08-12,Delivered,916.19
D202441,O104658,W100,FedEx,2026-06-17,2026-06-20,2026-06-21,Delivered,1432.55
D202442,O103627,W116,DHL,2026-03-24,2026-03-28,2026-03-27,Delivered,834.51
D202443,O100020,W115,DHL,2026-04-18,2026-04-23,2026-04-27,In Transit,159.13
D202444,O109899,W101,BlueDart,2026-07-23,2026-07-29,2026-08-03,Delayed,178.87
D202445,O105801,W100,FedEx,2026-09-12,2026-09-19,2026-09-20,Delivered,1096.05
D202446,O106439,W104,EcomExpress,2026-05-11,2026-05-17,2026-05-17,Delivered,1327.92
D202447,O107003,W115,,2026-01-28,2026-02-02,2026-02-08,Delivered,994.99
D202448,O101438,W114,Delhivery,2026-03-14,2026-03-21,2026-03-20,Delivered,263.01
D202449,O109019,W112,FedEx,2026-01-31,2026-02-03,2026-02-03,Delivered,1489.01
D202450,O100887,W118,Delhivery,2026-04-25,2026-04-29,2026-04-29,Delivered,470.03
D202451,O105527,W101,Delhivery,2026-06-23,2026-06-26,2026-06-29,Delayed,1347.44
D202452,O108930,W111,EcomExpress,2026-05-18,2026-05-21,2026-05-25,Delayed,205.49
D202453,O106147,W114,FedEx,2026-01-20,2026-01-22,2026-01-25,Delivered,1108.12
D202454,O107420,W106,EcomExpress,2026-08-13,2026-08-19,2026-08-24,Delayed,684.7
D202455,O109223,W118,,2026-01-01,2026-01-04,2026-01-06,Delivered,1212.06
D202456,O107133,W118,DHL,2026-01-31,2026-02-03,2026-02-01,In Transit,419.21
D202457,O106428,W117,BlueDart,2026-05-15,2026-05-17,2026-05-15,Delivered,926.4
D202458,O108330,W110,EcomExpress,2026-02-15,2026-02-22,2026-02-23,Delayed,336.77
D202459,O105551,W111,FedEx,2026-06-25,2026-07-02,2026-07-02,Delivered,605.48
D202460,O100349,W112,Delhivery,2026-02-12,2026-02-14,2026-02-12,Delivered,173.86
D202461,O101263,W113,EcomExpress,2026-03-07,2026-03-11,2026-03-11,Delivered,1025.59
D202462,O109584,W117,Delhivery,2026-05-25,2026-05-28,2026-05-26,Delayed,1104.01
D202463,O102878,W101,BlueDart,2026-03-15,2026-03-18,2026-03-20,Delivered,1014.54
D202464,O108821,W112,FedEx,2026-08-01,2026-08-07,2026-08-06,In Transit,1286.13
D202465,O104771,W115,BlueDart,2026-06-13,2026-06-16,2026-06-18,In Transit,169.79
D202466,O103512,W101,,2026-08-29,2026-09-04,2026-09-06,Delivered,360.31
D202467,O106584,W103,FedEx,2026-06-13,2026-06-16,2026-06-21,Delivered,1102.57
D202468,O100727,W116,Delhivery,2026-04-24,2026-04-30,2026-04-28,Delivered,221.99
D202469,O105720,W113,BlueDart,2026-06-24,2026-06-30,2026-07-04,Delivered,899.48
D202470,O101347,W115,DHL,2026-02-05,2026-02-11,2026-02-11,Delayed,495.34
D202471,O101521,W108,DHL,2026-04-14,2026-04-17,2026-04-18,Lost,470.49
D202472,O106732,W114,Delhivery,2026-09-04,2026-09-08,2026-09-13,Delivered,180.05
D202473,O108624,W100,FedEx,2026-07-12,2026-07-18,2026-07-22,Delivered,449.47
D202474,O106808,W102,EcomExpress,2026-05-07,2026-05-10,2026-05-12,Delivered,1436.71
D202475,O103356,W103,BlueDart,2026-06-20,2026-06-23,2026-06-27,In Transit,1306.61
D202476,O105353,W102, ,2026-03-24,2026-03-30,2026-03-28,Delivered,614.8
D202477,O102247,W100,Delhivery,2026-05-26,2026-06-02,2026-06-05,In Transit,113.7
D202478,O108420,W109,BlueDart,2026-08-02,2026-08-04,2026-08-04,Delayed,919.65
D202479,O105104,W109,EcomExpress,2026-02-06,2026-02-11,2026-02-16,Delayed,953.5
D202480,O106416,W117,FedEx,2026-06-09,2026-06-13,2026-06-14,Delivered,559.79
D202481,O109112,W110,Delhivery,2026-03-08,2026-03-14,2026-03-14,Delivered,1229.09
D202482,O106598,W114,DHL,2026-08-11,2026-08-13,2026-08-17,Delivered,1110.59
D202483,O109698,W103,DHL,2026-03-27,2026-04-01,2026-03-30,Delivered,521.68
D202484,O105626,W114,FedEx,2026-01-12,2026-01-17,2026-01-20,In Transit,578.84
D202485,O109842,W117,EcomExpress,2026-05-19,2026-05-23,2026-05-28,Delivered,326.44
D202486,O102181,W117,EcomExpress,2026-01-31,2026-02-02,2026-02-02,In Transit,502.04
D202487,O105973,W108,BlueDart,2026-07-01,2026-07-03,2026-07-02,Delivered,1332.01
D202488,O103949,W117,DHL,2026-03-14,2026-03-18,2026-03-19,Delivered,121.28
D202489,O102115,W117,Delhivery,2026-01-12,2026-01-18,2026-01-17,In Transit,1448.88
D202490,O100017,W116,Delhivery,2026-07-23,2026-07-29,2026-07-27,Delivered,480.37
D202491,O100872,W117,BlueDart,2026-05-06,2026-05-11,2026-05-14,Delivered,1169.31
D202492,O103905,W116,DHL,2026-04-15,2026-04-17,2026-04-20,Delivered,436.79
D202493,O104876,W101,DHL,2026-05-15,2026-05-17,2026-05-15,In Transit,685.3
D202494,O104201,W118,Delhivery,2026-07-28,2026-08-01,2026-08-01,Delivered,638.68
D202495,O107053,W116,DHL,2026-02-09,2026-02-13,2026-02-18,In Transit,792.48
D202496,O109293,W110,EcomExpress,2026-02-05,2026-02-10,2026-02-12,Delivered,998.26
D202497,O108569,W119,EcomExpress,2026-09-13,2026-09-19,2026-09-18,Delivered,373.44
D202498,O108127,W115,DHL,2026-09-11,2026-09-17,2026-09-21,Delivered,498.64
D202499,O107316,W103,EcomExpress,2026-04-07,2026-04-13,2026-04-12,Delivered,1349.42
D202500,O100009,W118,BlueDart,2026-08-18,2026-08-21,2026-08-20,Delivered,337.56
D202501,O103741,W111,Delhivery,2026-03-15,2026-03-18,2026-03-18,Delivered,455.58
D202502,O107582,W103,BlueDart,2026-04-02,2026-04-07,2026-04-06,Delivered,1113.9
D202503,O102223,W118,FedEx,2026-07-15,2026-07-18,2026-07-18,Delivered,356.99
D202504,O109012,W115,FedEx,2026-06-28,2026-07-02,2026-07-02,Delayed,844.71
D202505,O102255,W111,EcomExpress,2026-04-07,2026-04-10,2026-04-10,Delivered,466.12
D202506,O106533,W102,DHL,2026-04-22,2026-04-26,2026-04-26,Delayed,633.34
D202507,O108960,W111,BlueDart,2026-01-22,2026-01-25,2026-01-27,Delivered,1246.58
D202508,O103680,W110,Delhivery,2026-05-27,2026-06-01,2026-06-01,Delayed,414.84
D202509,O109494,W107,EcomExpress,2026-02-22,2026-02-25,2026-02-24,Delivered,61.23
D202510,O105559,W118,EcomExpress,2026-02-03,2026-02-10,2026-02-12,Delivered,976.53
D202511,O109116,W113,DHL,2026-09-04,2026-09-08,2026-09-06,Delayed,1355.83
D202512,O101993,W101,EcomExpress,2026-02-13,2026-02-18,2026-02-18,Delivered,911.73
D202513,O100042,W108,EcomExpress,2026-07-16,2026-07-22,2026-07-28,Delayed,846.74
D202514,O103472,W117,BlueDart,2026-01-25,2026-01-31,2026-02-02,Delivered,147.97
D202515,O105863,W100,EcomExpress,2026-05-06,2026-05-09,2026-05-08,Delivered,248.81
D202516,O101777,W106,EcomExpress,2026-04-14,2026-04-16,2026-04-19,Delivered,387.7
D202517,O103575,W106,EcomExpress,2026-04-29,2026-05-05,2026-05-08,Delivered,55.34
D202518,O108577,W110,DHL,2026-02-01,2026-02-08,2026-02-07,In Transit,639.11
D202519,O102680,W101,BlueDart,2026-07-11,2026-07-14,2026-07-14,Delivered,834.14
D202520,O102795,W117,bluedart,2026-05-30,2026-06-03,2026-06-01,Delivered,774.3
D202521,O105951,W113,BlueDart,2026-05-25,2026-05-30,2026-06-04,Delayed,469.75
D202522,O106343,W103,EcomExpress,2026-02-14,2026-02-18,2026-02-23,Delivered,273.9
D202523,O105231,W117,BlueDart,2026-06-04,2026-06-08,2026-06-09,Delivered,1474.24
D202524,O107898,W118,Delhivery,2026-05-08,2026-05-15,2026-05-16,Delivered,864.25
D202525,O108242,W101,FedEx,2026-08-03,2026-08-05,2026-08-06,In Transit,370.31
D202526,O105489,W114,DHL,2026-08-09,2026-08-15,2026-08-15,Delivered,1187.8
D202527,O104629,W111,FedEx,2026-01-28,2026-02-04,2026-02-03,Delivered,733.7
D202528,O108239,W110,FedEx,2026-04-03,2026-04-08,2026-04-06,Delivered,353.99
D202529,O104956,W119,Delhivery,2026-01-09,2026-01-12,2026-01-15,Delivered,1113.33
D202530,O107010,W101,BlueDart,2026-04-12,2026-04-18,2026-04-21,In Transit,1116.67
D202531,O101251,W102,Delhivery,2026-02-14,2026-02-20,2026-02-24,Delayed,1292.84
D202532,O100714,W104,EcomExpress,2026-04-24,2026-04-28,2026-04-27,Delayed,100.01
D202533,O107736,W118,FedEx,2026-08-30,2026-09-04,2026-09-07,Delivered,753.69
D202534,O104488,W103,EcomExpress,2026-01-25,2026-01-28,2026-01-31,In Transit,684.51
D202535,O107823,W117,EcomExpress,2026-03-23,2026-03-30,2026-04-04,Delivered,1386.46
D202536,O100657,W112,FedEx,2026-02-04,2026-02-08,2026-02-10,Delivered,629.46
D202537,O103685,W101,DHL,2026-01-17,2026-01-20,2026-01-20,Delivered,1369.0
D202538,O104458,W113,BlueDart,2026-05-04,2026-05-06,2026-05-07,Delivered,1461.34
D202539,O109248,W117,DHL,2026-08-01,2026-08-07,2026-08-08,Delivered,1444.8
D202540,O102462,W118,EcomExpress,2026-09-06,2026-09-12,2026-09-14,Delivered,1394.97
D202541,O105396,W100,FedEx,2026-07-31,2026-08-03,2026-08-04,Delivered,379.46
D202542,O108976,W102,EcomExpress,2026-09-13,2026-09-17,2026-09-23,Delivered,1133.04
D202543,O105489,W118,FedEx,2026-08-23,2026-08-27,2026-08-30,Delivered,712.12
D202544,O105622,W115,,2026-08-26,2026-09-01,2026-08-30,Delayed,1233.22
D202545,O108869,W102,FedEx,2026-08-21,2026-08-27,2026-08-29,Delivered,1403.05
D202546,O105735,W100,BlueDart,2026-05-03,2026-05-06,2026-05-12,Delivered,992.32
D202547,O108117,W108,DHL,2026-08-02,2026-08-05,2026-08-06,Delayed,1268.93
D202548,O100089,W106,FedEx,2026-06-25,2026-06-27,2026-07-02,Delivered,659.7
D202549,O106717,W104,FedEx,2026-08-22,2026-08-25,2026-08-31,Delivered,1223.79
D202550,O107483,W117,BlueDart,2026-07-13,2026-07-18,2026-07-23,Delivered,302.01
D202551,O109326,W111,Delhivery,2026-06-09,2026-06-11,2026-06-09,Delayed,68.74
D202552,O100574,W107,Delhivery,2026-07-02,2026-07-05,2026-07-11,Delivered,873.33
D202553,O104520,W117,BlueDart,2026-06-28,2026-07-02,2026-07-03,Delivered,945.75
D202554,O102536,W109,BlueDart,2026-06-02,2026-06-08,2026-06-09,In Transit,687.73
D202555,O105478,W101,EcomExpress,2026-06-19,2026-06-26,2026-06-28,Delayed,450.68
D202556,O104974,W114,EcomExpress,2026-01-30,2026-02-06,2026-02-10,Delayed,653.54
D202557,O107051,W118,Delhivery,2026-04-17,2026-04-19,2026-04-17,Delayed,157.21
D202558,O100487,W110,DHL,2026-05-09,2026-05-16,2026-05-16,Lost,520.7
D202559,O105321,W101,FedEx,2026-02-26,2026-03-05,2026-03-11,Delivered,1127.13
D202560,O107537,W104,Delhivery,2026-06-19,2026-06-26,2026-06-26,Delivered,1165.68
D202561,O108684,W113,DHL,2026-05-09,2026-05-16,2026-05-20,In Transit,797.07
D202562,O102569,W108,DHL,2026-04-14,2026-04-20,2026-04-24,In Transit,380.89
D202563,O106183,W118,BlueDart,2026-07-03,2026-07-07,2026-07-11,Delivered,463.71
D202564,O102108,W117,Delhivery,2026-02-26,2026-03-02,2026-02-28,Delivered,573.08
D202565,O103894,W110,EcomExpress,2026-02-25,2026-03-01,2026-03-06,Delivered,744.91
D202566,O109093,W106,FedEx,2026-01-26,2026-01-30,2026-02-02,Delayed,478.24
D202567,O100624,W117,DHL,2026-03-13,2026-03-19,2026-03-24,Delivered,449.33
D202568,O102978,W111,DHL,2026-07-15,2026-07-20,2026-07-26,Delayed,748.19
D202569,O109429,W113,FedEx,2026-04-15,2026-04-19,2026-04-19,Delivered,572.51
D202570,O106932,W119, ,2026-06-11,2026-06-18,2026-06-24,Delivered,1101.04
D202571,O108561,W113,Delhivery,2026-07-10,2026-07-15,2026-07-15,In Transit,1498.16
D202572,O101428,W116,FedEx,2026-04-16,2026-04-20,2026-04-21,Delayed,105.05
D202573,O109383,W105,BlueDart,2026-05-01,2026-05-05,2026-05-04,Delayed,878.74
D202574,O101661,W116,BlueDart,2026-01-26,2026-01-29,2026-01-28,In Transit,366.73
D202575,O105422,W110,DHL,2026-03-11,2026-03-14,2026-03-20,Delivered,760.5
D202576,O102110,W106,Delhivery,2026-04-09,2026-04-14,2026-04-13,In Transit,738.95
D202577,O105354,W111,Delhivery,2026-05-08,2026-05-10,2026-05-11,Delayed,-500.0
D202578,O102446,W116,Delhivery,2026-04-07,2026-04-12,2026-04-18,Delivered,1151.97
D202579,O107862,W113,EcomExpress,2026-02-12,2026-02-18,2026-02-22,Delivered,1065.32
D202580,O108891,W103,EcomExpress,2026-04-16,2026-04-19,2026-04-17,In Transit,552.65
D202581,O100401,W110,BlueDart,2026-07-06,2026-07-11,2026-07-11,Delivered,121.34
D202582,O100934,W109,FedEx,2026-02-05,2026-02-10,2026-02-10,Delivered,474.51
D202583,O104820,W100, Delhivery ,2026-06-09,2026-06-14,2026-06-15,In Transit,1233.78
D202584,O102102,W117,BlueDart,2026-06-11,2026-06-16,2026-06-16,Delayed,681.2
D202585,O108619,W115, ,2026-06-22,2026-06-27,2026-06-25,Delivered,1061.73
D202586,O102946,W102,Delhivery,2026-01-15,2026-01-18,2026-01-24,Delayed,950.05
D202587,O103491,W109,FedEx,2026-08-26,2026-09-02,2026-09-03,Lost,1033.96
D202588,O109730,W114,FedEx,2026-01-12,2026-01-16,2026-01-17,Delivered,1139.26
D202589,O100365,W109,FedEx,2026-03-15,2026-03-22,2026-03-23,Delivered,1307.37
D202590,O109780,W106,EcomExpress,2026-07-12,2026-07-14,2026-07-20,Delivered,354.15
D202591,O105174,W114,FedEx,2026-05-09,2026-05-15,2026-05-17,Delivered,118.01
D202592,O105174,W119,DHL,2026-01-09,2026-01-11,2026-01-12,Delivered,798.1
D202593,O105777,W104,Delhivery,2026-08-10,2026-08-17,2026-08-15,Delayed,1367.27
D202594,O101429,W119,Delhivery,2026-03-12,2026-03-18,2026-03-19,Delivered,249.41
D202595,O101769,W109, BlueDart ,2026-08-05,2026-08-12,2026-08-18,Delivered,1402.25
D202596,O109864,W104,BlueDart,2026-01-08,2026-01-13,2026-01-11,Delivered,1302.48
D202597,O107686,W105,Delhivery,2026-07-17,2026-07-20,2026-07-20,In Transit,1447.17
D202598,O108722,W103,FedEx,2026-08-14,2026-08-20,2026-08-26,Delivered,472.48
D202599,O106201,W116,FedEx,2026-05-25,2026-05-27,2026-06-02,Delivered,647.95
D202600,O102984,W109,BlueDart,2026-02-24,2026-03-03,2026-03-09,Delayed,1256.46
D202601,O100100,W100,DHL,2026-06-13,2026-06-15,2026-06-14,In Transit,452.11
D202602,O106267,W117,DHL,2026-03-05,2026-03-10,2026-03-14,In Transit,1465.39
D202603,O101947,W116,BlueDart,2026-06-02,2026-06-09,2026-06-15,Delivered,239.12
D202604,O107095,W112,DHL,2026-06-06,2026-06-08,2026-06-11,Delivered,537.06
D202605,O108985,W113,DHL,2026-09-02,2026-09-07,2026-09-05,Delivered,716.42
D202606,O108135,W113,BlueDart,2026-08-12,2026-08-17,2026-08-18,Delivered,342.51
D202607,O106885,W104,Delhivery,2026-03-22,2026-03-26,2026-03-30,Delayed,133.8
D202608,O109807,W108,BlueDart,2026-02-24,2026-03-01,2026-03-05,Delayed,1329.49
D202609,O103248,W115,FedEx,2026-08-04,2026-08-06,2026-08-07,Delivered,511.24
D202610,O100417,W107,EcomExpress,2026-05-27,2026-06-03,2026-06-08,Delayed,872.37
D202611,O109646,W105,DHL,2026-05-06,2026-05-11,2026-05-11,Delivered,315.14
D202612,O104614,W112,BlueDart,2026-05-11,2026-05-13,2026-05-15,Delivered,1117.23
D202613,O103734,W107,BlueDart,2026-03-11,2026-03-16,2026-03-21,Delivered,201.44
D202614,O109282,W101,BlueDart,2026-08-21,2026-08-26,2026-08-27,Delivered,1079.39
D202615,O103074,W112,EcomExpress,2026-08-21,2026-08-28,2026-09-03,Delayed,990.44
D202616,O102541,W116, DHL ,2026-05-08,2026-05-11,2026-05-12,Delivered,909.0
D202617,O104916,W106,FedEx,2026-01-28,2026-02-02,2026-02-07,Delivered,1040.58
D202618,O100480,W109,Delhivery,2026-03-31,2026-04-05,2026-04-05,Delivered,426.14
D202619,O106102,W102,FedEx,2026-05-25,2026-05-30,2026-05-28,Delivered,922.1
D202620,O108771,W118,BlueDart,2026-01-28,2026-02-01,2026-02-01,In Transit,100.03
D202621,O100040,W117,BlueDart,2026-08-12,2026-08-18,2026-08-19,Delivered,423.84
D202622,O106838,W104,FedEx,2026-06-17,2026-06-19,2026-06-22,Delivered,963.28
D202623,O106586,W106,Delhivery,2026-09-02,2026-09-06,2026-09-11,Delivered,693.19
D202624,O107540,W103,BlueDart,2026-03-28,2026-04-01,2026-03-31,Delayed,80.47
D202625,O105825,W115,,2026-06-26,2026-07-03,2026-07-07,Lost,909.01
D202626,O106399,W116,BlueDart,2026-03-27,2026-04-03,2026-04-08,Delivered,1259.18
D202627,O104902,W115,FedEx,2026-01-18,2026-01-21,2026-01-20,Delivered,51.37
D202628,O107549,W109,Delhivery,2026-03-22,2026-03-28,2026-03-29,Delivered,1049.71
D202629,O105993,W100,DHL,2026-04-28,2026-05-04,2026-05-06,Delivered,372.67
D202630,O102974,W108,EcomExpress,2026-07-04,2026-07-06,2026-07-12,Delivered,203.47
D202631,O103084,W104,FedEx,2026-04-16,2026-04-21,2026-04-22,Delayed,828.95
D202632,O100246,W113,DHL,2026-08-21,2026-08-27,2026-08-29,Delivered,971.71
D202633,O100410,W101,Delhivery,2026-08-25,2026-08-27,2026-08-27,Delivered,130.87
D202634,O100874,W102,DHL,2026-02-27,2026-03-03,2026-03-02,Delivered,101.26
D202635,O101315,W117,FedEx,2026-03-24,2026-03-30,2026-03-29,Delivered,1279.22
D202636,O104123,W105,EcomExpress,2026-07-11,2026-07-18,2026-07-16,Delivered,146.02
D202637,O106434,W104,DHL,2026-04-03,2026-04-10,2026-04-10,Delivered,90.21
D202638,O108913,W112,DHL,2026-05-16,2026-05-18,2026-05-20,In Transit,477.77
D202639,O102164,W112,DHL,2026-02-13,2026-02-17,2026-02-15,Delivered,1204.99
D202640,O104865,W115,EcomExpress,2026-06-03,2026-06-07,2026-06-05,Delivered,914.23
D202641,O107279,W115,Delhivery,2026-07-03,2026-07-10,2026-07-09,Delivered,1208.11
D202642,O103677,W100,Delhivery,2026-02-12,2026-02-15,2026-02-14,In Transit,150.68
D202643,O102779,W110,FedEx,2026-07-16,2026-07-18,2026-07-16,Delivered,690.54
D202644,O108612,W110,DHL,2026-06-20,2026-06-22,2026-06-24,Delivered,1091.57
D202645,O105856,W114,BlueDart,2026-02-04,2026-02-07,2026-02-11,Delivered,1081.78
D202646,O106598,W114,DHL,2026-05-22,2026-05-24,2026-05-30,Lost,1054.91
D202647,O102031,W113,EcomExpress,2026-06-10,2026-06-17,2026-06-19,Delivered,1342.53
D202648,O103930,W116,Delhivery,2026-07-21,2026-07-23,2026-07-26,Delivered,455.65
D202649,O101736,W113,Delhivery,2026-05-31,2026-06-04,2026-06-02,Delivered,271.97
D202650,O100629,W106,Delhivery,2026-06-02,2026-06-08,2026-06-11,Delivered,352.96
D202651,O108941,W114,BlueDart,2026-08-10,2026-08-13,2026-08-17,Delivered,633.5
D202652,O100390,W109,DHL,2026-05-09,2026-05-12,2026-05-15,In Transit,297.43
D202653,O103757,W105,FedEx,2026-06-14,2026-06-18,2026-06-19,Delivered,1330.18
D202654,O101284,W110,Delhivery,2026-03-15,2026-03-21,2026-03-26,Delivered,639.21
D202655,O104438,W111,Delhivery,2026-05-02,2026-05-07,2026-05-11,Delivered,1458.19
D202656,O103399,W108,DHL,2026-01-04,2026-01-09,2026-01-08,Delivered,1239.55
D202657,O100954,W111,FedEx,2026-01-16,2026-01-18,2026-01-24,Delivered,846.87
D202658,O101701,W111,FedEx,2026-05-13,2026-05-18,2026-05-23,Delayed,745.95
D202659,O108610,W113,Delhivery,2026-02-07,2026-02-09,2026-02-07,Delivered,448.64
D202660,O101111,W109,DHL,2026-07-09,2026-07-14,2026-07-17,Delivered,1297.05
D202661,O108930,W113,BlueDart,2026-03-28,2026-04-03,2026-04-02,Delivered,596.85
D202662,O108395,W112,Delhivery,2026-06-05,2026-06-12,2026-06-14,Delivered,768.34
D202663,O109924,W114,Delhivery,2026-03-21,2026-03-27,2026-03-25,Delayed,283.07
D202664,O107031,W115,EcomExpress,2026-07-12,2026-07-19,2026-07-17,Delayed,144.63
D202665,O103965,W111,BlueDart,2026-09-11,2026-09-16,2026-09-14,Delivered,608.93
D202666,O106508,W102,FedEx,2026-07-07,2026-07-13,2026-07-16,Delayed,565.2
D202667,O108743,W114,EcomExpress,2026-06-19,2026-06-22,2026-06-20,Delivered,1447.8
D202668,O105923,W105,DHL,2026-05-11,2026-05-16,2026-05-18,Delivered,437.7
D202669,O106776,W103,Delhivery,2026-09-10,2026-09-14,2026-09-18,Delivered,463.75
D202670,O101756,W114,BlueDart,2026-01-05,2026-01-07,2026-01-10,Delivered,796.39
D202671,O101251,W107,FedEx,2026-02-05,2026-02-12,2026-02-15,Delivered,295.64
D202672,O107823,W115,EcomExpress,2026-09-15,2026-09-22,2026-09-24,Delayed,1414.57
D202673,O108047,W100,EcomExpress,2026-08-29,2026-09-02,2026-09-08,Delivered,1430.38
D202674,O100730,W110,FedEx,2026-09-07,2026-09-13,2026-09-14,Delayed,260.9
D202675,O102789,W115,Delhivery,2026-06-27,2026-07-04,2026-07-10,In Transit,834.34
D202676,O100889,W118,BlueDart,2026-01-24,2026-01-30,2026-01-30,Delivered,465.18
D202677,O106497,W118,BlueDart,2026-03-05,2026-03-08,2026-03-06,Delivered,1023.49
D202678,O108690,W115,EcomExpress,2026-06-04,2026-06-06,2026-06-09,Delayed,1097.39
D202679,O109950,W102,FedEx,2026-07-12,2026-07-16,2026-07-15,Delivered,253.93
D202680,O105305,W112,FedEx,2026-08-20,2026-08-24,2026-08-22,Delivered,1038.46
D202681,O101943,W108,FedEx,2026-01-23,2026-01-30,2026-02-02,Delivered,1031.69
D202682,O100054,W106,DHL,2026-04-27,2026-05-04,2026-05-05,Delivered,550.45
D202683,O105864,W104,Delhivery,2026-08-05,2026-08-12,2026-08-15,Delayed,846.79
D202684,O101912,W106,DHL,2026-09-08,2026-09-10,2026-09-12,Delivered,266.27
D202685,O108097,W109,Delhivery,2026-03-15,2026-03-21,2026-03-25,Delivered,711.55
D202686,O107606,W116,EcomExpress,2026-06-25,2026-06-28,2026-06-27,Delivered,541.58
D202687,O105952,W114,BlueDart,2026-01-23,2026-01-30,2026-01-29,Delivered,803.17
D202688,O103413,W114,Delhivery,2026-03-07,2026-03-12,2026-03-11,Delivered,315.5
D202689,O106501,W100,Delhivery,2026-09-15,2026-09-20,2026-09-22,In Transit,473.85
D202690,O109379,W118,DHL,2026-01-15,2026-01-21,2026-01-26,Delivered,866.61
D202691,O107966,W103,DHL,2026-01-30,2026-02-01,2026-02-05,In Transit,1483.02
D202692,O102764,W100,Delhivery,2026-06-08,2026-06-12,2026-06-14,Delayed,704.48
D202693,O102537,W112,EcomExpress,2026-02-09,2026-02-16,2026-02-15,Delivered,554.87
D202694,O103866,W112,BlueDart,2026-08-25,2026-08-27,2026-08-25,Delayed,309.75
D202695,O107298,W112,EcomExpress,2026-09-05,2026-09-12,2026-09-17,Delivered,1018.51
D202696,O100513,W114,DHL,2026-01-17,2026-01-19,2026-01-21,Delivered,918.11
D202697,O101600,W108,Delhivery,2026-09-11,2026-09-16,2026-09-17,Delivered,890.27
D202698,O103438,W105,DELHIVERY,2026-05-04,2026-05-08,2026-05-12,In Transit,101.21
D202699,O106099,W107,BlueDart,2026-05-19,2026-05-23,2026-05-26,Delivered,1101.51
D202700,O104543,W107,DHL,2026-08-05,2026-08-09,2026-08-14,Delivered,857.87
D202701,O106909,W116,Delhivery,2026-01-22,2026-01-24,2026-01-30,In Transit,126.78
D202702,O101714,W105,DHL,2026-05-08,2026-05-13,2026-05-17,Delivered,838.7
D202703,O106358,W109,FedEx,2026-02-24,2026-02-27,2026-02-26,Delayed,1040.54
D202704,O103983,W107,FedEx,2026-07-31,2026-08-07,2026-08-06,Delivered,228.62
D202705,O103521,W104,FedEx,2026-02-20,2026-02-27,2026-02-26,Delivered,1415.02
D202706,O105160,W118,DHL,2026-04-24,2026-04-30,2026-05-01,Delivered,1270.61
D202707,O102004,W107,FedEx,2026-06-02,2026-06-09,2026-06-08,Delivered,82.95
D202708,O109834,W105,EcomExpress,2026-01-07,2026-01-09,2026-01-12,Delivered,307.49
D202709,O107031,W115,BlueDart,2026-09-07,2026-09-10,2026-09-12,In Transit,1014.5
D202710,O103909,W111,BlueDart,2026-03-07,2026-03-09,2026-03-09,Delivered,316.53
D202711,O107997,W119,FedEx,2026-02-14,2026-02-21,2026-02-21,Delivered,1181.2
D202712,O107502,W116,EcomExpress,2026-07-17,2026-07-23,2026-07-25,Delivered,496.89
D202713,O106064,W102,FedEx,2026-05-18,2026-05-22,2026-05-25,In Transit,1296.46
D202714,O100069,W100,FedEx,2026-06-29,2026-07-05,2026-07-11,Delivered,157.92
D202715,O101767,W104,FedEx,2026-09-04,2026-09-08,2026-09-06,Delivered,646.32
D202716,O101966,W116,EcomExpress,2026-06-15,2026-06-17,2026-06-18,In Transit,1423.32
D202717,O106456,W111,DHL,2026-04-01,2026-04-07,2026-04-06,Delayed,363.85
D202718,O101337,W115,EcomExpress,2026-09-07,2026-09-10,2026-09-14,Delivered,837.58
D202719,O109371,W115,Delhivery,2026-06-26,2026-07-03,2026-07-02,Delayed,402.64
D202720,O101485,W114,DHL,2026-05-28,2026-06-03,2026-06-08,Delivered,542.64
D202721,O103755,W115,Delhivery,2026-04-02,2026-04-07,2026-04-06,Delayed,161.13
D202722,O108506,W112,FedEx,2026-09-15,2026-09-21,2026-09-22,Delivered,79.67
D202723,O106040,W110,FedEx,2026-04-14,2026-04-17,2026-04-16,Delivered,249.56
D202724,O109263,W107,BlueDart,2026-03-06,2026-03-09,2026-03-11,Delivered,462.71
D202725,O105903,W119,BlueDart,2026-07-24,2026-07-28,2026-07-30,Delivered,1032.92
D202726,O107349,W117,FedEx,2026-09-08,2026-09-15,2026-09-13,Delayed,994.31
D202727,O108060,W110,Delhivery,2026-09-15,2026-09-22,2026-09-22,Delivered,784.81
D202728,O103169,W118,FedEx,2026-06-23,2026-06-26,2026-06-29,Delivered,682.12
D202729,O109874,W116,BlueDart,2026-02-16,2026-02-18,2026-02-16,Delivered,739.7
D202730,O101627,W100,EcomExpress,2026-07-01,2026-07-04,2026-07-05,Delivered,827.25
D202731,O104284,W101,DHL,2026-01-27,2026-01-30,2026-02-05,Delayed,1048.59
D202732,O104884,W113,EcomExpress,2026-08-05,2026-08-09,2026-08-07,In Transit,1093.18
D202733,O108661,W110,FedEx,2026-07-20,2026-07-25,2026-07-28,Delivered,1332.18
D202734,O105559,W118,EcomExpress,2026-02-05,2026-02-09,2026-02-07,Delayed,577.74
D202735,O100661,W105,EcomExpress,2026-06-27,2026-06-30,2026-06-29,Delayed,336.38
D202736,O105966,W119,EcomExpress,2026-07-03,2026-07-05,2026-07-08,Delivered,581.08
D202737,O102333,W106,EcomExpress,2026-08-28,2026-09-03,2026-09-05,Delivered,771.1
D202738,O102516,W116,DHL,2026-02-26,2026-03-03,2026-03-05,Delivered,844.71
D202739,O107822,W104,bluedart,2026-06-16,2026-06-23,2026-06-24,Delivered,1266.12
D202740,O102668,W106,FedEx,2026-07-06,2026-07-12,2026-07-12,Delivered,271.47
D202741,O105912,W114,DHL,2026-08-01,2026-08-04,2026-08-08,Delivered,1092.39
D202742,O103813,W106,FedEx,2026-08-02,2026-08-04,2026-08-07,Delivered,850.04
D202743,O108853,W111,EcomExpress,2026-02-11,2026-02-17,2026-02-23,Delivered,717.97
D202744,O102203,W102,DHL,2026-08-04,2026-08-08,2026-08-08,In Transit,1325.81
D202745,O106148,W101,BlueDart,2026-08-01,2026-08-05,2026-08-11,In Transit,846.63
D202746,O105025,W119,,2026-06-04,2026-06-08,2026-06-11,Delayed,1247.35
D202747,O109262,W116,FedEx,2026-01-23,2026-01-29,2026-01-30,Delivered,1172.56
D202748,O109016,W117,BlueDart,2026-05-03,2026-05-09,2026-05-09,Delivered,522.74
D202749,O105121,W117,DHL,2026-08-04,2026-08-09,2026-08-08,In Transit,980.77
D202750,O108659,W118,FedEx,2026-05-03,2026-05-07,2026-05-08,Delivered,599.14
D202751,O100923,W112,BlueDart,2026-07-18,2026-07-22,2026-07-27,Delivered,640.86
D202752,O101335,W107,Delhivery,2026-05-09,2026-05-13,2026-05-16,Delivered,1339.25
D202753,O100216,W106,FedEx,2026-07-28,2026-07-30,2026-08-05,Delivered,538.2
D202754,O101529,W112,FedEx,2026-01-08,2026-01-14,2026-01-19,Delivered,1376.85
D202755,O105300,W116,,2026-06-24,2026-06-27,2026-06-26,Delivered,1261.78
D202756,O100569,W115,DHL,2026-07-09,2026-07-15,2026-07-14,Delivered,1459.33
D202757,O103771,W107,Delhivery,2026-06-10,2026-06-16,2026-06-21,Delayed,275.17
D202758,O104466,W114,DHL,2026-03-03,2026-03-07,2026-03-11,Delayed,188.99
D202759,O107430,W102,Delhivery,2026-07-31,2026-08-03,2026-08-06,Delivered,100.55
D202760,O107018,W109,FedEx,2026-03-01,2026-03-06,2026-03-08,In Transit,1401.66
D202761,O105482,W111,EcomExpress,2026-02-06,2026-02-13,2026-02-12,Delivered,51.33
D202762,O101773,W110,EcomExpress,2026-04-23,2026-04-30,2026-05-01,In Transit,61.86
D202763,O105464,W103,,2026-04-17,2026-04-19,2026-04-17,Delayed,389.76
D202764,O103841,W109,DHL,2026-06-21,2026-06-23,2026-06-21,Delivered,947.93
D202765,O106221,W119,EcomExpress,2026-08-01,2026-08-07,2026-08-09,Delivered,168.89
D202766,O104354,W108,FedEx,2026-04-07,2026-04-09,2026-04-14,Delivered,726.36
D202767,O107380,W104,EcomExpress,2026-04-06,2026-04-12,2026-04-15,Delayed,789.36
D202768,O100874,W117,BlueDart,2026-03-09,2026-03-12,2026-03-12,Delayed,949.33
D202769,O102830,W109,Delhivery,2026-05-14,2026-05-20,2026-05-18,Delayed,795.15
D202770,O107295,W101,FedEx,2026-07-10,2026-07-17,2026-07-17,Delivered,1499.63
D202771,O102785,W108,BlueDart,2026-02-08,2026-02-15,2026-02-20,Delivered,1174.75
D202772,O104761,W101,FedEx,2026-03-18,2026-03-20,2026-03-18,In Transit,355.12
D202773,O108734,W116,EcomExpress,2026-07-11,2026-07-18,2026-07-23,Delivered,255.78
D202774,O102463,W117,BlueDart,2026-07-22,2026-07-28,2026-07-27,Delivered,161.01
D202775,O103461,W105,Delhivery,2026-07-26,2026-07-28,2026-07-30,Delivered,363.02
D202776,O109078,W110,,2026-02-04,2026-02-08,2026-02-12,In Transit,57.45
D202777,O106826,W115,FedEx,2026-03-07,2026-03-12,2026-03-16,Delayed,289.8
D202778,O100175,W119,FedEx,2026-02-11,2026-02-15,2026-02-13,Delivered,949.99
D202779,O105419,W110,EcomExpress,2026-03-16,2026-03-23,2026-03-25,Delivered,277.32
D202780,O101427,W109,DHL,2026-08-08,2026-08-11,2026-08-13,In Transit,660.26
D202781,O105443,W107,DHL,2026-08-19,2026-08-24,2026-08-24,Delivered,1224.78
D202782,O106358,W110,DHL,2026-06-09,2026-06-15,2026-06-14,Delivered,1329.97
D202783,O103654,W106,Delhivery,2026-07-18,2026-07-22,2026-07-23,Delivered,214.53
D202784,O101706,W103, ,2026-09-06,2026-09-08,2026-09-08,Delivered,1005.34
D202785,O105992,W108,DHL,2026-06-05,2026-06-12,2026-06-11,In Transit,488.04
D202786,O103626,W111,DHL,2026-09-04,2026-09-10,2026-09-08,Delivered,821.66
D202787,O105609,W117,FedEx,2026-07-29,2026-08-01,2026-08-02,Delayed,132.45
D202788,O108422,W104,FedEx,2026-04-12,2026-04-14,2026-04-15,Delayed,811.12
D202789,O104100,W103,Delhivery,2026-02-13,2026-02-15,2026-02-15,Delayed,1126.29
D202790,O108187,W111,Delhivery,2026-08-06,2026-08-13,2026-08-13,Delivered,101.67
D202791,O105688,W106,Delhivery,2026-04-25,2026-04-30,2026-05-06,Lost,1312.03
D202792,O108391,W118,DHL,2026-01-30,2026-02-01,2026-01-30,Delivered,1070.19
D202793,O101558,W117,FedEx,2026-06-27,2026-07-02,2026-07-07,Delivered,1126.99
D202794,O106080,W102,DHL,2026-03-24,2026-03-26,2026-03-30,Delayed,598.88
D202795,O108198,W114,DHL,2026-09-11,2026-09-16,2026-09-22,Delivered,726.88
D202796,O107941,W113,Delhivery,2026-01-27,2026-02-03,2026-02-04,Delayed,648.3
D202797,O107520,W104,EcomExpress,2026-05-14,2026-05-17,2026-05-16,Delayed,1088.21
D202798,O105804,W101,FedEx,2026-04-15,2026-04-21,2026-04-20,Delivered,292.04
D202799,O107956,W102,FedEx,2026-07-19,2026-07-25,2026-07-30,In Transit,171.99
D202800,O103790,W119,FedEx,2026-04-04,2026-04-07,2026-04-09,Delivered,993.47
D202801,O108805,W114,DHL,2026-04-03,2026-04-10,2026-04-12,Delayed,1254.62
D202802,O101365,W112,DHL,2026-06-27,2026-07-01,2026-06-30,In Transit,331.3
D202803,O102207,W100,BlueDart,2026-02-10,2026-02-16,2026-02-20,Delivered,1094.92
D202804,O109443,W108,DHL,2026-08-05,2026-08-09,2026-08-15,Delayed,508.11
D202805,O105334,W113,DHL,2026-05-09,2026-05-15,2026-05-15,Delivered,515.7
D202806,O104498,W118,fedex,2026-03-10,2026-03-17,2026-03-21,Delivered,301.37
D202807,O105751,W106,Delhivery,2026-05-01,2026-05-07,2026-05-05,Delivered,1028.24
D202808,O105228,W118,EcomExpress,2026-01-03,2026-01-05,2026-01-08,Delivered,854.69
D202809,O103408,W118,BlueDart,2026-03-03,2026-03-07,2026-03-12,Delayed,832.6
D202810,O102129,W118,FedEx,2026-03-10,2026-03-14,2026-03-18,Delivered,223.66
D202811,O109018,W108,Delhivery,2026-09-05,2026-09-12,2026-09-17,Delivered,436.39
D202812,O102157,W109,Delhivery,2026-05-25,2026-05-30,2026-05-29,Delayed,649.51
D202813,O102613,W108,DHL,2026-07-27,2026-08-02,2026-08-02,Delayed,960.42
D202814,O106356,W114,DHL,2026-01-06,2026-01-11,2026-01-14,Delivered,876.37
D202815,O107001,W113,EcomExpress,2026-02-26,2026-03-04,2026-03-07,Delivered,792.61
D202816,O103928,W114,EcomExpress,2026-09-07,2026-09-13,2026-09-12,Delivered,1063.01
D202817,O107309,W105,FedEx,2026-07-19,2026-07-24,2026-07-22,Delivered,1410.36
D202818,O104233,W101,BlueDart,2026-04-15,2026-04-17,2026-04-18,In Transit,1380.61
D202819,O107826,W103,Delhivery,2026-02-25,2026-02-28,2026-02-26,Delivered,862.11
D202820,O107045,W109,BlueDart,2026-02-16,2026-02-21,2026-02-23,In Transit,963.18
D202821,O103036,W105,FedEx,2026-09-15,2026-09-18,2026-09-22,In Transit,484.38
D202822,O102486,W114,DHL,2026-08-06,2026-08-10,2026-08-08,In Transit,525.93
D202823,O100467,W109,EcomExpress,2026-05-05,2026-05-10,2026-05-15,Delivered,487.02
D202824,O103537,W106,DHL,2026-08-27,2026-08-29,2026-08-31,Delivered,635.59
D202825,O107741,W116,FedEx,2026-01-09,2026-01-15,2026-01-13,Delivered,192.34
D202826,O103054,W115,EcomExpress,2026-07-05,2026-07-11,2026-07-12,Delayed,682.79
D202827,O105456,W106,DHL,2026-06-27,2026-06-29,2026-06-30,Delivered,236.96
D202828,O100717,W116,,2026-04-26,2026-05-01,2026-04-30,Delivered,1254.89
D202829,O101879,W112,Delhivery,2026-07-18,2026-07-23,2026-07-24,Delayed,835.94
D202830,O108518,W104,EcomExpress,2026-01-03,2026-01-05,2026-01-05,In Transit,1136.25
D202831,O100217,W101,,2026-08-04,2026-08-11,2026-08-13,Delivered,366.12
D202832,O106516,W107,BlueDart,2026-03-18,2026-03-23,2026-03-26,Delivered,556.13
D202833,O108375,W100,DHL,2026-03-30,2026-04-04,2026-04-07,Delivered,162.32
D202834,O106442,W102,BlueDart,2026-04-09,2026-04-13,2026-04-16,Lost,1308.83
D202835,O103120,W118,FedEx,2026-01-07,2026-01-10,2026-01-10,Delayed,971.87
D202836,O109583,W114,Delhivery,2026-07-31,2026-08-03,2026-08-09,Delayed,632.48
D202837,O105950,W112,FedEx,2026-04-07,2026-04-14,2026-04-14,Delivered,1469.65
D202838,O104567,W118,Delhivery,2026-06-28,2026-07-05,2026-07-10,Delayed,334.48
D202839,O101267,W100,Delhivery,2026-08-02,2026-08-07,2026-08-06,Delayed,526.83
D202840,O109489,W101, BlueDart ,2026-08-29,2026-09-03,2026-09-03,Delivered,801.59
D202841,O106547,W116,EcomExpress,2026-04-16,2026-04-21,2026-04-26,Delayed,1030.32
D202842,O107096,W111,BlueDart,2026-06-30,2026-07-05,2026-07-10,In Transit,851.74
D202843,O105011,W105,DHL,2026-09-09,2026-09-15,2026-09-16,Delivered,1257.85
D202844,O101128,W110,DHL,2026-08-21,2026-08-26,2026-08-29,Delayed,377.72
D202845,O105080,W113,FedEx,2026-07-11,2026-07-15,2026-07-13,Delivered,1404.01
D202846,O104771,W108,Delhivery,2026-07-20,2026-07-25,2026-07-31,Delivered,924.82
D202847,O100361,W102,FedEx,2026-05-29,2026-06-01,2026-05-30,Delivered,634.1
D202848,O102561,W118, ,2026-03-27,2026-03-31,2026-04-02,In Transit,940.82
D202849,O103928,W113,Delhivery,2026-06-08,2026-06-14,2026-06-14,Delayed,274.88
D202850,O100997,W112,EcomExpress,2026-02-03,2026-02-05,2026-02-03,Delivered,784.09
D202851,O108307,W114,FedEx,2026-01-01,2026-01-04,2026-01-10,Delayed,740.2
D202852,O109435,W118,EcomExpress,2026-06-02,2026-06-05,2026-06-07,Delivered,152.04
D202853,O106792,W107,BlueDart,2026-01-05,2026-01-07,2026-01-08,Delayed,977.58
D202854,O101211,W110,BlueDart,2026-01-19,2026-01-24,2026-01-28,Delivered,737.97
D202855,O105883,W105,DHL,2026-04-22,2026-04-27,2026-04-25,Delivered,1335.92
D202856,O105761,W112,EcomExpress,2026-03-23,2026-03-27,2026-04-02,In Transit,1339.6
D202857,O108789,W106,FedEx,2026-08-29,2026-09-03,2026-09-05,Delayed,439.13
D202858,O109048,W116,DHL,2026-04-15,2026-04-21,2026-04-26,Delivered,1064.23
D202859,O102280,W108,EcomExpress,2026-01-10,2026-01-14,2026-01-20,Delayed,1473.36
D202860,O101124,W112,BlueDart,2026-04-22,2026-04-24,2026-04-27,Delayed,372.01
D202861,O104554,W109,FedEx,2026-03-07,2026-03-09,2026-03-15,Lost,378.01
D202862,O103602,W118,EcomExpress,2026-06-07,2026-06-09,2026-06-07,Lost,135.3
D202863,O101316,W111,Delhivery,2026-03-31,2026-04-05,2026-04-09,Delivered,1034.04
D202864,O104660,W118,ECOMEXPRESS,2026-08-16,2026-08-23,2026-08-26,Delayed,1131.94
D202865,O104317,W105,Delhivery,2026-06-05,2026-06-09,2026-06-12,Lost,1096.39
D202866,O109241,W113, ,2026-07-15,2026-07-21,2026-07-19,Delayed,1321.46
D202867,O102288,W118,BlueDart,2026-04-16,2026-04-23,2026-04-26,Delivered,198.78
D202868,O107506,W105,Delhivery,2026-06-16,2026-06-23,2026-06-29,Delivered,809.87
D202869,O101932,W101,Delhivery,2026-03-07,2026-03-09,2026-03-14,Delayed,1121.8
D202870,O102323,W110,BlueDart,2026-04-28,2026-05-01,2026-05-06,Delayed,315.74
D202871,O104207,W113,BlueDart,2026-06-24,2026-06-27,2026-06-30,Delivered,798.7
D202872,O102139,W110,DHL,2026-07-31,2026-08-06,2026-08-09,Delivered,1393.16
D202873,O109517,W105,DHL,2026-02-11,2026-02-18,2026-02-17,Delayed,197.44
D202874,O107929,W111,BlueDart,2026-03-01,2026-03-07,2026-03-07,Delivered,554.14
D202875,O103059,W102,BlueDart,2026-03-19,2026-03-25,2026-03-31,Delayed,769.84
D202876,O105982,W105,Delhivery,2026-01-07,2026-01-13,2026-01-11,Lost,1126.7
D202877,O103302,W119,FedEx,2026-05-05,2026-05-08,2026-05-10,Lost,1452.45
D202878,O103475,W103, ,2026-01-02,2026-01-08,2026-01-09,Delivered,313.36
D202879,O103639,W103,BlueDart,2026-08-08,2026-08-11,2026-08-11,In Transit,951.18
D202880,O100504,W119,BlueDart,2026-06-18,2026-06-22,2026-06-23,Delivered,744.69
D202881,O109871,W101,DHL,2026-07-31,2026-08-04,2026-08-04,Delivered,559.04
D202882,O100093,W112,EcomExpress,2026-03-13,2026-03-16,2026-03-19,Delivered,290.09
D202883,O107580,W114,Delhivery,2026-02-04,2026-02-09,2026-02-09,Delayed,757.58
D202884,O100102,W108,EcomExpress,2026-06-21,2026-06-26,2026-06-25,Delivered,670.5
D202885,O106142,W105,FedEx,2026-04-13,2026-04-15,2026-04-13,Delivered,805.37
D202886,O109556,W100,DHL,2026-02-02,2026-02-05,2026-02-07,Delivered,807.58
D202887,O103286,W100,DHL,2026-02-22,2026-02-26,2026-02-27,Delivered,957.12
D202888,O104857,W107,DHL,2026-02-18,2026-02-24,2026-02-24,In Transit,1454.27
D202889,O101077,W117,FedEx,2026-03-25,2026-03-30,2026-03-29,Delayed,355.02
D202890,O109301,W114,FedEx,2026-09-15,2026-09-19,2026-09-19,Delayed,513.09
D202891,O106641,W108,Delhivery,2026-02-10,2026-02-16,2026-02-16,Delivered,448.34
D202892,O102676,W115,DHL,2026-08-27,2026-08-29,2026-08-27,Delivered,106.39
D202893,O107558,W105,DHL,2026-09-06,2026-09-13,2026-09-12,Delayed,574.97
D202894,O103775,W109,EcomExpress,2026-01-16,2026-01-19,2026-01-23,In Transit,1188.23
D202895,O101960,W115,EcomExpress,2026-04-18,2026-04-23,2026-04-21,Delayed,320.32
D202896,O101855,W112,DHL,2026-07-20,2026-07-26,2026-07-27,Delayed,551.47
D202897,O106016,W103,BlueDart,2026-08-06,2026-08-12,2026-08-13,Delivered,1040.92
D202898,O102738,W111,DHL,2026-07-17,2026-07-24,2026-07-30,Delivered,1363.69
D202899,O107883,W109,,2026-07-21,2026-07-28,2026-07-26,Delivered,1325.57
D202900,O888888,W109,EcomExpress,2026-04-28,2026-05-04,2026-05-05,Delivered,530.43
D202901,O104328,W104,Delhivery,2026-07-20,2026-07-22,2026-07-21,In Transit,222.28
D202902,O106532,W118,FedEx,2026-06-05,2026-06-07,2026-06-11,Delivered,145.66
D202903,O103151,W106,Delhivery,2026-09-03,2026-09-10,2026-09-13,In Transit,142.05
D202904,O104161,W103,Delhivery,2026-03-31,2026-04-02,2026-04-02,Delivered,872.58
D202905,O102658,W111,BlueDart,2026-02-07,2026-02-11,2026-02-14,Delivered,1375.62
D202906,O102321,W107, ,2026-05-07,2026-05-12,2026-05-16,Delivered,1305.02
D202907,O100804,W113,DHL,2026-03-23,2026-03-29,2026-03-31,Delivered,1216.17
D202908,O104610,W106,DHL,2026-08-01,2026-08-05,2026-08-08,Delivered,1052.24
D202909,O103424,W108,FedEx,2026-06-17,2026-06-22,2026-06-27,Delivered,715.78
D202910,O103241,W111,DHL,2026-05-24,2026-05-29,2026-05-29,Delayed,512.48
D202911,O108660,W114, BlueDart ,2026-06-22,2026-06-24,2026-06-24,Delivered,909.0
D202912,O107268,W116,EcomExpress,2026-01-06,2026-01-13,2026-01-11,Delivered,671.52
D202913,O101307,W113,FedEx,2026-04-09,2026-04-12,2026-04-12,Delivered,944.47
D202914,O105111,W106,Delhivery,2026-04-13,2026-04-19,2026-04-19,Delivered,335.43
D202915,O105163,W112,FedEx,2026-09-09,2026-09-12,2026-09-17,Delivered,1232.07
D202916,O105262,W100,DHL,2026-01-26,2026-01-28,2026-02-02,Delayed,787.93
D202917,O106817,W111,EcomExpress,2026-03-30,2026-04-03,2026-04-04,In Transit,913.1
D202918,O107236,W115,DHL,2026-05-23,2026-05-30,2026-05-31,Delivered,1205.78
D202919,O100443,W112,Delhivery,2026-01-16,2026-01-19,2026-01-20,Delayed,407.67
D202920,O108310,W118,DHL,2026-04-26,2026-04-29,2026-04-30,Lost,572.02
D202921,O109704,W114,DHL,2026-09-09,2026-09-15,2026-09-19,Delayed,233.83
D202922,O108480,W115,FedEx,2026-07-04,2026-07-10,2026-07-15,Delayed,700.88
D202923,O104658,W116,dhl,2026-04-22,2026-04-28,2026-04-27,Delivered,1007.95
D202924,O106445,W119,EcomExpress,2026-06-26,2026-06-30,2026-06-29,Delayed,672.33
D202925,O107932,W100,,2026-04-12,2026-04-18,2026-04-22,Delivered,1088.51
D202926,O101595,W112,FedEx,2026-02-25,2026-02-28,2026-03-02,Delivered,-500.0
D202927,O101331,W109,EcomExpress,2026-04-13,2026-04-16,2026-04-17,Delivered,53.55
D202928,O105107,W104,DHL,2026-03-21,2026-03-26,2026-03-25,Delivered,896.46
D202929,O104501,W100,FedEx,2026-05-09,2026-05-12,2026-05-18,Delivered,1449.52
D202930,O102481,W113,Delhivery,2026-06-25,2026-06-28,2026-07-03,Delivered,1067.63
D202931,O106322,W113,DHL,2026-03-06,2026-03-09,2026-03-12,Delivered,740.43
D202932,O103816,W109,DHL,2026-08-18,2026-08-25,2026-08-24,Delivered,701.14
D202933,O103023,W105,EcomExpress,2026-06-18,2026-06-23,2026-06-26,Delivered,330.72
D202934,O106049,W106,EcomExpress,2026-08-01,2026-08-03,2026-08-05,Delivered,1337.03
D202935,O105890,W114,EcomExpress,2026-08-20,2026-08-22,2026-08-20,Delayed,1484.42
D202936,O107983,W101,Delhivery,2026-02-20,2026-02-26,2026-03-01,Delivered,315.78
D202937,O102010,W103,DHL,2026-06-25,2026-07-01,2026-07-02,Delivered,210.18
D202938,O103832,W107,FedEx,2026-01-25,2026-01-30,2026-02-03,In Transit,487.85
D202939,O109280,W116,DHL,2026-05-08,2026-05-15,2026-05-14,In Transit,516.32
D202940,O105510,W119,BlueDart,2026-01-28,2026-02-01,2026-02-03,Delivered,1133.31
D202941,O102507,W106,EcomExpress,2026-07-09,2026-07-14,2026-07-18,Delivered,377.08
D202942,O105395,W118,DHL,2026-07-26,2026-07-28,2026-08-01,In Transit,862.67
D202943,O101388,W105,EcomExpress,2026-09-14,2026-09-18,2026-09-17,Delivered,437.99
D202944,O107800,W107,Delhivery,2026-08-21,2026-08-26,2026-08-25,In Transit,1163.78
D202945,O109554,W109,DHL,2026-02-01,2026-02-04,2026-02-09,Delivered,577.54
D202946,O106534,W103,EcomExpress,2026-08-22,2026-08-28,2026-08-27,Delivered,566.16
D202947,O108110,W115,Delhivery,2026-02-04,2026-02-11,2026-02-14,In Transit,100.52
D202948,O102529,W107,FedEx,2026-03-06,2026-03-13,2026-03-18,Delayed,151.3
D202949,O106656,W116,BlueDart,2026-07-23,2026-07-30,2026-07-29,Delivered,1102.52
D202950,O107907,W117,FedEx,2026-06-18,2026-06-24,2026-06-23,Delayed,884.97
D202951,O103784,W104,EcomExpress,2026-03-19,2026-03-26,2026-04-01,Delivered,274.36
D202952,O108567,W117,BlueDart,2026-05-26,2026-05-30,2026-05-30,Delayed,1434.86
D202953,O105302,W103,BlueDart,2026-05-30,2026-06-02,2026-06-04,Delivered,809.53
D202954,O108103,W104, ,2026-02-06,2026-02-13,2026-02-14,Delivered,301.3
D202955,O106402,W116,Delhivery,2026-09-14,2026-09-20,2026-09-22,In Transit,631.01
D202956,O108547,W111,BlueDart,2026-07-02,2026-07-08,2026-07-06,Delivered,783.14
D202957,O106908,W100,BlueDart,2026-03-23,2026-03-27,2026-03-25,Delivered,235.34
D202958,O108186,W105,Delhivery,2026-05-02,2026-05-07,2026-05-07,Lost,770.04
D202959,O105339,W114,Delhivery,2026-09-15,2026-09-20,2026-09-20,Lost,173.79
D202960,O105357,W112,DHL,2026-03-28,2026-04-01,2026-04-03,Delivered,556.13
D202961,O106822,W112,FedEx,2026-01-03,2026-01-09,2026-01-13,In Transit,988.52
D202962,O103443,W111,DHL,2026-02-07,2026-02-13,2026-02-11,Delivered,1172.34
D202963,O101533,W113,Delhivery,2026-06-17,2026-06-19,2026-06-24,Delivered,464.18
D202964,O108550,W105,BlueDart,2026-03-03,2026-03-10,2026-03-16,In Transit,822.29
D202965,O105280,W116,FedEx,2026-05-22,2026-05-27,2026-06-01,Delayed,552.61
D202966,O106940,W115,FedEx,2026-08-28,2026-09-01,2026-08-31,Delivered,1497.69
D202967,O107365,W110, ,2026-08-15,2026-08-20,2026-08-22,Delivered,1198.7
D202968,O105777,W103,Delhivery,2026-09-12,2026-09-18,2026-09-19,Delivered,1231.61
D202969,O109080,W110,Delhivery,2026-07-31,2026-08-04,2026-08-02,Delayed,1367.02
D202970,O102477,W111,Delhivery,2026-05-18,2026-05-21,2026-05-21,Delivered,947.36
D202971,O102055,W104,Delhivery,2026-02-15,2026-02-20,2026-02-21,Delivered,1116.32
D202972,O101768,W116,BlueDart,2026-05-06,2026-05-12,2026-05-18,Delivered,1203.42
D202973,O109836,W119,FedEx,2026-07-24,2026-07-30,2026-08-01,Delivered,446.61
D202974,O100246,W115,DHL,2026-02-13,2026-02-17,2026-02-19,Delayed,1469.67
D202975,O104366,W107,EcomExpress,2026-07-29,2026-08-02,2026-07-31,Delivered,703.23
D202976,O103066,W108,EcomExpress,2026-06-30,2026-07-03,2026-07-08,Delivered,863.49
D202977,O104941,W102,FedEx,2026-08-14,2026-08-21,2026-08-25,Delivered,930.15
D202978,O104407,W112,Delhivery,2026-07-31,2026-08-06,2026-08-11,Delivered,793.97
D202979,O109365,W105, FedEx ,2026-06-27,2026-07-03,2026-07-08,Delivered,623.23
D202980,O101195,W113,EcomExpress,2026-03-12,2026-03-18,2026-03-19,Delivered,1331.01
D202981,O103309,W108,BlueDart,2026-03-27,2026-04-02,2026-04-07,Delivered,113.36
D202982,O104052,W102,FedEx,2026-03-10,2026-03-15,2026-03-18,Delivered,406.45
D202983,O103080,W106,DHL,2026-07-18,2026-07-25,2026-07-23,Delivered,1499.98
D202984,O100520,W111,DHL,2026-02-25,2026-02-27,2026-02-25,Delayed,358.38
D202985,O101145,W115,EcomExpress,2026-06-17,2026-06-20,2026-06-18,Delivered,573.8
D202986,O103315,W104,ECOMEXPRESS,2026-05-18,2026-05-24,2026-05-26,Delivered,1204.73
D202987,O101486,W104,Delhivery,2026-01-13,2026-01-15,2026-01-16,Delivered,406.71
D202988,O105966,W102,FedEx,2026-03-09,2026-03-14,2026-03-14,Delayed,1166.95
D202989,O103093,W109,FedEx,2026-06-06,2026-06-11,2026-06-12,Delivered,1361.59
D202990,O100218,W108,FedEx,2026-05-15,2026-05-19,2026-05-21,Delivered,131.23
D202991,O103254,W113,FedEx,2026-06-01,2026-06-05,2026-06-04,Lost,1420.88
D202992,O101314,W103,FedEx,2026-04-08,2026-04-13,2026-04-15,Delivered,767.09
D202993,O100207,W100,BlueDart,2026-05-12,2026-05-19,2026-05-18,Delivered,921.08
D202994,O101248,W115,Delhivery,2026-06-13,2026-06-19,2026-06-22,In Transit,454.26
D202995,O102785,W112,EcomExpress,2026-08-23,2026-08-25,2026-08-27,Delivered,781.85
D202996,O107940,W109,EcomExpress,2026-09-03,2026-09-07,2026-09-06,Delivered,1222.76
D202997,O108971,W103,DHL,2026-07-29,2026-08-02,2026-08-08,Delivered,1215.45
D202998,O103746,W115,FedEx,2026-07-22,2026-07-24,2026-07-30,Delivered,497.18
D202999,O100388,W103,EcomExpress,2026-02-09,2026-02-14,2026-02-13,Delivered,1056.19
D203000,O104635,W103, Delhivery ,2026-05-02,2026-05-07,2026-05-07,Delivered,1261.94
D203001,O106933,W105,DHL,2026-08-12,2026-08-15,2026-08-20,Delivered,1395.61
D203002,O102801,W108,Delhivery,2026-06-25,2026-06-27,2026-06-25,Delayed,256.79
D203003,O100030,W101,EcomExpress,2026-06-24,2026-07-01,2026-07-04,Delivered,369.35
D203004,O100456,W104,DHL,2026-01-09,2026-01-15,2026-01-21,Delivered,1105.79
D203005,O109709,W103,BlueDart,2026-01-18,2026-01-22,2026-01-21,Delayed,1370.36
D203006,O102964,W100,DHL,2026-02-16,2026-02-18,2026-02-21,Delivered,165.74
D203007,O101955,W112,EcomExpress,2026-07-08,2026-07-14,2026-07-12,Delivered,391.92
D203008,O104367,W110,FedEx,2026-06-27,2026-07-02,2026-07-08,Delivered,1359.21
D203009,O100270,W104,BlueDart,2026-07-24,2026-07-27,2026-08-02,Delivered,254.96
D203010,O103496,W102,BlueDart,2026-08-16,2026-08-21,2026-08-20,Delivered,914.18
D203011,O103531,W107,Delhivery,2026-04-07,2026-04-12,2026-04-13,In Transit,81.89
D203012,O105859,W117,Delhivery,2026-03-14,2026-03-16,2026-03-22,In Transit,415.66
D203013,O108364,W116,BlueDart,2026-04-17,2026-04-22,2026-04-24,Delivered,444.29
D203014,O101995,W114,bluedart,2026-07-06,2026-07-13,2026-07-12,Delivered,70.88
D203015,O104155,W117,FedEx,2026-04-07,2026-04-14,2026-04-12,Delayed,1174.46
D203016,O101502,W106,FedEx,2026-07-16,2026-07-20,2026-07-18,Delivered,1096.06
D203017,O107494,W112,EcomExpress,2026-01-08,2026-01-10,2026-01-15,Delivered,59.25
D203018,O105098,W104,FedEx,2026-03-01,2026-03-06,2026-03-05,Delivered,177.79
D203019,O102638,W109,EcomExpress,2026-05-26,2026-05-30,2026-06-04,Delivered,1169.86
D203020,O101367,W105,FedEx,2026-02-14,2026-02-16,2026-02-18,Delivered,374.59
D203021,O109647,W115,Delhivery,2026-03-20,2026-03-24,2026-03-30,Delayed,882.98
D203022,O104334,W105,EcomExpress,2026-08-24,2026-08-27,2026-08-29,Delivered,1421.18
D203023,O103399,W112,DHL,2026-01-16,2026-01-23,2026-01-28,Delivered,326.27
D203024,O100251,W102,FedEx,2026-08-01,2026-08-03,2026-08-02,In Transit,128.4
D203025,O109728,W117,EcomExpress,2026-07-16,2026-07-23,2026-07-27,Delivered,905.27
D203026,O108522,W112,EcomExpress,2026-02-24,2026-02-26,2026-02-28,Delayed,507.45
D203027,O105374,W107,EcomExpress,2026-06-17,2026-06-24,2026-06-22,Delivered,1008.81
D203028,O100407,W116,EcomExpress,2026-04-28,2026-05-01,2026-04-29,In Transit,1445.42
D203029,O100422,W111,EcomExpress,2026-07-29,2026-08-01,2026-08-05,Delivered,873.96
D203030,O101749,W109,FedEx,2026-01-18,2026-01-21,2026-01-23,Delayed,1038.86
D203031,O109582,W115, DHL ,2026-09-10,2026-09-14,2026-09-14,Delivered,375.99
D203032,O105075,W105,FedEx,2026-01-22,2026-01-26,2026-01-25,Delivered,1139.41
D203033,O107596,W112,DHL,2026-08-13,2026-08-15,2026-08-16,Delayed,129.65
D203034,O107169,W100,EcomExpress,2026-03-11,2026-03-14,2026-03-13,Delivered,1322.78
D203035,O109650,W117,,2026-01-01,2026-01-07,2026-01-13,Delayed,695.68
D203036,O100707,W114,EcomExpress,2026-03-13,2026-03-18,2026-03-16,Delivered,466.93
D203037,O103403,W103,Delhivery,2026-01-15,2026-01-19,2026-01-21,Delivered,924.42
D203038,O108714,W116,FedEx,2026-04-25,2026-05-01,2026-05-06,Delivered,1260.66
D203039,O104794,W112,DHL,2026-04-20,2026-04-25,2026-04-29,Delivered,629.21
D203040,O102304,W113,FedEx,2026-02-21,2026-02-23,2026-02-23,Delayed,1015.2
D203041,O102389,W119,EcomExpress,2026-02-04,2026-02-10,2026-02-09,Delivered,1383.14
D203042,O105868,W117,,2026-03-22,2026-03-27,2026-04-02,Delivered,1177.07
D203043,O107988,W114,Delhivery,2026-01-06,2026-01-10,2026-01-10,Delivered,1427.89
D203044,O107987,W110,EcomExpress,2026-08-07,2026-08-12,2026-08-11,Delivered,1279.21
D203045,O109986,W109,EcomExpress,2026-07-22,2026-07-26,2026-07-26,Delivered,566.7
D203046,O109096,W110,BlueDart,2026-09-02,2026-09-09,2026-09-14,Delivered,940.99
D203047,O102969,W118,FedEx,2026-08-08,2026-08-15,2026-08-20,Delivered,306.29
D203048,O107178,W114,FedEx,2026-04-23,2026-04-30,2026-05-06,Delivered,1364.05
D203049,O106248,W100,DHL,2026-08-15,2026-08-18,2026-08-19,Delivered,524.59
D203050,O103177,W108,BlueDart,2026-03-25,2026-04-01,2026-03-30,Delivered,796.26
D203051,O107061,W100,EcomExpress,2026-01-09,2026-01-14,2026-01-15,In Transit,805.52
D203052,O103199,W113,DHL,2026-04-13,2026-04-16,2026-04-18,Delayed,426.5
D203053,O107707,W116,BlueDart,2026-08-16,2026-08-22,2026-08-27,Delayed,1410.99
D203054,O109264,W105,DHL,2026-04-25,2026-04-30,2026-05-06,Delayed,1240.3
D203055,O105052,W115,BlueDart,2026-06-01,2026-06-08,2026-06-06,Delivered,586.86
D203056,O101876,W106,EcomExpress,2026-05-09,2026-05-15,2026-05-15,Delivered,455.26
D203057,O102810,W115,EcomExpress,2026-09-15,2026-09-21,2026-09-22,Delivered,735.87
D203058,O102391,W116,EcomExpress,2026-04-25,2026-04-30,2026-04-30,Delayed,1442.93
D203059,O107783,W117,BlueDart,2026-07-12,2026-07-15,2026-07-20,Delivered,1191.05
D203060,O105054,W101,FedEx,2026-07-05,2026-07-11,2026-07-13,Delivered,594.16
D203061,O107263,W116,DHL,2026-08-04,2026-08-06,2026-08-05,Delivered,214.72
D203062,O102748,W113,Delhivery,2026-09-05,2026-09-11,2026-09-15,Delivered,174.69
D203063,O100451,W108,Delhivery,2026-01-01,2026-01-04,2026-01-09,Delivered,1036.42
D203064,O106702,W104,EcomExpress,2026-08-24,2026-08-30,2026-09-02,Delivered,427.7
D203065,O104713,W109,BlueDart,2026-02-21,2026-02-26,2026-03-03,Delayed,1059.31
D203066,O107803,W101,FedEx,2026-01-02,2026-01-04,2026-01-02,Delivered,417.74
D203067,O106704,W108,DHL,2026-06-27,2026-06-30,2026-07-04,In Transit,1182.7
D203068,O106291,W104,DHL,2026-07-27,2026-08-03,2026-08-04,Delayed,109.8
D203069,O102653,W116,FedEx,2026-06-16,2026-06-19,2026-06-18,In Transit,1158.91
D203070,O106876,W103,DHL,2026-09-09,2026-09-12,2026-09-17,Delivered,432.55
D203071,O100616,W111,BlueDart,2026-05-27,2026-06-02,2026-06-06,In Transit,540.31
D203072,O105579,W114,Delhivery,2026-04-10,2026-04-17,2026-04-17,Lost,251.38
D203073,O109156,W114,Delhivery,2026-07-28,2026-08-01,2026-08-03,Delivered,296.18
D203074,O105275,W117,FedEx,2026-09-08,2026-09-14,2026-09-17,Delivered,746.44
D203075,O107496,W119,BlueDart,2026-09-02,2026-09-08,2026-09-07,In Transit,1095.22
D203076,O107938,W116,FedEx,2026-01-18,2026-01-20,2026-01-18,Delivered,740.3
D203077,O109606,W111,FedEx,2026-06-12,2026-06-19,2026-06-20,Delivered,1003.34
D203078,O109363,W118,FedEx,2026-05-14,2026-05-17,2026-05-16,Delivered,478.84
D203079,O100336,W113,EcomExpress,2026-07-20,2026-07-23,2026-07-23,Delivered,62.2
D203080,O102927,W119,Delhivery,2026-08-19,2026-08-26,2026-08-24,Delayed,218.44
D203081,O103260,W117,FedEx,2026-04-14,2026-04-16,2026-04-16,Delivered,846.06
D203082,O105660,W101,Delhivery,2026-05-05,2026-05-10,2026-05-11,Delivered,578.51
D203083,O105338,W119,EcomExpress,2026-02-08,2026-02-12,2026-02-13,Delivered,755.54
D203084,O104951,W102,BlueDart,2026-07-20,2026-07-22,2026-07-23,Delivered,982.6
D203085,O100873,W119,FedEx,2026-05-09,2026-05-15,2026-05-20,Lost,410.13
D203086,O101850,W114,DHL,2026-01-03,2026-01-08,2026-01-07,Delayed,742.83
D203087,O108846,W110,Delhivery,2026-06-24,2026-07-01,2026-07-04,Delayed,897.67
D203088,O103079,W116,DHL,2026-05-19,2026-05-26,2026-05-29,Delivered,433.41
D203089,O103875,W107,Delhivery,2026-08-06,2026-08-08,2026-08-10,Delivered,1190.28
D203090,O106389,W101,DHL,2026-09-11,2026-09-16,2026-09-17,Delivered,1153.61
D203091,O103366,W100,DHL,2026-05-04,2026-05-11,2026-05-10,Delivered,231.85
D203092,O101315,W113,Delhivery,2026-01-26,2026-02-02,2026-02-03,Lost,105.89
D203093,O103833,W103,Delhivery,2026-07-01,2026-07-04,2026-07-03,Delivered,272.98
D203094,O101047,W113,BlueDart,2026-09-15,2026-09-21,2026-09-25,Delivered,1005.36
D203095,O105844,W102,EcomExpress,2026-08-08,2026-08-12,2026-08-10,Delivered,441.02
D203096,O100709,W108,Delhivery,2026-03-05,2026-03-08,2026-03-09,In Transit,752.09
D203097,O109417,W112,DHL,2026-01-30,2026-02-06,2026-02-05,In Transit,1218.78
D203098,O109277,W109,EcomExpress,2026-03-24,2026-03-30,2026-03-31,Delayed,668.08
D203099,O100029,W110,FedEx,2026-06-19,2026-06-22,2026-06-28,Delivered,774.19
D203100,O101978,W109,EcomExpress,2026-04-19,2026-04-21,2026-04-20,Delivered,135.93
D203101,O104943,W107,Delhivery,2026-02-18,2026-02-23,2026-02-27,Delivered,1311.84
D203102,O100600,W118,EcomExpress,2026-03-11,2026-03-14,2026-03-19,Delayed,86.14
D203103,O104441,W108,EcomExpress,2026-04-01,2026-04-03,2026-04-09,Lost,625.26
D203104,O100596,W109,EcomExpress,2026-08-05,2026-08-12,2026-08-11,Delivered,1001.69
D203105,O101610,W112,Delhivery,2026-08-03,2026-08-09,2026-08-10,In Transit,472.89
D203106,O102506,W107,Delhivery,2026-03-07,2026-03-14,2026-03-19,Delayed,906.95
D203107,O100956,W114,delhivery,2026-06-11,2026-06-16,2026-06-16,Delivered,498.99
D203108,O107284,W114,FedEx,2026-05-20,2026-05-22,2026-05-22,Delivered,1095.21
D203109,O106926,W104,Delhivery,2026-09-11,2026-09-16,2026-09-17,Delivered,725.26
D203110,O106669,W113,FedEx,2026-01-25,2026-01-29,2026-01-27,Delivered,893.54
D203111,O101767,W111,FedEx,2026-01-17,2026-01-19,2026-01-19,Delivered,1002.29
D203112,O102750,W100,BlueDart,2026-06-17,2026-06-21,2026-06-19,Delivered,864.6
D203113,O105691,W118,EcomExpress,2026-01-27,2026-01-30,2026-02-05,Delivered,1153.94
D203114,O104600,W115,EcomExpress,2026-06-06,2026-06-10,2026-06-15,Delayed,720.02
D203115,O105936,W109,DHL,2026-01-08,2026-01-14,2026-01-12,Delivered,1053.36
D203116,O106414,W112,DHL,2026-02-16,2026-02-20,2026-02-18,Delivered,1004.13
D203117,O108032,W117,BlueDart,2026-05-31,2026-06-05,2026-06-07,Delivered,1340.59
D203118,O102100,W119,BlueDart,2026-07-17,2026-07-23,2026-07-29,Delivered,301.51
D203119,O101779,W118,EcomExpress,2026-03-04,2026-03-09,2026-03-09,Delivered,1126.22
D203120,O109207,W103,Delhivery,2026-06-11,2026-06-13,2026-06-12,In Transit,790.93
D203121,O104093,W104,DHL,2026-08-28,2026-08-30,2026-09-05,Delivered,91.88
D203122,O103861,W105,Delhivery,2026-01-07,2026-01-11,2026-01-16,Delayed,1430.31
D203123,O106872,W103,DHL,2026-01-21,2026-01-27,2026-01-27,Delivered,857.68
D203124,O103692,W103,EcomExpress,2026-01-14,2026-01-20,2026-01-26,Delivered,232.85
D203125,O103908,W105,BlueDart,2026-02-06,2026-02-12,2026-02-14,In Transit,1053.95
D203126,O106229,W110,BlueDart,2026-01-29,2026-02-01,2026-02-04,Delivered,822.16
D203127,O106647,W108,Delhivery,2026-01-18,2026-01-24,2026-01-25,Delayed,161.52
D203128,O100808,W101,EcomExpress,2026-08-19,2026-08-24,2026-08-29,Delivered,646.44
D203129,O102198,W112,Delhivery,2026-04-18,2026-04-20,2026-04-19,Delivered,770.91
D203130,O109913,W108,FedEx,2026-06-13,2026-06-20,2026-06-26,Delayed,1435.09
D203131,O103267,W108,EcomExpress,2026-05-12,2026-05-15,2026-05-21,Delayed,980.89
D203132,O101946,W108,DHL,2026-07-20,2026-07-26,2026-07-28,Delivered,974.62
D203133,O104727,W108,EcomExpress,2026-08-14,2026-08-21,2026-08-25,Delayed,1366.96
D203134,O108001,W116,DHL,2026-04-29,2026-05-03,2026-05-08,Delivered,80.05
D203135,O103367,W112,BlueDart,2026-06-08,2026-06-13,2026-06-11,In Transit,622.5
D203136,O108082,W108,DELHIVERY,2026-09-12,2026-09-18,2026-09-21,Delayed,727.7
D203137,O101266,W106,FedEx,2026-05-25,2026-05-30,2026-05-29,Delivered,969.06
D203138,O102808,W112,FEDEX,2026-05-05,2026-05-07,2026-05-06,Delivered,1393.29
D203139,O108654,W111,BlueDart,2026-07-25,2026-07-28,2026-07-26,Delivered,95.55
D203140,O101221,W115,BlueDart,2026-04-29,2026-05-04,2026-05-08,In Transit,113.33
D203141,O102319,W109,DHL,2026-01-17,2026-01-22,2026-01-27,In Transit,601.53
D203142,O102475,W100,FedEx,2026-05-22,2026-05-26,2026-05-30,Delivered,1007.34
D203143,O101774,W100,DHL,2026-02-23,2026-03-02,2026-03-02,Delivered,344.22
D203144,O104843,W112,DHL,2026-04-18,2026-04-24,2026-04-27,Delayed,871.91
D203145,O100922,W103,DHL,2026-02-24,2026-02-26,2026-02-28,In Transit,251.92
D203146,O105229,W107,FedEx,2026-06-12,2026-06-16,2026-06-16,In Transit,536.01
D203147,O109329,W117,FedEx,2026-07-13,2026-07-17,2026-07-23,Delivered,1484.5
D203148,O106973,W107,DHL,2026-09-12,2026-09-15,2026-09-21,Delivered,429.51
D203149,O106979,W117,DHL,2026-02-04,2026-02-06,2026-02-08,Delivered,1121.67
D203150,O105367,W114,Delhivery,2026-04-23,2026-04-28,2026-05-01,Delivered,1083.22
D203151,O108421,W109,BlueDart,2026-03-15,2026-03-17,2026-03-15,Delivered,602.19
D203152,O107012,W114,BlueDart,2026-02-25,2026-02-28,2026-02-26,Delivered,697.19
D203153,O109793,W103,Delhivery,2026-04-13,2026-04-15,2026-04-14,Delivered,-500.0
D203154,O102676,W110,FedEx,2026-01-07,2026-01-13,2026-01-19,Delivered,137.01
D203155,O101450,W106,FedEx,2026-06-29,2026-07-01,2026-07-06,Delayed,1138.59
D203156,O105979,W105,BlueDart,2026-05-31,2026-06-07,2026-06-10,Delivered,847.63
D203157,O103292,W108,,2026-03-06,2026-03-13,2026-03-16,Delivered,1385.64
D203158,O106185,W115,EcomExpress,2026-05-10,2026-05-13,2026-05-18,Delivered,789.5
D203159,O104881,W118,Delhivery,2026-03-31,2026-04-04,2026-04-06,Delayed,755.11
D203160,O106767,W105,FedEx,2026-07-03,2026-07-10,2026-07-08,Delivered,1337.57
D203161,O106419,W107,FedEx,2026-02-04,2026-02-09,2026-02-08,Delivered,671.55
D203162,O109734,W106,DHL,2026-02-23,2026-02-25,2026-03-02,Delivered,800.86
D203163,O104053,W107,Delhivery,2026-02-14,2026-02-20,2026-02-18,Delayed,1058.35
D203164,O106934,W106,EcomExpress,2026-01-22,2026-01-28,2026-01-31,In Transit,494.4
D203165,O109698,W102,DHL,2026-04-11,2026-04-14,2026-04-17,In Transit,1203.31
D203166,O102574,W105,BlueDart,2026-06-30,2026-07-03,2026-07-04,Delivered,1179.58
D203167,O108447,W103,FedEx,2026-06-03,2026-06-10,2026-06-12,Delivered,1247.62
D203168,O107618,W107,BlueDart,2026-01-08,2026-01-13,2026-01-16,Delivered,1465.6
D203169,O105932,W104,DHL,2026-05-31,2026-06-05,2026-06-07,Delivered,1323.49
D203170,O105241,W111,DHL,2026-03-27,2026-03-31,2026-03-30,Delivered,1008.92
D203171,O105647,W110,Delhivery,2026-05-25,2026-05-29,2026-06-01,In Transit,360.48
D203172,O101717,W106,FedEx,2026-02-02,2026-02-08,2026-02-09,Delivered,840.9
D203173,O109185,W117,DHL,2026-04-03,2026-04-09,2026-04-10,Delivered,299.17
D203174,O104917,W111,DHL,2026-06-10,2026-06-14,2026-06-17,Delivered,985.2
D203175,O101019,W113,FedEx,2026-08-18,2026-08-20,2026-08-25,Delivered,1182.24
D203176,O106328,W103,DHL,2026-01-19,2026-01-24,2026-01-25,Delayed,336.09
D203177,O103102,W107,FedEx,2026-04-27,2026-04-30,2026-05-02,In Transit,138.72
D203178,O105654,W100,EcomExpress,2026-03-13,2026-03-16,2026-03-17,Delivered,54.86
D203179,O104474,W114,DHL,2026-05-07,2026-05-14,2026-05-16,Delivered,1452.64
D203180,O105939,W113,FedEx,2026-08-18,2026-08-20,2026-08-23,Delivered,380.19
D203181,O108335,W109,FedEx,2026-08-03,2026-08-08,2026-08-13,Delivered,894.01
D203182,O106783,W105,BlueDart,2026-08-28,2026-08-30,2026-08-28,Delivered,445.81
D203183,O104116,W116,BlueDart,2026-07-19,2026-07-23,2026-07-21,Delivered,769.72
D203184,O101292,W119,,2026-08-09,2026-08-15,2026-08-16,Delivered,248.12
D203185,O105465,W114,DHL,2026-01-19,2026-01-25,2026-01-31,In Transit,732.62
D203186,O109541,W104,FedEx,2026-07-18,2026-07-21,2026-07-27,Delivered,1410.06
D203187,O105307,W105,DHL,2026-03-26,2026-03-31,2026-03-29,Delivered,1436.48
D203188,O104629,W103,EcomExpress,2026-06-13,2026-06-17,2026-06-22,Delivered,658.76
D203189,O101555,W105,EcomExpress,2026-02-06,2026-02-08,2026-02-14,Delivered,992.57
D203190,O107639,W103,EcomExpress,2026-04-14,2026-04-19,2026-04-23,Delivered,978.74
D203191,O104952,W102,DHL,2026-06-08,2026-06-11,2026-06-09,Delayed,975.17
D203192,O104905,W109,Delhivery,2026-01-09,2026-01-11,2026-01-11,Delivered,825.75
D203193,O100827,W106,DHL,2026-04-19,2026-04-24,2026-04-30,Delivered,679.56
D203194,O105330,W101,Delhivery,2026-08-29,2026-09-03,2026-09-06,Delivered,305.42
D203195,O108870,W101,BlueDart,2026-04-22,2026-04-27,2026-04-30,Delivered,883.3
D203196,O109991,W117,DHL,2026-08-25,2026-08-31,2026-09-04,Delayed,96.02
D203197,O104107,W111,FedEx,2026-05-27,2026-05-29,2026-06-01,In Transit,1397.3
D203198,O109499,W114,Delhivery,2026-05-29,2026-06-01,2026-06-02,Delivered,1412.96
D203199,O101502,W112,Delhivery,2026-04-10,2026-04-13,2026-04-11,Delayed,1439.32
D203200,O105348,W110,FedEx,2026-01-11,2026-01-18,2026-01-19,Delivered,145.55
D203201,O105882,W105,EcomExpress,2026-02-21,2026-02-28,2026-02-26,In Transit,602.0
D203202,O104917,W105,BlueDart,2026-04-11,2026-04-13,2026-04-14,Delivered,1072.52
D203203,O103653,W119,FedEx,2026-07-28,2026-08-02,2026-08-06,Delivered,390.5
D203204,O105932,W107,DHL,2026-05-03,2026-05-05,2026-05-06,Delivered,1224.15
D203205,O103383,W100,Delhivery,2026-03-24,2026-03-28,2026-03-30,Delayed,392.82
D203206,O105367,W109,FedEx,2026-04-15,2026-04-22,2026-04-26,Delayed,104.77
D203207,O102710,W116,EcomExpress,2026-08-18,2026-08-24,2026-08-24,Delivered,510.82
D203208,O107003,W112,FedEx,2026-01-05,2026-01-12,2026-01-14,Delivered,641.83
D203209,O105145,W115,EcomExpress,2026-04-03,2026-04-07,2026-04-07,Delivered,416.56
D203210,O104163,W113,,2026-07-17,2026-07-23,2026-07-29,Delivered,821.02
D203211,O106375,W116,FedEx,2026-07-15,2026-07-17,2026-07-22,Delivered,728.89
D203212,O103177,W118,BlueDart,2026-05-05,2026-05-12,2026-05-18,Delayed,1496.86
D203213,O104518,W113,Delhivery,2026-03-27,2026-04-02,2026-04-03,Delivered,1366.42
D203214,O104391,W114,BlueDart,2026-01-03,2026-01-09,2026-01-15,Delivered,1320.33
D203215,O109844,W103,DHL,2026-08-30,2026-09-02,2026-09-03,In Transit,168.07
D203216,O101254,W106,EcomExpress,2026-03-04,2026-03-09,2026-03-09,Delivered,508.22
D203217,O107587,W109,BlueDart,2026-06-28,2026-07-05,2026-07-04,Delayed,657.09
D203218,O106037,W112,FedEx,2026-06-08,2026-06-14,2026-06-18,Delivered,1055.31
D203219,O105958,W118,EcomExpress,2026-02-10,2026-02-14,2026-02-14,Delayed,1434.31
D203220,O107198,W102, ,2026-06-16,2026-06-19,2026-06-20,Delivered,1324.43
D203221,O106916,W100,BlueDart,2026-03-02,2026-03-09,2026-03-14,Delivered,681.67
D203222,O103924,W116,Delhivery,2026-04-24,2026-04-30,2026-05-02,Delivered,64.19
D203223,O100469,W100,EcomExpress,2026-04-25,2026-04-30,2026-05-06,Delivered,1059.5
D203224,O106942,W111,BlueDart,2026-02-23,2026-02-27,2026-03-04,Delivered,1178.22
D203225,O103233,W116,EcomExpress,2026-02-09,2026-02-13,2026-02-14,Delivered,1357.57
D203226,O102843,W114,EcomExpress,2026-08-29,2026-09-04,2026-09-08,In Transit,142.64
D203227,O107364,W107,EcomExpress,2026-08-01,2026-08-04,2026-08-10,In Transit,1182.78
D203228,O102797,W110,Delhivery,2026-01-29,2026-02-03,2026-02-04,Delivered,450.73
D203229,O105950,W106,Delhivery,2026-06-24,2026-06-29,2026-06-28,Delivered,1353.09
D203230,O109764,W111,Delhivery,2026-08-13,2026-08-19,2026-08-18,Delivered,841.6
D203231,O104375,W119,Delhivery,2026-08-18,2026-08-22,2026-08-23,Delayed,397.53
D203232,O100699,W100,DHL,2026-07-27,2026-08-02,2026-08-07,Delivered,1443.45
D203233,O109991,W106,DHL,2026-08-20,2026-08-23,2026-08-26,Delayed,1467.37
D203234,O101861,W108,EcomExpress,2026-09-10,2026-09-17,2026-09-18,Delayed,1391.19
D203235,O107982,W114,FedEx,2026-02-06,2026-02-13,2026-02-14,Delivered,774.53
D203236,O101293,W113,DHL,2026-03-11,2026-03-18,2026-03-19,Delayed,166.22
D203237,O102423,W114,BlueDart,2026-03-11,2026-03-18,2026-03-23,Delivered,1048.76
D203238,O105883,W101,FedEx,2026-01-18,2026-01-20,2026-01-23,Delivered,1333.28
D203239,O103981,W114,FedEx,2026-04-27,2026-04-29,2026-05-02,Delivered,1158.19
D203240,O102974,W108,FedEx,2026-01-31,2026-02-04,2026-02-02,Delivered,996.85
D203241,O105009,W103,EcomExpress,2026-03-21,2026-03-26,2026-03-27,Delivered,877.01
D203242,O100315,W114,BlueDart,2026-08-16,2026-08-20,2026-08-20,Delivered,1438.6
D203243,O100307,W112,DHL,2026-06-13,2026-06-19,2026-06-19,Delivered,1464.95
D203244,O102807,W111,EcomExpress,2026-08-13,2026-08-16,2026-08-17,Delivered,987.03
D203245,O107959,W101,BlueDart,2026-05-19,2026-05-24,2026-05-22,Delayed,437.27
D203246,O108100,W108,BlueDart,2026-01-18,2026-01-25,2026-01-24,Delivered,677.03
D203247,O107634,W108,Delhivery,2026-07-03,2026-07-06,2026-07-12,Delayed,331.53
D203248,O104733,W107,BlueDart,2026-09-15,2026-09-17,2026-09-18,In Transit,352.04
D203249,O103560,W103,EcomExpress,2026-04-06,2026-04-10,2026-04-10,In Transit,356.93
D203250,O103159,W109,DHL,2026-05-02,2026-05-06,2026-05-11,Delivered,62.08
D203251,O109375,W100,FedEx,2026-01-07,2026-01-12,2026-01-12,Delayed,55.42
D203252,O104240,W119,EcomExpress,2026-04-18,2026-04-22,2026-04-23,Delivered,1212.03
D203253,O101375,W118,BlueDart,2026-08-02,2026-08-04,2026-08-07,Delivered,717.99
D203254,O103163,W112,EcomExpress,2026-01-07,2026-01-14,2026-01-16,Delivered,92.93
D203255,O102513,W116,,2026-07-13,2026-07-18,2026-07-24,Delivered,1253.81
D203256,O109095,W104,FedEx,2026-08-13,2026-08-16,2026-08-19,Delivered,716.03
D203257,O101112,W119,DHL,2026-09-08,2026-09-12,2026-09-12,In Transit,610.1
D203258,O100352,W114,Delhivery,2026-09-04,2026-09-11,2026-09-16,Delivered,91.64
D203259,O104627,W115,Delhivery,2026-02-26,2026-03-05,2026-03-07,Delivered,559.85
D203260,O101931,W101,Delhivery,2026-03-28,2026-04-01,2026-03-30,Delivered,73.02
D203261,O105995,W113,FedEx,2026-05-17,2026-05-21,2026-05-24,Delivered,258.04
D203262,O109761,W109,BlueDart,2026-08-30,2026-09-06,2026-09-09,Delivered,780.57
D203263,O108819,W118,FedEx,2026-03-31,2026-04-04,2026-04-10,Delivered,670.02
D203264,O103467,W104,FedEx,2026-07-13,2026-07-15,2026-07-17,Delivered,150.43
D203265,O107783,W106,EcomExpress,2026-06-15,2026-06-22,2026-06-22,Delayed,109.63
D203266,O105326,W111,FedEx,2026-06-24,2026-06-27,2026-06-26,Delivered,987.14
D203267,O105542,W105,EcomExpress,2026-08-27,2026-08-30,2026-08-28,Delivered,320.21
D203268,O103316,W118,EcomExpress,2026-02-02,2026-02-08,2026-02-06,Delayed,1405.86
D203269,O106756,W106,Delhivery,2026-04-07,2026-04-09,2026-04-09,Delivered,890.71
D203270,O109563,W109,BlueDart,2026-07-27,2026-08-01,2026-08-02,Delayed,264.3
D203271,O102203,W115,Delhivery,2026-05-25,2026-05-27,2026-05-25,Delivered,1119.85
D203272,O107712,W116,BlueDart,2026-08-01,2026-08-08,2026-08-06,Delivered,1177.04
D203273,O107258,W109,Delhivery,2026-09-02,2026-09-04,2026-09-03,Delivered,952.57
D203274,O104523,W118,FedEx,2026-05-13,2026-05-15,2026-05-20,Delivered,1096.63
D203275,O104118,W114,DHL,2026-07-06,2026-07-10,2026-07-14,Delivered,1431.35
D203276,O109651,W111,Delhivery,2026-02-18,2026-02-20,2026-02-22,Delivered,331.55
D203277,O101716,W116,DHL,2026-06-08,2026-06-15,2026-06-20,Delivered,1206.25
D203278,O108672,W100,BlueDart,2026-06-11,2026-06-15,2026-06-13,Lost,654.11
D203279,O108008,W118,Delhivery,2026-04-28,2026-04-30,2026-04-29,Delivered,698.38
D203280,O104889,W107,BlueDart,2026-08-20,2026-08-22,2026-08-27,Delivered,955.35
D203281,O103894,W103,Delhivery,2026-07-02,2026-07-07,2026-07-10,In Transit,649.75
D203282,O104463,W111,DHL,2026-04-01,2026-04-07,2026-04-12,Delayed,121.79
D203283,O102209,W100,Delhivery,2026-07-01,2026-07-08,2026-07-14,Delivered,188.43
D203284,O104502,W107,Delhivery,2026-08-16,2026-08-23,2026-08-27,Delayed,1122.64
D203285,O102281,W106,EcomExpress,2026-06-03,2026-06-07,2026-06-13,Delivered,331.71
D203286,O106368,W102,FedEx,2026-06-02,2026-06-09,2026-06-11,Delivered,558.64
D203287,O109173,W109,Delhivery,2026-03-16,2026-03-19,2026-03-18,Delivered,244.63
D203288,O106289,W100,EcomExpress,2026-06-15,2026-06-22,2026-06-27,Delivered,738.95
D203289,O106896,W101,FedEx,2026-03-13,2026-03-16,2026-03-16,Delivered,264.75
D203290,O105379,W104,DHL,2026-08-03,2026-08-05,2026-08-10,Delayed,1429.49
D203291,O109729,W118,EcomExpress,2026-01-25,2026-01-31,2026-02-06,Delivered,1470.7
D203292,O101321,W110,EcomExpress,2026-02-27,2026-03-04,2026-03-04,Delayed,251.07
D203293,O104148,W111,Delhivery,2026-07-07,2026-07-09,2026-07-15,Delayed,962.71
D203294,O104946,W101,DHL,2026-02-23,2026-02-25,2026-02-23,Lost,1301.73
D203295,O103669,W119,FedEx,2026-02-22,2026-02-26,2026-02-24,Delivered,721.52
D203296,O108141,W105,DHL,2026-02-27,2026-03-06,2026-03-06,Delivered,71.11
D203297,O101960,W116,DHL,2026-06-11,2026-06-13,2026-06-16,Delivered,140.07
D203298,O105554,W111,BlueDart,2026-08-10,2026-08-15,2026-08-13,Delivered,997.07
D203299,O105973,W114,DHL,2026-09-01,2026-09-07,2026-09-13,Delivered,1003.56
D203300,O103862,W111,FedEx,2026-05-08,2026-05-11,2026-05-11,Delivered,989.89
D203301,O104416,W112,Delhivery,2026-04-29,2026-05-01,2026-05-07,Delayed,824.72
D203302,O102912,W115,FedEx,2026-06-26,2026-07-01,2026-07-02,Delayed,1412.25
D203303,O104441,W104,FedEx,2026-02-08,2026-02-11,2026-02-16,Delayed,1035.77
D203304,O108410,W102,FedEx,2026-06-13,2026-06-18,2026-06-21,Delivered,56.03
D203305,O102482,W103,BlueDart,2026-08-24,2026-08-31,2026-09-02,In Transit,896.26
D203306,O103487,W100,DHL,2026-08-08,2026-08-13,2026-08-11,Delivered,1065.54
D203307,O101847,W101,FedEx,2026-05-27,2026-06-03,2026-06-04,Delivered,477.21
D203308,O102211,W114,EcomExpress,2026-08-04,2026-08-10,2026-08-14,Delivered,1137.34
D203309,O104665,W115,DHL,2026-09-11,2026-09-17,2026-09-17,Delivered,1108.05
D203310,O108745,W112,EcomExpress,2026-01-19,2026-01-22,2026-01-27,Delivered,391.11
D203311,O105407,W100,FedEx,2026-07-08,2026-07-12,2026-07-15,Delivered,1493.19
D203312,O104951,W111,Delhivery,2026-01-31,2026-02-03,2026-02-03,Lost,728.38
D203313,O109194,W106,BlueDart,2026-07-31,2026-08-02,2026-08-02,In Transit,611.6
D203314,O105466,W113,BlueDart,2026-01-05,2026-01-07,2026-01-13,Delivered,470.2
D203315,O105570,W119,EcomExpress,2026-04-14,2026-04-21,2026-04-23,Delayed,1143.95
D203316,O104319,W109,BlueDart,2026-04-18,2026-04-24,2026-04-27,Delivered,147.82
D203317,O105399,W113,FedEx,2026-02-04,2026-02-08,2026-02-10,Delayed,1401.5
D203318,O101990,W100,EcomExpress,2026-04-25,2026-04-29,2026-04-28,Delivered,588.61
D203319,O106495,W110,,2026-05-13,2026-05-19,2026-05-20,Delivered,1423.08
D203320,O105237,W109,FedEx,2026-08-11,2026-08-17,2026-08-17,Delivered,1029.5
D203321,O101992,W103,EcomExpress,2026-06-15,2026-06-19,2026-06-24,In Transit,882.5
D203322,O106472,W100,Delhivery,2026-01-31,2026-02-05,2026-02-09,In Transit,1320.8
D203323,O108869,W116,EcomExpress,2026-04-01,2026-04-06,2026-04-11,Delivered,1332.37
D203324,O104387,W116,FedEx,2026-09-06,2026-09-11,2026-09-13,Delayed,1047.74
D203325,O109180,W110,FedEx,2026-06-13,2026-06-16,2026-06-21,Delivered,362.51
D203326,O102694,W105,Delhivery,2026-08-08,2026-08-14,2026-08-19,Delivered,161.13
D203327,O109801,W114,EcomExpress,2026-01-27,2026-02-02,2026-02-02,Delivered,1051.74
D203328,O105635,W102,DHL,2026-05-08,2026-05-11,2026-05-11,Delivered,1032.48
D203329,O107769,W108,Delhivery,2026-06-03,2026-06-06,2026-06-09,Delivered,1313.76
D203330,O104926,W111,DHL,2026-06-26,2026-06-28,2026-06-27,Delivered,1023.99
D203331,O107576,W105,ECOMEXPRESS,2026-07-12,2026-07-17,2026-07-21,Delivered,131.14
D203332,O105836,W114,Delhivery,2026-04-14,2026-04-21,2026-04-24,Delayed,1102.79
D203333,O107349,W103,BlueDart,2026-05-04,2026-05-10,2026-05-09,Delivered,498.4
D203334,O102392,W116,EcomExpress,2026-04-16,2026-04-22,2026-04-23,In Transit,172.89
D203335,O109665,W111,EcomExpress,2026-03-19,2026-03-23,2026-03-27,Delivered,1465.52
D203336,O102458,W110,Delhivery,2026-05-06,2026-05-10,2026-05-14,Delivered,1448.94
D203337,O108769,W117,EcomExpress,2026-06-03,2026-06-05,2026-06-06,In Transit,1474.32
D203338,O108525,W114,EcomExpress,2026-07-04,2026-07-10,2026-07-14,In Transit,333.54
D203339,O107659,W107,FedEx,2026-03-12,2026-03-15,2026-03-16,Delivered,490.53
D203340,O103169,W113,FedEx,2026-05-23,2026-05-28,2026-05-29,Delivered,1478.17
D203341,O103349,W112,DHL,2026-06-14,2026-06-17,2026-06-20,Delivered,1004.82
D203342,O106242,W113,EcomExpress,2026-08-20,2026-08-27,2026-09-02,In Transit,588.35
D203343,O108145,W101,BlueDart,2026-01-28,2026-02-01,2026-01-31,Delivered,923.48
D203344,O105389,W110,EcomExpress,2026-06-23,2026-06-30,2026-07-01,Delivered,1313.15
D203345,O101836,W114,EcomExpress,2026-02-09,2026-02-16,2026-02-16,Delivered,1093.87
D203346,O105685,W102,BlueDart,2026-06-12,2026-06-15,2026-06-15,Delivered,484.64
D203347,O105958,W100,Delhivery,2026-06-22,2026-06-24,2026-06-25,Delivered,207.75
D203348,O108025,W112,Delhivery,2026-08-29,2026-08-31,2026-09-03,Lost,956.73
D203349,O102201,W100,FedEx,2026-03-10,2026-03-15,2026-03-18,Lost,90.6
D203350,O101833,W116,Delhivery,2026-07-26,2026-07-31,2026-07-30,Delivered,102.35
D203351,O109668,W115,EcomExpress,2026-04-09,2026-04-16,2026-04-18,In Transit,700.45
D203352,O101980,W100,BlueDart,2026-01-04,2026-01-08,2026-01-14,Delivered,1108.4
D203353,O101684,W111,EcomExpress,2026-04-14,2026-04-19,2026-04-20,Delivered,559.0
D203354,O102594,W117,DHL,2026-03-27,2026-03-30,2026-03-29,Delivered,63.71
D203355,O108873,W119,BlueDart,2026-05-18,2026-05-23,2026-05-26,Delivered,1465.85
D203356,O105823,W111,Delhivery,2026-03-16,2026-03-23,2026-03-26,Delayed,464.06
D203357,O107742,W103,FedEx,2026-08-26,2026-08-31,2026-09-06,Delivered,1260.01
D203358,O101137,W100,DHL,2026-02-15,2026-02-20,2026-02-22,Delivered,926.9
D203359,O109302,W101,EcomExpress,2026-07-13,2026-07-19,2026-07-24,Delivered,677.62
D203360,O104871,W104,EcomExpress,2026-02-26,2026-03-01,2026-03-01,Delivered,627.97
D203361,O102998,W118,EcomExpress,2026-07-19,2026-07-26,2026-07-30,Delayed,1181.51
D203362,O103261,W101,DHL,2026-03-24,2026-03-26,2026-03-24,Delivered,664.16
D203363,O105703,W119,DHL,2026-07-13,2026-07-20,2026-07-20,Delayed,964.59
D203364,O106557,W104,BlueDart,2026-08-25,2026-08-27,2026-08-31,Delivered,982.4
D203365,O109369,W117,EcomExpress,2026-05-09,2026-05-14,2026-05-13,Delivered,614.74
D203366,O106148,W111,FedEx,2026-09-04,2026-09-09,2026-09-12,Delivered,150.57
D203367,O109686,W116,Delhivery,2026-08-02,2026-08-05,2026-08-10,Delivered,172.71
D203368,O108346,W106,DHL,2026-04-03,2026-04-05,2026-04-11,In Transit,1292.0
D203369,O105296,W115,Delhivery,2026-04-21,2026-04-25,2026-05-01,Delayed,354.19
D203370,O102128,W103,BlueDart,2026-08-29,2026-09-03,2026-09-03,Delivered,1156.5
D203371,O104451,W100,FedEx,2026-01-13,2026-01-18,2026-01-16,In Transit,238.0
D203372,O109261,W102,DHL,2026-04-18,2026-04-24,2026-04-27,In Transit,1418.47
D203373,O103439,W114,BlueDart,2026-06-26,2026-07-02,2026-07-02,Delivered,206.53
D203374,O103504,W119,Delhivery,2026-05-23,2026-05-26,2026-05-27,In Transit,63.57
D203375,O102795,W112,BlueDart,2026-08-29,2026-09-02,2026-09-04,Delivered,1143.77
D203376,O108827,W100,FedEx,2026-08-16,2026-08-20,2026-08-18,Delayed,1331.79
D203377,O103724,W108,EcomExpress,2026-04-05,2026-04-09,2026-04-12,Delivered,621.76
D203378,O106253,W111,Delhivery,2026-07-31,2026-08-07,2026-08-08,Delivered,91.51
D203379,O109993,W115,EcomExpress,2026-02-19,2026-02-26,2026-03-04,Delivered,1296.23
D203380,O105217,W103,BlueDart,2026-04-07,2026-04-10,2026-04-09,Delivered,544.06
D203381,O101497,W112,FedEx,2026-03-04,2026-03-11,2026-03-12,Delivered,1432.32
D203382,O109349,W100,EcomExpress,2026-03-21,2026-03-24,2026-03-22,Delivered,1202.86
D203383,O100656,W102,EcomExpress,2026-04-02,2026-04-09,2026-04-12,Delayed,900.72
D203384,O102660,W117,FedEx,2026-05-24,2026-05-27,2026-05-26,Delivered,1070.04
D203385,O108554,W104,Delhivery,2026-02-16,2026-02-18,2026-02-24,Delivered,962.83
D203386,O109459,W100,BlueDart,2026-03-31,2026-04-05,2026-04-08,Delayed,1088.54
D203387,O108848,W114,EcomExpress,2026-04-25,2026-04-27,2026-04-29,Delivered,809.67
D203388,O101272,W103,BlueDart,2026-03-13,2026-03-18,2026-03-16,Delivered,906.24
D203389,O108631,W109,DHL,2026-01-01,2026-01-07,2026-01-05,Delivered,744.28
D203390,O108106,W109,DHL,2026-07-20,2026-07-25,2026-07-23,Delayed,595.38
D203391,O102172,W114,EcomExpress,2026-04-05,2026-04-10,2026-04-12,In Transit,93.97
D203392,O102970,W112,delhivery,2026-06-28,2026-07-03,2026-07-04,Delivered,205.57
D203393,O101222,W102,DHL,2026-05-04,2026-05-08,2026-05-07,Delivered,201.85
D203394,O105212,W109,Delhivery,2026-05-09,2026-05-16,2026-05-22,Delivered,746.32
D203395,O104615,W113,FedEx,2026-02-18,2026-02-20,2026-02-18,Delayed,1195.46
D203396,O102021,W119,DHL,2026-09-14,2026-09-16,2026-09-19,Delivered,1049.02
D203397,O103143,W103,Delhivery,2026-07-04,2026-07-06,2026-07-09,Delivered,350.08
D203398,O109545,W113,DHL,2026-05-21,2026-05-26,2026-05-24,Delivered,1152.65
D203399,O104417,W103,EcomExpress,2026-06-24,2026-06-26,2026-06-26,Delivered,1328.38
D203400,O105890,W116,BlueDart,2026-07-08,2026-07-13,2026-07-19,Delivered,608.51
D203401,O109372,W116,EcomExpress,2026-05-23,2026-05-29,2026-05-29,In Transit,958.76
D203402,O102717,W117,Delhivery,2026-02-02,2026-02-06,2026-02-05,Delivered,877.31
D203403,O107602,W108,DHL,2026-03-26,2026-03-28,2026-03-27,Delayed,1385.39
D203404,O106546,W119,FedEx,2026-06-12,2026-06-17,2026-06-18,Delivered,1236.56
D203405,O102706,W116,FedEx,2026-05-03,2026-05-10,2026-05-15,Delivered,207.82
D203406,O104542,W117,BlueDart,2026-02-13,2026-02-17,2026-02-22,In Transit,1498.28
D203407,O106125,W109,EcomExpress,2026-05-14,2026-05-18,2026-05-22,Delivered,1361.56
D203408,O100286,W109,Delhivery,2026-01-02,2026-01-05,2026-01-10,Delivered,169.88
D203409,O108827,W116,FedEx,2026-01-27,2026-01-31,2026-01-31,In Transit,1456.67
D203410,O108002,W102,EcomExpress,2026-04-29,2026-05-05,2026-05-04,Delivered,116.22
D203411,O108319,W112,EcomExpress,2026-06-27,2026-07-01,2026-07-07,Delivered,1202.74
D203412,O106186,W110,FedEx,2026-07-25,2026-07-28,2026-08-01,Delivered,946.72
D203413,O102300,W113,FedEx,2026-04-26,2026-04-29,2026-04-27,Delivered,699.2
D203414,O100425,W112,FedEx,2026-01-15,2026-01-17,2026-01-18,Delivered,226.79
D203415,O104914,W112,EcomExpress,2026-04-14,2026-04-16,2026-04-15,Delayed,661.89
D203416,O109043,W100,EcomExpress,2026-03-23,2026-03-29,2026-03-30,Delivered,501.8
D203417,O108537,W117,BlueDart,2026-03-19,2026-03-26,2026-03-29,Delivered,1380.27
D203418,O106821,W110,DHL,2026-08-09,2026-08-12,2026-08-11,Delivered,752.1
D203419,O108245,W112,DHL,2026-09-01,2026-09-08,2026-09-14,In Transit,580.55
D203420,O109135,W101,EcomExpress,2026-04-08,2026-04-14,2026-04-18,Delivered,752.84
D203421,O102615,W115,Delhivery,2026-06-17,2026-06-20,2026-06-19,Delivered,927.28
D203422,O102081,W102,DHL,2026-06-05,2026-06-09,2026-06-07,Delivered,1169.09
D203423,O108344,W106,Delhivery,2026-01-05,2026-01-07,2026-01-08,In Transit,443.67
D203424,O103995,W113,EcomExpress,2026-06-07,2026-06-12,2026-06-13,Delivered,453.89
D203425,O100379,W119,DHL,2026-08-17,2026-08-19,2026-08-19,Delayed,1383.25
D203426,O109553,W116,DHL,2026-07-14,2026-07-16,2026-07-15,Delivered,681.62
D203427,O100181,W110,DHL,2026-07-04,2026-07-06,2026-07-09,Delivered,674.62
D203428,O100213,W119,EcomExpress,2026-08-15,2026-08-21,2026-08-27,Delivered,1178.3
D203429,O104479,W107,BlueDart,2026-02-21,2026-02-26,2026-03-02,Delivered,397.27
D203430,O105929,W103,EcomExpress,2026-08-07,2026-08-14,2026-08-15,Delayed,312.69
D203431,O104632,W112,EcomExpress,2026-09-15,2026-09-22,2026-09-28,Delivered,1238.48
D203432,O101705,W105,EcomExpress,2026-08-12,2026-08-18,2026-08-24,Delivered,656.06
D203433,O101244,W102,EcomExpress,2026-03-13,2026-03-17,2026-03-22,Delayed,898.05
D203434,O109407,W116,Delhivery,2026-02-17,2026-02-23,2026-02-28,Delivered,157.46
D203435,O101147,W108,BlueDart,2026-04-10,2026-04-15,2026-04-20,Delivered,759.58
D203436,O108191,W118,FedEx,2026-03-17,2026-03-22,2026-03-26,Delayed,514.79
D203437,O108219,W108,,2026-07-07,2026-07-11,2026-07-12,Delayed,755.5
D203438,O103066,W101,,2026-01-31,2026-02-04,2026-02-08,Delivered,994.9
D203439,O102880,W119,Delhivery,2026-08-02,2026-08-04,2026-08-09,Delivered,320.63
D203440,O101071,W112,Delhivery,2026-03-30,2026-04-02,2026-04-02,Delivered,721.97
D203441,O104372,W116,DHL,2026-07-28,2026-07-31,2026-08-02,Delivered,-500.0
D203442,O102177,W117,DHL,2026-06-10,2026-06-15,2026-06-19,Delivered,525.44
D203443,O102444,W117,BlueDart,2026-07-17,2026-07-20,2026-07-19,Delivered,259.25
D203444,O104221,W101,DHL,2026-05-30,2026-06-04,2026-06-08,Delivered,746.31
D203445,O103641,W110,BlueDart,2026-04-18,2026-04-21,2026-04-27,Delivered,153.22
D203446,O108513,W117,FedEx,2026-06-02,2026-06-09,2026-06-08,Delayed,243.41
D203447,O104860,W116,BlueDart,2026-08-13,2026-08-20,2026-08-24,Delivered,333.67
D203448,O103984,W119,FedEx,2026-07-17,2026-07-19,2026-07-23,In Transit,1369.24
D203449,O105573,W106,BlueDart,2026-01-26,2026-02-01,2026-01-31,Delivered,1015.35
D203450,O100961,W108,DHL,2026-03-31,2026-04-04,2026-04-04,Delayed,165.57
D203451,O100890,W118,DHL,2026-04-18,2026-04-22,2026-04-28,Delivered,440.61
D203452,O107216,W119,Delhivery,2026-01-11,2026-01-18,2026-01-20,Delivered,1454.84
D203453,O100696,W107,DHL,2026-03-29,2026-04-04,2026-04-06,In Transit,1359.26
D203454,O109943,W101,BlueDart,2026-07-05,2026-07-10,2026-07-12,Delivered,69.84
D203455,O100543,W110,DHL,2026-08-13,2026-08-17,2026-08-16,Delivered,479.98
D203456,O108308,W100, EcomExpress ,2026-04-01,2026-04-08,2026-04-06,Delivered,1079.98
D203457,O109678,W100,DHL,2026-05-29,2026-05-31,2026-06-04,In Transit,729.79
D203458,O103184,W109,FedEx,2026-07-22,2026-07-25,2026-07-30,In Transit,1106.54
D203459,O104211,W101,FedEx,2026-08-28,2026-09-02,2026-08-31,Delivered,1452.48
D203460,O109329,W111,Delhivery,2026-04-20,2026-04-22,2026-04-26,Delayed,347.16
D203461,O105541,W109,BlueDart,2026-07-21,2026-07-25,2026-07-23,Delayed,416.97
D203462,O108611,W100,FedEx,2026-04-18,2026-04-22,2026-04-22,In Transit,1324.39
D203463,O107823,W108,FedEx,2026-02-09,2026-02-16,2026-02-20,Delayed,52.43
D203464,O103395,W112,Delhivery,2026-07-23,2026-07-30,2026-08-01,Delayed,701.45
D203465,O108937,W103,Delhivery,2026-04-14,2026-04-16,2026-04-15,Delivered,490.55
D203466,O100352,W115,DHL,2026-05-05,2026-05-11,2026-05-09,Delivered,1300.94
D203467,O106359,W114,FedEx,2026-01-09,2026-01-15,2026-01-18,Delivered,647.1
D203468,O107209,W117,Delhivery,2026-05-31,2026-06-06,2026-06-04,Delayed,750.57
D203469,O100765,W105,FedEx,2026-07-18,2026-07-23,2026-07-23,Delivered,1066.84
D203470,O107645,W114,FedEx,2026-01-22,2026-01-25,2026-01-27,Delivered,670.08
D203471,O100214,W108,Delhivery,2026-02-22,2026-02-24,2026-02-25,Delayed,485.9
D203472,O104475,W117,BlueDart,2026-08-29,2026-09-01,2026-09-06,In Transit,571.76
D203473,O100164,W103,BlueDart,2026-03-22,2026-03-29,2026-03-27,Delayed,1308.51
D203474,O104433,W105,EcomExpress,2026-07-21,2026-07-23,2026-07-24,Delivered,573.05
D203475,O100083,W117,BlueDart,2026-03-19,2026-03-23,2026-03-27,In Transit,1336.33
D203476,O103812,W107,FedEx,2026-01-08,2026-01-12,2026-01-17,Delivered,322.61
D203477,O106339,W101,FedEx,2026-05-01,2026-05-08,2026-05-09,Delivered,1475.55
D203478,O106859,W107,FedEx,2026-04-17,2026-04-24,2026-04-30,Delivered,1335.21
D203479,O105298,W113,BlueDart,2026-07-27,2026-07-30,2026-08-03,Delayed,1311.47
D203480,O100780,W113,EcomExpress,2026-06-09,2026-06-13,2026-06-18,In Transit,1023.36
D203481,O107219,W110,DHL,2026-01-26,2026-01-29,2026-01-29,In Transit,872.33
D203482,O103771,W119,FedEx,2026-05-26,2026-06-01,2026-06-06,Delivered,95.04
D203483,O102822,W112,EcomExpress,2026-09-13,2026-09-16,2026-09-22,Delivered,570.14
D203484,O103469,W104,,2026-05-25,2026-05-30,2026-05-28,Delivered,103.42
D203485,O103846,W101,BlueDart,2026-02-11,2026-02-15,2026-02-17,Delivered,651.91
D203486,O107215,W104,DHL,2026-02-16,2026-02-19,2026-02-22,Delivered,304.07
D203487,O107592,W112, Delhivery ,2026-08-10,2026-08-17,2026-08-20,Delivered,266.77
D203488,O100328,W119,EcomExpress,2026-05-03,2026-05-08,2026-05-08,Delivered,1219.59
D203489,O105122,W115,Delhivery,2026-05-11,2026-05-15,2026-05-19,Delivered,522.43
D203490,O109701,W105,,2026-04-24,2026-04-29,2026-04-28,Delayed,658.6
D203491,O103914,W119,FedEx,2026-01-18,2026-01-25,2026-01-23,Delivered,1427.49
D203492,O104813,W111,FedEx,2026-04-28,2026-04-30,2026-05-03,Delivered,320.23
D203493,O106409,W112,BlueDart,2026-02-18,2026-02-25,2026-02-27,Delivered,835.68
D203494,O107705,W101,DHL,2026-02-01,2026-02-05,2026-02-04,Delivered,1461.69
D203495,O100231,W103,Delhivery,2026-02-20,2026-02-27,2026-03-02,Delivered,1492.03
D203496,O104015,W116,EcomExpress,2026-07-18,2026-07-23,2026-07-28,Delivered,147.73
D203497,O104228,W115,Delhivery,2026-07-30,2026-08-04,2026-08-05,In Transit,258.63
D203498,O100358,W108,Delhivery,2026-05-01,2026-05-07,2026-05-08,Delivered,1401.95
D203499,O107525,W116,BlueDart,2026-07-12,2026-07-14,2026-07-12,Delivered,1339.41
D203500,O109499,W109,FedEx,2026-08-09,2026-08-11,2026-08-12,Delivered,383.09
D203501,O107371,W105,FedEx,2026-04-02,2026-04-04,2026-04-05,Delayed,1229.77
D203502,O100842,W112,BlueDart,2026-03-15,2026-03-20,2026-03-24,Delivered,983.38
D203503,O102136,W104,FedEx,2026-05-21,2026-05-27,2026-05-28,Delivered,575.82
D203504,O107915,W102, Delhivery ,2026-07-05,2026-07-10,2026-07-08,Delivered,274.29
D203505,O107644,W116,FedEx,2026-06-12,2026-06-19,2026-06-25,Delivered,557.38
D203506,O102120,W108,BlueDart,2026-06-06,2026-06-11,2026-06-12,Delayed,899.94
D203507,O105879,W104,BlueDart,2026-02-07,2026-02-11,2026-02-14,Delivered,531.13
D203508,O107957,W119,Delhivery,2026-05-29,2026-05-31,2026-06-02,Delivered,1162.72
D203509,O105899,W103,FedEx,2026-01-02,2026-01-09,2026-01-08,Delivered,731.27
D203510,O108298,W108,Delhivery,2026-06-19,2026-06-26,2026-06-30,Delivered,397.93
D203511,O100195,W106,EcomExpress,2026-08-21,2026-08-24,2026-08-30,Delivered,1351.67
D203512,O103480,W110,BlueDart,2026-07-13,2026-07-18,2026-07-23,Delayed,545.89
D203513,O106067,W112, ,2026-03-19,2026-03-23,2026-03-29,Delivered,61.17
D203514,O107291,W116,DHL,2026-03-25,2026-03-30,2026-04-01,Delivered,1201.51
D203515,O103396,W109,BlueDart,2026-06-30,2026-07-07,2026-07-08,Delayed,232.58
D203516,O100579,W116,dhl,2026-02-08,2026-02-15,2026-02-16,Delayed,1409.61
D203517,O103164,W105,Delhivery,2026-02-23,2026-03-01,2026-02-28,In Transit,120.08
D203518,O103346,W117,EcomExpress,2026-01-01,2026-01-05,2026-01-05,In Transit,631.89
D203519,O104705,W107,FedEx,2026-06-09,2026-06-11,2026-06-13,Delayed,1013.88
D203520,O101400,W103,EcomExpress,2026-08-07,2026-08-09,2026-08-15,Delayed,188.18
D203521,O103367,W100,DHL,2026-02-10,2026-02-15,2026-02-20,Delivered,1294.31
D203522,O105119,W113,DHL,2026-01-19,2026-01-26,2026-01-29,Delayed,1264.93
D203523,O101257,W116,FedEx,2026-07-15,2026-07-20,2026-07-26,Delivered,1291.85
D203524,O105788,W112,DHL,2026-08-01,2026-08-06,2026-08-04,Delivered,474.91
D203525,O104625,W103,FedEx,2026-01-23,2026-01-30,2026-01-31,Delayed,167.29
D203526,O105069,W116,DHL,2026-01-31,2026-02-07,2026-02-06,Delivered,1222.87
D203527,O104811,W117,FedEx,2026-04-04,2026-04-07,2026-04-05,Delivered,1326.99
D203528,O101927,W113,Delhivery,2026-07-19,2026-07-21,2026-07-25,Delayed,522.99
D203529,O101102,W118,FedEx,2026-01-04,2026-01-11,2026-01-13,Delivered,887.58
D203530,O105046,W105,bluedart,2026-06-01,2026-06-08,2026-06-12,Delivered,1164.07
D203531,O102615,W109,EcomExpress,2026-08-03,2026-08-10,2026-08-12,Delivered,1147.03
D203532,O103731,W110,EcomExpress,2026-01-10,2026-01-13,2026-01-17,Delivered,289.64
D203533,O100202,W116,BlueDart,2026-02-23,2026-03-02,2026-03-08,Delivered,684.45
D203534,O105306,W116,Delhivery,2026-08-15,2026-08-20,2026-08-24,Delayed,73.08
D203535,O103809,W111,Delhivery,2026-05-15,2026-05-18,2026-05-21,In Transit,919.66
D203536,O108349,W101,DHL,2026-06-21,2026-06-26,2026-07-01,Delivered,282.28
D203537,O105411,W104,Delhivery,2026-04-13,2026-04-20,2026-04-19,Delivered,1395.46
D203538,O109057,W110,DHL,2026-02-24,2026-02-28,2026-03-06,Delivered,459.34
D203539,O101698,W101,DHL,2026-07-14,2026-07-18,2026-07-22,Lost,730.06
D203540,O108340,W105,FedEx,2026-03-10,2026-03-17,2026-03-15,Delayed,420.45
D203541,O100470,W107,DHL,2026-06-09,2026-06-16,2026-06-22,Delivered,794.64
D203542,O106954,W114,Delhivery,2026-05-23,2026-05-26,2026-05-25,Delivered,531.15
D203543,O103768,W116, ,2026-02-07,2026-02-12,2026-02-10,Delivered,941.78
D203544,O107622,W106,DHL,2026-01-13,2026-01-17,2026-01-17,Delayed,1334.69
D203545,O102852,W105,FedEx,2026-08-02,2026-08-06,2026-08-11,Delayed,1225.49
D203546,O105897,W102,BlueDart,2026-07-19,2026-07-22,2026-07-25,Delivered,553.62
D203547,O100576,W103,DHL,2026-09-09,2026-09-12,2026-09-15,Delayed,280.1
D203548,O101442,W105,FedEx,2026-05-28,2026-05-30,2026-06-05,Delivered,892.12
D203549,O101903,W116,EcomExpress,2026-06-13,2026-06-16,2026-06-22,Delivered,129.08
D203550,O102199,W117,Delhivery,2026-08-29,2026-09-04,2026-09-05,Delivered,917.74
D203551,O107822,W100,BlueDart,2026-04-24,2026-04-26,2026-05-02,Delivered,722.25
D203552,O105380,W103,BlueDart,2026-03-17,2026-03-19,2026-03-19,Delayed,579.82
D203553,O107067,W107, ,2026-02-08,2026-02-14,2026-02-14,Delayed,286.29
D203554,O107225,W108,EcomExpress,2026-08-09,2026-08-14,2026-08-16,Delivered,1146.11
D203555,O100984,W109,Delhivery,2026-06-28,2026-07-05,2026-07-05,Delivered,1451.61
D203556,O100640,W112,BlueDart,2026-01-29,2026-02-05,2026-02-07,Delivered,288.9
D203557,O105778,W100,Delhivery,2026-04-01,2026-04-04,2026-04-08,Delivered,592.42
D203558,O104337,W119,Delhivery,2026-05-21,2026-05-27,2026-06-02,Delivered,378.81
D203559,O100625,W110,EcomExpress,2026-03-20,2026-03-24,2026-03-27,In Transit,1496.02
D203560,O104784,W118,EcomExpress,2026-04-19,2026-04-22,2026-04-23,Delivered,1456.23
D203561,O102689,W101,EcomExpress,2026-04-10,2026-04-12,2026-04-11,Delivered,304.48
D203562,O103254,W110,EcomExpress,2026-06-27,2026-06-29,2026-06-30,Delivered,432.27
D203563,O109139,W116,,2026-05-17,2026-05-22,2026-05-20,Delayed,229.06
D203564,O107380,W104,DHL,2026-05-11,2026-05-13,2026-05-12,Delivered,962.53
D203565,O107621,W109,DHL,2026-01-08,2026-01-15,2026-01-21,Delayed,645.38
D203566,O102829,W108,FedEx,2026-08-24,2026-08-29,2026-09-03,Delayed,1398.81
D203567,O104755,W116,Delhivery,2026-02-09,2026-02-16,2026-02-15,Delivered,527.16
D203568,O105198,W115,FedEx,2026-02-04,2026-02-06,2026-02-05,Delayed,738.09
D203569,O101489,W109,Delhivery,2026-01-08,2026-01-12,2026-01-16,Delivered,1158.49
D203570,O101308,W101,Delhivery,2026-08-26,2026-08-28,2026-08-27,Delivered,454.4
D203571,O109832,W114,BlueDart,2026-03-29,2026-04-04,2026-04-04,Delayed,164.36
D203572,O102920,W103,Delhivery,2026-07-11,2026-07-14,2026-07-13,Delivered,786.5
D203573,O107225,W100,EcomExpress,2026-01-13,2026-01-20,2026-01-23,Delivered,818.47
D203574,O108831,W108,EcomExpress,2026-03-28,2026-03-30,2026-04-02,Delivered,1108.11
D203575,O102413,W116,BlueDart,2026-05-05,2026-05-07,2026-05-13,In Transit,884.75
D203576,O101690,W100,DHL,2026-01-14,2026-01-21,2026-01-19,Delivered,1161.75
D203577,O101078,W111,DHL,2026-06-27,2026-07-03,2026-07-04,In Transit,1361.91
D203578,O101435,W112,DHL,2026-01-16,2026-01-23,2026-01-21,Delivered,1109.76
D203579,O102719,W113,EcomExpress,2026-08-06,2026-08-12,2026-08-17,In Transit,1223.16
D203580,O100773,W112,BlueDart,2026-08-11,2026-08-13,2026-08-11,Delivered,327.21
D203581,O108128,W100,DHL,2026-08-16,2026-08-19,2026-08-22,Delayed,310.14
D203582,O109907,W107,EcomExpress,2026-02-18,2026-02-23,2026-02-22,Delayed,615.14
D203583,O100276,W111,DHL,2026-05-10,2026-05-14,2026-05-12,Delivered,232.23
D203584,O102281,W109,BlueDart,2026-06-23,2026-06-29,2026-06-27,Delivered,816.47
D203585,O106733,W115,FedEx,2026-04-30,2026-05-03,2026-05-02,Lost,917.27
D203586,O106285,W105,EcomExpress,2026-04-24,2026-04-29,2026-05-05,Delivered,483.36
D203587,O105512,W116,FedEx,2026-04-12,2026-04-15,2026-04-20,Delivered,1492.89
D203588,O105677,W107,EcomExpress,2026-03-04,2026-03-11,2026-03-11,In Transit,1186.34
D203589,O104264,W111,BlueDart,2026-09-13,2026-09-20,2026-09-19,Delivered,1156.2
D203590,O100980,W118,Delhivery,2026-02-11,2026-02-17,2026-02-22,Delayed,982.34
D203591,O107681,W119,DHL,2026-05-11,2026-05-17,2026-05-20,Delivered,382.27
D203592,O104691,W112,BlueDart,2026-08-22,2026-08-29,2026-08-31,In Transit,341.25
D203593,O106899,W100,BlueDart,2026-06-12,2026-06-18,2026-06-21,Delivered,285.74
D203594,O100067,W113, ,2026-07-02,2026-07-05,2026-07-04,In Transit,1186.57
D203595,O102268,W103,BlueDart,2026-05-11,2026-05-18,2026-05-23,Delivered,568.33
D203596,O100387,W109,Delhivery,2026-02-03,2026-02-09,2026-02-15,Delivered,359.23
D203597,O104659,W111, FedEx ,2026-03-29,2026-04-05,2026-04-07,Delivered,1360.0
D203598,O104098,W117,BlueDart,2026-03-26,2026-04-02,2026-04-01,Delivered,1240.2
D203599,O103435,W103,BlueDart,2026-05-30,2026-06-05,2026-06-11,Delayed,86.7
D203600,O104897,W102,Delhivery,2026-04-02,2026-04-06,2026-04-12,In Transit,458.83
D203601,O101375,W101,EcomExpress,2026-03-22,2026-03-28,2026-03-30,Delivered,663.67
D203602,O105968,W103,FedEx,2026-01-03,2026-01-06,2026-01-09,Delayed,360.37
D203603,O107449,W103,Delhivery,2026-04-03,2026-04-09,2026-04-09,Delivered,725.84
D203604,O101427,W107,FedEx,2026-02-06,2026-02-12,2026-02-15,Delivered,838.95
D203605,O103307,W109,DHL,2026-07-02,2026-07-07,2026-07-10,Delivered,804.18
D203606,O100143,W100,Delhivery,2026-04-03,2026-04-07,2026-04-05,Delayed,762.01
D203607,O101649,W119,DHL,2026-01-25,2026-01-30,2026-01-28,Delivered,1281.92
D203608,O104894,W115,FedEx,2026-07-01,2026-07-04,2026-07-02,Delayed,60.05
D203609,O108665,W104,Delhivery,2026-03-13,2026-03-18,2026-03-19,Delivered,106.95
D203610,O109695,W111,FedEx,2026-02-26,2026-02-28,2026-02-28,Delivered,1315.8
D203611,O105157,W112,BlueDart,2026-08-14,2026-08-21,2026-08-26,Delivered,1181.27
D203612,O104324,W105,EcomExpress,2026-07-20,2026-07-23,2026-07-23,Delivered,1119.84
D203613,O104757,W114,Delhivery,2026-01-02,2026-01-05,2026-01-09,Delivered,443.56
D203614,O106792,W102, EcomExpress ,2026-03-03,2026-03-06,2026-03-10,Delivered,189.2
D203615,O108728,W102,Delhivery,2026-03-22,2026-03-29,2026-03-31,Delivered,415.13
D203616,O101571,W109,FedEx,2026-08-02,2026-08-04,2026-08-05,Delivered,1384.97
D203617,O109676,W114,Delhivery,2026-08-09,2026-08-11,2026-08-14,Delivered,510.4
D203618,O106888,W118,EcomExpress,2026-03-27,2026-04-02,2026-04-02,Delivered,900.33
D203619,O103741,W101,DHL,2026-06-21,2026-06-26,2026-06-24,Delivered,837.09
D203620,O101060,W116,BlueDart,2026-01-24,2026-01-26,2026-01-25,Delivered,113.05
D203621,O109181,W110,EcomExpress,2026-06-17,2026-06-22,2026-06-20,Delivered,1188.6
D203622,O103048,W110,FedEx,2026-01-30,2026-02-04,2026-02-02,Delivered,575.58
D203623,O102922,W113,Delhivery,2026-09-02,2026-09-09,2026-09-13,Delayed,117.69
D203624,O108130,W109,DHL,2026-04-27,2026-04-29,2026-04-29,Delivered,356.02
D203625,O102797,W105,Delhivery,2026-03-11,2026-03-13,2026-03-16,Delivered,681.73
D203626,O102092,W104,DHL,2026-05-23,2026-05-28,2026-05-28,Delivered,1277.39
D203627,O106656,W107,Delhivery,2026-02-02,2026-02-07,2026-02-11,Delivered,565.19
D203628,O102890,W104,FedEx,2026-04-29,2026-05-06,2026-05-10,Delayed,948.37
D203629,O105955,W100,FedEx,2026-06-01,2026-06-07,2026-06-07,Delivered,806.11
D203630,O101420,W100,EcomExpress,2026-05-03,2026-05-05,2026-05-08,Delivered,564.41
D203631,O100927,W116,EcomExpress,2026-01-28,2026-02-02,2026-02-01,Delivered,210.38
D203632,O104057,W101,Delhivery,2026-05-07,2026-05-09,2026-05-08,Delayed,1316.67
D203633,O101152,W113,DHL,2026-03-28,2026-03-30,2026-04-03,Delayed,1360.81
D203634,O103251,W119,Delhivery,2026-07-07,2026-07-11,2026-07-17,Delivered,321.01
D203635,O107715,W104,EcomExpress,2026-01-24,2026-01-28,2026-01-30,In Transit,159.37
D203636,O100756,W106,EcomExpress,2026-03-28,2026-04-03,2026-04-08,Delayed,1477.15
D203637,O103464,W111,Delhivery,2026-09-07,2026-09-11,2026-09-12,Delivered,784.92
D203638,O104479,W114,BlueDart,2026-05-09,2026-05-12,2026-05-10,Delivered,447.72
D203639,O105698,W114,EcomExpress,2026-07-23,2026-07-28,2026-07-29,Delivered,182.86
D203640,O107809,W117,Delhivery,2026-03-19,2026-03-25,2026-03-29,Delivered,957.59
D203641,O107519,W108,DHL,2026-05-03,2026-05-08,2026-05-14,Delivered,1015.68
D203642,O106776,W106,Delhivery,2026-04-28,2026-04-30,2026-05-03,Delayed,1302.79
D203643,O101339,W106,Delhivery,2026-05-25,2026-05-28,2026-05-29,Delivered,266.84
D203644,O103682,W112,BlueDart,2026-06-01,2026-06-07,2026-06-10,Delivered,1467.14
D203645,O108693,W113,DHL,2026-01-25,2026-01-31,2026-02-05,Delivered,1208.49
D203646,O101146,W100,FedEx,2026-04-29,2026-05-04,2026-05-02,Delayed,1413.63
D203647,O106506,W106,,2026-09-04,2026-09-08,2026-09-12,Delayed,260.35
D203648,O104227,W106,FedEx,2026-07-21,2026-07-23,2026-07-21,Delayed,1260.47
D203649,O108676,W108,EcomExpress,2026-07-01,2026-07-04,2026-07-02,Delayed,1020.32
D203650,O109704,W110,BlueDart,2026-05-12,2026-05-15,2026-05-16,Delivered,362.68
D203651,O105066,W111,DHL,2026-04-18,2026-04-20,2026-04-18,Delivered,1246.96
D203652,O104510,W119,Delhivery,2026-05-17,2026-05-21,2026-05-21,Delivered,1130.43
D203653,O102926,W105,EcomExpress,2026-03-21,2026-03-27,2026-03-25,Delivered,963.62
D203654,O100997,W117,,2026-07-02,2026-07-09,2026-07-07,Delayed,1480.63
D203655,O100586,W116,Delhivery,2026-01-10,2026-01-17,2026-01-15,Delivered,935.03
D203656,O100484,W115,BlueDart,2026-04-08,2026-04-12,2026-04-17,Delayed,925.83
D203657,O105947,W113,DHL,2026-04-26,2026-05-03,2026-05-03,Delivered,948.3
D203658,O108339,W104,DHL,2026-01-14,2026-01-20,2026-01-20,Lost,840.01
D203659,O102111,W113,Delhivery,2026-07-30,2026-08-01,2026-08-01,Delivered,1435.93
D203660,O109919,W119,DHL,2026-05-11,2026-05-18,2026-05-18,Delivered,1352.66
D203661,O102456,W104,DHL,2026-02-19,2026-02-21,2026-02-20,In Transit,1088.37
D203662,O103934,W117,BlueDart,2026-05-28,2026-05-30,2026-05-30,Delivered,1252.21
D203663,O109679,W110,DHL,2026-07-30,2026-08-04,2026-08-06,Delivered,631.82
D203664,O105908,W118,Delhivery,2026-05-06,2026-05-12,2026-05-16,Delivered,1457.41
D203665,O103145,W103,EcomExpress,2026-03-07,2026-03-13,2026-03-18,Delayed,1039.3
D203666,O102272,W118,FedEx,2026-01-24,2026-01-27,2026-01-28,Delayed,1427.4
D203667,O109705,W111,FedEx,2026-06-13,2026-06-15,2026-06-14,Delivered,762.69
D203668,O102342,W106,,2026-01-11,2026-01-17,2026-01-23,Delivered,63.98
D203669,O105805,W103,FedEx,2026-06-20,2026-06-22,2026-06-24,Delivered,326.05
D203670,O105128,W105,DHL,2026-01-30,2026-02-06,2026-02-09,Delivered,1071.1
D203671,O100843,W111,EcomExpress,2026-05-20,2026-05-26,2026-06-01,In Transit,796.42
D203672,O107469,W116,Delhivery,2026-09-11,2026-09-14,2026-09-19,Delivered,1212.76
D203673,O104944,W113,Delhivery,2026-02-24,2026-02-27,2026-03-01,Delayed,500.22
D203674,O101942,W101,FedEx,2026-06-21,2026-06-24,2026-06-24,Delivered,1399.55
D203675,O108424,W111,Delhivery,2026-01-15,2026-01-18,2026-01-17,Delayed,164.56
D203676,O108962,W110,FedEx,2026-06-11,2026-06-15,2026-06-18,In Transit,1310.81
D203677,O103173,W115,DHL,2026-03-02,2026-03-09,2026-03-15,Delayed,959.93
D203678,O102408,W100,EcomExpress,2026-03-06,2026-03-09,2026-03-14,Delivered,1264.71
D203679,O105247,W101,Delhivery,2026-04-19,2026-04-24,2026-04-30,Delivered,1037.67
D203680,O105207,W115,DHL,2026-08-27,2026-09-02,2026-09-04,Delivered,1295.47
D203681,O106283,W102,,2026-09-07,2026-09-11,2026-09-11,Delivered,753.17
D203682,O105948,W107,EcomExpress,2026-03-29,2026-04-01,2026-04-07,Delivered,854.57
D203683,O106040,W107,FedEx,2026-02-23,2026-03-01,2026-02-27,Delayed,69.32
D203684,O108544,W112,DHL,2026-01-31,2026-02-05,2026-02-05,Delivered,1169.92
D203685,O102176,W108,DHL,2026-01-27,2026-02-01,2026-01-30,In Transit,212.2
D203686,O109316,W104,,2026-09-05,2026-09-12,2026-09-18,Delivered,938.34
D203687,O102848,W110,Delhivery,2026-05-10,2026-05-14,2026-05-17,In Transit,695.43
D203688,O102230,W100,Delhivery,2026-05-28,2026-05-30,2026-06-03,Delayed,1456.38
D203689,O109648,W115,EcomExpress,2026-05-12,2026-05-17,2026-05-22,Delivered,542.61
D203690,O109683,W118,BlueDart,2026-08-29,2026-08-31,2026-09-02,In Transit,1098.47
D203691,O105631,W113,Delhivery,2026-04-29,2026-05-06,2026-05-05,Delivered,1185.54
D203692,O101072,W117,dhl,2026-02-24,2026-03-01,2026-03-04,Delivered,1472.68
D203693,O101235,W108,EcomExpress,2026-02-06,2026-02-12,2026-02-17,Delayed,290.45
D203694,O103774,W105,EcomExpress,2026-08-30,2026-09-02,2026-09-03,Delivered,1184.29
D203695,O105486,W104,BlueDart,2026-03-05,2026-03-10,2026-03-12,In Transit,578.06
D203696,O103998,W115,EcomExpress,2026-09-06,2026-09-08,2026-09-14,In Transit,619.61
D203697,O100962,W107,FedEx,2026-05-09,2026-05-15,2026-05-18,Delivered,833.1
D203698,O101386,W116,Delhivery,2026-01-06,2026-01-11,2026-01-11,Delivered,616.21
D203699,O108391,W104,BlueDart,2026-01-16,2026-01-19,2026-01-18,Delivered,820.27
D203700,O109727,W119,Delhivery,2026-04-13,2026-04-15,2026-04-17,Delivered,758.33
D203701,O103878,W117,EcomExpress,2026-05-12,2026-05-19,2026-05-21,Delivered,203.3
D203702,O103654,W109,Delhivery,2026-07-02,2026-07-05,2026-07-07,Delivered,84.57
D203703,O104785,W105,EcomExpress,2026-07-21,2026-07-23,2026-07-26,In Transit,155.72
D203704,O105952,W111,EcomExpress,2026-05-22,2026-05-29,2026-06-01,Delivered,1053.7
D203705,O101303,W104,EcomExpress,2026-07-22,2026-07-28,2026-07-29,Delivered,1076.87
D203706,O108220,W117,Delhivery,2026-06-18,2026-06-24,2026-06-27,Delayed,533.39
D203707,O104818,W112,FedEx,2026-09-07,2026-09-14,2026-09-20,In Transit,315.57
D203708,O101445,W113,EcomExpress,2026-04-17,2026-04-21,2026-04-24,Delivered,1048.83
D203709,O102222,W119,FedEx,2026-09-03,2026-09-09,2026-09-09,Delayed,292.66
D203710,O104081,W104,BlueDart,2026-05-31,2026-06-05,2026-06-03,Delivered,1205.27
D203711,O104308,W104,DHL,2026-05-23,2026-05-30,2026-06-05,Delivered,807.44
D203712,O106955,W102,Delhivery,2026-07-13,2026-07-20,2026-07-25,Delayed,101.09
D203713,O101449,W107,FedEx,2026-07-27,2026-08-02,2026-08-02,Delivered,561.68
D203714,O103149,W102,FedEx,2026-07-13,2026-07-18,2026-07-22,Delivered,1386.78
D203715,O104725,W110,BlueDart,2026-01-03,2026-01-06,2026-01-10,Delivered,975.7
D203716,O102831,W100,Delhivery,2026-08-15,2026-08-21,2026-08-27,Delayed,1302.79
D203717,O109583,W101,FedEx,2026-03-11,2026-03-13,2026-03-19,Delivered,1134.3
D203718,O108125,W104,BlueDart,2026-04-23,2026-04-30,2026-05-03,Delivered,1062.17
D203719,O107030,W112,FedEx,2026-07-21,2026-07-27,2026-07-25,Delayed,135.81
D203720,O103841,W114,Delhivery,2026-07-13,2026-07-19,2026-07-18,Delayed,823.75
D203721,O103179,W105,DHL,2026-01-30,2026-02-06,2026-02-06,Delivered,601.47
D203722,O109727,W102,Delhivery,2026-05-30,2026-06-02,2026-06-05,Delayed,829.82
D203723,O106319,W115,FedEx,2026-08-29,2026-09-02,2026-09-06,In Transit,550.26
D203724,O106325,W103,EcomExpress,2026-05-15,2026-05-17,2026-05-21,Delayed,1461.77
D203725,O105184,W101,EcomExpress,2026-02-23,2026-03-01,2026-03-03,Lost,1405.56
D203726,O107239,W114,BlueDart,2026-03-17,2026-03-19,2026-03-24,Delivered,1324.83
D203727,O107724,W110,FedEx,2026-01-04,2026-01-11,2026-01-17,Delivered,361.78
D203728,O101253,W103,Delhivery,2026-02-24,2026-03-03,2026-03-08,Delayed,1064.03
D203729,O107901,W112,BlueDart,2026-01-01,2026-01-07,2026-01-10,Delivered,1284.67
D203730,O101429,W106,Delhivery,2026-04-09,2026-04-13,2026-04-18,Delivered,936.32
D203731,O106087,W115,DHL,2026-08-12,2026-08-16,2026-08-21,Delayed,1188.95
D203732,O103757,W109,FedEx,2026-04-18,2026-04-25,2026-04-25,In Transit,829.64
D203733,O107957,W116,EcomExpress,2026-09-14,2026-09-20,2026-09-24,Delivered,752.15
D203734,O109222,W108,EcomExpress,2026-03-20,2026-03-25,2026-03-27,Delivered,1034.82
D203735,O108381,W102,BlueDart,2026-07-02,2026-07-09,2026-07-11,Delayed,467.05
D203736,O105290,W115,DHL,2026-03-09,2026-03-12,2026-03-13,In Transit,1345.38
D203737,O101273,W106,EcomExpress,2026-05-25,2026-05-30,2026-06-03,Delayed,515.33
D203738,O105216,W115,Delhivery,2026-01-03,2026-01-10,2026-01-10,Delivered,135.01
D203739,O104533,W109,BlueDart,2026-06-06,2026-06-11,2026-06-10,Delayed,1070.67
D203740,O103846,W115,Delhivery,2026-04-21,2026-04-25,2026-04-27,Delivered,1378.14
D203741,O100078,W118,FedEx,2026-05-07,2026-05-09,2026-05-13,Delivered,593.67
D203742,O109142,W112,BlueDart,2026-07-06,2026-07-12,2026-07-17,Delivered,394.69
D203743,O100115,W109,EcomExpress,2026-03-01,2026-03-03,2026-03-04,Delivered,724.74
D203744,O109640,W103,DHL,2026-07-25,2026-07-27,2026-07-29,Lost,1293.11
D203745,O106398,W105,,2026-01-10,2026-01-13,2026-01-14,Delivered,934.06
D203746,O100046,W106,BlueDart,2026-03-12,2026-03-16,2026-03-17,Delivered,833.91
D203747,O105176,W100,EcomExpress,2026-07-22,2026-07-26,2026-07-24,Delivered,1432.91
D203748,O101836,W105,Delhivery,2026-06-18,2026-06-24,2026-06-27,Delivered,762.25
D203749,O102455,W104,DHL,2026-09-05,2026-09-11,2026-09-17,Lost,357.21
D203750,O105422,W109,Delhivery,2026-08-14,2026-08-20,2026-08-18,Delivered,479.32
D203751,O109823,W117,Delhivery,2026-07-11,2026-07-18,2026-07-22,Delivered,753.7
D203752,O105666,W113,EcomExpress,2026-03-09,2026-03-14,2026-03-13,Delayed,646.58
D203753,O109280,W113,DHL,2026-08-09,2026-08-13,2026-08-15,Delivered,663.23
D203754,O101938,W109,DHL,2026-08-03,2026-08-08,2026-08-07,Delayed,582.31
D203755,O107675,W109,BlueDart,2026-05-29,2026-06-03,2026-06-02,Delivered,1426.98
D203756,O106993,W115,Delhivery,2026-01-27,2026-01-29,2026-01-29,Delivered,53.38
D203757,O107124,W114,DHL,2026-04-22,2026-04-26,2026-04-30,Delivered,923.73
D203758,O101163,W110,DHL,2026-02-20,2026-02-22,2026-02-24,Delivered,1150.05
D203759,O105475,W107,EcomExpress,2026-08-07,2026-08-14,2026-08-13,Delayed,857.08
D203760,O100382,W107,EcomExpress,2026-04-11,2026-04-18,2026-04-20,Delivered,1302.56
D203761,O109507,W118,Delhivery,2026-07-24,2026-07-28,2026-07-30,Delivered,1441.39
D203762,O103570,W115,Delhivery,2026-08-29,2026-09-05,2026-09-03,Delivered,274.98
D203763,O100724,W106,DHL,2026-02-05,2026-02-07,2026-02-13,Delayed,569.26
D203764,O109645,W105,Delhivery,2026-08-24,2026-08-26,2026-09-01,Delivered,605.85
D203765,O106219,W109,DHL,2026-06-11,2026-06-18,2026-06-22,Delayed,1366.68
D203766,O104418,W110,BlueDart,2026-03-18,2026-03-20,2026-03-24,Delivered,1093.84
D203767,O102426,W105,EcomExpress,2026-05-14,2026-05-21,2026-05-21,Delivered,1267.42
D203768,O107783,W116,Delhivery,2026-02-04,2026-02-11,2026-02-15,Delayed,1348.53
D203769,O109736,W101,Delhivery,2026-05-08,2026-05-11,2026-05-16,Delayed,68.13
D203770,O103206,W110,,2026-06-23,2026-06-28,2026-07-04,Delivered,503.64
D203771,O106158,W115,FedEx,2026-05-05,2026-05-12,2026-05-15,Delivered,316.48
D203772,O100615,W103,DHL,2026-09-07,2026-09-13,2026-09-12,Delivered,1483.53
D203773,O100038,W117,Delhivery,2026-07-17,2026-07-23,2026-07-27,Delivered,568.17
D203774,O102442,W105,Delhivery,2026-05-18,2026-05-25,2026-05-30,Delivered,872.37
D203775,O105094,W107,DHL,2026-03-22,2026-03-29,2026-04-02,Delivered,185.88
D203776,O105240,W112,FedEx,2026-04-28,2026-05-05,2026-05-10,Delayed,854.18
D203777,O103275,W105,BlueDart,2026-04-23,2026-04-25,2026-04-23,Delivered,1160.97
D203778,O104688,W105,DHL,2026-01-06,2026-01-12,2026-01-15,Delivered,1022.45
D203779,O101758,W108,DHL,2026-04-18,2026-04-23,2026-04-23,Delivered,864.26
D203780,O105335,W118,BlueDart,2026-07-03,2026-07-07,2026-07-07,In Transit,355.09
D203781,O109543,W116,BlueDart,2026-05-04,2026-05-09,2026-05-09,Delivered,1036.67
D203782,O104479,W110,EcomExpress,2026-07-07,2026-07-09,2026-07-13,Delayed,153.54
D203783,O108146,W100,Delhivery,2026-03-11,2026-03-15,2026-03-14,Delayed,232.1
D203784,O104538,W117,FedEx,2026-07-23,2026-07-26,2026-07-25,Delivered,476.73
D203785,O104708,W107,FedEx,2026-01-22,2026-01-25,2026-01-23,Delivered,408.53
D203786,O109065,W111,EcomExpress,2026-06-27,2026-06-29,2026-06-30,Lost,444.68
D203787,O103023,W102,Delhivery,2026-04-07,2026-04-10,2026-04-09,Delivered,601.47
D203788,O108952,W111,DHL,2026-04-03,2026-04-06,2026-04-04,Delivered,146.03
D203789,O100155,W110,Delhivery,2026-08-28,2026-09-01,2026-09-06,Delivered,682.32
D203790,O106117,W109,EcomExpress,2026-05-02,2026-05-08,2026-05-11,Delivered,979.8
D203791,O101777,W114,BlueDart,2026-05-29,2026-06-04,2026-06-02,Delayed,945.52
D203792,O105385,W101,EcomExpress,2026-01-16,2026-01-21,2026-01-19,Delivered,143.24
D203793,O109021,W101,EcomExpress,2026-02-17,2026-02-20,2026-02-21,Delivered,570.25
D203794,O108084,W116,BlueDart,2026-02-13,2026-02-15,2026-02-19,Delivered,721.41
D203795,O105362,W116,DHL,2026-05-11,2026-05-17,2026-05-17,Delivered,217.0
D203796,O109930,W106,FedEx,2026-09-08,2026-09-12,2026-09-15,Delivered,958.61
D203797,O108709,W109,EcomExpress,2026-06-05,2026-06-08,2026-06-13,Delivered,1117.01
D203798,O109208,W114,DHL,2026-08-22,2026-08-25,2026-08-23,Delivered,61.26
D203799,O100722,W102,Delhivery,2026-06-18,2026-06-24,2026-06-27,In Transit,1256.8
D203800,O108881,W117,DHL,2026-05-20,2026-05-22,2026-05-26,Delivered,931.22
D203801,O108462,W105,Delhivery,2026-09-08,2026-09-14,2026-09-20,Delivered,57.65
D203802,O101186,W118,Delhivery,2026-04-14,2026-04-18,2026-04-23,Delivered,1009.55
D203803,O108182,W101,FedEx,2026-08-19,2026-08-23,2026-08-21,Delayed,1233.58
D203804,O107132,W100,FedEx,2026-08-26,2026-09-02,2026-09-08,Delivered,1321.26
D203805,O106259,W115,EcomExpress,2026-01-19,2026-01-25,2026-01-25,In Transit,771.4
D203806,O102705,W107,,2026-05-22,2026-05-25,2026-05-23,Delayed,566.3
D203807,O103813,W107,EcomExpress,2026-01-21,2026-01-25,2026-01-23,Delivered,547.76
D203808,O101941,W107,BlueDart,2026-08-02,2026-08-09,2026-08-10,Delivered,154.88
D203809,O101026,W106,BlueDart,2026-08-23,2026-08-30,2026-09-05,Delivered,420.72
D203810,O105633,W115,Delhivery,2026-02-04,2026-02-06,2026-02-06,Delayed,345.18
D203811,O104552,W118,Delhivery,2026-06-08,2026-06-10,2026-06-11,Delivered,966.37
D203812,O104522,W102,BlueDart,2026-07-06,2026-07-10,2026-07-11,Delivered,294.97
D203813,O100428,W116,Delhivery,2026-07-19,2026-07-22,2026-07-22,Delivered,1064.11
D203814,O102781,W115,FedEx,2026-06-22,2026-06-29,2026-07-04,In Transit,996.29
D203815,O109067,W104,BlueDart,2026-09-03,2026-09-05,2026-09-08,Delivered,741.63
D203816,O107048,W110,Delhivery,2026-08-19,2026-08-22,2026-08-24,In Transit,73.21
D203817,O107845,W102,EcomExpress,2026-04-30,2026-05-02,2026-04-30,Delivered,593.98
D203818,O107784,W113,Delhivery,2026-07-17,2026-07-21,2026-07-25,Delayed,221.35
D203819,O106507,W117,BlueDart,2026-02-18,2026-02-20,2026-02-24,Delivered,1215.08
D203820,O109018,W108,BlueDart,2026-01-17,2026-01-20,2026-01-26,Delivered,1288.47
D203821,O102761,W107,BlueDart,2026-04-13,2026-04-20,2026-04-25,Delivered,112.78
D203822,O101341,W103,Delhivery,2026-05-09,2026-05-12,2026-05-16,Delivered,742.94
D203823,O103337,W117,DHL,2026-01-11,2026-01-15,2026-01-14,Delivered,1130.74
D203824,O106864,W100,BlueDart,2026-06-25,2026-06-29,2026-06-27,In Transit,499.04
D203825,O106761,W113,FedEx,2026-08-29,2026-08-31,2026-08-29,Delivered,831.96
D203826,O101211,W114,DHL,2026-04-16,2026-04-18,2026-04-20,Delivered,1248.89
D203827,O107047,W102,Delhivery,2026-07-25,2026-08-01,2026-08-01,Delivered,652.74
D203828,O102005,W112,Delhivery,2026-02-19,2026-02-26,2026-02-27,In Transit,255.84
D203829,O101963,W106,Delhivery,2026-01-27,2026-02-01,2026-02-05,Delayed,1387.33
D203830,O107531,W108,Delhivery,2026-01-11,2026-01-16,2026-01-19,Delivered,619.75
D203831,O104589,W107,FedEx,2026-05-31,2026-06-03,2026-06-08,Delivered,562.45
D203832,O106863,W113,BlueDart,2026-02-26,2026-03-05,2026-03-03,Delivered,935.65
D203833,O108173,W110,EcomExpress,2026-09-12,2026-09-16,2026-09-22,Delivered,1251.58
D203834,O106832,W106,FedEx,2026-06-10,2026-06-16,2026-06-20,Delivered,1453.7
D203835,O109918,W115,DHL,2026-08-08,2026-08-11,2026-08-10,Delivered,972.52
D203836,O101474,W117,DHL,2026-05-23,2026-05-26,2026-05-27,Delivered,549.72
D203837,O107713,W102,EcomExpress,2026-04-20,2026-04-22,2026-04-21,Delivered,685.67
D203838,O107631,W109,EcomExpress,2026-01-17,2026-01-21,2026-01-27,Delivered,-500.0
D203839,O102858,W119,Delhivery,2026-08-31,2026-09-03,2026-09-09,Delivered,1453.0
D203840,O102978,W100,FedEx,2026-03-24,2026-03-27,2026-04-02,Delivered,1476.53
D203841,O106356,W103,FedEx,2026-02-23,2026-03-02,2026-03-04,Delivered,1020.93
D203842,O100429,W106,Delhivery,2026-09-15,2026-09-18,2026-09-21,Delivered,575.03
D203843,O101138,W115,FedEx,2026-08-22,2026-08-24,2026-08-27,In Transit,681.77
D203844,O100350,W101,Delhivery,2026-08-21,2026-08-26,2026-08-25,In Transit,1409.77
D203845,O103917,W119,FedEx,2026-02-04,2026-02-06,2026-02-06,Delivered,1107.45
D203846,O106327,W101,EcomExpress,2026-08-06,2026-08-10,2026-08-16,Delivered,541.03
D203847,O104751,W109,Delhivery,2026-02-21,2026-02-24,2026-02-22,Delivered,797.33
D203848,O106821,W117, ,2026-07-18,2026-07-20,2026-07-25,Delivered,754.24
D203849,O103481,W118,BlueDart,2026-06-13,2026-06-15,2026-06-15,Delivered,1273.41
D203850,O108213,W107,FedEx,2026-08-25,2026-08-27,2026-08-28,Delivered,71.54
D203851,O105181,W111,DHL,2026-04-03,2026-04-05,2026-04-03,Delivered,1116.17
D203852,O101951,W113,DHL,2026-04-29,2026-05-01,2026-04-29,Delivered,309.8
D203853,O107616,W111,BlueDart,2026-07-30,2026-08-02,2026-08-04,Delayed,504.88
D203854,O105994,W119,,2026-05-07,2026-05-14,2026-05-16,Delivered,1015.97
D203855,O101968,W109,Delhivery,2026-06-07,2026-06-13,2026-06-13,In Transit,1226.08
D203856,O106579,W116,BlueDart,2026-02-05,2026-02-10,2026-02-16,Delivered,1112.42
D203857,O106411,W113,DHL,2026-03-02,2026-03-08,2026-03-14,Delivered,456.09
D203858,O103836,W112,DHL,2026-01-17,2026-01-24,2026-01-23,Delivered,803.18
D203859,O104450,W112,FedEx,2026-05-16,2026-05-19,2026-05-23,Delivered,506.6
D203860,O107930,W112,FedEx,2026-06-19,2026-06-24,2026-06-30,Delivered,720.93
D203861,O105695,W101,BlueDart,2026-08-14,2026-08-18,2026-08-21,Delivered,940.13
D203862,O101909,W102,BlueDart,2026-08-03,2026-08-08,2026-08-06,Delivered,134.93
D203863,O102007,W107,FedEx,2026-08-19,2026-08-22,2026-08-26,Delivered,1438.77
D203864,O101940,W111,Delhivery,2026-02-26,2026-03-05,2026-03-03,Delivered,844.81
D203865,O101678,W119,BlueDart,2026-03-16,2026-03-21,2026-03-21,In Transit,690.99
D203866,O100059,W108,Delhivery,2026-07-17,2026-07-20,2026-07-24,Delivered,742.15
D203867,O109713,W108,EcomExpress,2026-06-17,2026-06-21,2026-06-23,Delivered,1260.16
D203868,O109038,W105,EcomExpress,2026-09-02,2026-09-04,2026-09-09,Delivered,221.28
D203869,O107822,W103,FedEx,2026-03-23,2026-03-27,2026-04-02,Delivered,1362.75
D203870,O108332,W102,Delhivery,2026-02-04,2026-02-11,2026-02-09,Delayed,386.38
D203871,O101713,W104,Delhivery,2026-03-15,2026-03-19,2026-03-23,Delivered,1051.69
D203872,O105918,W103,DHL,2026-03-02,2026-03-08,2026-03-08,Delivered,856.89
D203873,O106544,W104,Delhivery,2026-03-27,2026-04-02,2026-04-02,Delivered,1156.73
D203874,O105572,W113,DHL,2026-09-09,2026-09-14,2026-09-17,Delayed,271.19
D203875,O100089,W114,Delhivery,2026-07-07,2026-07-13,2026-07-19,Delivered,1234.44
D203876,O108103,W102,DHL,2026-03-26,2026-04-01,2026-04-06,Delivered,993.18
D203877,O100590,W118,Delhivery,2026-05-13,2026-05-18,2026-05-23,Delivered,1179.03
D203878,O104320,W116,,2026-02-02,2026-02-09,2026-02-15,Delivered,758.14
D203879,O107532,W113,Delhivery,2026-07-27,2026-07-29,2026-07-29,Delivered,1250.41
D203880,O109198,W119,DHL,2026-01-14,2026-01-20,2026-01-22,Delivered,1178.93
D203881,O107434,W110,BlueDart,2026-05-30,2026-06-05,2026-06-08,In Transit,294.63
D203882,O102151,W114,BlueDart,2026-02-21,2026-02-28,2026-03-06,Delivered,1451.8
D203883,O108264,W111,BlueDart,2026-06-28,2026-07-04,2026-07-03,Delivered,1459.04
D203884,O109284,W103,DHL,2026-06-21,2026-06-24,2026-06-28,Delivered,1475.34
D203885,O109325,W111,DHL,2026-07-08,2026-07-13,2026-07-11,Delivered,192.94
D203886,O108665,W108,DHL,2026-04-09,2026-04-12,2026-04-13,In Transit,1134.6
D203887,O103191,W113,BlueDart,2026-08-27,2026-09-01,2026-09-05,Delivered,977.97
D203888,O105366,W109,EcomExpress,2026-04-27,2026-05-04,2026-05-03,Delivered,1463.99
D203889,O104578,W102,EcomExpress,2026-02-01,2026-02-08,2026-02-13,In Transit,933.13
D203890,O109081,W117,FedEx,2026-05-23,2026-05-30,2026-05-31,Delayed,1042.41
D203891,O101397,W100,BlueDart,2026-04-20,2026-04-24,2026-04-26,Delivered,128.1
D203892,O104316,W111,DHL,2026-08-22,2026-08-29,2026-09-01,Delivered,524.36
D203893,O104821,W113,BlueDart,2026-08-02,2026-08-07,2026-08-05,Delivered,965.35
D203894,O107973,W103,DHL,2026-04-15,2026-04-20,2026-04-19,Delayed,484.77
D203895,O104556,W103,BlueDart,2026-03-05,2026-03-12,2026-03-10,Delivered,672.44
D203896,O103208,W109,Delhivery,2026-06-14,2026-06-19,2026-06-17,Delivered,1288.39
D203897,O100179,W103,Delhivery,2026-07-08,2026-07-10,2026-07-13,Delivered,1455.68
D203898,O107769,W100,EcomExpress,2026-07-26,2026-07-29,2026-08-04,Delivered,1471.95
D203899,O101184,W102,DHL,2026-09-10,2026-09-13,2026-09-18,Delivered,781.46
D203900,O102719,W114,Delhivery,2026-01-12,2026-01-17,2026-01-23,Delayed,719.98
D203901,O103612,W102,DHL,2026-09-10,2026-09-16,2026-09-15,In Transit,677.79
D203902,O102251,W110,BlueDart,2026-03-05,2026-03-09,2026-03-12,Delivered,53.08
D203903,O103827,W103,DHL,2026-08-11,2026-08-15,2026-08-20,Delayed,947.55
D203904,O105497,W114,EcomExpress,2026-05-11,2026-05-15,2026-05-20,Delivered,137.94
D203905,O105235,W100,BlueDart,2026-05-11,2026-05-17,2026-05-20,Delivered,1379.25
D203906,O103599,W107,FedEx,2026-02-18,2026-02-25,2026-02-27,Delayed,529.75
D203907,O100455,W107,EcomExpress,2026-05-19,2026-05-25,2026-05-25,Delayed,794.26
D203908,O106479,W115,BlueDart,2026-06-06,2026-06-13,2026-06-16,In Transit,1361.32
D203909,O101053,W106,FedEx,2026-01-02,2026-01-07,2026-01-09,Delivered,1075.56
D203910,O108442,W103,BlueDart,2026-01-03,2026-01-08,2026-01-11,Delayed,235.16
D203911,O106922,W104,EcomExpress,2026-01-31,2026-02-06,2026-02-09,Delayed,1053.99
D203912,O102282,W109,Delhivery,2026-05-20,2026-05-26,2026-05-31,Delivered,913.65
D203913,O104973,W118,BlueDart,2026-01-19,2026-01-21,2026-01-25,In Transit,1191.52
D203914,O100143,W111,EcomExpress,2026-08-16,2026-08-21,2026-08-21,Delivered,168.56
D203915,O104566,W100,FedEx,2026-07-09,2026-07-11,2026-07-11,Delayed,1440.87
D203916,O106657,W101,FedEx,2026-07-30,2026-08-04,2026-08-06,Delivered,140.41
D203917,O103095,W101,DHL,2026-01-24,2026-01-30,2026-01-31,Delivered,728.48
D203918,O106179,W118,DHL,2026-03-18,2026-03-22,2026-03-21,Delivered,1051.49
D203919,O100065,W103,Delhivery,2026-05-03,2026-05-08,2026-05-14,Delivered,1097.46
D203920,O109262,W107,FedEx,2026-03-04,2026-03-09,2026-03-15,In Transit,433.32
D203921,O107069,W114,FedEx,2026-01-27,2026-02-02,2026-01-31,In Transit,979.82
D203922,O104452,W115,FedEx,2026-08-05,2026-08-11,2026-08-12,Delayed,125.28
D203923,O104719,W114,FedEx,2026-06-09,2026-06-15,2026-06-19,Delivered,550.24
D203924,O108073,W119,FedEx,2026-01-21,2026-01-27,2026-01-26,Delivered,1403.92
D203925,O103375,W118, Delhivery ,2026-08-16,2026-08-19,2026-08-24,Delivered,714.43
D203926,O102482,W114,EcomExpress,2026-09-06,2026-09-08,2026-09-13,Delayed,1290.84
D203927,O109745,W109,BlueDart,2026-03-23,2026-03-28,2026-04-01,Delivered,261.62
D203928,O102842,W115,FedEx,2026-07-30,2026-08-05,2026-08-10,Delayed,710.65
D203929,O102926,W114,BlueDart,2026-03-24,2026-03-28,2026-03-27,Delivered,935.46
D203930,O109529,W116,BlueDart,2026-04-01,2026-04-03,2026-04-03,In Transit,500.9
D203931,O109343,W103,DHL,2026-09-15,2026-09-22,2026-09-27,Lost,1470.04
D203932,O104860,W116, EcomExpress ,2026-06-19,2026-06-26,2026-07-02,Delivered,788.31
D203933,O109119,W109,BlueDart,2026-06-06,2026-06-12,2026-06-14,Delayed,452.36
D203934,O104107,W109,EcomExpress,2026-03-20,2026-03-27,2026-04-02,Delivered,1011.44
D203935,O103706,W119,EcomExpress,2026-08-21,2026-08-23,2026-08-26,In Transit,1276.8
D203936,O106820,W107,BlueDart,2026-04-16,2026-04-19,2026-04-21,Delivered,520.53
D203937,O103980,W109,FedEx,2026-05-17,2026-05-22,2026-05-25,Delivered,705.15
D203938,O103977,W109,DHL,2026-05-13,2026-05-16,2026-05-16,In Transit,1423.29
D203939,O102189,W101,FedEx,2026-09-06,2026-09-11,2026-09-10,Delivered,248.6
D203940,O105019,W103,Delhivery,2026-03-18,2026-03-23,2026-03-29,Delivered,327.27
D203941,O109174,W103,BlueDart,2026-07-11,2026-07-17,2026-07-15,In Transit,1497.99
D203942,O106302,W109,DHL,2026-02-28,2026-03-02,2026-03-03,Delayed,685.79
D203943,O105956,W105,DHL,2026-09-03,2026-09-09,2026-09-12,Delivered,860.62
D203944,O104143,W101,EcomExpress,2026-04-10,2026-04-12,2026-04-14,Delivered,795.92
D203945,O101051,W113,DHL,2026-07-30,2026-08-01,2026-08-04,Delivered,964.88
D203946,O100754,W112,Delhivery,2026-07-28,2026-07-31,2026-07-30,In Transit,698.59
D203947,O107690,W105,FedEx,2026-06-14,2026-06-21,2026-06-23,Delivered,560.56
D203948,O102255,W110,BlueDart,2026-05-22,2026-05-27,2026-05-29,Delivered,592.69
D203949,O104736,W118,BlueDart,2026-08-17,2026-08-21,2026-08-27,Delivered,950.66
D203950,O100300,W113,EcomExpress,2026-07-07,2026-07-13,2026-07-19,In Transit,678.01
D203951,O109452,W116,BlueDart,2026-08-25,2026-08-29,2026-09-03,Delivered,660.93
D203952,O102051,W100,BlueDart,2026-05-05,2026-05-08,2026-05-11,Delivered,519.69
D203953,O105250,W105,BlueDart,2026-09-05,2026-09-08,2026-09-12,Delayed,1246.04
D203954,O101713,W113,FedEx,2026-02-04,2026-02-09,2026-02-11,Delivered,286.22
D203955,O109471,W113,FedEx,2026-01-31,2026-02-02,2026-02-02,Delivered,927.32
D203956,O104228,W108,Delhivery,2026-06-15,2026-06-20,2026-06-20,Delivered,1459.42
D203957,O109922,W101,EcomExpress,2026-04-07,2026-04-10,2026-04-14,Delivered,331.32
D203958,O103741,W109,BlueDart,2026-03-15,2026-03-18,2026-03-19,Delivered,654.96
D203959,O103330,W112,FedEx,2026-07-01,2026-07-06,2026-07-05,Delivered,1090.89
D203960,O102411,W113,EcomExpress,2026-01-29,2026-02-04,2026-02-05,Delivered,674.61
D203961,O102572,W112,FedEx,2026-08-09,2026-08-13,2026-08-12,Delivered,64.71
D203962,O109921,W102, ,2026-09-11,2026-09-14,2026-09-15,Delivered,1076.55
D203963,O105020,W118,EcomExpress,2026-08-24,2026-08-30,2026-08-31,Delayed,1090.11
D203964,O102630,W116,BlueDart,2026-03-03,2026-03-10,2026-03-10,Delivered,1143.82
D203965,O102467,W100,FEDEX,2026-06-15,2026-06-17,2026-06-18,Delivered,789.02
D203966,O107650,W117,BlueDart,2026-04-10,2026-04-13,2026-04-19,In Transit,489.78
D203967,O103606,W116,BlueDart,2026-07-25,2026-08-01,2026-08-06,In Transit,1181.6
D203968,O101286,W116,EcomExpress,2026-01-02,2026-01-05,2026-01-05,Delivered,437.27
D203969,O109402,W102,Delhivery,2026-02-24,2026-03-02,2026-03-06,Delivered,342.52
D203970,O100171,W108,Delhivery,2026-09-01,2026-09-08,2026-09-08,Delivered,437.61
D203971,O100145,W116,BlueDart,2026-05-29,2026-06-05,2026-06-09,In Transit,418.64
D203972,O105352,W115, Delhivery ,2026-04-25,2026-04-27,2026-05-02,Delivered,555.49
D203973,O106941,W112,Delhivery,2026-01-11,2026-01-16,2026-01-15,Delivered,1491.08
D203974,O109183,W116,BlueDart,2026-05-12,2026-05-19,2026-05-22,Delivered,206.77
D203975,O106455,W103,DHL,2026-02-01,2026-02-05,2026-02-05,Delayed,686.2
D203976,O104617,W119,EcomExpress,2026-03-22,2026-03-29,2026-03-30,Delivered,1375.57
D203977,O109523,W111,BlueDart,2026-06-29,2026-07-05,2026-07-06,In Transit,59.86
D203978,O105874,W102,DHL,2026-07-13,2026-07-16,2026-07-14,Delayed,1377.09
D203979,O100077,W115,BlueDart,2026-01-31,2026-02-05,2026-02-10,Delivered,197.0
D203980,O104677,W105,,2026-01-24,2026-01-31,2026-01-29,Delivered,694.68
D203981,O105635,W109,BlueDart,2026-05-31,2026-06-06,2026-06-10,Delayed,368.55
D203982,O100645,W116,DHL,2026-03-03,2026-03-06,2026-03-11,Delayed,1011.14
D203983,O109937,W114,Delhivery,2026-04-13,2026-04-15,2026-04-19,Delivered,1477.03
D203984,O102091,W108,FedEx,2026-02-20,2026-02-22,2026-02-28,Delayed,1176.92
D203985,O107106,W111,Delhivery,2026-07-29,2026-07-31,2026-08-01,Delivered,1141.83
D203986,O100064,W106,Delhivery,2026-07-23,2026-07-30,2026-08-02,In Transit,728.84
D203987,O100676,W113,BlueDart,2026-09-11,2026-09-18,2026-09-22,Delivered,884.82
D203988,O101533,W113,DHL,2026-08-27,2026-09-03,2026-09-02,Delivered,824.79
D203989,O103683,W108,Delhivery,2026-06-30,2026-07-02,2026-07-04,Delayed,583.32
D203990,O100428,W103,EcomExpress,2026-03-17,2026-03-23,2026-03-29,Delayed,1454.38
D203991,O103539,W108,BlueDart,2026-09-03,2026-09-09,2026-09-10,Delivered,1330.87
D203992,O100971,W115,BlueDart,2026-01-01,2026-01-05,2026-01-09,In Transit,1342.53
D203993,O105124,W116,BlueDart,2026-08-13,2026-08-17,2026-08-21,Delayed,427.83
D203994,O106608,W112,DHL,2026-02-26,2026-02-28,2026-03-02,Delivered,1136.32
D203995,O109119,W108,EcomExpress,2026-03-21,2026-03-28,2026-04-03,Delivered,859.28
D203996,O107038,W114,FedEx,2026-08-18,2026-08-20,2026-08-22,Delivered,880.34
D203997,O109859,W113,DHL,2026-08-28,2026-08-31,2026-09-02,Delivered,291.08
D203998,O105697,W101,DHL,2026-02-22,2026-02-27,2026-02-25,In Transit,709.58
D203999,O101329,W107,Delhivery,2026-08-13,2026-08-16,2026-08-16,In Transit,764.65
D204000,O100728,W114,BlueDart,2026-08-09,2026-08-16,2026-08-18,Delivered,1046.27
D204001,O100082,W115,FedEx,2026-04-20,2026-04-25,2026-04-29,Delayed,922.49
D204002,O106610,W113,EcomExpress,2026-06-16,2026-06-19,2026-06-22,In Transit,406.17
D204003,O100429,W100,DHL,2026-01-05,2026-01-07,2026-01-06,Delivered,143.77
D204004,O103275,W117,BlueDart,2026-07-30,2026-08-05,2026-08-08,Delivered,1273.12
D204005,O102020,W115,DHL,2026-06-01,2026-06-06,2026-06-07,Delivered,944.61
D204006,O105314,W118,FedEx,2026-04-02,2026-04-06,2026-04-06,Delivered,860.88
D204007,O106023,W114,BlueDart,2026-08-23,2026-08-28,2026-09-01,In Transit,317.31
D204008,O104726,W119,Delhivery,2026-03-22,2026-03-26,2026-04-01,Delivered,1432.42
D204009,O106040,W119,BlueDart,2026-01-13,2026-01-17,2026-01-16,Delayed,1062.42
D204010,O102258,W104,EcomExpress,2026-05-31,2026-06-05,2026-06-11,Delivered,1010.74
D204011,O100877,W112,BlueDart,2026-04-18,2026-04-20,2026-04-19,Delivered,589.42
D204012,O100793,W116,Delhivery,2026-02-21,2026-02-23,2026-02-21,Delivered,775.92
D204013,O101986,W118,FedEx,2026-09-07,2026-09-14,2026-09-18,Delayed,1153.62
D204014,O106535,W115,EcomExpress,2026-07-28,2026-08-01,2026-07-30,Delivered,572.63
D204015,O108000,W102,fedex,2026-08-25,2026-08-28,2026-08-26,Delivered,1423.32
D204016,O107390,W100,FedEx,2026-07-23,2026-07-30,2026-08-05,Delivered,604.36
D204017,O109277,W105,Delhivery,2026-03-11,2026-03-16,2026-03-16,Delivered,571.22
D204018,O104692,W103,Delhivery,2026-03-27,2026-04-03,2026-04-03,Delivered,725.55
D204019,O106053,W113,BlueDart,2026-08-13,2026-08-20,2026-08-23,Delivered,891.17
D204020,O101845,W106,EcomExpress,2026-01-18,2026-01-21,2026-01-19,Delivered,646.2
D204021,O101050,W117,BlueDart,2026-03-15,2026-03-18,2026-03-18,In Transit,286.3
D204022,O104988,W107,BlueDart,2026-06-28,2026-07-03,2026-07-01,Delivered,657.02
D204023,O105752,W113,EcomExpress,2026-06-09,2026-06-12,2026-06-16,Delivered,955.73
D204024,O108191,W107,Delhivery,2026-05-07,2026-05-09,2026-05-08,Delivered,149.36
D204025,O108258,W102,BlueDart,2026-02-06,2026-02-08,2026-02-10,Delayed,1355.34
D204026,O103983,W105,BlueDart,2026-07-22,2026-07-26,2026-07-27,Delayed,815.51
D204027,O101474,W109,FedEx,2026-04-29,2026-05-06,2026-05-04,In Transit,849.08
D204028,O109278,W108,DHL,2026-02-04,2026-02-08,2026-02-06,Delayed,1012.21
D204029,O103574,W116,EcomExpress,2026-06-13,2026-06-18,2026-06-23,Delivered,527.37
D204030,O106475,W102,BlueDart,2026-06-08,2026-06-11,2026-06-16,Delivered,498.86
D204031,O100552,W110,Delhivery,2026-08-04,2026-08-09,2026-08-11,Delivered,405.49
D204032,O107904,W106,DHL,2026-05-20,2026-05-24,2026-05-23,In Transit,1284.87
D204033,O102518,W119,Delhivery,2026-09-05,2026-09-10,2026-09-11,Delivered,928.9
D204034,O100445,W108,BlueDart,2026-03-06,2026-03-09,2026-03-08,Delivered,99.55
D204035,O109994,W104,Delhivery,2026-06-21,2026-06-25,2026-06-24,Delivered,525.86
D204036,O107741,W118,Delhivery,2026-08-03,2026-08-07,2026-08-13,Delivered,184.72
D204037,O101655,W114,DHL,2026-01-28,2026-02-03,2026-02-07,In Transit,253.1
D204038,O108209,W114,FedEx,2026-05-25,2026-05-30,2026-06-03,Lost,940.82
D204039,O102698,W111,EcomExpress,2026-07-16,2026-07-21,2026-07-20,Delivered,145.53
D204040,O109436,W116,BlueDart,2026-08-28,2026-09-01,2026-09-01,Delivered,1404.58
D204041,O105463,W111,Delhivery,2026-03-22,2026-03-28,2026-03-28,Delivered,1095.72
D204042,O101682,W103,BlueDart,2026-01-23,2026-01-27,2026-01-25,Delivered,1318.95
D204043,O104947,W108,Delhivery,2026-04-15,2026-04-19,2026-04-21,In Transit,1492.14
D204044,O106672,W113,FedEx,2026-08-12,2026-08-14,2026-08-12,In Transit,463.16
D204045,O100495,W118,FedEx,2026-01-11,2026-01-17,2026-01-21,Delivered,1140.04
D204046,O106795,W113,BlueDart,2026-07-20,2026-07-24,2026-07-27,In Transit,925.68
D204047,O106337,W114,BlueDart,2026-02-25,2026-03-03,2026-03-05,Delivered,1421.26
D204048,O102484,W117,BlueDart,2026-06-13,2026-06-18,2026-06-16,In Transit,1095.86
D204049,O109374,W105,BlueDart,2026-06-29,2026-07-05,2026-07-08,Delivered,836.2
D204050,O100038,W113,FedEx,2026-01-17,2026-01-22,2026-01-26,Delivered,110.14
D204051,O101453,W107,EcomExpress,2026-04-05,2026-04-11,2026-04-09,Delivered,554.44
D204052,O108226,W115,Delhivery,2026-07-21,2026-07-27,2026-07-25,In Transit,391.85
D204053,O105182,W105,FedEx,2026-02-03,2026-02-08,2026-02-12,Delivered,312.23
D204054,O104824,W104,,2026-05-02,2026-05-09,2026-05-10,Delivered,645.64
D204055,O100740,W106,EcomExpress,2026-05-12,2026-05-19,2026-05-22,Delivered,788.71
D204056,O101204,W102,BlueDart,2026-01-16,2026-01-23,2026-01-26,Delivered,662.24
D204057,O100698,W109,BlueDart,2026-08-30,2026-09-05,2026-09-07,Delivered,449.11
D204058,O107142,W103,BlueDart,2026-04-26,2026-05-01,2026-04-30,Delivered,1060.75
D204059,O107233,W112,FedEx,2026-02-17,2026-02-21,2026-02-21,Delivered,486.69
D204060,O107351,W108,BlueDart,2026-03-11,2026-03-13,2026-03-11,Delayed,794.59
D204061,O101006,W111,FedEx,2026-03-21,2026-03-24,2026-03-26,Delivered,1248.7
D204062,O109940,W100,Delhivery,2026-01-29,2026-02-01,2026-02-03,Delayed,633.64
D204063,O100369,W104,DHL,2026-08-10,2026-08-17,2026-08-22,Delivered,1481.93
D204064,O105923,W116,Delhivery,2026-07-16,2026-07-19,2026-07-25,Delayed,611.24
D204065,O107136,W102,BlueDart,2026-08-13,2026-08-20,2026-08-23,Delivered,560.82
D204066,O107503,W105,Delhivery,2026-08-11,2026-08-16,2026-08-14,In Transit,687.53
D204067,O103471,W111,Delhivery,2026-07-27,2026-07-31,2026-08-02,Delivered,553.44
D204068,O101868,W112,DHL,2026-06-15,2026-06-18,2026-06-21,Delivered,1013.72
D204069,O106199,W116,EcomExpress,2026-05-27,2026-05-31,2026-06-06,Delivered,1162.72
D204070,O107403,W119,DHL,2026-01-03,2026-01-06,2026-01-12,Delayed,452.32
D204071,O108051,W119,BlueDart,2026-06-16,2026-06-19,2026-06-22,Delivered,242.03
D204072,O106887,W107,Delhivery,2026-04-30,2026-05-02,2026-05-07,Delayed,999.89
D204073,O108892,W118,DHL,2026-04-02,2026-04-07,2026-04-10,Delayed,354.42
D204074,O100134,W103,EcomExpress,2026-05-23,2026-05-28,2026-05-30,Delivered,891.08
D204075,O102904,W105,DHL,2026-03-22,2026-03-29,2026-04-04,Delivered,886.63
D204076,O107613,W117,FedEx,2026-02-28,2026-03-07,2026-03-13,Delivered,505.4
D204077,O103570,W105,EcomExpress,2026-07-30,2026-08-05,2026-08-05,Delivered,1021.92
D204078,O101320,W106,BlueDart,2026-05-23,2026-05-25,2026-05-24,Delivered,779.57
D204079,O100249,W103,DHL,2026-04-24,2026-05-01,2026-05-05,Delivered,53.24
D204080,O107254,W112,EcomExpress,2026-06-21,2026-06-27,2026-06-26,Delivered,952.12
D204081,O104883,W112,DHL,2026-04-25,2026-05-01,2026-04-30,Delivered,511.74
D204082,O100815,W119,BlueDart,2026-03-27,2026-03-29,2026-04-03,Delivered,896.28
D204083,O107450,W118,FedEx,2026-09-14,2026-09-21,2026-09-19,Delivered,737.76
D204084,O109257,W103,Delhivery,2026-08-11,2026-08-17,2026-08-23,Delivered,1084.95
D204085,O108841,W118,DHL,2026-02-07,2026-02-09,2026-02-08,In Transit,268.34
D204086,O105800,W114,DHL,2026-08-27,2026-09-03,2026-09-01,Delivered,631.11
D204087,O103970,W111,DHL,2026-01-07,2026-01-09,2026-01-15,Delivered,572.96
D204088,O101466,W117,Delhivery,2026-07-07,2026-07-10,2026-07-08,Delayed,986.68
D204089,O104967,W114,FEDEX,2026-02-04,2026-02-06,2026-02-06,Delivered,566.04
D204090,O104419,W110,DHL,2026-05-03,2026-05-05,2026-05-05,Delivered,177.67
D204091,O109354,W110,FedEx,2026-01-17,2026-01-22,2026-01-22,In Transit,487.67
D204092,O104382,W111,FedEx,2026-06-20,2026-06-24,2026-06-23,Delivered,1380.4
D204093,O108512,W105,BlueDart,2026-08-20,2026-08-26,2026-08-31,Delivered,1311.02
D204094,O100787,W101,EcomExpress,2026-04-25,2026-05-01,2026-05-03,Delayed,131.1
D204095,O105579,W118,DHL,2026-04-06,2026-04-12,2026-04-11,Delivered,1120.88
D204096,O102809,W100,DHL,2026-03-01,2026-03-05,2026-03-11,Delivered,668.02
D204097,O100596,W105,FedEx,2026-04-25,2026-04-27,2026-04-30,Delivered,897.84
D204098,O100626,W104,EcomExpress,2026-07-13,2026-07-17,2026-07-17,Delivered,732.2
D204099,O101056,W116,DHL,2026-08-16,2026-08-21,2026-08-22,Delayed,1124.27
D204100,O100504,W117,Delhivery,2026-07-17,2026-07-23,2026-07-21,Delivered,524.94
D204101,O102977,W114,DHL,2026-06-01,2026-06-06,2026-06-10,Delayed,1074.18
D204102,O108369,W104,FedEx,2026-07-02,2026-07-04,2026-07-05,Delivered,908.08
D204103,O107413,W102,BlueDart,2026-06-20,2026-06-27,2026-06-30,In Transit,1325.76
D204104,O100172,W108,BlueDart,2026-07-10,2026-07-16,2026-07-21,In Transit,730.51
D204105,O102911,W110,DHL,2026-03-10,2026-03-12,2026-03-13,Delivered,735.69
D204106,O105038,W117,Delhivery,2026-07-29,2026-08-02,2026-08-03,Lost,209.19
D204107,O102517,W103,DHL,2026-02-26,2026-03-01,2026-03-05,Delayed,127.32
D204108,O100615,W117,Delhivery,2026-06-11,2026-06-15,2026-06-17,Delivered,698.94
D204109,O103771,W100,BlueDart,2026-03-03,2026-03-10,2026-03-12,Delivered,826.5
D204110,O107680,W107,BlueDart,2026-01-16,2026-01-22,2026-01-27,Delivered,253.92
D204111,O105735,W105,Delhivery,2026-08-14,2026-08-21,2026-08-23,Delivered,1329.24
D204112,O105172,W115,EcomExpress,2026-01-06,2026-01-13,2026-01-12,Delayed,261.16
D204113,O108413,W101,FedEx,2026-06-28,2026-07-05,2026-07-05,Delivered,950.74
D204114,O104235,W114,Delhivery,2026-07-07,2026-07-14,2026-07-16,Delivered,1014.94
D204115,O109640,W100,EcomExpress,2026-09-12,2026-09-17,2026-09-19,In Transit,595.39
D204116,O106618,W103,EcomExpress,2026-01-05,2026-01-11,2026-01-10,Delivered,175.15
D204117,O101557,W117,DHL,2026-07-06,2026-07-09,2026-07-11,In Transit,650.7
D204118,O103761,W104,delhivery,2026-03-22,2026-03-29,2026-04-03,Delayed,148.66
D204119,O105029,W118,EcomExpress,2026-07-11,2026-07-16,2026-07-14,Delivered,77.48
D204120,O104228,W108,FedEx,2026-01-19,2026-01-23,2026-01-29,In Transit,996.21
D204121,O103162,W103,BlueDart,2026-07-24,2026-07-26,2026-07-30,In Transit,765.57
D204122,O100580,W104,DHL,2026-09-10,2026-09-16,2026-09-19,Delivered,143.04
D204123,O107973,W115,Delhivery,2026-05-17,2026-05-21,2026-05-27,Delayed,921.32
D204124,O100294,W118,Delhivery,2026-05-29,2026-06-01,2026-06-06,In Transit,326.77
D204125,O109050,W109,DHL,2026-02-17,2026-02-19,2026-02-25,Delayed,920.8
D204126,O109450,W111,FedEx,2026-03-06,2026-03-10,2026-03-10,Delivered,1205.45
D204127,O102151,W112,BlueDart,2026-04-08,2026-04-15,2026-04-19,Delivered,1068.11
D204128,O108959,W115,EcomExpress,2026-06-25,2026-06-27,2026-07-02,Delayed,742.13
D204129,O100537,W103,EcomExpress,2026-08-11,2026-08-18,2026-08-16,Delivered,85.63
D204130,O102070,W119,EcomExpress,2026-03-30,2026-04-01,2026-04-05,In Transit,998.07
D204131,O109378,W104,DHL,2026-06-12,2026-06-14,2026-06-15,Delivered,1449.6
D204132,O104536,W119,BlueDart,2026-07-23,2026-07-28,2026-07-26,Delivered,218.18
D204133,O106873,W118,DHL,2026-03-19,2026-03-25,2026-03-26,Delivered,204.81
D204134,O106488,W115, ,2026-07-24,2026-07-29,2026-08-03,Delivered,1102.23
D204135,O108674,W103,EcomExpress,2026-05-07,2026-05-12,2026-05-18,Delivered,1117.41
D204136,O102238,W110,Delhivery,2026-06-10,2026-06-15,2026-06-16,Lost,1172.8
D204137,O101881,W112,FedEx,2026-08-09,2026-08-15,2026-08-14,Delivered,1454.92
D204138,O107933,W118,EcomExpress,2026-01-13,2026-01-19,2026-01-17,Delivered,187.47
D204139,O105153,W110,Delhivery,2026-01-18,2026-01-25,2026-01-27,In Transit,548.32
D204140,O103806,W117,dhl,2026-07-16,2026-07-22,2026-07-26,Delivered,502.04
D204141,O102905,W119,Delhivery,2026-04-06,2026-04-09,2026-04-09,Delivered,385.18
D204142,O103148,W108,EcomExpress,2026-06-21,2026-06-24,2026-06-22,Delayed,1027.1
D204143,O105915,W102,DHL,2026-06-27,2026-07-04,2026-07-06,Delivered,539.94
D204144,O106591,W100,DHL,2026-02-02,2026-02-04,2026-02-07,Delivered,250.66
D204145,O106868,W103,Delhivery,2026-07-07,2026-07-11,2026-07-09,In Transit,1010.97
D204146,O103678,W116,FedEx,2026-02-14,2026-02-20,2026-02-18,Delivered,299.37
D204147,O103854,W114,Delhivery,2026-09-05,2026-09-07,2026-09-11,Lost,1316.48
D204148,O100687,W116,EcomExpress,2026-08-17,2026-08-19,2026-08-20,In Transit,1193.35
D204149,O109556,W110,FedEx,2026-07-05,2026-07-11,2026-07-14,Delivered,1100.13
D204150,O102968,W114,FedEx,2026-02-08,2026-02-14,2026-02-19,Delayed,544.03
D204151,O105542,W112,DHL,2026-04-13,2026-04-15,2026-04-13,Delayed,1051.78
D204152,O107799,W108,Delhivery,2026-09-01,2026-09-05,2026-09-04,Delivered,972.81
D204153,O102447,W119,Delhivery,2026-05-09,2026-05-14,2026-05-17,Delivered,477.61
D204154,O108894,W107,BlueDart,2026-06-21,2026-06-23,2026-06-21,Delivered,166.06
D204155,O103612,W109,,2026-04-22,2026-04-28,2026-04-28,Delivered,1190.66
D204156,O105118,W110,EcomExpress,2026-02-04,2026-02-07,2026-02-10,Delivered,84.35
D204157,O101130,W109,Delhivery,2026-03-30,2026-04-01,2026-04-06,Delivered,358.95
D204158,O107065,W104,Delhivery,2026-08-21,2026-08-24,2026-08-29,Delivered,486.71
D204159,O108350,W106,BlueDart,2026-04-12,2026-04-18,2026-04-19,Delivered,231.11
D204160,O108912,W110,FedEx,2026-05-17,2026-05-23,2026-05-29,Lost,286.11
D204161,O101596,W108,FedEx,2026-05-09,2026-05-13,2026-05-13,Lost,118.35
D204162,O103585,W115,DHL,2026-06-21,2026-06-23,2026-06-23,In Transit,1449.67
D204163,O103928,W114,DHL,2026-01-11,2026-01-15,2026-01-19,Delivered,971.7
D204164,O107769,W100,EcomExpress,2026-02-03,2026-02-08,2026-02-08,Delivered,1148.97
D204165,O100742,W116,,2026-09-10,2026-09-15,2026-09-14,Delayed,573.93
D204166,O106155,W101,EcomExpress,2026-08-05,2026-08-11,2026-08-17,Delivered,1119.11
D204167,O105723,W119,Delhivery,2026-03-23,2026-03-28,2026-03-30,Delivered,894.69
D204168,O103148,W107,DHL,2026-02-27,2026-03-06,2026-03-08,Delayed,1167.6
D204169,O101154,W115,Delhivery,2026-04-12,2026-04-18,2026-04-23,Delivered,1150.81
D204170,O106431,W100,EcomExpress,2026-05-18,2026-05-22,2026-05-23,Delivered,1002.41
D204171,O107693,W106,DHL,2026-08-02,2026-08-08,2026-08-13,Delivered,1066.46
D204172,O108172,W108,DHL,2026-02-15,2026-02-20,2026-02-24,Delivered,677.89
D204173,O101147,W104, FedEx ,2026-07-23,2026-07-25,2026-07-24,Delivered,847.02
D204174,O108820,W110,DHL,2026-05-22,2026-05-25,2026-05-30,Delayed,332.6
D204175,O108871,W114,ECOMEXPRESS,2026-07-12,2026-07-16,2026-07-20,Delivered,539.4
D204176,O108306,W116,Delhivery,2026-02-09,2026-02-16,2026-02-14,Delivered,896.13
D204177,O104507,W116,FedEx,2026-06-13,2026-06-16,2026-06-18,In Transit,482.65
D204178,O108248,W117,EcomExpress,2026-03-18,2026-03-24,2026-03-30,Delivered,728.24
D204179,O106945,W116,Delhivery,2026-08-09,2026-08-13,2026-08-19,Delayed,1031.64
D204180,O108365,W106,BlueDart,2026-06-21,2026-06-28,2026-06-30,Delivered,1467.83
D204181,O109405,W110,BlueDart,2026-05-08,2026-05-14,2026-05-19,Delivered,862.95
D204182,O103340,W110,FedEx,2026-03-19,2026-03-23,2026-03-28,Delivered,951.91
D204183,O105387,W102,FedEx,2026-03-14,2026-03-18,2026-03-23,Delivered,156.84
D204184,O109699,W119,DHL,2026-03-07,2026-03-12,2026-03-10,Delivered,687.57
D204185,O104020,W111,EcomExpress,2026-05-14,2026-05-19,2026-05-19,Delivered,1040.04
D204186,O105172,W107,Delhivery,2026-08-19,2026-08-25,2026-08-26,Delayed,350.42
D204187,O101846,W105,BlueDart,2026-01-21,2026-01-26,2026-01-30,In Transit,313.8
D204188,O102926,W102,BlueDart,2026-02-18,2026-02-23,2026-02-23,Delivered,1452.09
D204189,O107283,W105,FedEx,2026-01-02,2026-01-05,2026-01-08,Delivered,99.97
D204190,O105241,W108,EcomExpress,2026-02-24,2026-02-27,2026-02-28,In Transit,1385.27
D204191,O109977,W116,FedEx,2026-05-19,2026-05-23,2026-05-22,Delivered,1399.15
D204192,O109217,W109,EcomExpress,2026-02-25,2026-03-01,2026-03-04,In Transit,1080.8
D204193,O106190,W104,BlueDart,2026-03-27,2026-04-03,2026-04-04,Delivered,151.7
D204194,O104655,W101,EcomExpress,2026-08-15,2026-08-19,2026-08-25,Delivered,781.46
D204195,O103553,W108,FedEx,2026-02-07,2026-02-10,2026-02-09,In Transit,230.75
D204196,O105466,W105,DHL,2026-05-20,2026-05-27,2026-05-30,Delivered,99.93
D204197,O107594,W105,EcomExpress,2026-01-23,2026-01-29,2026-02-03,Delivered,1134.85
D204198,O106594,W116,DHL,2026-05-09,2026-05-16,2026-05-16,Delivered,1173.27
D204199,O106507,W119,BlueDart,2026-05-07,2026-05-10,2026-05-14,Delayed,-500.0
D204200,O107520,W102,DHL,2026-08-18,2026-08-22,2026-08-22,Delivered,919.42
D204201,O106526,W102,EcomExpress,2026-06-04,2026-06-06,2026-06-08,Delivered,1417.95
D204202,O108753,W118,FedEx,2026-03-03,2026-03-06,2026-03-12,In Transit,319.06
D204203,O105641,W119,FedEx,2026-03-11,2026-03-15,2026-03-20,Delivered,1023.47
D204204,O109932,W104,Delhivery,2026-07-25,2026-08-01,2026-08-05,Delivered,1483.54
D204205,O101210,W109,BlueDart,2026-02-26,2026-03-05,2026-03-11,Delivered,633.59
D204206,O109817,W113,FedEx,2026-09-07,2026-09-12,2026-09-16,Delivered,130.76
D204207,O106168,W115,FedEx,2026-05-08,2026-05-15,2026-05-21,In Transit,549.44
D204208,O103552,W118,BlueDart,2026-01-05,2026-01-08,2026-01-10,In Transit,1410.27
D204209,O104110,W108,FedEx,2026-01-08,2026-01-12,2026-01-15,Delayed,637.72
D204210,O105849,W108,EcomExpress,2026-01-10,2026-01-17,2026-01-19,Delivered,889.42
D204211,O109651,W114,Delhivery,2026-06-15,2026-06-18,2026-06-23,Delivered,139.47
D204212,O105181,W113,BlueDart,2026-01-07,2026-01-11,2026-01-09,In Transit,1152.57
D204213,O103252,W103,DHL,2026-06-18,2026-06-24,2026-06-27,Delivered,1152.72
D204214,O103033,W109,FedEx,2026-01-22,2026-01-29,2026-02-02,Delivered,898.88
D204215,O100620,W104,EcomExpress,2026-03-03,2026-03-09,2026-03-10,In Transit,200.65
D204216,O109616,W113,delhivery,2026-05-18,2026-05-23,2026-05-29,Delivered,896.34
D204217,O106237,W100,FedEx,2026-01-09,2026-01-13,2026-01-19,Delivered,54.24
D204218,O101010,W106,DHL,2026-04-09,2026-04-16,2026-04-18,Delivered,1461.64
D204219,O108937,W110,BlueDart,2026-04-21,2026-04-27,2026-04-25,In Transit,964.88
D204220,O105323,W119,BlueDart,2026-05-25,2026-05-31,2026-06-01,Delivered,219.62
D204221,O101251,W109,EcomExpress,2026-01-13,2026-01-17,2026-01-19,Delivered,72.47
D204222,O106796,W112,EcomExpress,2026-06-24,2026-06-30,2026-07-01,Delivered,392.71
D204223,O109564,W100,DHL,2026-01-18,2026-01-23,2026-01-22,Delayed,1201.51
D204224,O100708,W104,Delhivery,2026-02-27,2026-03-03,2026-03-09,Delivered,542.33
D204225,O107735,W117,Delhivery,2026-01-25,2026-02-01,2026-02-07,Delivered,1257.97
D204226,O106940,W105,BlueDart,2026-06-23,2026-06-25,2026-06-25,Delivered,318.33
D204227,O108683,W103,BlueDart,2026-07-12,2026-07-19,2026-07-18,Delivered,1316.05
D204228,O104438,W101,EcomExpress,2026-04-24,2026-04-30,2026-05-02,Delivered,816.06
D204229,O108677,W101,FedEx,2026-06-24,2026-06-30,2026-07-06,Delivered,1223.59
D204230,O104024,W117,FedEx,2026-08-10,2026-08-13,2026-08-14,Delivered,371.82
D204231,O107978,W112,DHL,2026-01-20,2026-01-26,2026-01-28,Delayed,1136.25
D204232,O100407,W112,Delhivery,2026-04-05,2026-04-09,2026-04-14,Delivered,1423.56
D204233,O107958,W100,BlueDart,2026-02-24,2026-02-28,2026-03-03,Delivered,599.99
D204234,O108166,W119,BlueDart,2026-05-01,2026-05-08,2026-05-14,Delivered,1378.14
D204235,O106760,W104,BlueDart,2026-02-05,2026-02-11,2026-02-11,Delivered,196.95
D204236,O105067,W113,FedEx,2026-02-19,2026-02-21,2026-02-22,Lost,686.39
D204237,O109360,W113,DHL,2026-07-30,2026-08-04,2026-08-05,Delayed,415.39
D204238,O108927,W101,DHL,2026-08-01,2026-08-05,2026-08-03,Delivered,421.09
D204239,O106001,W106,BlueDart,2026-06-05,2026-06-12,2026-06-18,Delivered,595.72
D204240,O109766,W118,Delhivery,2026-08-03,2026-08-10,2026-08-08,Delivered,817.31
D204241,O101793,W110,EcomExpress,2026-01-12,2026-01-14,2026-01-16,Delivered,507.93
D204242,O108625,W102,FedEx,2026-03-12,2026-03-19,2026-03-21,Delivered,574.11
D204243,O109928,W117,Delhivery,2026-02-08,2026-02-12,2026-02-13,Delivered,700.54
D204244,O105698,W113,EcomExpress,2026-03-24,2026-03-31,2026-04-02,Delivered,395.77
D204245,O104712,W103,BlueDart,2026-05-29,2026-06-05,2026-06-03,Delivered,1215.77
D204246,O104195,W108,EcomExpress,2026-08-09,2026-08-13,2026-08-18,Delivered,1184.12
D204247,O102734,W119,BlueDart,2026-08-18,2026-08-23,2026-08-29,Delivered,566.53
D204248,O106794,W116,FedEx,2026-08-05,2026-08-12,2026-08-17,Delivered,889.45
D204249,O105414,W104,Delhivery,2026-05-13,2026-05-17,2026-05-18,Delayed,247.34
D204250,O107213,W101,BlueDart,2026-03-15,2026-03-22,2026-03-23,Delivered,1248.3
D204251,O103902,W113,DHL,2026-02-28,2026-03-05,2026-03-06,Delayed,1148.45
D204252,O100038,W112,DHL,2026-03-18,2026-03-24,2026-03-26,Delivered,1408.18
D204253,O104747,W107,DHL,2026-06-27,2026-07-03,2026-07-08,Delivered,1188.97
D204254,O109859,W109,FedEx,2026-04-08,2026-04-15,2026-04-20,Delayed,853.58
D204255,O104338,W119,DHL,2026-07-23,2026-07-25,2026-07-23,Delivered,591.65
D204256,O105509,W108,FedEx,2026-03-23,2026-03-29,2026-04-04,In Transit,549.48
D204257,O107862,W108,EcomExpress,2026-01-27,2026-02-02,2026-01-31,In Transit,125.99
D204258,O104686,W100,DHL,2026-08-23,2026-08-29,2026-09-01,Delivered,988.74
D204259,O104238,W117,Delhivery,2026-05-17,2026-05-19,2026-05-24,Delayed,1318.68
D204260,O109127,W106,DHL,2026-05-15,2026-05-18,2026-05-22,Delivered,1013.69
D204261,O102995,W116,BlueDart,2026-06-14,2026-06-17,2026-06-22,In Transit,576.7
D204262,O107033,W102,Delhivery,2026-02-08,2026-02-10,2026-02-14,Delivered,1437.02
D204263,O100075,W113,DHL,2026-03-30,2026-04-04,2026-04-02,Delivered,838.05
D204264,O102127,W110,BlueDart,2026-07-19,2026-07-21,2026-07-26,Delivered,752.92
D204265,O108197,W112,FedEx,2026-01-03,2026-01-10,2026-01-12,Delayed,251.73
D204266,O100340,W119,DHL,2026-03-18,2026-03-24,2026-03-24,Delivered,256.24
D204267,O108180,W116,FedEx,2026-01-01,2026-01-06,2026-01-05,Delivered,599.52
D204268,O100908,W119,EcomExpress,2026-05-06,2026-05-13,2026-05-11,Delivered,930.55
D204269,O107167,W110,Delhivery,2026-04-25,2026-05-02,2026-05-04,Delivered,320.06
D204270,O106506,W107,FedEx,2026-02-10,2026-02-12,2026-02-14,Delivered,1408.02
D204271,O109540,W113,EcomExpress,2026-05-13,2026-05-15,2026-05-21,In Transit,388.2
D204272,O106403,W116,BlueDart,2026-08-10,2026-08-15,2026-08-13,In Transit,1439.26
D204273,O104290,W113,EcomExpress,2026-07-09,2026-07-14,2026-07-13,Delivered,627.71
D204274,O107703,W105,DHL,2026-08-02,2026-08-04,2026-08-07,In Transit,402.85
D204275,O101493,W101,FedEx,2026-07-01,2026-07-06,2026-07-05,Delivered,326.18
D204276,O102994,W117,DHL,2026-09-11,2026-09-13,2026-09-16,Delivered,1409.35
D204277,O109310,W105,EcomExpress,2026-03-03,2026-03-05,2026-03-04,Delivered,872.46
D204278,O103470,W107,Delhivery,2026-08-03,2026-08-06,2026-08-05,Delayed,90.84
D204279,O105289,W111,Delhivery,2026-07-20,2026-07-26,2026-07-27,Delivered,858.92
D204280,O103022,W100,EcomExpress,2026-07-01,2026-07-06,2026-07-09,Delayed,1321.56
D204281,O101167,W109,EcomExpress,2026-09-09,2026-09-14,2026-09-20,In Transit,258.84
D204282,O108191,W100,BlueDart,2026-02-19,2026-02-24,2026-02-25,Delivered,576.4
D204283,O106936,W103,EcomExpress,2026-04-19,2026-04-26,2026-04-26,Delivered,-500.0
D204284,O108044,W109,BlueDart,2026-01-12,2026-01-16,2026-01-18,Delivered,365.23
D204285,O105736,W109,DHL,2026-05-27,2026-05-29,2026-06-01,Delivered,1438.36
D204286,O100035,W110,DHL,2026-06-26,2026-06-30,2026-07-03,Delivered,1080.09
D204287,O100679,W103,BlueDart,2026-01-30,2026-02-04,2026-02-02,Delivered,446.76
D204288,O105065,W116,DHL,2026-06-05,2026-06-08,2026-06-12,Delivered,333.86
D204289,O101475,W107,EcomExpress,2026-05-01,2026-05-07,2026-05-08,Delivered,1453.69
D204290,O109411,W113,EcomExpress,2026-09-14,2026-09-17,2026-09-18,Delivered,884.13
D204291,O103311,W114,Delhivery,2026-07-22,2026-07-24,2026-07-22,Delivered,997.83
D204292,O100500,W116,FedEx,2026-05-29,2026-06-02,2026-06-05,Delivered,1239.06
D204293,O105203,W105,EcomExpress,2026-02-21,2026-02-28,2026-03-05,Delivered,480.71
D204294,O106818,W103,BlueDart,2026-07-23,2026-07-27,2026-07-31,Delayed,588.32
D204295,O105834,W118,DHL,2026-05-19,2026-05-23,2026-05-22,Delivered,573.46
D204296,O103101,W118,,2026-06-30,2026-07-04,2026-07-06,Delivered,607.17
D204297,O104917,W111,EcomExpress,2026-01-21,2026-01-27,2026-01-30,Delivered,1339.27
D204298,O103436,W113,DHL,2026-07-17,2026-07-19,2026-07-20,Delivered,1445.51
D204299,O108653,W107,BlueDart,2026-03-15,2026-03-18,2026-03-17,Delivered,384.26
D204300,O105829,W105,BlueDart,2026-06-15,2026-06-21,2026-06-27,Delivered,1057.72
D204301,O108771,W107,EcomExpress,2026-04-08,2026-04-14,2026-04-20,In Transit,1282.91
D204302,O103941,W111,EcomExpress,2026-03-08,2026-03-13,2026-03-15,In Transit,84.75
D204303,O100062,W118,BlueDart,2026-03-07,2026-03-14,2026-03-15,Delivered,642.28
D204304,O106894,W119,DHL,2026-04-26,2026-05-01,2026-04-30,Delivered,1124.21
D204305,O102557,W100,Delhivery,2026-01-12,2026-01-19,2026-01-17,Delivered,154.79
D204306,O105375,W109,BlueDart,2026-08-30,2026-09-03,2026-09-07,Delivered,970.19
D204307,O105501,W110,BlueDart,2026-03-17,2026-03-20,2026-03-23,Delivered,383.05
D204308,O101499,W101,,2026-05-19,2026-05-23,2026-05-25,Delivered,178.2
D204309,O105106,W106,EcomExpress,2026-09-08,2026-09-15,2026-09-15,Delayed,135.56
D204310,O104262,W119,Delhivery,2026-07-17,2026-07-23,2026-07-29,Delivered,861.86
D204311,O104233,W105,EcomExpress,2026-05-11,2026-05-18,2026-05-21,Delivered,719.88
D204312,O108440,W117,BlueDart,2026-02-18,2026-02-23,2026-02-22,In Transit,513.76
D204313,O101963,W101,DHL,2026-04-06,2026-04-09,2026-04-15,Delivered,1160.37
D204314,O100317,W111,EcomExpress,2026-07-31,2026-08-06,2026-08-04,Delivered,607.37
D204315,O101244,W100,EcomExpress,2026-02-20,2026-02-22,2026-02-24,Delivered,1076.2
D204316,O105189,W118,EcomExpress,2026-04-22,2026-04-28,2026-05-04,In Transit,897.29
D204317,O109675,W113,FedEx,2026-07-06,2026-07-11,2026-07-16,Delivered,1223.07
D204318,O104115,W104,,2026-07-05,2026-07-09,2026-07-14,Delivered,577.02
D204319,O102864,W105,DHL,2026-09-08,2026-09-14,2026-09-17,Delivered,994.61
D204320,O106189,W105,FEDEX,2026-05-09,2026-05-14,2026-05-12,Delivered,577.64
D204321,O107597,W106,FedEx,2026-06-14,2026-06-17,2026-06-17,Delivered,885.84
D204322,O102799,W103,Delhivery,2026-07-23,2026-07-29,2026-08-04,Delivered,532.26
D204323,O100633,W118,BlueDart,2026-03-02,2026-03-06,2026-03-05,Delivered,764.41
D204324,O102447,W106,EcomExpress,2026-01-07,2026-01-11,2026-01-15,Delivered,751.81
D204325,O101642,W101,BlueDart,2026-06-15,2026-06-22,2026-06-26,In Transit,86.84
D204326,O100548,W100,FedEx,2026-04-13,2026-04-18,2026-04-24,Delivered,572.57
D204327,O105200,W111,FedEx,2026-05-06,2026-05-10,2026-05-15,Delivered,1198.36
D204328,O100841,W119,DHL,2026-06-09,2026-06-11,2026-06-11,Delivered,967.17
D204329,O103704,W113,BlueDart,2026-01-19,2026-01-21,2026-01-27,Delivered,950.64
D204330,O103405,W107,Delhivery,2026-04-23,2026-04-25,2026-04-23,Delivered,72.66
D204331,O101328,W110,FedEx,2026-07-08,2026-07-12,2026-07-17,Delivered,523.77
D204332,O103622,W104,EcomExpress,2026-05-19,2026-05-25,2026-05-31,In Transit,1063.21
D204333,O107028,W119,BlueDart,2026-05-23,2026-05-26,2026-05-24,Delivered,618.86
D204334,O104635,W118,DHL,2026-03-14,2026-03-20,2026-03-21,Delivered,603.41
D204335,O109127,W115,BlueDart,2026-08-31,2026-09-03,2026-09-02,In Transit,681.18
D204336,O100376,W107,EcomExpress,2026-06-30,2026-07-02,2026-06-30,Delivered,133.96
D204337,O101297,W106,BlueDart,2026-03-05,2026-03-09,2026-03-14,Delivered,462.35
D204338,O105157,W109,FedEx,2026-03-30,2026-04-02,2026-04-08,Delivered,330.64
D204339,O102802,W117,BlueDart,2026-01-08,2026-01-10,2026-01-10,Delivered,432.47
D204340,O108371,W105,BlueDart,2026-08-10,2026-08-14,2026-08-15,Delivered,438.97
D204341,O106743,W115,FedEx,2026-07-16,2026-07-18,2026-07-17,In Transit,869.81
D204342,O104540,W119,,2026-07-10,2026-07-14,2026-07-18,Delivered,513.05
D204343,O109804,W104,FedEx,2026-07-15,2026-07-22,2026-07-24,Delivered,1403.21
D204344,O103394,W109,FedEx,2026-04-11,2026-04-13,2026-04-15,Delivered,554.49
D204345,O108483,W104,EcomExpress,2026-04-02,2026-04-09,2026-04-14,Delayed,398.97
D204346,O100652,W107,DHL,2026-07-09,2026-07-11,2026-07-15,Delivered,1291.3
D204347,O105682,W104,Delhivery,2026-08-01,2026-08-08,2026-08-14,Delivered,1297.53
D204348,O103726,W107,DHL,2026-03-14,2026-03-17,2026-03-17,Delivered,1001.32
D204349,O108754,W108,BlueDart,2026-08-23,2026-08-29,2026-08-27,Delivered,411.9
D204350,O101745,W110,EcomExpress,2026-08-12,2026-08-15,2026-08-19,In Transit,359.97
D204351,O104105,W107,FedEx,2026-03-25,2026-03-28,2026-04-02,Delivered,648.76
D204352,O109160,W111,FedEx,2026-03-13,2026-03-20,2026-03-18,Delivered,1165.87
D204353,O104252,W101,Delhivery,2026-05-03,2026-05-10,2026-05-14,In Transit,1260.08
D204354,O105774,W111,EcomExpress,2026-08-01,2026-08-04,2026-08-03,Delivered,1211.88
D204355,O106408,W103, ,2026-05-01,2026-05-08,2026-05-13,Delivered,381.32
D204356,O103870,W110,DHL,2026-02-12,2026-02-16,2026-02-17,Delivered,390.75
D204357,O100607,W109,BlueDart,2026-03-31,2026-04-03,2026-04-07,Delivered,157.62
D204358,O104420,W117,DHL,2026-08-29,2026-09-03,2026-09-06,Delivered,99.83
D204359,O105972,W111,EcomExpress,2026-06-24,2026-07-01,2026-06-29,Delivered,257.84
D204360,O103952,W106,BlueDart,2026-04-29,2026-05-01,2026-05-02,Delivered,1364.56
D204361,O107279,W110,BlueDart,2026-05-11,2026-05-14,2026-05-19,Delivered,624.03
D204362,O104442,W116,EcomExpress,2026-03-04,2026-03-08,2026-03-06,Delivered,951.39
D204363,O105450,W108,BlueDart,2026-04-16,2026-04-20,2026-04-20,Delayed,441.0
D204364,O107495,W109,Delhivery,2026-06-26,2026-07-02,2026-07-04,Delayed,1058.11
D204365,O109524,W118,FedEx,2026-06-23,2026-06-28,2026-06-28,Delivered,869.47
D204366,O105132,W118,FedEx,2026-08-29,2026-09-02,2026-09-01,Delayed,72.06
D204367,O107175,W115,FedEx,2026-01-17,2026-01-23,2026-01-23,Delivered,516.52
D204368,O106754,W112,BlueDart,2026-03-24,2026-03-29,2026-04-02,Delivered,365.6
D204369,O101645,W108,DHL,2026-03-10,2026-03-14,2026-03-14,In Transit,1402.55
D204370,O106823,W107,BlueDart,2026-01-10,2026-01-16,2026-01-22,Delivered,95.18
D204371,O105315,W100,FedEx,2026-02-15,2026-02-19,2026-02-20,Delivered,1064.93
D204372,O107926,W103,DHL,2026-08-21,2026-08-25,2026-08-30,Delayed,271.61
D204373,O109213,W101,EcomExpress,2026-09-12,2026-09-19,2026-09-20,Delivered,267.77
D204374,O107743,W109,BlueDart,2026-02-11,2026-02-17,2026-02-20,Delivered,182.19
D204375,O109024,W115,BlueDart,2026-01-14,2026-01-20,2026-01-22,Delayed,1336.82
D204376,O105657,W113,,2026-08-04,2026-08-06,2026-08-09,Delivered,1456.03
D204377,O103167,W113,EcomExpress,2026-03-08,2026-03-15,2026-03-14,Delivered,944.26
D204378,O104513,W115,FedEx,2026-06-01,2026-06-03,2026-06-06,Delivered,1468.0
D204379,O103355,W119,FedEx,2026-07-05,2026-07-07,2026-07-07,Delivered,1423.62
D204380,O105974,W101,FedEx,2026-01-10,2026-01-16,2026-01-18,Delivered,1435.65
D204381,O103984,W111,EcomExpress,2026-03-10,2026-03-15,2026-03-16,Delivered,750.35
D204382,O103414,W113,,2026-07-17,2026-07-24,2026-07-27,Delivered,130.91
D204383,O105140,W104,EcomExpress,2026-05-27,2026-05-30,2026-06-03,Delivered,1170.54
D204384,O100798,W118,Delhivery,2026-05-17,2026-05-22,2026-05-24,In Transit,1227.02
D204385,O100851,W114,DHL,2026-08-21,2026-08-26,2026-08-25,Lost,344.49
D204386,O106427,W104,FedEx,2026-04-25,2026-05-02,2026-05-05,Delivered,1137.73
D204387,O100636,W103,Delhivery,2026-07-06,2026-07-13,2026-07-18,Delivered,1082.99
D204388,O102045,W113,BlueDart,2026-04-20,2026-04-26,2026-04-28,Delivered,1324.3
D204389,O103686,W111,Delhivery,2026-05-23,2026-05-28,2026-06-02,In Transit,1191.98
D204390,O102870,W109,DHL,2026-02-18,2026-02-24,2026-02-24,Delivered,290.36
D204391,O100657,W108,FedEx,2026-05-25,2026-05-31,2026-05-31,Delivered,257.27
D204392,O105527,W118,DHL,2026-05-07,2026-05-09,2026-05-13,In Transit,552.79
D204393,O107717,W106,EcomExpress,2026-02-07,2026-02-09,2026-02-15,Delivered,1093.07
D204394,O103191,W118,EcomExpress,2026-01-16,2026-01-21,2026-01-24,Delayed,990.15
D204395,O103023,W115,Delhivery,2026-04-22,2026-04-27,2026-05-02,Delivered,273.35
D204396,O104774,W117,EcomExpress,2026-04-06,2026-04-10,2026-04-08,Delivered,836.0
D204397,O109455,W103,Delhivery,2026-05-03,2026-05-06,2026-05-09,In Transit,396.97
D204398,O100985,W117,Delhivery,2026-03-05,2026-03-11,2026-03-16,Delayed,1454.74
D204399,O103014,W112,EcomExpress,2026-08-09,2026-08-11,2026-08-17,In Transit,461.21
D204400,O108065,W113,DHL,2026-08-07,2026-08-11,2026-08-09,Delayed,1460.8
D204401,O103075,W111,Delhivery,2026-08-28,2026-09-03,2026-09-09,Delivered,280.84
D204402,O101735,W115,Delhivery,2026-01-26,2026-02-01,2026-02-03,Delivered,232.71
D204403,O106221,W118,Delhivery,2026-08-06,2026-08-08,2026-08-14,Delivered,477.0
D204404,O102414,W102,Delhivery,2026-08-05,2026-08-11,2026-08-10,Delivered,794.85
D204405,O105270,W113,Delhivery,2026-09-07,2026-09-12,2026-09-10,Delivered,1231.41
D204406,O102165,W101,Delhivery,2026-05-12,2026-05-16,2026-05-16,Delivered,1499.74
D204407,O102434,W103,BlueDart,2026-08-29,2026-09-03,2026-09-02,Lost,720.78
D204408,O100377,W102,EcomExpress,2026-09-04,2026-09-08,2026-09-07,Delivered,1371.71
D204409,O103729,W109,Delhivery,2026-03-11,2026-03-17,2026-03-15,Delayed,1370.32
D204410,O101361,W113,DHL,2026-01-27,2026-02-03,2026-02-08,Delivered,144.94
D204411,O103532,W110,DHL,2026-02-19,2026-02-22,2026-02-21,Delivered,1224.01
D204412,O106190,W114,Delhivery,2026-02-10,2026-02-12,2026-02-13,Delivered,673.46
D204413,O109515,W101,FedEx,2026-02-01,2026-02-08,2026-02-07,Delivered,625.55
D204414,O102322,W104,Delhivery,2026-06-01,2026-06-08,2026-06-12,Delivered,614.51
D204415,O104167,W118,DHL,2026-01-01,2026-01-08,2026-01-06,Delivered,1305.07
D204416,O107634,W102,EcomExpress,2026-04-28,2026-05-05,2026-05-06,Delayed,660.86
D204417,O106446,W112,Delhivery,2026-05-09,2026-05-16,2026-05-19,Delivered,980.83
D204418,O109190,W110,FedEx,2026-05-07,2026-05-14,2026-05-18,Delivered,1067.61
D204419,O109824,W113,BlueDart,2026-08-28,2026-09-03,2026-09-09,Delivered,1081.73
D204420,O109165,W109,DHL,2026-03-30,2026-04-01,2026-03-31,Delayed,649.66
D204421,O102919,W119,DHL,2026-07-21,2026-07-26,2026-07-28,Delivered,436.89
D204422,O104159,W109,Delhivery,2026-01-10,2026-01-12,2026-01-15,Delivered,992.21
D204423,O105734,W116,BlueDart,2026-02-13,2026-02-17,2026-02-23,Delayed,994.05
D204424,O101331,W114,Delhivery,2026-08-17,2026-08-23,2026-08-21,Delivered,556.25
D204425,O100768,W116,FedEx,2026-08-29,2026-09-03,2026-09-04,Delivered,86.2
D204426,O109164,W110,FedEx,2026-09-01,2026-09-05,2026-09-07,Delayed,1033.85
D204427,O105536,W102,FedEx,2026-06-27,2026-06-29,2026-07-02,Delivered,549.44
D204428,O100535,W104,EcomExpress,2026-04-24,2026-05-01,2026-05-02,Delivered,413.75
D204429,O109270,W111,FedEx,2026-04-07,2026-04-09,2026-04-15,Delivered,929.41
D204430,O103822,W119,BlueDart,2026-05-25,2026-05-30,2026-06-05,Delivered,1328.89
D204431,O104168,W100,BlueDart,2026-03-14,2026-03-18,2026-03-23,Delivered,747.05
D204432,O108472,W100,EcomExpress,2026-03-10,2026-03-15,2026-03-19,Delayed,1303.04
D204433,O102256,W113,FedEx,2026-06-16,2026-06-18,2026-06-17,In Transit,1382.33
D204434,O100241,W105,Delhivery,2026-04-19,2026-04-26,2026-04-28,Delivered,1414.51
D204435,O105762,W109,FedEx,2026-04-26,2026-05-01,2026-05-01,In Transit,616.35
D204436,O108347,W112,DHL,2026-03-08,2026-03-11,2026-03-11,Delivered,856.57
D204437,O103540,W109,FedEx,2026-03-10,2026-03-17,2026-03-15,Delayed,81.26
D204438,O106335,W116,BlueDart,2026-05-16,2026-05-19,2026-05-25,Delivered,1146.04
D204439,O103367,W109,EcomExpress,2026-03-07,2026-03-10,2026-03-11,Delayed,1341.72
D204440,O101405,W107,DHL,2026-07-04,2026-07-11,2026-07-17,Delivered,404.02
D204441,O104047,W114,Delhivery,2026-09-10,2026-09-17,2026-09-23,Delayed,1483.73
D204442,O105342,W101,EcomExpress,2026-09-02,2026-09-07,2026-09-08,Delivered,170.6
D204443,O107488,W107,BlueDart,2026-08-19,2026-08-24,2026-08-25,Delivered,468.14
D204444,O109432,W116,FedEx,2026-04-03,2026-04-05,2026-04-07,Delayed,1075.65
D204445,O104793,W115,FedEx,2026-08-22,2026-08-25,2026-08-26,Delayed,911.76
D204446,O109561,W115,DHL,2026-08-22,2026-08-24,2026-08-27,Delayed,1466.27
D204447,O107073,W100,DHL,2026-05-10,2026-05-13,2026-05-15,Delivered,1180.27
D204448,O102884,W111,EcomExpress,2026-07-05,2026-07-09,2026-07-09,Delivered,453.56
D204449,O105439,W102,DHL,2026-08-17,2026-08-21,2026-08-22,Delayed,878.75
D204450,O101498,W109,EcomExpress,2026-06-23,2026-06-28,2026-07-04,Delivered,1477.92
D204451,O100213,W107,BlueDart,2026-01-25,2026-01-28,2026-01-30,In Transit,1047.49
D204452,O102417,W107,FedEx,2026-03-26,2026-03-31,2026-04-05,Delivered,496.35
D204453,O103850,W100,FedEx,2026-02-24,2026-03-01,2026-02-28,Delivered,368.86
D204454,O104824,W112,DHL,2026-06-26,2026-07-03,2026-07-01,Delivered,831.79
D204455,O100108,W113,EcomExpress,2026-04-06,2026-04-08,2026-04-08,Delivered,668.36
D204456,O102192,W109,DHL,2026-02-17,2026-02-22,2026-02-20,Delivered,903.27
D204457,O106311,W102,Delhivery,2026-02-21,2026-02-28,2026-03-02,Delivered,281.55
D204458,O107191,W112,Delhivery,2026-05-25,2026-06-01,2026-06-06,Delivered,712.86
D204459,O101128,W113,Delhivery,2026-06-08,2026-06-11,2026-06-09,Delayed,64.33
D204460,O100876,W110,FedEx,2026-08-10,2026-08-12,2026-08-14,Delivered,334.21
D204461,O107576,W103,EcomExpress,2026-01-18,2026-01-23,2026-01-25,Delayed,639.28
D204462,O109258,W102,FedEx,2026-04-27,2026-05-02,2026-05-08,Delivered,1493.23
D204463,O106439,W105,BlueDart,2026-07-13,2026-07-16,2026-07-15,Delivered,189.28
D204464,O109170,W111,Delhivery,2026-04-08,2026-04-10,2026-04-14,Delayed,51.08
D204465,O100764,W118,DHL,2026-04-28,2026-05-05,2026-05-08,In Transit,489.59
D204466,O106634,W106,BlueDart,2026-07-22,2026-07-28,2026-08-01,Delivered,645.23
D204467,O105990,W100,BlueDart,2026-09-08,2026-09-10,2026-09-12,Delivered,968.5
D204468,O103012,W113,EcomExpress,2026-06-02,2026-06-05,2026-06-03,Delivered,1127.43
D204469,O106186,W112,FedEx,2026-04-01,2026-04-04,2026-04-03,Delivered,593.24
D204470,O105891,W104,DHL,2026-01-09,2026-01-15,2026-01-18,Delivered,1343.39
D204471,O107530,W102,FedEx,2026-05-27,2026-06-03,2026-06-02,Delivered,346.79
D204472,O102478,W112,FedEx,2026-08-25,2026-09-01,2026-09-07,Delivered,1146.84
D204473,O104769,W104,EcomExpress,2026-06-19,2026-06-26,2026-07-01,Delivered,931.83
D204474,O108773,W119,EcomExpress,2026-05-07,2026-05-10,2026-05-15,Delivered,1051.62
D204475,O101949,W118,Delhivery,2026-07-08,2026-07-12,2026-07-13,Delayed,70.68
D204476,O102104,W114,,2026-09-15,2026-09-19,2026-09-18,Delivered,1395.55
D204477,O108250,W117,FedEx,2026-06-09,2026-06-13,2026-06-16,Delivered,239.95
D204478,O109997,W101,FedEx,2026-08-17,2026-08-20,2026-08-18,Delivered,208.29
D204479,O100729,W101,FedEx,2026-09-01,2026-09-07,2026-09-09,Delivered,898.3
D204480,O103412,W110,Delhivery,2026-01-29,2026-02-04,2026-02-02,Delivered,858.49
D204481,O109394,W101,DELHIVERY,2026-07-16,2026-07-23,2026-07-26,Delayed,422.03
D204482,O106305,W118,BlueDart,2026-05-06,2026-05-10,2026-05-16,Delivered,448.29
D204483,O102981,W118,,2026-04-01,2026-04-06,2026-04-12,Delayed,969.11
D204484,O109682,W102,Delhivery,2026-06-24,2026-06-28,2026-06-27,Delivered,262.2
D204485,O103704,W116,EcomExpress,2026-05-04,2026-05-06,2026-05-06,Delivered,333.18
D204486,O103730,W119,BlueDart,2026-03-08,2026-03-14,2026-03-20,Delivered,439.07
D204487,O104016,W118,FedEx,2026-01-28,2026-01-31,2026-01-29,Delivered,1498.08
D204488,O103205,W112,EcomExpress,2026-03-18,2026-03-23,2026-03-21,Delivered,1165.79
D204489,O107646,W100,EcomExpress,2026-06-12,2026-06-18,2026-06-19,Delivered,53.38
D204490,O102973,W114,DHL,2026-06-08,2026-06-13,2026-06-12,Delayed,165.86
D204491,O109173,W102,DHL,2026-07-28,2026-07-31,2026-08-04,Delivered,257.68
D204492,O107207,W100,FedEx,2026-02-11,2026-02-16,2026-02-22,Delayed,865.9
D204493,O102310,W110,Delhivery,2026-08-03,2026-08-06,2026-08-04,Delivered,725.8
D204494,O108090,W110,BlueDart,2026-08-31,2026-09-04,2026-09-02,Delivered,794.63
D204495,O102544,W109,,2026-05-29,2026-06-01,2026-06-07,Delivered,510.44
D204496,O106343,W106,BlueDart,2026-07-30,2026-08-05,2026-08-07,Delivered,272.19
D204497,O100946,W113,FedEx,2026-08-16,2026-08-22,2026-08-28,Delivered,513.89
D204498,O104293,W106,ECOMEXPRESS,2026-08-20,2026-08-24,2026-08-29,Delivered,1309.24
D204499,O106123,W106,DHL,2026-02-04,2026-02-09,2026-02-11,Delivered,780.57
D204500,O101397,W112, Delhivery ,2026-08-11,2026-08-18,2026-08-22,Delayed,804.69
D204501,O105744,W116,Delhivery,2026-04-21,2026-04-23,2026-04-28,Delivered,1016.84
D204502,O107968,W113,Delhivery,2026-08-01,2026-08-05,2026-08-03,Delivered,128.33
D204503,O105815,W117,FedEx,2026-02-10,2026-02-17,2026-02-21,Delivered,393.78
D204504,O107048,W112,FedEx,2026-04-26,2026-04-29,2026-04-29,Delivered,209.8
D204505,O100256,W101,FedEx,2026-06-16,2026-06-22,2026-06-26,Delayed,464.8
D204506,O106539,W114,Delhivery,2026-05-29,2026-05-31,2026-06-04,Delivered,77.98
D204507,O105783,W109,DHL,2026-06-17,2026-06-22,2026-06-26,Delivered,1412.45
D204508,O100791,W102,DHL,2026-03-11,2026-03-17,2026-03-17,Delivered,1457.75
D204509,O103757,W105,FedEx,2026-02-03,2026-02-07,2026-02-05,Delivered,1177.4
D204510,O103551,W115,DHL,2026-02-28,2026-03-03,2026-03-09,In Transit,1008.31
D204511,O100155,W119,EcomExpress,2026-06-21,2026-06-25,2026-06-28,Delayed,597.88
D204512,O100939,W119,EcomExpress,2026-08-13,2026-08-17,2026-08-16,Delivered,546.27
D204513,O105644,W113,EcomExpress,2026-03-30,2026-04-05,2026-04-07,Delivered,1292.49
D204514,O106490,W102,Delhivery,2026-04-28,2026-05-02,2026-05-02,Delayed,241.87
D204515,O105520,W113,DHL,2026-06-20,2026-06-25,2026-06-26,In Transit,1148.82
D204516,O103163,W108,Delhivery,2026-01-27,2026-02-01,2026-01-31,Delivered,1372.39
D204517,O102587,W104,Delhivery,2026-02-14,2026-02-17,2026-02-22,Delivered,225.97
D204518,O108990,W100,BlueDart,2026-05-24,2026-05-27,2026-05-29,In Transit,186.58
D204519,O107209,W111,DHL,2026-08-24,2026-08-31,2026-09-02,Delivered,1371.8
D204520,O101864,W112,BlueDart,2026-04-20,2026-04-23,2026-04-21,Delivered,922.95
D204521,O101595,W106,EcomExpress,2026-09-11,2026-09-13,2026-09-13,Delivered,1146.84
D204522,O102157,W109,FedEx,2026-09-07,2026-09-12,2026-09-12,Delivered,950.13
D204523,O104540,W109,EcomExpress,2026-08-05,2026-08-08,2026-08-06,In Transit,1282.57
D204524,O104763,W119,FedEx,2026-03-12,2026-03-18,2026-03-21,Delayed,1474.26
D204525,O101331,W112,Delhivery,2026-07-25,2026-07-29,2026-08-04,Delivered,830.64
D204526,O101364,W107,BlueDart,2026-04-11,2026-04-16,2026-04-15,In Transit,1304.03
D204527,O104475,W112,Delhivery,2026-07-14,2026-07-20,2026-07-21,Delivered,1150.6
D204528,O109606,W114,BlueDart,2026-06-30,2026-07-02,2026-07-08,Lost,1344.44
D204529,O103775,W111,FedEx,2026-05-30,2026-06-01,2026-06-05,Delivered,1204.03
D204530,O105107,W101,Delhivery,2026-09-10,2026-09-17,2026-09-20,Delivered,69.36
D204531,O101543,W102,BlueDart,2026-08-26,2026-08-30,2026-09-02,Delivered,1410.17
D204532,O109187,W118,BlueDart,2026-02-13,2026-02-15,2026-02-14,Delayed,1057.17
D204533,O108997,W116,Delhivery,2026-09-03,2026-09-06,2026-09-06,Delivered,110.04
D204534,O101232,W111,FedEx,2026-03-20,2026-03-25,2026-03-31,In Transit,176.82
D204535,O107165,W109,BlueDart,2026-03-11,2026-03-16,2026-03-22,In Transit,479.68
D204536,O105243,W117,EcomExpress,2026-01-11,2026-01-18,2026-01-21,Delayed,1430.91
D204537,O109638,W105,FedEx,2026-01-23,2026-01-27,2026-01-27,Delivered,387.47
D204538,O102757,W113,Delhivery,2026-03-05,2026-03-10,2026-03-13,Delayed,1062.86
D204539,O106114,W118,BlueDart,2026-01-12,2026-01-14,2026-01-14,Delayed,251.3
D204540,O106738,W116,DHL,2026-01-16,2026-01-23,2026-01-22,In Transit,175.02
D204541,O105283,W111,DHL,2026-02-19,2026-02-24,2026-03-01,Delivered,876.91
D204542,O102463,W115,Delhivery,2026-05-11,2026-05-16,2026-05-22,Delivered,723.69
D204543,O103303,W106,FedEx,2026-04-02,2026-04-04,2026-04-10,Delayed,1273.27
D204544,O109861,W105,EcomExpress,2026-07-28,2026-08-01,2026-08-06,Delivered,1247.91
D204545,O102690,W103,DHL,2026-08-02,2026-08-07,2026-08-10,Delivered,1481.06
D204546,O100912,W114,DHL,2026-01-30,2026-02-06,2026-02-07,Delivered,1217.93
D204547,O100845,W109,EcomExpress,2026-07-22,2026-07-27,2026-07-27,In Transit,1359.87
D204548,O106088,W115,Delhivery,2026-04-04,2026-04-09,2026-04-12,Delivered,886.41
D204549,O103223,W104,Delhivery,2026-06-13,2026-06-20,2026-06-26,Delivered,1156.25
D204550,O108515,W118,BlueDart,2026-02-13,2026-02-17,2026-02-15,Delivered,760.61
D204551,O103318,W118,FedEx,2026-06-14,2026-06-17,2026-06-16,Delivered,545.68
D204552,O109376,W102,FedEx,2026-09-08,2026-09-14,2026-09-19,Delivered,652.26
D204553,O107537,W106,DHL,2026-06-15,2026-06-19,2026-06-17,Delivered,387.15
D204554,O106567,W103,DHL,2026-06-24,2026-06-26,2026-06-25,Delayed,1299.11
D204555,O108633,W107,DHL,2026-02-25,2026-03-04,2026-03-09,Delivered,657.43
D204556,O102442,W100,,2026-05-10,2026-05-14,2026-05-19,Delivered,557.25
D204557,O108468,W115,FedEx,2026-01-22,2026-01-26,2026-01-24,Delayed,1428.33
D204558,O106544,W118,BlueDart,2026-07-23,2026-07-26,2026-07-31,Delivered,241.45
D204559,O109917,W113,Delhivery,2026-08-16,2026-08-18,2026-08-21,In Transit,668.05
D204560,O103393,W117,EcomExpress,2026-02-20,2026-02-22,2026-02-27,Delivered,1448.02
D204561,O106850,W109,EcomExpress,2026-01-08,2026-01-13,2026-01-13,Delivered,611.8
D204562,O104428,W117,EcomExpress,2026-01-05,2026-01-11,2026-01-15,In Transit,1182.43
D204563,O104566,W107,DHL,2026-01-01,2026-01-07,2026-01-10,In Transit,1031.52
D204564,O102263,W103,Delhivery,2026-05-16,2026-05-22,2026-05-27,Delayed,652.4
D204565,O105148,W119,FedEx,2026-06-30,2026-07-02,2026-06-30,Delivered,1379.27
D204566,O104495,W111,FedEx,2026-09-05,2026-09-08,2026-09-11,Delivered,1220.94
D204567,O103328,W115,BlueDart,2026-04-04,2026-04-09,2026-04-09,Delivered,72.22
D204568,O101479,W107,Delhivery,2026-05-20,2026-05-22,2026-05-25,Delivered,550.26
D204569,O100495,W111, BlueDart ,2026-03-22,2026-03-27,2026-03-28,Delayed,387.99
D204570,O104785,W119,FedEx,2026-03-31,2026-04-05,2026-04-05,Delayed,291.04
D204571,O102305,W109,DHL,2026-09-05,2026-09-10,2026-09-10,Delivered,407.4
D204572,O109387,W114,EcomExpress,2026-05-31,2026-06-04,2026-06-09,In Transit,675.58
D204573,O105321,W105,Delhivery,2026-07-21,2026-07-24,2026-07-28,Delayed,511.06
D204574,O102340,W118,ECOMEXPRESS,2026-08-05,2026-08-08,2026-08-06,In Transit,1391.64
D204575,O105674,W116,EcomExpress,2026-06-28,2026-07-04,2026-07-10,Delayed,127.37
D204576,O100687,W115,BlueDart,2026-03-07,2026-03-11,2026-03-13,Delivered,523.39
D204577,O103491,W107,Delhivery,2026-06-02,2026-06-07,2026-06-08,Delivered,721.24
D204578,O101108,W111,DHL,2026-04-12,2026-04-18,2026-04-19,Delivered,291.17
D204579,O105961,W117,Delhivery,2026-01-23,2026-01-25,2026-01-30,Delayed,317.05
D204580,O108068,W103,BlueDart,2026-06-26,2026-07-01,2026-06-30,In Transit,202.46
D204581,O109754,W108,Delhivery,2026-02-28,2026-03-02,2026-03-06,Delayed,1208.89
D204582,O108367,W100,FedEx,2026-08-22,2026-08-25,2026-08-30,Delivered,71.12
D204583,O106281,W111,FedEx,2026-03-05,2026-03-09,2026-03-12,Delivered,1193.18
D204584,O100993,W118,Delhivery,2026-08-26,2026-09-02,2026-09-03,Delayed,1020.79
D204585,O105984,W111,EcomExpress,2026-03-21,2026-03-25,2026-03-24,Delivered,1066.77
D204586,O105957,W103,FedEx,2026-06-19,2026-06-25,2026-06-23,In Transit,1162.35
D204587,O102603,W118,Delhivery,2026-02-02,2026-02-09,2026-02-08,Delayed,174.76
D204588,O107613,W110,FedEx,2026-04-03,2026-04-08,2026-04-11,In Transit,264.93
D204589,O106416,W112,Delhivery,2026-04-22,2026-04-27,2026-05-01,Delivered,851.5
D204590,O104038,W105,DHL,2026-05-12,2026-05-14,2026-05-14,Lost,261.86
D204591,O109183,W107,BlueDart,2026-04-16,2026-04-19,2026-04-24,Delivered,560.08
D204592,O100612,W101,EcomExpress,2026-05-01,2026-05-04,2026-05-09,Delivered,972.49
D204593,O102506,W104,DHL,2026-06-17,2026-06-23,2026-06-23,Delivered,94.23
D204594,O101375,W114, ,2026-04-29,2026-05-06,2026-05-05,In Transit,828.33
D204595,O108835,W115,Delhivery,2026-08-10,2026-08-14,2026-08-19,In Transit,546.05
D204596,O103254,W104,BlueDart,2026-08-26,2026-08-28,2026-08-31,Delivered,965.46
D204597,O103827,W105,EcomExpress,2026-07-11,2026-07-17,2026-07-20,Delivered,887.34
D204598,O101084,W102,EcomExpress,2026-08-18,2026-08-20,2026-08-24,Delivered,648.1
D204599,O101496,W115,Delhivery,2026-09-05,2026-09-12,2026-09-18,Delivered,676.0
D204600,O100124,W108,Delhivery,2026-09-12,2026-09-15,2026-09-18,Delayed,679.62
D204601,O102151,W111,EcomExpress,2026-08-16,2026-08-22,2026-08-26,Delivered,1135.83
D204602,O103864,W118,Delhivery,2026-04-19,2026-04-22,2026-04-21,Delayed,206.81
D204603,O109054,W104,FedEx,2026-05-09,2026-05-15,2026-05-16,Delivered,609.07
D204604,O104680,W106,FedEx,2026-03-08,2026-03-11,2026-03-16,Delayed,762.69
D204605,O100439,W101,DHL,2026-07-18,2026-07-24,2026-07-28,Delivered,196.86
D204606,O100336,W113,FedEx,2026-06-21,2026-06-25,2026-06-24,Delivered,270.6
D204607,O108062,W118,Delhivery,2026-09-04,2026-09-06,2026-09-04,Delayed,1309.92
D204608,O103794,W105,FedEx,2026-06-15,2026-06-18,2026-06-21,Delivered,763.69
D204609,O105512,W115,DHL,2026-01-25,2026-01-28,2026-01-28,Delivered,991.99
D204610,O102830,W106,FedEx,2026-04-16,2026-04-23,2026-04-23,Delivered,300.94
D204611,O108245,W119,BlueDart,2026-02-05,2026-02-10,2026-02-11,Delayed,992.32
D204612,O101500,W103,DHL,2026-01-05,2026-01-12,2026-01-16,Delivered,71.95
D204613,O109009,W107,DHL,2026-06-03,2026-06-10,2026-06-08,Delivered,573.99
D204614,O106386,W101,EcomExpress,2026-08-13,2026-08-18,2026-08-23,Delivered,1285.02
D204615,O106783,W101,DHL,2026-02-17,2026-02-24,2026-02-28,Delivered,273.31
D204616,O108028,W103,EcomExpress,2026-05-12,2026-05-17,2026-05-15,Delayed,65.21
D204617,O102980,W114,BlueDart,2026-01-01,2026-01-03,2026-01-06,Delivered,464.71
D204618,O102401,W117,DHL,2026-08-29,2026-09-04,2026-09-05,Delivered,107.47
D204619,O106539,W108,BlueDart,2026-09-02,2026-09-04,2026-09-08,Delivered,642.0
D204620,O106027,W107,Delhivery,2026-02-08,2026-02-13,2026-02-16,Delayed,698.88
D204621,O106001,W111,DHL,2026-04-04,2026-04-09,2026-04-14,Delivered,1180.09
D204622,O107437,W116,Delhivery,2026-01-16,2026-01-19,2026-01-25,Delayed,1338.38
D204623,O108617,W103,Delhivery,2026-07-31,2026-08-02,2026-08-05,Delivered,345.97
D204624,O105351,W106,EcomExpress,2026-02-13,2026-02-19,2026-02-17,Delayed,1280.07
D204625,O101138,W111,BlueDart,2026-01-19,2026-01-23,2026-01-23,Delivered,526.61
D204626,O104905,W108,DHL,2026-09-04,2026-09-10,2026-09-12,Delivered,688.17
D204627,O102658,W117,FedEx,2026-05-16,2026-05-19,2026-05-19,Lost,489.62
D204628,O102832,W116,DHL,2026-07-21,2026-07-27,2026-08-01,In Transit,920.32
D204629,O102087,W117,DHL,2026-07-21,2026-07-26,2026-07-25,Delivered,1274.13
D204630,O103066,W113,EcomExpress,2026-07-31,2026-08-02,2026-08-03,Delivered,486.66
D204631,O109137,W111,Delhivery,2026-09-12,2026-09-15,2026-09-19,Delivered,384.53
D204632,O105011,W108,BlueDart,2026-05-20,2026-05-24,2026-05-30,Delayed,484.38
D204633,O106910,W117,FedEx,2026-08-31,2026-09-07,2026-09-08,Delivered,808.22
D204634,O101123,W112,DHL,2026-03-19,2026-03-24,2026-03-24,Delivered,1372.26
D204635,O103563,W106,DHL,2026-02-16,2026-02-21,2026-02-21,Delivered,1029.1
D204636,O101340,W100,EcomExpress,2026-08-24,2026-08-26,2026-08-31,Delivered,153.55
D204637,O104940,W115,BlueDart,2026-03-03,2026-03-08,2026-03-07,Delayed,166.87
D204638,O102330,W111,FedEx,2026-03-29,2026-04-02,2026-04-04,Delivered,1328.0
D204639,O108490,W108,Delhivery,2026-05-29,2026-06-03,2026-06-01,Delivered,1254.86
D204640,O102410,W111,BlueDart,2026-04-28,2026-05-04,2026-05-06,Delayed,1418.28
D204641,O100903,W113,DHL,2026-07-08,2026-07-12,2026-07-12,Delivered,532.13
D204642,O107029,W111,Delhivery,2026-07-19,2026-07-21,2026-07-23,Delivered,762.93
D204643,O109007,W110,EcomExpress,2026-08-05,2026-08-10,2026-08-12,Delayed,1065.79
D204644,O108590,W100,FedEx,2026-09-14,2026-09-16,2026-09-21,Delivered,508.29
D204645,O107439,W105,EcomExpress,2026-05-06,2026-05-10,2026-05-10,Delayed,427.91
D204646,O103314,W104,FedEx,2026-01-26,2026-02-01,2026-02-07,Delivered,330.52
D204647,O105184,W118,Delhivery,2026-04-22,2026-04-25,2026-04-29,Delivered,1295.28
D204648,O107966,W114,Delhivery,2026-03-20,2026-03-26,2026-03-26,Delivered,1176.93
D204649,O104432,W104,DHL,2026-06-28,2026-07-01,2026-07-05,Delivered,727.44
D204650,O102395,W110,EcomExpress,2026-04-11,2026-04-15,2026-04-21,Delivered,1334.4
D204651,O106929,W111,DHL,2026-07-18,2026-07-21,2026-07-24,Delayed,1480.07
D204652,O105035,W106,BlueDart,2026-07-10,2026-07-12,2026-07-13,In Transit,221.23
D204653,O101774,W109,DHL,2026-03-15,2026-03-19,2026-03-17,Delivered,515.23
D204654,O109987,W119,Delhivery,2026-07-05,2026-07-11,2026-07-17,Delivered,1300.09
D204655,O104023,W113,BlueDart,2026-06-16,2026-06-23,2026-06-26,Delivered,1006.59
D204656,O102565,W111,BlueDart,2026-08-17,2026-08-24,2026-08-23,Delivered,919.67
D204657,O103586,W109,,2026-07-14,2026-07-18,2026-07-20,Delivered,854.15
D204658,O102202,W116,EcomExpress,2026-09-08,2026-09-12,2026-09-11,Delivered,721.3
D204659,O104570,W112,FedEx,2026-04-16,2026-04-19,2026-04-19,Delivered,1108.36
D204660,O105794,W110,FedEx,2026-06-13,2026-06-18,2026-06-20,Delivered,114.65
D204661,O106944,W113,DHL,2026-01-06,2026-01-11,2026-01-17,Delivered,888.51
D204662,O104939,W113,DHL,2026-08-31,2026-09-06,2026-09-05,In Transit,980.27
D204663,O105791,W112,EcomExpress,2026-02-17,2026-02-23,2026-03-01,Delivered,580.69
D204664,O105296,W105,DHL,2026-01-29,2026-02-05,2026-02-06,Delivered,771.79
D204665,O101774,W100,BlueDart,2026-09-13,2026-09-17,2026-09-15,Delivered,290.21
D204666,O100468,W115, DHL ,2026-04-01,2026-04-06,2026-04-08,Delayed,1215.55
D204667,O106298,W102,EcomExpress,2026-04-25,2026-05-01,2026-05-04,Delivered,861.0
D204668,O103620,W102,EcomExpress,2026-06-02,2026-06-08,2026-06-08,In Transit,853.72
D204669,O109489,W116,EcomExpress,2026-08-25,2026-08-28,2026-08-27,Delivered,1357.25
D204670,O105300,W118,EcomExpress,2026-07-17,2026-07-24,2026-07-30,Delivered,680.3
D204671,O103077,W102,FedEx,2026-05-18,2026-05-24,2026-05-25,Delivered,752.89
D204672,O101778,W118,EcomExpress,2026-08-01,2026-08-03,2026-08-08,In Transit,727.55
D204673,O104208,W107,FedEx,2026-02-06,2026-02-08,2026-02-07,Delayed,409.67
D204674,O102670,W116,Delhivery,2026-04-04,2026-04-08,2026-04-14,Delivered,404.45
D204675,O108337,W115,EcomExpress,2026-07-13,2026-07-15,2026-07-19,In Transit,1143.94
D204676,O103906,W111,BlueDart,2026-02-15,2026-02-20,2026-02-23,Delivered,176.21
D204677,O109376,W109,EcomExpress,2026-05-14,2026-05-19,2026-05-24,Delivered,1159.13
D204678,O103466,W114,BlueDart,2026-04-15,2026-04-20,2026-04-25,In Transit,717.44
D204679,O103571,W114,DHL,2026-07-27,2026-08-01,2026-08-04,Delayed,81.94
D204680,O108996,W100,DHL,2026-05-02,2026-05-08,2026-05-13,Delivered,362.06
D204681,O101715,W108,FedEx,2026-02-24,2026-02-28,2026-03-05,Delayed,1288.16
D204682,O104714,W115,BlueDart,2026-07-22,2026-07-26,2026-07-24,Delayed,1234.2
D204683,O100808,W112,BlueDart,2026-04-01,2026-04-06,2026-04-06,Delivered,81.97
D204684,O102587,W101,DHL,2026-08-14,2026-08-19,2026-08-22,Delivered,1431.06
D204685,O107203,W119,DHL,2026-06-20,2026-06-24,2026-06-25,Delivered,279.42
D204686,O103395,W114,EcomExpress,2026-07-21,2026-07-24,2026-07-29,Delivered,1255.03
D204687,O108591,W111,FedEx,2026-06-02,2026-06-08,2026-06-14,Lost,1299.94
D204688,O106522,W119,BlueDart,2026-05-11,2026-05-16,2026-05-16,In Transit,1012.41
D204689,O101620,W112,,2026-04-25,2026-04-27,2026-05-03,Delivered,568.25
D204690,O100014,W115,Delhivery,2026-01-20,2026-01-22,2026-01-20,Delayed,645.37
D204691,O108784,W114,FedEx,2026-06-13,2026-06-18,2026-06-16,Delivered,883.61
D204692,O105379,W112,Delhivery,2026-02-02,2026-02-08,2026-02-10,Delivered,1282.57
D204693,O109403,W110,DHL,2026-06-22,2026-06-26,2026-06-30,Delivered,1402.97
D204694,O104788,W102,EcomExpress,2026-07-21,2026-07-25,2026-07-29,Delayed,1461.32
D204695,O100917,W101,DHL,2026-07-25,2026-08-01,2026-08-05,Delivered,318.59
D204696,O101750,W118,DHL,2026-04-22,2026-04-26,2026-04-28,Delivered,907.6
D204697,O101937,W100,FedEx,2026-01-09,2026-01-15,2026-01-20,Delivered,50.67
D204698,O108101,W112,DHL,2026-02-01,2026-02-07,2026-02-13,Delivered,1439.23
D204699,O101738,W104,FedEx,2026-07-21,2026-07-23,2026-07-22,Delivered,1258.72
D204700,O105243,W109,FedEx,2026-04-13,2026-04-20,2026-04-22,Delivered,94.34
D204701,O101278,W103,BlueDart,2026-07-19,2026-07-25,2026-07-27,Delivered,690.53
D204702,O100884,W111,EcomExpress,2026-03-16,2026-03-22,2026-03-22,Delivered,86.21
D204703,O104419,W116,FedEx,2026-03-02,2026-03-05,2026-03-06,Delivered,1434.52
D204704,O100450,W119,Delhivery,2026-01-28,2026-01-31,2026-01-31,Delivered,115.76
D204705,O100284,W110,,2026-07-03,2026-07-06,2026-07-12,Delivered,1466.37
D204706,O103633,W111,FedEx,2026-02-09,2026-02-13,2026-02-16,Delivered,1040.59
D204707,O104313,W115,EcomExpress,2026-07-19,2026-07-21,2026-07-24,Lost,820.35
D204708,O106957,W104,BlueDart,2026-05-13,2026-05-16,2026-05-18,Delivered,312.07
D204709,O109278,W103,DHL,2026-01-29,2026-02-03,2026-02-01,Delivered,919.8
D204710,O101962,W100,EcomExpress,2026-08-17,2026-08-20,2026-08-18,Delayed,1427.96
D204711,O100516,W109,Delhivery,2026-08-25,2026-08-29,2026-09-03,Delivered,1106.87
D204712,O109603,W100,BlueDart,2026-01-29,2026-01-31,2026-01-29,Delivered,893.72
D204713,O102016,W107,DHL,2026-06-03,2026-06-06,2026-06-05,Delivered,588.38
D204714,O106702,W117,BlueDart,2026-09-14,2026-09-16,2026-09-22,Delivered,1047.47
D204715,O109642,W110,FedEx,2026-02-25,2026-03-02,2026-03-02,Delivered,1418.0
D204716,O109398,W100,EcomExpress,2026-02-16,2026-02-22,2026-02-23,Delivered,1204.9
D204717,O103577,W106,FedEx,2026-04-15,2026-04-21,2026-04-20,Delayed,1281.54
D204718,O100246,W112,BlueDart,2026-07-06,2026-07-10,2026-07-13,Delayed,1416.31
D204719,O106798,W109,DHL,2026-04-11,2026-04-13,2026-04-18,In Transit,578.32
D204720,O102368,W117,BlueDart,2026-09-01,2026-09-05,2026-09-11,Delivered,449.81
D204721,O104820,W112,Delhivery,2026-05-07,2026-05-09,2026-05-13,In Transit,1497.83
D204722,O104419,W110, EcomExpress ,2026-08-01,2026-08-04,2026-08-10,Delayed,79.41
D204723,O101063,W113,BlueDart,2026-07-06,2026-07-09,2026-07-09,Delivered,143.33
D204724,O108896,W112,DHL,2026-03-23,2026-03-27,2026-03-26,Delivered,799.07
D204725,O102759,W111,BlueDart,2026-09-05,2026-09-11,2026-09-12,In Transit,57.43
D204726,O106461,W100,Delhivery,2026-03-25,2026-03-30,2026-04-04,Delayed,374.12
D204727,O101924,W117,BlueDart,2026-06-12,2026-06-18,2026-06-16,Delivered,650.32
D204728,O105003,W115,FedEx,2026-07-20,2026-07-27,2026-07-31,Delivered,1108.02
D204729,O108704,W104,BlueDart,2026-08-14,2026-08-18,2026-08-19,In Transit,1243.24
D204730,O103742,W104,BlueDart,2026-08-24,2026-08-29,2026-08-27,Delayed,528.74
D204731,O100613,W118,EcomExpress,2026-08-29,2026-08-31,2026-09-06,Delivered,132.91
D204732,O104413,W114,BlueDart,2026-02-01,2026-02-07,2026-02-06,Delivered,759.07
D204733,O103440,W111,FedEx,2026-06-21,2026-06-25,2026-06-29,Delayed,328.99
D204734,O109370,W104,BlueDart,2026-07-04,2026-07-06,2026-07-08,In Transit,93.07
D204735,O107136,W111,EcomExpress,2026-06-02,2026-06-09,2026-06-09,Delivered,452.33
D204736,O103987,W112,DHL,2026-01-19,2026-01-25,2026-01-30,Delivered,659.42
D204737,O107586,W100,FedEx,2026-08-31,2026-09-06,2026-09-09,Delivered,383.49
D204738,O101805,W110,EcomExpress,2026-02-15,2026-02-21,2026-02-19,Delivered,644.42
D204739,O104942,W117,BlueDart,2026-04-04,2026-04-07,2026-04-07,Delivered,192.42
D204740,O106336,W104,BlueDart,2026-07-16,2026-07-22,2026-07-20,Delivered,1298.44
D204741,O100490,W113,Delhivery,2026-02-19,2026-02-25,2026-03-01,Delivered,955.46
D204742,O101827,W117,DHL,2026-06-16,2026-06-21,2026-06-27,In Transit,372.87
D204743,O103037,W108,EcomExpress,2026-05-30,2026-06-02,2026-06-01,In Transit,896.0
D204744,O105894,W104,EcomExpress,2026-04-04,2026-04-07,2026-04-08,Delivered,810.14
D204745,O103050,W103, ,2026-09-02,2026-09-06,2026-09-04,Delivered,981.9
D204746,O102989,W102,Delhivery,2026-01-05,2026-01-10,2026-01-11,Delivered,1046.98
D204747,O101157,W102,BlueDart,2026-01-26,2026-01-31,2026-02-03,Delivered,983.15
D204748,O106577,W117,BlueDart,2026-03-07,2026-03-14,2026-03-16,Delivered,125.41
D204749,O104829,W117,Delhivery,2026-05-07,2026-05-10,2026-05-12,Delivered,732.69
D204750,O104471,W117,BLUEDART,2026-04-22,2026-04-25,2026-04-29,Delivered,1200.03
D204751,O108974,W118,FedEx,2026-02-23,2026-02-27,2026-02-26,Delivered,1065.24
D204752,O100192,W101,BlueDart,2026-04-19,2026-04-26,2026-04-26,Delivered,1205.85
D204753,O109975,W113,BlueDart,2026-03-07,2026-03-14,2026-03-15,Delivered,987.47
D204754,O105680,W105,DHL,2026-07-20,2026-07-25,2026-07-31,Delivered,1064.49
D204755,O103647,W112,DHL,2026-04-10,2026-04-15,2026-04-18,Delivered,1082.99
D204756,O109133,W114,EcomExpress,2026-08-30,2026-09-05,2026-09-03,In Transit,455.8
D204757,O105087,W109,,2026-05-15,2026-05-20,2026-05-20,Delivered,927.53
D204758,O109812,W105,Delhivery,2026-08-04,2026-08-09,2026-08-09,Delayed,102.73
D204759,O100648,W119,BlueDart,2026-01-11,2026-01-16,2026-01-18,Delivered,1126.26
D204760,O105947,W117,,2026-03-22,2026-03-27,2026-04-02,Delivered,658.25
D204761,O102035,W112,Delhivery,2026-02-02,2026-02-09,2026-02-09,In Transit,1427.83
D204762,O106531,W100,BlueDart,2026-05-08,2026-05-14,2026-05-19,Delivered,785.64
D204763,O108792,W106,Delhivery,2026-08-11,2026-08-13,2026-08-13,In Transit,590.88
D204764,O109163,W102,,2026-05-28,2026-06-03,2026-06-03,In Transit,171.75
D204765,O106442,W114,Delhivery,2026-02-08,2026-02-11,2026-02-13,Delivered,745.68
D204766,O108372,W102,BlueDart,2026-07-04,2026-07-08,2026-07-11,Delivered,355.38
D204767,O105489,W118,FedEx,2026-09-13,2026-09-19,2026-09-21,Delivered,502.92
D204768,O105384,W118,DHL,2026-09-04,2026-09-09,2026-09-07,Delivered,1425.11
D204769,O100351,W113,Delhivery,2026-02-12,2026-02-17,2026-02-15,Delayed,446.56
D204770,O106247,W112,Delhivery,2026-03-11,2026-03-18,2026-03-24,Delivered,484.9
D204771,O100585,W103,EcomExpress,2026-02-04,2026-02-07,2026-02-13,Delayed,749.69
D204772,O102176,W104,FedEx,2026-05-17,2026-05-20,2026-05-20,In Transit,1113.98
D204773,O104332,W112,DHL,2026-03-30,2026-04-04,2026-04-07,Delivered,525.18
D204774,O106483,W106,FedEx,2026-07-11,2026-07-14,2026-07-15,Delivered,329.66
D204775,O106972,W110,BlueDart,2026-02-02,2026-02-06,2026-02-07,Delayed,1000.84
D204776,O105410,W101,EcomExpress,2026-06-30,2026-07-04,2026-07-09,Delivered,122.89
D204777,O103531,W111,FedEx,2026-07-31,2026-08-07,2026-08-05,In Transit,969.75
D204778,O106433,W108,Delhivery,2026-02-13,2026-02-20,2026-02-26,Delivered,1191.29
D204779,O101312,W106,FedEx,2026-08-31,2026-09-02,2026-09-03,In Transit,981.22
D204780,O100916,W107,DHL,2026-08-12,2026-08-19,2026-08-20,Delivered,696.68
D204781,O105909,W114,BlueDart,2026-07-06,2026-07-10,2026-07-10,Delayed,1090.53
D204782,O106807,W111,FedEx,2026-06-22,2026-06-29,2026-06-27,Delivered,76.99
D204783,O109009,W100,Delhivery,2026-03-22,2026-03-25,2026-03-28,In Transit,873.47
D204784,O108945,W118,DHL,2026-03-21,2026-03-25,2026-03-31,Delayed,820.13
D204785,O104925,W101,Delhivery,2026-04-23,2026-04-25,2026-05-01,Delivered,1478.34
D204786,O107577,W106,DHL,2026-07-08,2026-07-12,2026-07-11,Delivered,1115.72
D204787,O104529,W113,DHL,2026-07-05,2026-07-12,2026-07-16,Delivered,589.0
D204788,O101140,W114,EcomExpress,2026-03-08,2026-03-11,2026-03-11,In Transit,727.62
D204789,O100511,W117,EcomExpress,2026-06-15,2026-06-17,2026-06-23,Lost,186.12
D204790,O102802,W117,EcomExpress,2026-09-09,2026-09-15,2026-09-15,Delivered,284.6
D204791,O104205,W105,FedEx,2026-01-14,2026-01-17,2026-01-16,In Transit,1106.91
D204792,O103825,W114,EcomExpress,2026-08-12,2026-08-18,2026-08-17,Delivered,1129.97
D204793,O105930,W107,Delhivery,2026-04-10,2026-04-14,2026-04-17,Delivered,499.7
D204794,O103577,W117,Delhivery,2026-01-03,2026-01-05,2026-01-08,Delivered,981.03
D204795,O101418,W103,Delhivery,2026-03-19,2026-03-26,2026-03-30,Delivered,876.83
D204796,O104661,W102,,2026-03-17,2026-03-20,2026-03-18,In Transit,386.52
D204797,O107854,W117,BlueDart,2026-04-01,2026-04-03,2026-04-06,Delivered,1084.02
D204798,O100839,W110,,2026-04-25,2026-04-30,2026-04-30,In Transit,606.58
D204799,O101816,W104,DHL,2026-05-01,2026-05-06,2026-05-09,Delivered,619.33
D204800,O109252,W106,BlueDart,2026-07-02,2026-07-06,2026-07-05,Delivered,-500.0
D204801,O106244,W104,Delhivery,2026-03-15,2026-03-20,2026-03-24,Delayed,409.92
D204802,O105081,W119,DHL,2026-08-13,2026-08-20,2026-08-20,Delivered,1149.04
D204803,O104527,W105,BlueDart,2026-09-12,2026-09-18,2026-09-24,Delivered,77.89
D204804,O104672,W111,EcomExpress,2026-02-23,2026-02-27,2026-03-03,In Transit,341.03
D204805,O103065,W105,EcomExpress,2026-07-11,2026-07-13,2026-07-17,Delayed,1180.95
D204806,O100299,W118,Delhivery,2026-04-10,2026-04-12,2026-04-12,Delayed,1325.71
D204807,O107365,W114,Delhivery,2026-06-29,2026-07-01,2026-06-29,Delayed,952.49
D204808,O100318,W105,FedEx,2026-07-29,2026-08-05,2026-08-03,Delivered,1322.79
D204809,O107704,W112,FedEx,2026-06-03,2026-06-07,2026-06-09,Delivered,246.12
D204810,O102739,W113,EcomExpress,2026-09-06,2026-09-12,2026-09-13,Delayed,990.12
D204811,O105292,W110,FedEx,2026-03-22,2026-03-29,2026-03-29,Delayed,1028.33
D204812,O101172,W105,BlueDart,2026-07-30,2026-08-01,2026-08-04,Delivered,1273.9
D204813,O108028,W103,DHL,2026-06-08,2026-06-13,2026-06-16,Delivered,384.39
D204814,O103495,W102,BlueDart,2026-09-13,2026-09-16,2026-09-14,In Transit,181.67
D204815,O101561,W101,,2026-05-17,2026-05-20,2026-05-26,Delivered,383.91
D204816,O105481,W107,FedEx,2026-07-31,2026-08-07,2026-08-06,Delivered,926.73
D204817,O100762,W103,BlueDart,2026-05-22,2026-05-29,2026-05-31,Delayed,1436.47
D204818,O100296,W102,Delhivery,2026-07-04,2026-07-09,2026-07-15,Delivered,564.94
D204819,O105498,W104,EcomExpress,2026-06-14,2026-06-20,2026-06-20,Delivered,614.18
D204820,O107428,W108,BlueDart,2026-01-18,2026-01-24,2026-01-23,Delayed,869.09
D204821,O104507,W119,Delhivery,2026-08-21,2026-08-27,2026-08-29,Delayed,773.71
D204822,O104019,W103,BlueDart,2026-03-19,2026-03-24,2026-03-24,Delivered,257.67
D204823,O106830,W103,EcomExpress,2026-05-06,2026-05-10,2026-05-16,Delayed,657.21
D204824,O108162,W103,,2026-02-22,2026-02-26,2026-03-03,Delivered,1392.76
D204825,O105036,W114,DHL,2026-01-06,2026-01-09,2026-01-13,Delivered,429.87
D204826,O100956,W106,Delhivery,2026-03-04,2026-03-08,2026-03-07,Delayed,1259.36
D204827,O102535,W118,EcomExpress,2026-06-30,2026-07-07,2026-07-10,Delivered,556.75
D204828,O100544,W101,EcomExpress,2026-01-26,2026-01-28,2026-01-31,Delivered,1204.4
D204829,O100161,W110,FedEx,2026-01-26,2026-01-28,2026-01-29,Delivered,1038.55
D204830,O107966,W118,Delhivery,2026-09-03,2026-09-05,2026-09-07,In Transit,1007.25
D204831,O104958,W118,DHL,2026-06-11,2026-06-13,2026-06-14,Delayed,354.94
D204832,O108024,W112,DHL,2026-07-26,2026-08-01,2026-08-04,Delivered,172.73
D204833,O105430,W100,Delhivery,2026-06-08,2026-06-13,2026-06-11,In Transit,1126.36
D204834,O107638,W113,EcomExpress,2026-06-29,2026-07-03,2026-07-01,Delivered,1426.7
D204835,O108322,W110,FedEx,2026-01-14,2026-01-16,2026-01-18,Delayed,983.08
D204836,O109218,W117,BlueDart,2026-06-23,2026-06-26,2026-06-26,Delivered,1430.96
D204837,O106240,W117,EcomExpress,2026-02-26,2026-02-28,2026-03-04,Delayed,95.0
D204838,O103556,W105,,2026-01-07,2026-01-14,2026-01-12,Delivered,1102.27
D204839,O100790,W109,FedEx,2026-06-13,2026-06-18,2026-06-23,Delivered,827.45
D204840,O100322,W115,Delhivery,2026-01-06,2026-01-13,2026-01-13,Delayed,890.84
D204841,O106431,W114,BlueDart,2026-02-25,2026-03-02,2026-03-05,Delivered,391.67
D204842,O101092,W100,DHL,2026-01-01,2026-01-08,2026-01-08,Delivered,1084.23
D204843,O105669,W109,DHL,2026-08-04,2026-08-06,2026-08-11,Delivered,714.84
D204844,O105167,W101,Delhivery,2026-09-07,2026-09-09,2026-09-10,Delayed,1290.91
D204845,O109971,W110,FedEx,2026-09-09,2026-09-14,2026-09-15,Delivered,739.45
D204846,O106367,W102,FedEx,2026-05-14,2026-05-20,2026-05-25,Delivered,1005.29
D204847,O100190,W119,DHL,2026-05-10,2026-05-16,2026-05-15,Delivered,325.42
D204848,O103606,W110,EcomExpress,2026-09-13,2026-09-17,2026-09-19,Delivered,1320.34
D204849,O100523,W117,FedEx,2026-08-11,2026-08-17,2026-08-23,Lost,595.26
D204850,O102083,W110,EcomExpress,2026-02-10,2026-02-17,2026-02-15,Delayed,1476.43
D204851,O106426,W106,FedEx,2026-04-19,2026-04-22,2026-04-28,In Transit,675.35
D204852,O106447,W111,EcomExpress,2026-08-17,2026-08-20,2026-08-23,Delivered,498.08
D204853,O102174,W104,Delhivery,2026-08-07,2026-08-14,2026-08-16,Delayed,1071.65
D204854,O108403,W110,BlueDart,2026-07-12,2026-07-19,2026-07-17,Delivered,239.68
D204855,O104215,W118,DHL,2026-04-10,2026-04-12,2026-04-14,In Transit,320.17
D204856,O106248,W104,FedEx,2026-07-16,2026-07-22,2026-07-26,Lost,96.07
D204857,O103186,W113,Delhivery,2026-06-01,2026-06-03,2026-06-01,Delivered,257.97
D204858,O100653,W119,Delhivery,2026-07-18,2026-07-23,2026-07-28,Delivered,1013.82
D204859,O100183,W102,FedEx,2026-06-19,2026-06-22,2026-06-20,Delayed,861.43
D204860,O108368,W112,DHL,2026-05-05,2026-05-09,2026-05-08,Delivered,1390.49
D204861,O106414,W103,Delhivery,2026-04-23,2026-04-29,2026-04-29,Delivered,1178.73
D204862,O108329,W112,Delhivery,2026-04-30,2026-05-07,2026-05-07,Delivered,1276.41
D204863,O108134,W113,,2026-06-03,2026-06-06,2026-06-05,Delivered,759.82
D204864,O101797,W114,BlueDart,2026-08-16,2026-08-23,2026-08-25,Delivered,270.54
D204865,O102530,W107,EcomExpress,2026-08-15,2026-08-20,2026-08-22,Lost,975.49
D204866,O104626,W117,Delhivery,2026-05-22,2026-05-28,2026-05-27,Delivered,1363.39
D204867,O104532,W118,FedEx,2026-07-29,2026-08-02,2026-08-05,Delivered,1032.52
D204868,O103851,W104,DHL,2026-04-28,2026-05-03,2026-05-08,Delayed,1436.81
D204869,O101111,W111,DHL,2026-04-12,2026-04-14,2026-04-20,Delivered,1132.46
D204870,O100674,W103,DHL,2026-09-03,2026-09-07,2026-09-13,Delivered,320.02
D204871,O108381,W105,FedEx,2026-03-17,2026-03-19,2026-03-21,Delivered,1373.65
D204872,O100681,W106,Delhivery,2026-03-21,2026-03-28,2026-03-26,Delivered,1217.33
D204873,O103824,W119,DHL,2026-08-09,2026-08-13,2026-08-11,Delivered,594.79
D204874,O103265,W117,Delhivery,2026-03-29,2026-04-01,2026-04-01,Delivered,291.37
D204875,O101286,W110,DHL,2026-09-15,2026-09-19,2026-09-21,Delivered,910.43
D204876,O107899,W100,BlueDart,2026-02-28,2026-03-02,2026-03-08,Lost,351.26
D204877,O101964,W114,BlueDart,2026-02-08,2026-02-15,2026-02-20,Delivered,1372.26
D204878,O109456,W110,DHL,2026-06-26,2026-06-28,2026-06-26,Delayed,914.23
D204879,O104721,W102,BlueDart,2026-01-01,2026-01-05,2026-01-03,Delayed,84.92
D204880,O106538,W106,EcomExpress,2026-04-03,2026-04-06,2026-04-05,Delivered,718.66
D204881,O102057,W105,FedEx,2026-04-22,2026-04-25,2026-04-28,Delivered,1192.37
D204882,O102727,W118,BlueDart,2026-09-06,2026-09-12,2026-09-13,Delivered,832.43
D204883,O108781,W110,BlueDart,2026-05-29,2026-06-01,2026-06-05,Delivered,833.65
D204884,O109150,W101,BlueDart,2026-04-16,2026-04-22,2026-04-22,In Transit,1099.13
D204885,O109509,W108,FedEx,2026-09-13,2026-09-20,2026-09-24,Delivered,856.61
D204886,O104448,W102,FedEx,2026-05-06,2026-05-12,2026-05-14,Delivered,979.08
D204887,O100946,W109,FedEx,2026-05-28,2026-06-02,2026-06-08,Lost,135.49
D204888,O108124,W102,DHL,2026-06-10,2026-06-13,2026-06-14,Delivered,968.81
D204889,O103847,W110,FedEx,2026-01-26,2026-02-01,2026-01-30,Delivered,378.5
D204890,O107648,W117,DHL,2026-06-15,2026-06-20,2026-06-24,In Transit,1192.2
D204891,O106777,W113,FedEx,2026-03-26,2026-03-29,2026-03-29,Delivered,684.96
D204892,O101571,W113,BlueDart,2026-03-01,2026-03-03,2026-03-06,Delayed,362.44
D204893,O100762,W114,EcomExpress,2026-05-29,2026-06-03,2026-06-03,Delivered,140.75
D204894,O103268,W115,DHL,2026-01-05,2026-01-07,2026-01-05,Delivered,433.98
D204895,O103358,W104,FedEx,2026-06-13,2026-06-20,2026-06-25,In Transit,1304.33
D204896,O105112,W106,Delhivery,2026-01-02,2026-01-05,2026-01-08,In Transit,1010.24
D204897,O103718,W107,Delhivery,2026-05-10,2026-05-15,2026-05-13,Delivered,706.51
D204898,O109270,W108,Delhivery,2026-08-31,2026-09-06,2026-09-06,Delayed,531.23
D204899,O108289,W114,FedEx,2026-03-08,2026-03-11,2026-03-09,In Transit,521.11
D204900,O101586,W101,Delhivery,2026-08-02,2026-08-04,2026-08-04,In Transit,642.18
D204901,O108867,W112,Delhivery,2026-01-14,2026-01-21,2026-01-22,In Transit,83.59
D204902,O101316,W105,EcomExpress,2026-09-02,2026-09-07,2026-09-05,In Transit,985.49
D204903,O105524,W119,DHL,2026-08-07,2026-08-11,2026-08-13,In Transit,550.89
D204904,O101332,W109,DHL,2026-03-25,2026-04-01,2026-04-03,In Transit,849.81
D204905,O103928,W102,FedEx,2026-02-08,2026-02-12,2026-02-13,Delivered,783.47
D204906,O101836,W118,EcomExpress,2026-05-19,2026-05-25,2026-05-25,In Transit,611.28
D204907,O108139,W116,DHL,2026-07-01,2026-07-06,2026-07-11,Delivered,986.29
D204908,O108997,W103,DHL,2026-09-07,2026-09-12,2026-09-11,Delivered,1362.55
D204909,O104037,W119,Delhivery,2026-08-19,2026-08-25,2026-08-31,Delivered,1432.87
D204910,O100519,W102,FedEx,2026-05-01,2026-05-05,2026-05-08,Delivered,413.51
D204911,O107891,W119,Delhivery,2026-07-29,2026-08-01,2026-08-02,Delivered,1264.56
D204912,O109320,W118,EcomExpress,2026-07-13,2026-07-20,2026-07-19,Delivered,98.5
D204913,O108311,W114,DHL,2026-01-09,2026-01-12,2026-01-18,Delivered,460.29
D204914,O105708,W114,DHL,2026-06-12,2026-06-17,2026-06-18,Delivered,423.86
D204915,O105219,W100,EcomExpress,2026-02-28,2026-03-03,2026-03-01,Delivered,330.22
D204916,O109043,W113,BlueDart,2026-02-17,2026-02-22,2026-02-23,Delivered,324.09
D204917,O101355,W102,Delhivery,2026-08-13,2026-08-17,2026-08-19,Delivered,433.15
D204918,O106948,W104,ECOMEXPRESS,2026-06-02,2026-06-04,2026-06-07,Delivered,1076.89
D204919,O109812,W116,EcomExpress,2026-09-06,2026-09-11,2026-09-10,Delivered,639.09
D204920,O106164,W109,Delhivery,2026-04-29,2026-05-05,2026-05-05,Delayed,1353.26
D204921,O104219,W108,Delhivery,2026-07-19,2026-07-25,2026-07-31,Delivered,1236.68
D204922,O100738,W113,Delhivery,2026-08-12,2026-08-14,2026-08-19,Delivered,-500.0
D204923,O109328,W110,BlueDart,2026-07-06,2026-07-08,2026-07-12,In Transit,1290.71
D204924,O105788,W111,EcomExpress,2026-04-15,2026-04-21,2026-04-21,Delayed,1302.69
D204925,O107618,W104,EcomExpress,2026-08-14,2026-08-20,2026-08-26,Delivered,810.63
D204926,O102094,W115,BlueDart,2026-06-29,2026-07-04,2026-07-07,In Transit,323.99
D204927,O106779,W108,DHL,2026-08-19,2026-08-24,2026-08-22,In Transit,799.17
D204928,O107357,W108,FedEx,2026-06-03,2026-06-06,2026-06-07,Delivered,87.35
D204929,O103722,W106,BlueDart,2026-06-27,2026-07-03,2026-07-04,Delayed,67.63
D204930,O104108,W119,EcomExpress,2026-07-05,2026-07-12,2026-07-11,Delivered,782.2
D204931,O107948,W106,DHL,2026-08-20,2026-08-26,2026-08-24,Delayed,1376.75
D204932,O103625,W117,DHL,2026-03-01,2026-03-08,2026-03-11,Delivered,244.88
D204933,O105326,W119,DHL,2026-05-06,2026-05-11,2026-05-10,Delivered,582.62
D204934,O103623,W104,FedEx,2026-02-27,2026-03-06,2026-03-11,Delivered,759.89
D204935,O101685,W100,FedEx,2026-05-10,2026-05-15,2026-05-15,Delivered,820.42
D204936,O109463,W106,EcomExpress,2026-05-15,2026-05-22,2026-05-23,Delivered,1237.61
D204937,O103343,W113,DHL,2026-05-16,2026-05-22,2026-05-20,Delivered,283.21
D204938,O107116,W101,DHL,2026-07-19,2026-07-23,2026-07-26,Delivered,84.35
D204939,O107880,W113,Delhivery,2026-02-03,2026-02-09,2026-02-07,Delivered,1107.2
D204940,O108210,W116,BlueDart,2026-08-11,2026-08-13,2026-08-16,Delivered,1282.93
D204941,O105966,W106,BlueDart,2026-05-05,2026-05-11,2026-05-16,Delayed,633.94
D204942,O107111,W102,DHL,2026-06-13,2026-06-17,2026-06-21,Delayed,1436.88
D204943,O106973,W101,EcomExpress,2026-04-03,2026-04-08,2026-04-14,Delivered,815.22
D204944,O108503,W119,FedEx,2026-06-23,2026-06-27,2026-06-27,Delivered,1046.4
D204945,O101526,W109,EcomExpress,2026-09-03,2026-09-10,2026-09-13,Delivered,772.91
D204946,O104401,W102,DHL,2026-05-09,2026-05-16,2026-05-14,Delivered,357.36
D204947,O106828,W119,,2026-09-02,2026-09-05,2026-09-06,Delivered,521.65
D204948,O108892,W105,Delhivery,2026-09-02,2026-09-09,2026-09-12,Delivered,1436.54
D204949,O100726,W108,DHL,2026-09-05,2026-09-12,2026-09-13,Delivered,812.95
D204950,O104654,W115,DHL,2026-05-23,2026-05-27,2026-05-29,Delivered,1428.87
D204951,O109292,W114,EcomExpress,2026-05-02,2026-05-04,2026-05-08,Delayed,549.66
D204952,O102638,W108,FedEx,2026-08-13,2026-08-20,2026-08-26,Delivered,1486.51
D204953,O105812,W108,EcomExpress,2026-03-22,2026-03-28,2026-03-26,Delayed,991.88
D204954,O109887,W112,FedEx,2026-02-10,2026-02-16,2026-02-18,Delivered,1224.38
D204955,O106772,W105,BlueDart,2026-03-14,2026-03-20,2026-03-20,Delivered,214.17
D204956,O100262,W119,BlueDart,2026-04-24,2026-05-01,2026-05-02,Delivered,1331.21
D204957,O102223,W118,BlueDart,2026-05-21,2026-05-26,2026-05-30,Delivered,79.49
D204958,O108140,W110,Delhivery,2026-08-22,2026-08-29,2026-08-31,In Transit,145.12
D204959,O103820,W114,Delhivery,2026-08-16,2026-08-22,2026-08-24,Delayed,568.0
D204960,O107758,W107,DHL,2026-07-09,2026-07-16,2026-07-15,In Transit,485.89
D204961,O101233,W108,BlueDart,2026-07-16,2026-07-23,2026-07-22,Delivered,314.6
D204962,O100699,W106,FedEx,2026-02-07,2026-02-13,2026-02-14,Delayed,1180.8
D204963,O109296,W104,Delhivery,2026-02-11,2026-02-13,2026-02-19,Delivered,648.19
D204964,O105934,W118,FedEx,2026-08-29,2026-09-04,2026-09-02,Delayed,1339.77
D204965,O101530,W119,Delhivery,2026-06-20,2026-06-25,2026-06-30,Delayed,92.56
D204966,O106570,W116,Delhivery,2026-07-11,2026-07-17,2026-07-19,Delivered,544.52
D204967,O104084,W119,BlueDart,2026-09-10,2026-09-16,2026-09-21,Delivered,315.51
D204968,O108016,W109, ,2026-04-24,2026-05-01,2026-05-03,In Transit,686.3
D204969,O108764,W118,Delhivery,2026-03-06,2026-03-12,2026-03-12,Delayed,1494.56
D204970,O102604,W109,DHL,2026-04-06,2026-04-10,2026-04-12,Delivered,1329.93
D204971,O105886,W115,Delhivery,2026-01-21,2026-01-25,2026-01-26,Delivered,981.8
D204972,O103134,W114,DHL,2026-01-15,2026-01-21,2026-01-26,Delivered,352.02
D204973,O103768,W119,DHL,2026-01-31,2026-02-02,2026-02-05,Delivered,981.69
D204974,O105026,W102,BlueDart,2026-06-15,2026-06-17,2026-06-21,Delayed,374.25
D204975,O109869,W106,DHL,2026-01-07,2026-01-11,2026-01-11,Delayed,143.1
D204976,O103942,W104,FedEx,2026-06-13,2026-06-20,2026-06-19,Delayed,1055.18
D204977,O105555,W112,FedEx,2026-05-27,2026-05-30,2026-06-05,Delivered,1187.22
D204978,O101259,W103,BlueDart,2026-06-29,2026-07-03,2026-07-01,Delayed,447.51
D204979,O109806,W109,FedEx,2026-02-28,2026-03-02,2026-03-04,Delivered,301.44
D204980,O108893,W110,Delhivery,2026-08-13,2026-08-20,2026-08-21,Delivered,1222.3
D204981,O107765,W107,FedEx,2026-04-28,2026-05-02,2026-05-07,Delayed,240.44
D204982,O109407,W116,BlueDart,2026-07-14,2026-07-20,2026-07-24,In Transit,1453.06
D204983,O100062,W110,Delhivery,2026-06-14,2026-06-20,2026-06-23,In Transit,69.56
D204984,O109436,W101,Delhivery,2026-07-06,2026-07-13,2026-07-16,Delivered,885.57
D204985,O107195,W117,DHL,2026-05-26,2026-05-30,2026-06-04,Delivered,897.32
D204986,O107097,W116,BlueDart,2026-01-17,2026-01-22,2026-01-21,Delayed,766.58
D204987,O103329,W117,EcomExpress,2026-06-15,2026-06-17,2026-06-23,In Transit,1145.33
D204988,O101438,W112,EcomExpress,2026-02-04,2026-02-08,2026-02-07,Delivered,939.23
D204989,O108776,W110,EcomExpress,2026-04-25,2026-04-30,2026-05-03,Delayed,1455.76
D204990,O108188,W102,BlueDart,2026-05-22,2026-05-26,2026-05-24,Delivered,154.9
D204991,O101186,W118,BlueDart,2026-06-05,2026-06-08,2026-06-12,Delivered,631.55
D204992,O101231,W100,FedEx,2026-04-05,2026-04-10,2026-04-08,Delayed,762.33
D204993,O106039,W117,FedEx,2026-05-29,2026-06-01,2026-06-04,Delayed,1063.44
D204994,O105116,W112,BlueDart,2026-07-29,2026-08-02,2026-07-31,Delayed,124.5
D204995,O104589,W100,BlueDart,2026-03-06,2026-03-13,2026-03-19,Delivered,1205.58
D204996,O101225,W117,Delhivery,2026-08-29,2026-09-01,2026-09-01,Delivered,228.74
D204997,O108009,W116,FedEx,2026-02-22,2026-02-24,2026-03-02,Delivered,52.59
D204998,O109476,W102,FedEx,2026-03-10,2026-03-12,2026-03-15,Delivered,720.79
D204999,O104702,W102,FedEx,2026-04-07,2026-04-13,2026-04-11,Delivered,354.22
D205000,O103520,W104,Delhivery,2026-04-30,2026-05-04,2026-05-10,Delivered,1433.0
D205001,O103351,W117,EcomExpress,2026-05-07,2026-05-12,2026-05-14,Delivered,1029.17
D205002,O106431,W115,FedEx,2026-01-29,2026-02-01,2026-02-06,Delivered,1251.65
D205003,O107430,W116,EcomExpress,2026-07-28,2026-08-03,2026-08-08,Lost,1401.9
D205004,O108212,W106,DHL,2026-06-22,2026-06-28,2026-07-03,Delivered,179.48
D205005,O107373,W101,Delhivery,2026-05-02,2026-05-04,2026-05-08,Delivered,901.1
D205006,O103969,W100,DHL,2026-04-14,2026-04-21,2026-04-20,Delivered,747.82
D205007,O105926,W116,EcomExpress,2026-07-10,2026-07-14,2026-07-19,Delivered,1066.8
D205008,O102568,W112,Delhivery,2026-04-10,2026-04-12,2026-04-14,In Transit,1039.71
D205009,O106592,W110,FedEx,2026-07-08,2026-07-11,2026-07-17,Delivered,1322.41
D205010,O101182,W115,EcomExpress,2026-08-30,2026-09-03,2026-09-02,Delayed,679.54
D205011,O105674,W116,BlueDart,2026-06-10,2026-06-17,2026-06-21,Delivered,239.75
D205012,O101858,W111,EcomExpress,2026-01-11,2026-01-15,2026-01-19,Delivered,1158.67
D205013,O108955,W116,EcomExpress,2026-07-22,2026-07-25,2026-07-23,Delayed,153.37
D205014,O104216,W101,EcomExpress,2026-03-22,2026-03-28,2026-03-27,Delivered,543.63
D205015,O107969,W101,EcomExpress,2026-09-15,2026-09-17,2026-09-19,Delivered,1304.54
D205016,O103882,W100,FedEx,2026-04-06,2026-04-12,2026-04-12,In Transit,1493.34
D205017,O108120,W114,DHL,2026-03-03,2026-03-05,2026-03-11,Delivered,791.54
D205018,O101649,W108,DHL,2026-07-26,2026-07-30,2026-07-29,In Transit,1171.17
D205019,O109257,W111,Delhivery,2026-01-01,2026-01-06,2026-01-09,Delayed,104.75
D205020,O103945,W104,FedEx,2026-09-08,2026-09-13,2026-09-16,Delivered,1319.49
D205021,O105354,W107,FedEx,2026-09-08,2026-09-10,2026-09-14,Delayed,402.24
D205022,O106508,W111,EcomExpress,2026-06-16,2026-06-22,2026-06-24,Delivered,187.54
D205023,O106677,W119,DHL,2026-08-29,2026-09-01,2026-09-07,Delayed,395.98
D205024,O108184,W104,DHL,2026-03-16,2026-03-23,2026-03-21,Delayed,977.19
D205025,O103056,W101,FedEx,2026-09-01,2026-09-08,2026-09-06,Delivered,1193.68
D205026,O106966,W112,BlueDart,2026-04-08,2026-04-14,2026-04-18,In Transit,493.02
D205027,O102582,W116,FedEx,2026-08-27,2026-09-03,2026-09-03,Delivered,328.59
D205028,O101798,W113,EcomExpress,2026-08-06,2026-08-10,2026-08-13,Delivered,1322.68
D205029,O100031,W115,EcomExpress,2026-05-07,2026-05-12,2026-05-15,Delivered,940.79
D205030,O106188,W100,EcomExpress,2026-01-25,2026-02-01,2026-02-01,Delivered,1041.23
D205031,O101480,W103,BlueDart,2026-08-29,2026-09-05,2026-09-08,Delivered,86.07
D205032,O100803,W107,Delhivery,2026-08-22,2026-08-24,2026-08-29,Delivered,1132.13
D205033,O101382,W101,BlueDart,2026-04-23,2026-04-28,2026-05-03,Delivered,425.79
D205034,O106209,W115,EcomExpress,2026-05-07,2026-05-11,2026-05-09,Delivered,1066.02
D205035,O106085,W115,dhl,2026-08-12,2026-08-15,2026-08-15,In Transit,1291.74
D205036,O104957,W111,FedEx,2026-07-17,2026-07-19,2026-07-19,Delivered,114.62
D205037,O102564,W112,EcomExpress,2026-07-30,2026-08-06,2026-08-07,Delivered,266.12
D205038,O106748,W103,DHL,2026-01-14,2026-01-20,2026-01-24,Delivered,429.65
D205039,O108517,W116,BlueDart,2026-09-13,2026-09-16,2026-09-20,Delivered,366.2
D205040,O107797,W113,BlueDart,2026-09-13,2026-09-20,2026-09-22,Delivered,1374.59
D205041,O107549,W111,DHL,2026-09-15,2026-09-17,2026-09-23,Delivered,959.9
D205042,O103900,W111,EcomExpress,2026-06-16,2026-06-18,2026-06-17,In Transit,1480.95
D205043,O105569,W113,BlueDart,2026-06-21,2026-06-28,2026-06-27,Delivered,70.85
D205044,O101509,W115,BlueDart,2026-01-06,2026-01-11,2026-01-12,Delivered,330.68
D205045,O106979,W106,DHL,2026-01-29,2026-02-02,2026-02-03,Delivered,1266.52
D205046,O102951,W112,Delhivery,2026-05-30,2026-06-05,2026-06-11,Delivered,847.88
D205047,O102324,W107,Delhivery,2026-05-23,2026-05-30,2026-06-05,Delivered,783.38
D205048,O108392,W107,FedEx,2026-07-06,2026-07-10,2026-07-14,Delayed,1280.14
D205049,O102661,W114,EcomExpress,2026-01-24,2026-01-28,2026-01-31,In Transit,1376.84
D205050,O108500,W110,BlueDart,2026-08-16,2026-08-19,2026-08-19,Delivered,720.79
D205051,O103371,W104,BlueDart,2026-03-13,2026-03-16,2026-03-18,Delivered,394.04
D205052,O103844,W113, ,2026-07-24,2026-07-26,2026-07-27,Delivered,186.05
D205053,O101463,W101,BlueDart,2026-03-22,2026-03-28,2026-04-03,Lost,1225.42
D205054,O102018,W104,FedEx,2026-01-14,2026-01-17,2026-01-19,In Transit,671.07
D205055,O109493,W109,DHL,2026-02-11,2026-02-18,2026-02-16,Delayed,201.67
D205056,O106956,W117,Delhivery,2026-01-09,2026-01-13,2026-01-15,Delivered,399.64
D205057,O104827,W101,EcomExpress,2026-08-15,2026-08-18,2026-08-22,In Transit,958.54
D205058,O106911,W102,FedEx,2026-04-29,2026-05-01,2026-04-29,Delivered,812.75
D205059,O107438,W109,BlueDart,2026-04-04,2026-04-06,2026-04-10,Delivered,1444.34
D205060,O105198,W114,EcomExpress,2026-03-17,2026-03-19,2026-03-25,Delivered,763.21
D205061,O105052,W116,DHL,2026-07-27,2026-08-03,2026-08-05,In Transit,201.35
D205062,O100984,W104,FedEx,2026-07-02,2026-07-07,2026-07-09,In Transit,682.17
D205063,O109273,W112,Delhivery,2026-03-17,2026-03-19,2026-03-18,In Transit,240.45
D205064,O104194,W115,Delhivery,2026-08-18,2026-08-23,2026-08-26,Delivered,438.08
D205065,O108106,W116,DHL,2026-03-23,2026-03-29,2026-03-30,In Transit,997.19
D205066,O101168,W102,dhl,2026-06-26,2026-07-02,2026-07-05,Delivered,1177.01
D205067,O102013,W115,BlueDart,2026-05-29,2026-05-31,2026-05-31,Delayed,706.4
D205068,O109187,W104,BlueDart,2026-07-17,2026-07-23,2026-07-27,In Transit,1399.35
D205069,O109336,W115,DHL,2026-05-02,2026-05-04,2026-05-08,Delivered,807.57
D205070,O102977,W102,EcomExpress,2026-01-09,2026-01-11,2026-01-10,Delivered,292.82
D205071,O103753,W110,DHL,2026-06-20,2026-06-27,2026-06-28,Delayed,667.8
D205072,O102298,W114,DHL,2026-06-05,2026-06-12,2026-06-14,Delivered,692.39
D205073,O103657,W101,Delhivery,2026-02-10,2026-02-16,2026-02-17,Delivered,458.2
D205074,O101392,W101,EcomExpress,2026-06-29,2026-07-02,2026-07-01,Delivered,759.67
D205075,O108311,W114,Delhivery,2026-08-06,2026-08-12,2026-08-11,Delivered,996.87
D205076,O108550,W103,EcomExpress,2026-09-13,2026-09-18,2026-09-17,In Transit,1001.43
D205077,O105543,W102,DHL,2026-03-03,2026-03-08,2026-03-07,Delivered,155.78
D205078,O101724,W115,FedEx,2026-02-04,2026-02-10,2026-02-11,Delivered,805.0
D205079,O109478,W108,Delhivery,2026-08-23,2026-08-29,2026-08-28,Delayed,122.78
D205080,O106042,W105,DHL,2026-08-15,2026-08-20,2026-08-23,Delivered,336.35
D205081,O101335,W103,BlueDart,2026-06-13,2026-06-19,2026-06-19,Delayed,853.31
D205082,O104288,W117,EcomExpress,2026-04-15,2026-04-20,2026-04-19,Delivered,799.13
D205083,O102424,W108,FedEx,2026-08-15,2026-08-17,2026-08-16,Delayed,1225.88
D205084,O106266,W100,DHL,2026-03-26,2026-04-01,2026-04-07,Delivered,626.57
D205085,O102889,W104,Delhivery,2026-05-23,2026-05-25,2026-05-23,Delivered,1109.62
D205086,O109671,W112,EcomExpress,2026-06-11,2026-06-15,2026-06-19,In Transit,436.54
D205087,O109624,W117,,2026-02-16,2026-02-19,2026-02-17,Delivered,297.42
D205088,O105774,W110,BlueDart,2026-08-24,2026-08-30,2026-08-30,In Transit,1126.1
D205089,O100451,W103,BlueDart,2026-01-18,2026-01-23,2026-01-23,Delivered,552.6
D205090,O103084,W103,FedEx,2026-09-14,2026-09-16,2026-09-21,Delivered,1365.74
D205091,O101881,W116,BlueDart,2026-06-05,2026-06-08,2026-06-12,Delivered,928.16
D205092,O101506,W106,DHL,2026-01-04,2026-01-09,2026-01-09,Delivered,1368.89
D205093,O102238,W119,Delhivery,2026-09-11,2026-09-17,2026-09-18,Delivered,1060.11
D205094,O104407,W110,BlueDart,2026-06-18,2026-06-22,2026-06-25,Delivered,1457.82
D205095,O105840,W110,BlueDart,2026-06-11,2026-06-16,2026-06-14,Delayed,544.59
D205096,O104059,W102,DHL,2026-04-13,2026-04-20,2026-04-21,In Transit,1370.99
D205097,O107864,W117,BlueDart,2026-01-02,2026-01-04,2026-01-02,Delayed,1093.52
D205098,O106757,W115,BlueDart,2026-07-06,2026-07-11,2026-07-09,Delivered,471.04
D205099,O105336,W109,DHL,2026-04-11,2026-04-17,2026-04-15,Delivered,184.97
D205100,O101714,W110,,2026-07-20,2026-07-25,2026-07-23,Delivered,1285.02
D205101,O103624,W105,Delhivery,2026-06-23,2026-06-27,2026-06-29,Delivered,1000.3
D205102,O106975,W106,Delhivery,2026-09-02,2026-09-07,2026-09-08,In Transit,706.53
D205103,O105969,W101,DHL,2026-03-14,2026-03-18,2026-03-18,Delayed,1062.12
D205104,O100778,W110,FedEx,2026-08-12,2026-08-17,2026-08-16,Delivered,472.35
D205105,O103314,W104,Delhivery,2026-04-22,2026-04-27,2026-05-01,Delivered,687.28
D205106,O106778,W100,,2026-07-09,2026-07-13,2026-07-12,Delivered,1187.07
D205107,O105538,W105,DHL,2026-01-18,2026-01-22,2026-01-22,Delivered,1210.49
D205108,O102688,W104,Delhivery,2026-08-21,2026-08-27,2026-09-02,Lost,799.85
D205109,O101789,W106,FedEx,2026-01-13,2026-01-15,2026-01-17,Lost,276.85
D205110,O101042,W116,FedEx,2026-06-28,2026-07-05,2026-07-10,In Transit,577.66
D205111,O106792,W115,DHL,2026-02-12,2026-02-18,2026-02-21,Delayed,1155.98
D205112,O105143,W115,BlueDart,2026-04-08,2026-04-10,2026-04-11,Delayed,113.81
D205113,O104170,W102,DHL,2026-01-24,2026-01-30,2026-01-28,Delivered,1035.45
D205114,O101666,W116,DHL,2026-07-29,2026-08-01,2026-08-07,Lost,1204.99
D205115,O103399,W105,DHL,2026-08-01,2026-08-04,2026-08-03,Delayed,848.04
D205116,O104601,W118,EcomExpress,2026-08-18,2026-08-24,2026-08-29,Delayed,482.02
D205117,O109886,W112,Delhivery,2026-04-04,2026-04-08,2026-04-06,Delivered,948.52
D205118,O109295,W112,DHL,2026-02-03,2026-02-06,2026-02-05,Delivered,891.81
D205119,O100269,W100,EcomExpress,2026-03-07,2026-03-13,2026-03-17,Delivered,1327.77
D205120,O107124,W114,FedEx,2026-02-24,2026-02-27,2026-03-05,Delivered,1199.67
D205121,O107695,W109,FedEx,2026-06-12,2026-06-15,2026-06-15,Delivered,741.49
D205122,O100929,W117,DHL,2026-07-18,2026-07-24,2026-07-29,Delivered,1054.28
D205123,O105824,W108,Delhivery,2026-05-05,2026-05-12,2026-05-10,In Transit,285.11
D205124,O101616,W117,EcomExpress,2026-08-19,2026-08-26,2026-08-30,Delivered,864.48
D205125,O107649,W100,Delhivery,2026-01-15,2026-01-22,2026-01-27,Delivered,119.56
D205126,O101909,W101,BlueDart,2026-04-04,2026-04-08,2026-04-13,Delivered,545.53
D205127,O109442,W105,DHL,2026-09-05,2026-09-11,2026-09-10,Delivered,290.34
D205128,O101331,W112,EcomExpress,2026-06-20,2026-06-26,2026-06-26,Delivered,339.82
D205129,O107433,W110,Delhivery,2026-04-25,2026-04-29,2026-04-28,In Transit,1112.52
D205130,O101133,W114,FedEx,2026-08-19,2026-08-25,2026-08-27,Delayed,590.72
D205131,O100270,W107,DHL,2026-03-21,2026-03-24,2026-03-29,In Transit,170.81
D205132,O100109,W103,Delhivery,2026-02-27,2026-03-02,2026-03-04,Delivered,1450.31
D205133,O103550,W101,DHL,2026-05-28,2026-06-04,2026-06-09,Delivered,1143.19
D205134,O105750,W105,DHL,2026-03-29,2026-04-04,2026-04-10,Delivered,1491.03
D205135,O103454,W102,DHL,2026-06-08,2026-06-10,2026-06-10,Delivered,245.39
D205136,O104515,W106,EcomExpress,2026-02-13,2026-02-20,2026-02-26,Delivered,1441.96
D205137,O107260,W103,BlueDart,2026-04-25,2026-04-30,2026-04-30,Delayed,138.14
D205138,O102728,W104,,2026-08-31,2026-09-02,2026-09-01,Delivered,605.28
D205139,O102495,W115,FedEx,2026-02-22,2026-02-24,2026-03-01,Delivered,933.69
D205140,O105579,W104,Delhivery,2026-09-03,2026-09-09,2026-09-07,Delivered,763.74
D205141,O107874,W118,BlueDart,2026-05-04,2026-05-10,2026-05-14,Delivered,684.59
D205142,O100508,W110,BlueDart,2026-01-02,2026-01-09,2026-01-14,Delivered,817.59
D205143,O101006,W111,FedEx,2026-08-07,2026-08-10,2026-08-14,Delivered,-500.0
D205144,O107752,W115,FedEx,2026-04-09,2026-04-13,2026-04-17,Delivered,50.01
D205145,O107439,W102,DHL,2026-01-19,2026-01-22,2026-01-27,In Transit,262.02
D205146,O100629,W109,BlueDart,2026-07-10,2026-07-16,2026-07-22,Delivered,233.95
D205147,O106421,W115,DHL,2026-04-21,2026-04-24,2026-04-30,Delayed,480.31
D205148,O103277,W102,Delhivery,2026-01-18,2026-01-22,2026-01-23,Delivered,769.28
D205149,O103960,W116,BlueDart,2026-07-28,2026-08-01,2026-07-30,Delivered,1270.18
D205150,O106558,W108, ,2026-05-14,2026-05-17,2026-05-15,Delayed,979.55
D205151,O100473,W116,DHL,2026-09-14,2026-09-21,2026-09-21,Delivered,1096.24
D205152,O102781,W111,FedEx,2026-04-15,2026-04-19,2026-04-22,Delivered,756.27
D205153,O108604,W101,DHL,2026-08-06,2026-08-08,2026-08-08,Delivered,656.17
D205154,O108604,W110,Delhivery,2026-03-05,2026-03-12,2026-03-14,Delayed,822.72
D205155,O108545,W117,DHL,2026-08-05,2026-08-10,2026-08-10,Delivered,394.62
D205156,O106341,W119,BlueDart,2026-08-15,2026-08-22,2026-08-27,In Transit,1181.97
D205157,O100505,W102, Delhivery ,2026-03-24,2026-03-27,2026-03-30,In Transit,1150.6
D205158,O105403,W109,DHL,2026-04-12,2026-04-17,2026-04-15,Delivered,1199.08
D205159,O108456,W103,Delhivery,2026-07-22,2026-07-25,2026-07-26,In Transit,557.98
D205160,O104539,W106,EcomExpress,2026-08-06,2026-08-11,2026-08-16,Delivered,568.13
D205161,O104340,W106,BlueDart,2026-06-22,2026-06-26,2026-06-28,Delivered,226.38
D205162,O108133,W102,EcomExpress,2026-07-31,2026-08-02,2026-08-02,Delivered,905.35
D205163,O106813,W116,FedEx,2026-01-24,2026-01-31,2026-02-05,Delivered,766.27
D205164,O106559,W101,EcomExpress,2026-07-24,2026-07-29,2026-08-04,Delivered,252.35
D205165,O106296,W108,FedEx,2026-09-01,2026-09-07,2026-09-05,Delivered,345.48
D205166,O109627,W107,EcomExpress,2026-09-04,2026-09-08,2026-09-08,Delayed,237.43
D205167,O104495,W115,EcomExpress,2026-07-10,2026-07-17,2026-07-19,Delivered,964.52
D205168,O103445,W119,DHL,2026-06-29,2026-07-06,2026-07-12,Delivered,317.34
D205169,O100649,W113,Delhivery,2026-07-02,2026-07-07,2026-07-05,In Transit,992.02
D205170,O102806,W105,FEDEX,2026-08-18,2026-08-23,2026-08-29,Delivered,757.26
D205171,O108597,W102,EcomExpress,2026-05-05,2026-05-11,2026-05-09,Delivered,359.86
D205172,O109137,W106,FedEx,2026-06-17,2026-06-22,2026-06-27,Delivered,90.08
D205173,O105673,W117,FedEx,2026-05-29,2026-05-31,2026-06-05,Delivered,193.23
D205174,O100214,W107,EcomExpress,2026-02-21,2026-02-28,2026-02-28,Delivered,535.74
D205175,O108318,W105,BlueDart,2026-01-02,2026-01-09,2026-01-10,Lost,914.79
D205176,O104632,W101,BlueDart,2026-06-13,2026-06-15,2026-06-18,In Transit,177.02
D205177,O100228,W115,BlueDart,2026-08-15,2026-08-19,2026-08-23,Delayed,798.15
D205178,O108491,W114, ,2026-09-04,2026-09-07,2026-09-07,Delivered,1112.79
D205179,O106945,W112,BlueDart,2026-03-08,2026-03-12,2026-03-17,Delivered,1320.23
D205180,O103043,W101,Delhivery,2026-07-01,2026-07-06,2026-07-05,Delayed,1256.33
D205181,O102514,W101,Delhivery,2026-01-07,2026-01-11,2026-01-15,Delayed,248.95
D205182,O100839,W102,EcomExpress,2026-05-31,2026-06-07,2026-06-05,Delayed,1486.6
D205183,O108080,W114,Delhivery,2026-01-21,2026-01-25,2026-01-29,In Transit,1478.52
D205184,O105895,W106,Delhivery,2026-04-02,2026-04-09,2026-04-13,In Transit,867.33
D205185,O107642,W109,FedEx,2026-06-18,2026-06-25,2026-06-23,Delivered,902.7
D205186,O105067,W113,EcomExpress,2026-09-15,2026-09-21,2026-09-19,Delivered,444.87
D205187,O107914,W104,DHL,2026-02-03,2026-02-07,2026-02-13,Delivered,444.9
D205188,O102809,W117,EcomExpress,2026-01-14,2026-01-16,2026-01-18,Delivered,385.01
D205189,O100313,W107,Delhivery,2026-06-13,2026-06-20,2026-06-21,Delivered,753.46
D205190,O102283,W100,FedEx,2026-06-16,2026-06-23,2026-06-21,Delivered,1288.04
D205191,O100855,W101, ,2026-08-18,2026-08-24,2026-08-30,Delayed,711.81
D205192,O102356,W111,DHL,2026-03-19,2026-03-22,2026-03-23,Delivered,819.3
D205193,O104340,W111,BlueDart,2026-04-19,2026-04-24,2026-04-23,Delivered,1400.28
D205194,O106369,W106,DHL,2026-06-25,2026-06-29,2026-06-29,Delivered,511.68
D205195,O104936,W106,Delhivery,2026-09-06,2026-09-11,2026-09-15,Delivered,1188.41
D205196,O103711,W106,Delhivery,2026-09-15,2026-09-18,2026-09-20,Delayed,742.46
D205197,O107041,W106,DHL,2026-05-30,2026-06-03,2026-06-08,Delivered,1012.7
D205198,O104869,W112,EcomExpress,2026-07-04,2026-07-09,2026-07-09,In Transit,301.73
D205199,O100231,W105,DHL,2026-08-30,2026-09-05,2026-09-03,Delivered,564.13
D205200,O103354,W117, FedEx ,2026-03-18,2026-03-20,2026-03-26,Delivered,1142.48
D205201,O107919,W110,FedEx,2026-01-24,2026-01-30,2026-02-05,Delivered,-500.0
D205202,O102102,W109,EcomExpress,2026-01-11,2026-01-18,2026-01-18,Delivered,512.69
D205203,O108233,W106,EcomExpress,2026-03-20,2026-03-26,2026-03-31,Delivered,1068.79
D205204,O108825,W103,EcomExpress,2026-05-28,2026-06-04,2026-06-06,Delayed,778.95
D205205,O103502,W109,DHL,2026-02-28,2026-03-03,2026-03-04,Delivered,929.78
D205206,O101877,W103,DHL,2026-01-09,2026-01-14,2026-01-12,Delivered,1141.64
D205207,O104919,W106,FedEx,2026-05-27,2026-05-29,2026-05-30,In Transit,383.67
D205208,O106646,W107,DHL,2026-02-13,2026-02-19,2026-02-20,Delivered,700.85
D205209,O101390,W102,Delhivery,2026-07-09,2026-07-11,2026-07-10,Delivered,1390.35
D205210,O103704,W109,EcomExpress,2026-01-31,2026-02-05,2026-02-09,Delivered,1106.58
D205211,O104930,W117,BlueDart,2026-08-28,2026-08-31,2026-08-30,Delivered,213.73
D205212,O106395,W114,BlueDart,2026-06-05,2026-06-10,2026-06-16,Delayed,177.91
D205213,O104458,W109,EcomExpress,2026-05-06,2026-05-10,2026-05-16,Delivered,1135.24
D205214,O100041,W105,EcomExpress,2026-03-01,2026-03-03,2026-03-08,Delayed,983.2
D205215,O107015,W102,DHL,2026-07-27,2026-07-31,2026-08-04,Delivered,1033.77
D205216,O106642,W113,Delhivery,2026-07-14,2026-07-16,2026-07-20,Delivered,795.78
D205217,O101932,W113,FedEx,2026-01-08,2026-01-15,2026-01-16,Delivered,1064.16
D205218,O102654,W100,FedEx,2026-03-02,2026-03-08,2026-03-08,Delivered,1381.64
D205219,O109055,W118,Delhivery,2026-08-08,2026-08-14,2026-08-14,Delivered,668.75
D205220,O105923,W104,DHL,2026-02-28,2026-03-06,2026-03-09,In Transit,1498.43
D205221,O102670,W101,BlueDart,2026-02-14,2026-02-21,2026-02-27,Delayed,786.37
D205222,O107928,W104,EcomExpress,2026-06-25,2026-06-27,2026-06-26,Delayed,390.32
D205223,O108287,W100,DHL,2026-07-07,2026-07-09,2026-07-12,Delivered,1138.35
D205224,O104118,W118,BlueDart,2026-07-15,2026-07-21,2026-07-27,Delivered,1016.16
D205225,O107272,W100,DHL,2026-08-12,2026-08-18,2026-08-21,Delivered,707.85
D205226,O108168,W110,DHL,2026-02-15,2026-02-17,2026-02-19,Delivered,1161.74
D205227,O107394,W117,EcomExpress,2026-04-29,2026-05-06,2026-05-04,Delivered,1396.98
D205228,O106746,W115,DHL,2026-05-26,2026-05-28,2026-05-29,Delivered,142.19
D205229,O108826,W113,Delhivery,2026-01-09,2026-01-14,2026-01-20,Delivered,1316.83
D205230,O101626,W107,DHL,2026-05-22,2026-05-29,2026-06-02,Delivered,702.48
D205231,O107827,W111,FedEx,2026-08-14,2026-08-21,2026-08-20,In Transit,803.33
D205232,O103244,W106,EcomExpress,2026-07-02,2026-07-04,2026-07-08,In Transit,102.58
D205233,O107151,W113,Delhivery,2026-01-24,2026-01-26,2026-01-27,Delivered,354.93
D205234,O105361,W108,Delhivery,2026-01-22,2026-01-26,2026-01-28,Delayed,1068.52
D205235,O108673,W112,FedEx,2026-01-22,2026-01-26,2026-01-26,Delivered,639.61
D205236,O104511,W116,FedEx,2026-06-09,2026-06-16,2026-06-22,Delivered,554.65
D205237,O104023,W102,,2026-06-21,2026-06-25,2026-06-26,Delivered,158.0
D205238,O100371,W117,BlueDart,2026-06-04,2026-06-09,2026-06-07,Delivered,1104.41
D205239,O103092,W116,FedEx,2026-01-18,2026-01-20,2026-01-20,Delivered,275.55
D205240,O107849,W101,Delhivery,2026-03-12,2026-03-17,2026-03-22,Delivered,610.77
D205241,O106817,W117,DHL,2026-03-08,2026-03-10,2026-03-15,Delivered,376.07
D205242,O108181,W105,BlueDart,2026-09-02,2026-09-05,2026-09-05,Delivered,948.71
D205243,O102062,W101,FedEx,2026-01-12,2026-01-14,2026-01-17,Delivered,804.69
D205244,O107195,W105,DHL,2026-07-27,2026-07-31,2026-08-05,Delayed,350.96
D205245,O109812,W111,Delhivery,2026-01-20,2026-01-25,2026-01-25,In Transit,232.25
D205246,O103882,W107,FedEx,2026-07-16,2026-07-19,2026-07-20,Delivered,764.94
D205247,O103462,W103,BlueDart,2026-06-08,2026-06-14,2026-06-14,Delayed,791.34
D205248,O108664,W105,EcomExpress,2026-06-07,2026-06-09,2026-06-12,In Transit,252.03
D205249,O105333,W101,EcomExpress,2026-05-04,2026-05-11,2026-05-12,Delivered,694.49
D205250,O108526,W118,DHL,2026-06-20,2026-06-25,2026-06-23,Delivered,1484.98
D205251,O104187,W115,EcomExpress,2026-08-12,2026-08-19,2026-08-18,Delayed,587.6
D205252,O100304,W104,FedEx,2026-06-28,2026-07-01,2026-06-29,Delivered,1051.55
D205253,O105495,W102,EcomExpress,2026-01-21,2026-01-24,2026-01-27,Delivered,311.02
D205254,O105256,W111,BlueDart,2026-04-26,2026-05-02,2026-05-03,In Transit,1337.1
D205255,O104023,W108,EcomExpress,2026-07-21,2026-07-24,2026-07-30,In Transit,567.75
D205256,O107583,W110,Delhivery,2026-04-19,2026-04-23,2026-04-23,Delivered,401.22
D205257,O109321,W110,EcomExpress,2026-04-22,2026-04-27,2026-04-29,Delivered,926.17
D205258,O109418,W117,Delhivery,2026-07-26,2026-08-01,2026-07-31,Delayed,931.18
D205259,O102955,W101,FedEx,2026-05-30,2026-06-03,2026-06-07,Delivered,464.96
D205260,O105234,W119,DHL,2026-09-07,2026-09-10,2026-09-12,Delivered,638.81
D205261,O108456,W102,BlueDart,2026-03-13,2026-03-16,2026-03-16,Delivered,511.39
D205262,O101930,W110,DHL,2026-03-26,2026-03-30,2026-04-04,Delivered,1340.04
D205263,O104414,W101,EcomExpress,2026-06-05,2026-06-08,2026-06-07,Delivered,925.46
D205264,O100761,W108,EcomExpress,2026-07-05,2026-07-11,2026-07-10,Delivered,1286.79
D205265,O109798,W101,BlueDart,2026-06-16,2026-06-18,2026-06-20,Delivered,734.87
D205266,O103231,W100,EcomExpress,2026-02-19,2026-02-26,2026-03-01,Delayed,72.73
D205267,O108942,W114,Delhivery,2026-09-06,2026-09-10,2026-09-12,Delivered,330.47
D205268,O103759,W100,,2026-01-20,2026-01-22,2026-01-22,Delivered,1166.11
D205269,O105835,W117,,2026-04-24,2026-04-29,2026-04-29,Delivered,314.03
D205270,O101682,W118,FedEx,2026-05-01,2026-05-04,2026-05-04,In Transit,1295.18
D205271,O101699,W113,Delhivery,2026-06-28,2026-07-04,2026-07-04,Delivered,483.74
D205272,O101869,W108,FedEx,2026-02-03,2026-02-10,2026-02-10,Delivered,329.49
D205273,O107906,W115,BlueDart,2026-06-01,2026-06-08,2026-06-13,Delivered,241.86
D205274,O108068,W107,FedEx,2026-04-05,2026-04-10,2026-04-12,Delayed,990.41
D205275,O108118,W111,Delhivery,2026-05-14,2026-05-16,2026-05-21,In Transit,1312.53
D205276,O100377,W114,EcomExpress,2026-05-20,2026-05-22,2026-05-21,In Transit,881.66
D205277,O109051,W117,FedEx,2026-07-28,2026-08-04,2026-08-04,Delivered,729.1
D205278,O107664,W117,BlueDart,2026-07-25,2026-07-30,2026-07-28,Delivered,693.23
D205279,O105235,W111,EcomExpress,2026-05-07,2026-05-12,2026-05-15,Delivered,667.65
D205280,O106050,W117,FedEx,2026-01-19,2026-01-21,2026-01-23,Delayed,1389.85
D205281,O105129,W101,Delhivery,2026-01-21,2026-01-25,2026-01-23,Delayed,1497.74
D205282,O108326,W105,Delhivery,2026-01-18,2026-01-22,2026-01-23,In Transit,1011.25
D205283,O105400,W105,DHL,2026-05-14,2026-05-19,2026-05-23,Delivered,1047.59
D205284,O107312,W109,FedEx,2026-07-02,2026-07-06,2026-07-06,Delivered,1429.48
D205285,O102711,W119,EcomExpress,2026-04-19,2026-04-24,2026-04-29,Delivered,50.36
D205286,O107315,W115,EcomExpress,2026-01-10,2026-01-13,2026-01-14,In Transit,365.24
D205287,O100414,W110, ,2026-05-20,2026-05-22,2026-05-25,Delivered,1309.5
D205288,O101554,W104,DHL,2026-08-02,2026-08-04,2026-08-03,Delivered,1062.43
D205289,O108861,W112,Delhivery,2026-09-11,2026-09-17,2026-09-17,Delayed,132.54
D205290,O106972,W108,DHL,2026-03-26,2026-03-28,2026-04-01,Delivered,163.01
D205291,O106852,W108,Delhivery,2026-06-11,2026-06-13,2026-06-18,Delayed,615.99
D205292,O107625,W116,Delhivery,2026-02-23,2026-03-01,2026-03-06,Delivered,1355.06
D205293,O107064,W103,EcomExpress,2026-06-04,2026-06-09,2026-06-11,Delivered,972.7
D205294,O100078,W115,Delhivery,2026-01-06,2026-01-13,2026-01-12,In Transit,1359.81
D205295,O109201,W117,FedEx,2026-07-12,2026-07-17,2026-07-18,Delayed,644.78
D205296,O108879,W100,FedEx,2026-02-26,2026-03-02,2026-03-07,Delivered,158.75
D205297,O109999,W119,Delhivery,2026-08-13,2026-08-19,2026-08-24,Delivered,477.82
D205298,O102533,W100,BlueDart,2026-01-27,2026-01-30,2026-01-28,Delivered,1166.65
D205299,O107274,W115,FedEx,2026-09-15,2026-09-18,2026-09-22,Delivered,809.83
D205300,O102924,W101,DHL,2026-08-18,2026-08-20,2026-08-24,Delivered,1160.3
D205301,O101243,W108, DHL ,2026-04-18,2026-04-24,2026-04-27,Delivered,920.02
D205302,O100014,W119,,2026-02-07,2026-02-13,2026-02-16,Delivered,1289.69
D205303,O103167,W112,DHL,2026-09-12,2026-09-19,2026-09-21,In Transit,319.02
D205304,O109022,W105,DHL,2026-01-08,2026-01-13,2026-01-13,Delayed,493.78
D205305,O105620,W116,BlueDart,2026-09-14,2026-09-16,2026-09-22,Delivered,1206.1
D205306,O106359,W111,BlueDart,2026-03-01,2026-03-04,2026-03-04,In Transit,600.36
D205307,O106799,W108,DHL,2026-07-23,2026-07-26,2026-07-24,Delivered,562.21
D205308,O102063,W112,FedEx,2026-07-28,2026-07-30,2026-07-31,Delivered,976.67
D205309,O108176,W107,BlueDart,2026-02-22,2026-02-28,2026-02-26,Delivered,865.97
D205310,O105120,W108,DHL,2026-04-25,2026-05-02,2026-05-06,Delayed,366.77
D205311,O103090,W100,EcomExpress,2026-01-10,2026-01-15,2026-01-15,Delivered,413.03
D205312,O109392,W109,Delhivery,2026-04-28,2026-05-04,2026-05-06,Delivered,743.67
D205313,O105863,W100,,2026-05-31,2026-06-02,2026-06-03,Delivered,808.42
D205314,O105585,W116,DHL,2026-07-14,2026-07-16,2026-07-17,Delivered,959.54
D205315,O102122,W110,Delhivery,2026-02-25,2026-03-04,2026-03-06,In Transit,1210.96
D205316,O102631,W111,EcomExpress,2026-04-03,2026-04-07,2026-04-11,Delivered,1408.86
D205317,O101831,W105,BlueDart,2026-02-19,2026-02-22,2026-02-27,Delayed,1118.08
D205318,O100345,W101,EcomExpress,2026-07-06,2026-07-12,2026-07-13,Delivered,1166.55
D205319,O100091,W103,FedEx,2026-01-28,2026-02-04,2026-02-04,Delivered,1372.48
D205320,O108784,W102,BlueDart,2026-02-21,2026-02-27,2026-03-05,Delivered,475.03
D205321,O107157,W111,BlueDart,2026-07-15,2026-07-17,2026-07-15,Delayed,854.74
D205322,O109144,W117,FedEx,2026-05-10,2026-05-17,2026-05-20,Delivered,1355.25
D205323,O102304,W119,BlueDart,2026-06-16,2026-06-22,2026-06-23,In Transit,936.27
D205324,O102917,W119,Delhivery,2026-05-14,2026-05-21,2026-05-25,Delivered,1060.99
D205325,O103718,W119,Delhivery,2026-07-29,2026-08-01,2026-08-03,Delayed,393.77
D205326,O108774,W105,Delhivery,2026-07-17,2026-07-19,2026-07-17,Delivered,86.28
D205327,O104069,W109,Delhivery,2026-03-20,2026-03-26,2026-03-25,Delivered,116.66
D205328,O105833,W113,Delhivery,2026-07-09,2026-07-15,2026-07-20,Delivered,170.97
D205329,O108997,W105,Delhivery,2026-08-13,2026-08-19,2026-08-24,Delayed,932.89
D205330,O107778,W116,BlueDart,2026-04-29,2026-05-02,2026-05-04,Delivered,462.93
D205331,O105498,W104,DHL,2026-02-27,2026-03-02,2026-03-01,Delivered,493.22
D205332,O108894,W101,FedEx,2026-03-21,2026-03-23,2026-03-24,Delivered,555.49
D205333,O109282,W119,BlueDart,2026-06-28,2026-07-03,2026-07-02,Delivered,538.55
D205334,O105393,W114,FedEx,2026-04-23,2026-04-29,2026-05-03,In Transit,1409.25
D205335,O104737,W106,delhivery,2026-08-04,2026-08-07,2026-08-12,Delayed,589.46
D205336,O108467,W103,Delhivery,2026-02-25,2026-03-02,2026-03-05,Delivered,784.84
D205337,O100535,W114,EcomExpress,2026-03-07,2026-03-11,2026-03-17,Delivered,980.41
D205338,O100905,W115,BlueDart,2026-08-14,2026-08-20,2026-08-18,Delivered,1473.31
D205339,O106085,W112,BlueDart,2026-07-26,2026-07-28,2026-08-02,Delivered,1117.11
D205340,O107551,W104,EcomExpress,2026-09-14,2026-09-20,2026-09-22,In Transit,919.2
D205341,O107807,W117,Delhivery,2026-08-20,2026-08-27,2026-08-25,Delivered,492.41
D205342,O103850,W113,FedEx,2026-07-22,2026-07-27,2026-08-02,Delayed,1337.6
D205343,O104184,W101,Delhivery,2026-03-30,2026-04-04,2026-04-03,Delivered,1118.58
D205344,O105505,W106,Delhivery,2026-03-24,2026-03-26,2026-03-25,Delivered,232.94
D205345,O101989,W117,EcomExpress,2026-07-01,2026-07-06,2026-07-04,Delivered,1088.44
D205346,O107477,W117,FedEx,2026-09-13,2026-09-18,2026-09-24,Delivered,118.9
D205347,O109338,W118,Delhivery,2026-06-08,2026-06-12,2026-06-10,Delivered,1271.46
D205348,O106381,W116,Delhivery,2026-09-08,2026-09-10,2026-09-14,Delayed,1224.3
D205349,O102792,W116,EcomExpress,2026-05-24,2026-05-29,2026-06-01,Delivered,1187.93
D205350,O100877,W104,DHL,2026-07-06,2026-07-13,2026-07-11,Delayed,880.83
D205351,O107233,W106,Delhivery,2026-01-20,2026-01-24,2026-01-24,Delivered,244.88
D205352,O102519,W113, ,2026-01-31,2026-02-07,2026-02-05,Delivered,1435.4
D205353,O103332,W108,BlueDart,2026-08-20,2026-08-25,2026-08-23,Delayed,737.58
D205354,O104228,W100,FedEx,2026-03-03,2026-03-10,2026-03-08,Delivered,764.0
D205355,O101026,W118,ecomexpress,2026-08-27,2026-08-30,2026-08-30,Delivered,946.49
D205356,O102433,W100,BlueDart,2026-04-29,2026-05-03,2026-05-08,Delayed,562.77
D205357,O102220,W117,,2026-04-23,2026-04-26,2026-04-30,Delivered,1011.42
D205358,O100491,W116,Delhivery,2026-02-15,2026-02-22,2026-02-27,Delivered,1035.19
D205359,O101488,W117,FedEx,2026-06-22,2026-06-26,2026-06-27,Delivered,1425.13
D205360,O102932,W107,DHL,2026-09-11,2026-09-14,2026-09-12,Delivered,285.25
D205361,O108934,W101,FedEx,2026-02-18,2026-02-21,2026-02-24,In Transit,807.66
D205362,O109194,W105,Delhivery,2026-08-06,2026-08-11,2026-08-16,Delayed,909.38
D205363,O100582,W105,BlueDart,2026-01-19,2026-01-23,2026-01-24,Delivered,1095.41
D205364,O103522,W103,Delhivery,2026-05-23,2026-05-30,2026-06-02,Delayed,121.86
D205365,O104079,W113,BlueDart,2026-03-30,2026-04-01,2026-04-03,Delivered,301.35
D205366,O106816,W106,Delhivery,2026-07-15,2026-07-20,2026-07-19,Delayed,120.82
D205367,O104159,W111,EcomExpress,2026-02-12,2026-02-16,2026-02-16,In Transit,785.48
D205368,O107395,W100,BlueDart,2026-05-16,2026-05-23,2026-05-21,In Transit,1289.92
D205369,O109032,W116,,2026-05-10,2026-05-17,2026-05-17,Delivered,993.54
D205370,O101916,W109,BlueDart,2026-08-18,2026-08-21,2026-08-21,Delivered,824.06
D205371,O102060,W107,Delhivery,2026-02-14,2026-02-21,2026-02-26,Delivered,64.96
D205372,O106663,W107,Delhivery,2026-08-02,2026-08-07,2026-08-11,Delivered,240.41
D205373,O104892,W111,FedEx,2026-06-20,2026-06-24,2026-06-30,Delivered,909.51
D205374,O109013,W107,EcomExpress,2026-01-19,2026-01-26,2026-01-27,Delayed,400.56
D205375,O107870,W116,DHL,2026-05-16,2026-05-19,2026-05-24,Delivered,1471.67
D205376,O109249,W117,DHL,2026-05-15,2026-05-17,2026-05-22,Delayed,631.98
D205377,O105399,W116,Delhivery,2026-02-23,2026-03-02,2026-02-28,Delivered,478.94
D205378,O107347,W105,Delhivery,2026-07-09,2026-07-13,2026-07-19,Delivered,842.53
D205379,O105220,W110,BlueDart,2026-04-05,2026-04-11,2026-04-10,Delivered,221.97
D205380,O101162,W119,FedEx,2026-08-09,2026-08-15,2026-08-19,Delivered,805.33
D205381,O106563,W116,FedEx,2026-05-14,2026-05-18,2026-05-20,Delayed,1336.11
D205382,O105338,W118,EcomExpress,2026-05-26,2026-05-28,2026-05-28,Delayed,390.56
D205383,O104292,W118,FedEx,2026-06-26,2026-06-30,2026-07-03,Delivered,394.55
D205384,O100310,W111,BlueDart,2026-09-14,2026-09-16,2026-09-14,Delivered,110.2
D205385,O103297,W115,EcomExpress,2026-03-15,2026-03-19,2026-03-23,Delivered,1341.76
D205386,O103808,W115,EcomExpress,2026-08-01,2026-08-06,2026-08-10,Delayed,1187.85
D205387,O109049,W112,BlueDart,2026-05-27,2026-06-03,2026-06-01,Delivered,657.96
D205388,O108868,W102,DHL,2026-07-08,2026-07-13,2026-07-14,Delivered,774.69
D205389,O103252,W100,DHL,2026-05-12,2026-05-17,2026-05-17,Delivered,236.01
D205390,O109073,W112,FedEx,2026-02-14,2026-02-18,2026-02-20,Delivered,1146.04
D205391,O101150,W117,EcomExpress,2026-02-28,2026-03-04,2026-03-10,Delivered,214.73
D205392,O103441,W110,FedEx,2026-04-23,2026-04-25,2026-04-30,In Transit,771.22
D205393,O104429,W105,DHL,2026-08-26,2026-09-02,2026-09-01,Lost,83.68
D205394,O100609,W119,Delhivery,2026-01-23,2026-01-29,2026-02-02,Delivered,610.96
D205395,O101992,W117,DHL,2026-05-11,2026-05-13,2026-05-11,Delivered,588.18
D205396,O102681,W112,FedEx,2026-09-06,2026-09-13,2026-09-18,Delivered,182.86
D205397,O103746,W112,EcomExpress,2026-08-08,2026-08-12,2026-08-10,Delivered,437.84
D205398,O107501,W118,Delhivery,2026-03-11,2026-03-14,2026-03-13,Delivered,556.79
D205399,O103136,W100,EcomExpress,2026-01-11,2026-01-17,2026-01-15,Delayed,86.71
D205400,O105170,W106,Delhivery,2026-04-07,2026-04-14,2026-04-13,Delivered,342.57
D205401,O105669,W117,Delhivery,2026-04-09,2026-04-12,2026-04-14,Delivered,1187.45
D205402,O102650,W112,Delhivery,2026-08-16,2026-08-22,2026-08-23,In Transit,1070.36
D205403,O103002,W107,EcomExpress,2026-05-07,2026-05-14,2026-05-19,Delayed,609.03
D205404,O109921,W110,Delhivery,2026-07-20,2026-07-24,2026-07-22,Delivered,993.18
D205405,O103190,W116,FedEx,2026-06-16,2026-06-22,2026-06-23,Delivered,1315.23
D205406,O107937,W109,DHL,2026-03-26,2026-04-02,2026-04-02,Delayed,1139.77
D205407,O100867,W103,,2026-06-09,2026-06-15,2026-06-20,Delivered,783.34
D205408,O105605,W104,EcomExpress,2026-03-30,2026-04-05,2026-04-05,Delivered,1427.08
D205409,O107988,W115,BlueDart,2026-09-01,2026-09-08,2026-09-13,Delivered,707.16
D205410,O104716,W119,FedEx,2026-08-02,2026-08-07,2026-08-11,Delivered,1046.88
D205411,O102096,W117,EcomExpress,2026-01-02,2026-01-06,2026-01-08,Delivered,928.25
D205412,O106310,W117,FedEx,2026-09-06,2026-09-11,2026-09-15,Delivered,603.98
D205413,O109346,W104,Delhivery,2026-05-25,2026-05-27,2026-05-26,Delivered,1118.15
D205414,O105043,W115,FedEx,2026-03-03,2026-03-07,2026-03-08,Delivered,1009.25
D205415,O103723,W108,DHL,2026-06-09,2026-06-14,2026-06-18,Delivered,64.88
D205416,O105383,W102,DHL,2026-08-12,2026-08-14,2026-08-15,Delivered,111.35
D205417,O101841,W105,DHL,2026-05-14,2026-05-17,2026-05-21,Delivered,1334.75
D205418,O101290,W109,BlueDart,2026-05-19,2026-05-26,2026-05-27,Delivered,90.06
D205419,O108877,W101,EcomExpress,2026-01-02,2026-01-04,2026-01-09,Delivered,590.72
D205420,O105468,W101,Delhivery,2026-03-29,2026-03-31,2026-03-31,Delivered,605.3
D205421,O103009,W106,EcomExpress,2026-08-11,2026-08-15,2026-08-13,Delivered,221.67
D205422,O102209,W108,BlueDart,2026-03-05,2026-03-09,2026-03-13,Delivered,817.95
D205423,O109401,W113,EcomExpress,2026-04-08,2026-04-15,2026-04-15,Delayed,316.66
D205424,O102785,W107,FedEx,2026-06-30,2026-07-07,2026-07-10,Delivered,796.79
D205425,O106603,W115,EcomExpress,2026-04-08,2026-04-12,2026-04-15,Delayed,674.83
D205426,O107316,W115,FedEx,2026-05-25,2026-06-01,2026-06-06,Delayed,498.32
D205427,O107945,W102,EcomExpress,2026-03-21,2026-03-24,2026-03-22,Lost,515.52
D205428,O101924,W105,BlueDart,2026-06-16,2026-06-23,2026-06-22,Delivered,182.39
D205429,O109240,W110,BlueDart,2026-06-30,2026-07-02,2026-07-01,Delivered,1356.29
D205430,O109640,W110,EcomExpress,2026-06-24,2026-06-30,2026-07-05,Delivered,633.93
D205431,O102584,W105,EcomExpress,2026-07-17,2026-07-20,2026-07-24,Delivered,1369.43
D205432,O102930,W117,Delhivery,2026-02-14,2026-02-21,2026-02-23,Delivered,266.39
D205433,O108963,W112,Delhivery,2026-04-12,2026-04-17,2026-04-16,Delivered,567.93
D205434,O105463,W106,BlueDart,2026-03-15,2026-03-17,2026-03-15,Delayed,1402.91
D205435,O105840,W114,Delhivery,2026-08-09,2026-08-15,2026-08-18,Delayed,1257.91
D205436,O103757,W110,DHL,2026-03-20,2026-03-26,2026-03-25,Delivered,1146.11
D205437,O106718,W105,EcomExpress,2026-02-15,2026-02-22,2026-02-27,Delayed,544.68
D205438,O104829,W103,Delhivery,2026-04-17,2026-04-21,2026-04-19,Delivered,104.46
D205439,O105571,W115,DHL,2026-05-11,2026-05-13,2026-05-14,Delayed,382.36
D205440,O103522,W115,DHL,2026-03-04,2026-03-10,2026-03-12,Delivered,1372.79
D205441,O102477,W117,FedEx,2026-07-04,2026-07-06,2026-07-10,Delivered,981.05
D205442,O107373,W104,Delhivery,2026-06-26,2026-06-29,2026-06-28,Delivered,95.88
D205443,O104414,W117,EcomExpress,2026-02-07,2026-02-12,2026-02-13,In Transit,254.14
D205444,O101016,W100,EcomExpress,2026-01-05,2026-01-08,2026-01-10,Delivered,945.21
D205445,O104477,W103,DHL,2026-06-30,2026-07-03,2026-07-07,In Transit,594.4
D205446,O109462,W109,Delhivery,2026-05-20,2026-05-26,2026-05-28,Delivered,1378.33
D205447,O106688,W110,FedEx,2026-03-09,2026-03-16,2026-03-18,In Transit,360.04
D205448,O105181,W105,BlueDart,2026-07-05,2026-07-08,2026-07-10,Delivered,322.87
D205449,O107935,W103,Delhivery,2026-03-14,2026-03-17,2026-03-21,Delayed,609.34
D205450,O103857,W103,BlueDart,2026-09-04,2026-09-07,2026-09-09,Delivered,1287.38
D205451,O102694,W100,EcomExpress,2026-06-23,2026-06-28,2026-06-29,Delivered,494.31
D205452,O105880,W100,EcomExpress,2026-01-04,2026-01-11,2026-01-13,Delivered,394.28
D205453,O106056,W102,,2026-07-08,2026-07-13,2026-07-17,Delayed,1050.94
D205454,O101385,W119,EcomExpress,2026-07-25,2026-07-27,2026-07-31,In Transit,99.44
D205455,O109620,W106,BlueDart,2026-09-15,2026-09-18,2026-09-24,Delivered,686.01
D205456,O106053,W115,DHL,2026-02-01,2026-02-03,2026-02-09,Delayed,1478.72
D205457,O104341,W115,BlueDart,2026-05-21,2026-05-24,2026-05-27,In Transit,522.4
D205458,O101320,W100,FedEx,2026-03-30,2026-04-05,2026-04-09,Delayed,916.17
D205459,O102868,W112,EcomExpress,2026-01-07,2026-01-09,2026-01-13,Delayed,730.83
D205460,O101511,W101,BlueDart,2026-08-13,2026-08-17,2026-08-18,Delayed,1338.98
D205461,O102974,W111,,2026-03-22,2026-03-28,2026-04-02,Delivered,120.79
D205462,O107761,W111,EcomExpress,2026-08-30,2026-09-04,2026-09-09,Delivered,1189.07
D205463,O100698,W110,EcomExpress,2026-02-06,2026-02-09,2026-02-07,Delivered,658.8
D205464,O107762,W109,,2026-03-19,2026-03-23,2026-03-28,Delivered,77.75
D205465,O100596,W100,FedEx,2026-07-20,2026-07-25,2026-07-31,Delivered,931.86
D205466,O104463,W113, ,2026-04-07,2026-04-10,2026-04-14,Delivered,939.63
D205467,O102824,W101,BlueDart,2026-04-16,2026-04-19,2026-04-24,Delivered,921.99
D205468,O101970,W115,EcomExpress,2026-06-07,2026-06-10,2026-06-15,In Transit,1235.15
D205469,O105049,W110,FedEx,2026-01-17,2026-01-24,2026-01-25,Delayed,688.12
D205470,O100702,W104,BlueDart,2026-04-05,2026-04-10,2026-04-13,Delivered,974.81
D205471,O103113,W100,BlueDart,2026-04-19,2026-04-21,2026-04-23,In Transit,83.12
D205472,O102150,W110,Delhivery,2026-09-08,2026-09-15,2026-09-19,Delivered,1126.23
D205473,O107989,W100,BlueDart,2026-02-23,2026-02-27,2026-03-02,Delivered,126.04
D205474,O107439,W118,EcomExpress,2026-05-08,2026-05-10,2026-05-15,Delivered,1307.49
D205475,O107622,W113,Delhivery,2026-03-19,2026-03-21,2026-03-21,Delivered,978.44
D205476,O101346,W117,,2026-07-28,2026-07-30,2026-08-04,Delivered,653.33
D205477,O108995,W105,Delhivery,2026-08-29,2026-08-31,2026-09-01,Delivered,1029.92
D205478,O106965,W110,Delhivery,2026-03-23,2026-03-28,2026-03-30,Delayed,373.29
D205479,O103311,W117,DHL,2026-08-20,2026-08-27,2026-08-28,Delivered,830.37
D205480,O106180,W111,BlueDart,2026-05-07,2026-05-13,2026-05-15,Delivered,1111.59
D205481,O107992,W102,BlueDart,2026-05-05,2026-05-12,2026-05-14,Delivered,174.7
D205482,O106734,W103,BlueDart,2026-03-21,2026-03-23,2026-03-29,Delivered,166.05
D205483,O101327,W109,Delhivery,2026-07-29,2026-08-02,2026-08-06,Delivered,1350.0
D205484,O105968,W113,DHL,2026-03-06,2026-03-09,2026-03-14,Delivered,1280.41
D205485,O109909,W113,DELHIVERY,2026-08-18,2026-08-24,2026-08-28,Delivered,538.74
D205486,O108963,W117,DHL,2026-08-17,2026-08-20,2026-08-25,Delivered,1039.61
D205487,O102170,W106,EcomExpress,2026-08-08,2026-08-15,2026-08-19,Delivered,921.38
D205488,O103593,W114,EcomExpress,2026-08-13,2026-08-17,2026-08-19,Delivered,1094.97
D205489,O104797,W111,Delhivery,2026-05-30,2026-06-05,2026-06-10,Delivered,501.23
D205490,O102966,W100,FedEx,2026-08-11,2026-08-17,2026-08-22,Delivered,723.67
D205491,O108381,W113,BlueDart,2026-06-21,2026-06-25,2026-06-29,In Transit,472.19
D205492,O106006,W101,Delhivery,2026-03-05,2026-03-07,2026-03-13,Delivered,1186.91
D205493,O102937,W113,EcomExpress,2026-05-30,2026-06-04,2026-06-03,Delivered,367.48
D205494,O102211,W103,DHL,2026-07-17,2026-07-21,2026-07-20,Delivered,1357.66
D205495,O100133,W117,Delhivery,2026-08-17,2026-08-22,2026-08-23,Delivered,1292.51
D205496,O108696,W106,BlueDart,2026-08-23,2026-08-26,2026-08-31,Delivered,1125.59
D205497,O103100,W109,DHL,2026-05-31,2026-06-02,2026-06-01,In Transit,1458.31
D205498,O103811,W105,EcomExpress,2026-03-19,2026-03-22,2026-03-28,In Transit,833.75
D205499,O102855,W102,FedEx,2026-05-29,2026-05-31,2026-06-02,Delivered,508.97
D205500,O104972,W113,Delhivery,2026-05-18,2026-05-25,2026-05-24,Delivered,1062.04
D205501,O103899,W101,EcomExpress,2026-04-10,2026-04-16,2026-04-17,In Transit,1482.95
D205502,O101423,W107,EcomExpress,2026-02-07,2026-02-09,2026-02-10,Delivered,807.23
D205503,O107350,W119,Delhivery,2026-04-14,2026-04-18,2026-04-21,In Transit,466.9
D205504,O107893,W117,EcomExpress,2026-08-02,2026-08-08,2026-08-08,Delayed,243.59
D205505,O101747,W103,BlueDart,2026-09-08,2026-09-10,2026-09-15,Delivered,1230.23
D205506,O107638,W102,Delhivery,2026-06-27,2026-07-02,2026-07-05,Delivered,516.45
D205507,O100786,W118,FedEx,2026-09-11,2026-09-15,2026-09-18,Delivered,1130.42
D205508,O107457,W111,Delhivery,2026-03-22,2026-03-27,2026-03-29,Delayed,1417.88
D205509,O109148,W111,BlueDart,2026-07-26,2026-08-01,2026-08-04,Delayed,100.49
D205510,O101375,W111,Delhivery,2026-07-29,2026-07-31,2026-08-05,Delayed,192.86
D205511,O105034,W102,DHL,2026-05-14,2026-05-20,2026-05-25,Delivered,248.13
D205512,O102060,W102,BlueDart,2026-01-03,2026-01-09,2026-01-07,Delivered,950.28
D205513,O106466,W111,EcomExpress,2026-06-19,2026-06-24,2026-06-28,Delivered,1449.06
D205514,O102573,W115,DHL,2026-04-28,2026-05-01,2026-04-30,Delivered,625.41
D205515,O103590,W110,Delhivery,2026-07-27,2026-08-02,2026-08-06,Delayed,919.41
D205516,O104088,W106,BlueDart,2026-08-05,2026-08-10,2026-08-10,Delivered,937.75
D205517,O104415,W113,Delhivery,2026-08-13,2026-08-18,2026-08-22,Delivered,985.17
D205518,O106707,W102,EcomExpress,2026-09-14,2026-09-20,2026-09-18,Delivered,877.95
D205519,O102101,W112,BlueDart,2026-04-18,2026-04-22,2026-04-28,Delivered,1465.42
D205520,O101145,W101,FedEx,2026-04-06,2026-04-11,2026-04-12,Delivered,443.31
D205521,O102280,W115,FedEx,2026-01-17,2026-01-22,2026-01-24,Delayed,204.65
D205522,O101124,W104,EcomExpress,2026-04-08,2026-04-15,2026-04-19,Delivered,369.34
D205523,O105566,W111,FedEx,2026-02-08,2026-02-10,2026-02-15,Delivered,566.66
D205524,O103449,W116,DHL,2026-07-23,2026-07-25,2026-07-31,Delivered,1188.57
D205525,O101944,W112,Delhivery,2026-03-05,2026-03-09,2026-03-14,In Transit,1072.91
D205526,O107467,W107,Delhivery,2026-04-16,2026-04-21,2026-04-24,Delivered,744.44
D205527,O106650,W117,EcomExpress,2026-02-24,2026-03-02,2026-03-05,Delivered,1181.56
D205528,O103462,W115,DHL,2026-09-05,2026-09-09,2026-09-09,In Transit,327.17
D205529,O104260,W112,BlueDart,2026-08-19,2026-08-26,2026-09-01,Delivered,1459.65
D205530,O109201,W105,DHL,2026-01-08,2026-01-13,2026-01-16,Delayed,528.29
D205531,O105350,W114,DHL,2026-06-24,2026-06-27,2026-06-27,In Transit,892.96
D205532,O109058,W112,EcomExpress,2026-05-05,2026-05-07,2026-05-05,Delivered,135.08
D205533,O103976,W100,BlueDart,2026-06-04,2026-06-10,2026-06-15,Delivered,461.1
D205534,O100818,W116,BlueDart,2026-01-22,2026-01-27,2026-01-25,Delivered,230.16
D205535,O107487,W110,EcomExpress,2026-04-17,2026-04-22,2026-04-27,Delivered,953.74
D205536,O104329,W103,EcomExpress,2026-04-24,2026-05-01,2026-05-06,Delivered,265.4
D205537,O104330,W116,Delhivery,2026-04-07,2026-04-11,2026-04-17,In Transit,473.33
D205538,O102020,W115,,2026-04-13,2026-04-16,2026-04-18,Delivered,707.08
D205539,O103415,W110,BlueDart,2026-02-22,2026-02-27,2026-02-27,Delivered,1359.58
D205540,O105539,W103,DHL,2026-06-13,2026-06-16,2026-06-16,Delivered,157.11
D205541,O101515,W113,Delhivery,2026-02-19,2026-02-24,2026-02-27,Delivered,805.59
D205542,O108678,W101,DHL,2026-01-09,2026-01-11,2026-01-17,Delayed,1045.01
D205543,O104324,W111,BlueDart,2026-02-23,2026-02-28,2026-02-26,Delayed,1272.07
D205544,O100486,W104,Delhivery,2026-07-23,2026-07-28,2026-08-01,In Transit,431.08
D205545,O101381,W111,DHL,2026-07-26,2026-08-01,2026-07-31,In Transit,88.8
D205546,O100866,W116,EcomExpress,2026-05-24,2026-05-30,2026-06-05,Delayed,173.98
D205547,O100394,W107,Delhivery,2026-01-06,2026-01-08,2026-01-13,Delivered,798.1
D205548,O109169,W108,DHL,2026-03-22,2026-03-25,2026-03-30,Delivered,1416.65
D205549,O105513,W100,DHL,2026-05-08,2026-05-14,2026-05-17,Delivered,922.83
D205550,O104543,W100,EcomExpress,2026-08-05,2026-08-10,2026-08-13,Delivered,977.06
D205551,O102160,W105,FedEx,2026-03-11,2026-03-16,2026-03-15,Delayed,1113.02
D205552,O104936,W105,FedEx,2026-01-30,2026-02-06,2026-02-09,Delivered,515.23
D205553,O108075,W118,FedEx,2026-03-03,2026-03-10,2026-03-15,In Transit,712.72
D205554,O108614,W118,BlueDart,2026-04-24,2026-05-01,2026-05-06,Delivered,367.78
D205555,O104559,W100,Delhivery,2026-09-14,2026-09-18,2026-09-24,Delayed,971.25
D205556,O108759,W103,FedEx,2026-07-07,2026-07-11,2026-07-16,Delivered,1412.6
D205557,O106506,W103,EcomExpress,2026-04-10,2026-04-17,2026-04-20,In Transit,458.95
D205558,O106849,W115,Delhivery,2026-02-06,2026-02-12,2026-02-13,Lost,1257.05
D205559,O107849,W114,EcomExpress,2026-02-26,2026-03-04,2026-03-05,Delivered,1350.81
D205560,O103522,W116,BlueDart,2026-07-01,2026-07-06,2026-07-07,Delivered,1308.3
D205561,O105471,W113,EcomExpress,2026-05-22,2026-05-27,2026-05-27,Delivered,327.73
D205562,O103359,W110,BlueDart,2026-05-04,2026-05-07,2026-05-11,Delayed,773.6
D205563,O109122,W119,EcomExpress,2026-09-05,2026-09-11,2026-09-13,Delivered,436.98
D205564,O103789,W114,Delhivery,2026-02-18,2026-02-25,2026-03-03,Delivered,682.58
D205565,O102176,W115,FedEx,2026-07-04,2026-07-06,2026-07-10,Delayed,1158.85
D205566,O100104,W117,,2026-09-06,2026-09-13,2026-09-18,Delivered,519.1
D205567,O103947,W100,FedEx,2026-05-06,2026-05-08,2026-05-07,Delivered,1300.47
D205568,O100390,W101,DHL,2026-05-14,2026-05-19,2026-05-20,Delivered,299.22
D205569,O109709,W111,,2026-02-14,2026-02-19,2026-02-18,Delivered,394.04
D205570,O106528,W108,FedEx,2026-06-12,2026-06-19,2026-06-21,Delayed,866.06
D205571,O108951,W104,FedEx,2026-02-13,2026-02-18,2026-02-21,Delivered,373.0
D205572,O104685,W109,Delhivery,2026-01-12,2026-01-18,2026-01-24,Delayed,245.1
D205573,O109714,W111,BlueDart,2026-07-13,2026-07-20,2026-07-26,Delivered,684.29
D205574,O105211,W103,FedEx,2026-08-07,2026-08-11,2026-08-16,Delivered,498.71
D205575,O106200,W105,Delhivery,2026-01-07,2026-01-10,2026-01-12,Delayed,667.57
D205576,O104634,W116,DHL,2026-09-14,2026-09-16,2026-09-15,Delivered,232.85
D205577,O101946,W111,FedEx,2026-08-04,2026-08-10,2026-08-09,Lost,1169.41
D205578,O106727,W104, ,2026-04-04,2026-04-08,2026-04-08,In Transit,1349.91
D205579,O109676,W102,EcomExpress,2026-05-01,2026-05-08,2026-05-10,In Transit,459.58
D205580,O100049,W101,FedEx,2026-07-14,2026-07-19,2026-07-23,Lost,1080.52
D205581,O105924,W114,Delhivery,2026-06-30,2026-07-05,2026-07-05,Delivered,1025.26
D205582,O109446,W110,Delhivery,2026-01-31,2026-02-06,2026-02-06,Delivered,1293.34
D205583,O109431,W102,FedEx,2026-05-29,2026-06-04,2026-06-02,Delivered,1372.05
D205584,O107026,W109,BlueDart,2026-07-23,2026-07-26,2026-07-24,Delivered,357.74
D205585,O105426,W102,,2026-01-20,2026-01-25,2026-01-30,Delivered,1272.56
D205586,O108408,W109,Delhivery,2026-03-14,2026-03-20,2026-03-20,Delivered,261.48
D205587,O109412,W109,Delhivery,2026-07-30,2026-08-03,2026-08-03,Delivered,239.22
D205588,O102957,W100,DHL,2026-03-31,2026-04-05,2026-04-10,Delivered,995.25
D205589,O101649,W108,Delhivery,2026-03-15,2026-03-20,2026-03-25,Lost,583.91
D205590,O100548,W116,FedEx,2026-06-09,2026-06-15,2026-06-21,Delivered,434.32
D205591,O107238,W106,Delhivery,2026-09-11,2026-09-13,2026-09-12,Delivered,1119.67
D205592,O102114,W116,DHL,2026-03-09,2026-03-15,2026-03-21,Delayed,1451.21
D205593,O107474,W106,FedEx,2026-03-16,2026-03-21,2026-03-23,Delivered,481.57
D205594,O104179,W118,FedEx,2026-06-22,2026-06-25,2026-06-24,Delivered,1431.57
D205595,O100118,W110,,2026-02-23,2026-02-28,2026-03-05,Delivered,436.06
D205596,O105553,W102,EcomExpress,2026-03-16,2026-03-21,2026-03-23,Delayed,1009.77
D205597,O102231,W101,BlueDart,2026-08-07,2026-08-10,2026-08-10,Delivered,1185.59
D205598,O109513,W112,DHL,2026-02-20,2026-02-24,2026-02-26,In Transit,394.74
D205599,O103309,W115,DHL,2026-05-06,2026-05-11,2026-05-13,Delivered,485.94
D205600,O104134,W115,bluedart,2026-06-22,2026-06-24,2026-06-27,Delivered,1469.04
D205601,O107070,W103,DHL,2026-01-23,2026-01-28,2026-02-03,Delivered,494.25
D205602,O102980,W115,FedEx,2026-08-01,2026-08-06,2026-08-04,Delayed,634.57
D205603,O101889,W118,EcomExpress,2026-03-06,2026-03-09,2026-03-08,Delivered,1115.63
D205604,O104619,W106,DHL,2026-02-03,2026-02-06,2026-02-10,Delivered,1007.52
D205605,O103742,W100,Delhivery,2026-01-31,2026-02-07,2026-02-10,Delivered,1313.55
D205606,O103628,W115,Delhivery,2026-05-29,2026-06-02,2026-06-07,Delivered,802.11
D205607,O103517,W113, Delhivery ,2026-01-17,2026-01-24,2026-01-25,Delivered,523.58
D205608,O106559,W105,BlueDart,2026-02-09,2026-02-14,2026-02-14,Delivered,1262.51
D205609,O100738,W114,BlueDart,2026-06-15,2026-06-19,2026-06-24,Delivered,773.56
D205610,O107308,W114, FedEx ,2026-09-03,2026-09-07,2026-09-05,Delayed,804.79
D205611,O100373,W110,Delhivery,2026-09-12,2026-09-17,2026-09-15,Delayed,1382.74
D205612,O101227,W108,EcomExpress,2026-01-10,2026-01-17,2026-01-22,Delayed,604.99
D205613,O102529,W107,,2026-07-22,2026-07-25,2026-07-31,In Transit,1187.24
D205614,O109397,W115,EcomExpress,2026-03-11,2026-03-16,2026-03-18,Delayed,1486.75
D205615,O104020,W118,DHL,2026-02-02,2026-02-07,2026-02-06,In Transit,801.09
D205616,O107638,W116,EcomExpress,2026-01-20,2026-01-24,2026-01-22,Delivered,722.87
D205617,O100975,W106,FedEx,2026-09-02,2026-09-08,2026-09-13,Delayed,353.82
D205618,O103373,W102,DHL,2026-07-01,2026-07-06,2026-07-06,Delivered,613.78
D205619,O102288,W115,Delhivery,2026-04-05,2026-04-09,2026-04-08,Delayed,346.72
D205620,O104905,W100,BlueDart,2026-08-05,2026-08-09,2026-08-12,Delivered,690.42
D205621,O103823,W117,EcomExpress,2026-07-22,2026-07-26,2026-07-27,Delivered,666.02
D205622,O105570,W114,DHL,2026-08-03,2026-08-05,2026-08-08,Delivered,980.48
D205623,O106161,W101,BlueDart,2026-07-11,2026-07-14,2026-07-13,Delayed,1006.2
D205624,O106171,W105,Delhivery,2026-01-26,2026-01-28,2026-01-29,Delivered,1440.05
D205625,O105480,W114,Delhivery,2026-04-20,2026-04-22,2026-04-23,Delivered,511.08
D205626,O104455,W112,FedEx,2026-08-03,2026-08-06,2026-08-12,In Transit,172.72
D205627,O102808,W112,Delhivery,2026-02-17,2026-02-21,2026-02-22,Delivered,1270.21
D205628,O104961,W104,BlueDart,2026-07-20,2026-07-27,2026-07-27,Delivered,98.03
D205629,O105539,W105,EcomExpress,2026-03-25,2026-03-30,2026-04-04,Delayed,189.54
D205630,O107079,W117,Delhivery,2026-02-28,2026-03-02,2026-03-07,Delivered,572.23
D205631,O101553,W116,Delhivery,2026-05-29,2026-06-01,2026-06-01,In Transit,656.91
D205632,O103483,W114,FedEx,2026-01-22,2026-01-26,2026-01-27,In Transit,1024.74
D205633,O106146,W101,DHL,2026-08-15,2026-08-20,2026-08-19,Delivered,1245.65
D205634,O106120,W104,,2026-04-26,2026-04-29,2026-04-30,Delivered,1401.56
D205635,O105372,W103,EcomExpress,2026-08-30,2026-09-06,2026-09-08,Delivered,69.88
D205636,O107709,W101,FedEx,2026-04-11,2026-04-16,2026-04-20,Delivered,374.72
D205637,O108737,W106,BlueDart,2026-01-28,2026-02-03,2026-02-04,Delivered,471.84
D205638,O109122,W116,DHL,2026-08-21,2026-08-25,2026-08-28,In Transit,1050.13
D205639,O107224,W116,BlueDart,2026-02-12,2026-02-17,2026-02-17,Delivered,1438.89
D205640,O100066,W107,DHL,2026-05-24,2026-05-31,2026-05-31,Delivered,121.36
D205641,O101835,W111,FedEx,2026-04-12,2026-04-15,2026-04-13,Delivered,109.44
D205642,O107714,W110,FedEx,2026-01-10,2026-01-17,2026-01-15,In Transit,1394.94
D205643,O103864,W115,Delhivery,2026-04-10,2026-04-12,2026-04-18,Delivered,1166.27
D205644,O888888,W117,Delhivery,2026-01-06,2026-01-10,2026-01-12,Delivered,1106.88
D205645,O109716,W104,DHL,2026-03-21,2026-03-24,2026-03-29,Delivered,1459.65
D205646,O105839,W105,FedEx,2026-01-14,2026-01-21,2026-01-19,Delivered,381.64
D205647,O100473,W105,FedEx,2026-01-27,2026-01-30,2026-02-02,Delayed,1209.83
D205648,O102824,W118,EcomExpress,2026-06-24,2026-07-01,2026-06-29,Delivered,388.47
D205649,O100047,W114,EcomExpress,2026-07-20,2026-07-24,2026-07-22,Delivered,400.67
D205650,O101870,W104,ecomexpress,2026-04-01,2026-04-03,2026-04-06,Delivered,741.23
D205651,O108321,W107,EcomExpress,2026-07-23,2026-07-29,2026-08-01,In Transit,977.72
D205652,O100633,W119,FedEx,2026-01-21,2026-01-26,2026-01-28,Delivered,431.08
D205653,O104362,W110,Delhivery,2026-09-04,2026-09-07,2026-09-11,Delivered,813.95
D205654,O102308,W100,,2026-01-04,2026-01-06,2026-01-04,Delivered,249.32
D205655,O108806,W114,FedEx,2026-04-01,2026-04-03,2026-04-04,Delivered,1401.55
D205656,O109129,W102,DHL,2026-05-26,2026-05-31,2026-05-30,Delivered,1098.55
D205657,O109975,W107,BlueDart,2026-09-10,2026-09-13,2026-09-14,Delayed,1474.42
D205658,O102163,W115,EcomExpress,2026-05-27,2026-05-30,2026-05-28,Delivered,398.72
D205659,O106836,W101,FedEx,2026-06-17,2026-06-22,2026-06-25,Delivered,252.34
D205660,O105240,W114,DHL,2026-08-18,2026-08-25,2026-08-26,Delivered,210.26
D205661,O104257,W109,DHL,2026-03-29,2026-03-31,2026-03-30,Delivered,1451.2
D205662,O105200,W111,FedEx,2026-02-02,2026-02-05,2026-02-07,Delivered,76.59
D205663,O109123,W106,EcomExpress,2026-04-29,2026-05-06,2026-05-12,Delivered,56.04
D205664,O108438,W101,DHL,2026-03-28,2026-04-04,2026-04-07,Delivered,1088.7
D205665,O100377,W111,DHL,2026-08-25,2026-08-29,2026-09-03,Delivered,1473.1
D205666,O106674,W115,Delhivery,2026-04-27,2026-05-01,2026-05-04,Delivered,894.43
D205667,O108614,W118,BlueDart,2026-03-02,2026-03-08,2026-03-13,Delivered,950.43
D205668,O109521,W112,DHL,2026-06-19,2026-06-26,2026-06-30,Delivered,939.07
D205669,O107399,W109,Delhivery,2026-03-31,2026-04-03,2026-04-09,Delivered,431.76
D205670,O100901,W114,BlueDart,2026-03-20,2026-03-27,2026-03-25,Delayed,428.26
D205671,O106968,W119,DHL,2026-04-17,2026-04-22,2026-04-26,In Transit,200.92
D205672,O108039,W117,DHL,2026-03-30,2026-04-04,2026-04-03,Lost,730.06
D205673,O100998,W105,FedEx,2026-03-11,2026-03-14,2026-03-18,Delayed,315.49
D205674,O103000,W108,FedEx,2026-08-21,2026-08-24,2026-08-23,Delayed,500.87
D205675,O103552,W101,BlueDart,2026-03-31,2026-04-07,2026-04-06,Delivered,737.17
D205676,O100828,W115,DHL,2026-06-17,2026-06-24,2026-06-25,Delayed,1209.42
D205677,O106413,W101,FedEx,2026-05-12,2026-05-18,2026-05-20,Delivered,1129.99
D205678,O105117,W112,DHL,2026-01-20,2026-01-22,2026-01-25,Delivered,1156.25
D205679,O103395,W107,EcomExpress,2026-02-27,2026-03-05,2026-03-05,Delivered,78.36
D205680,O101652,W104,FedEx,2026-06-01,2026-06-06,2026-06-04,Delivered,1275.43
D205681,O102957,W104,BlueDart,2026-05-08,2026-05-15,2026-05-17,Delayed,377.8
D205682,O102555,W117,EcomExpress,2026-06-01,2026-06-05,2026-06-03,Delivered,456.97
D205683,O106102,W104,BlueDart,2026-09-08,2026-09-11,2026-09-13,Delivered,1106.37
D205684,O109264,W117,Delhivery,2026-07-08,2026-07-15,2026-07-21,In Transit,863.34
D205685,O101699,W118,EcomExpress,2026-05-30,2026-06-03,2026-06-06,In Transit,412.39
D205686,O102737,W119,Delhivery,2026-05-01,2026-05-07,2026-05-09,Delivered,1127.02
D205687,O108487,W118,EcomExpress,2026-02-13,2026-02-18,2026-02-18,Delivered,869.56
D205688,O105288,W118,FedEx,2026-07-25,2026-07-28,2026-07-31,Delivered,1427.02
D205689,O100777,W102,BlueDart,2026-06-09,2026-06-15,2026-06-20,Delivered,560.84
D205690,O103170,W116,FedEx,2026-07-04,2026-07-08,2026-07-06,Delivered,1358.78
D205691,O108818,W105,Delhivery,2026-05-18,2026-05-25,2026-05-24,Delivered,1255.46
D205692,O108380,W107,DHL,2026-08-21,2026-08-23,2026-08-28,Delivered,146.35
D205693,O103004,W109,BlueDart,2026-01-27,2026-02-03,2026-02-08,Delivered,229.98
D205694,O107444,W104,DHL,2026-01-30,2026-02-03,2026-02-04,Delivered,278.18
D205695,O108104,W108,,2026-09-01,2026-09-06,2026-09-10,Delivered,497.91
D205696,O104717,W118,FedEx,2026-03-30,2026-04-02,2026-04-03,Delayed,1101.07
D205697,O101702,W116,BlueDart,2026-05-19,2026-05-26,2026-05-26,Delivered,1170.43
D205698,O108934,W100,DHL,2026-08-08,2026-08-14,2026-08-13,Delivered,1203.06
D205699,O108091,W102,Delhivery,2026-04-21,2026-04-27,2026-04-25,Delayed,1432.95
D205700,O105718,W112,BlueDart,2026-07-24,2026-07-28,2026-07-28,Delivered,807.97
D205701,O105448,W115,DHL,2026-07-30,2026-08-01,2026-08-04,Delayed,334.33
D205702,O103047,W113,Delhivery,2026-05-04,2026-05-10,2026-05-16,Delivered,1233.84
D205703,O101596,W119,BlueDart,2026-09-02,2026-09-06,2026-09-10,Delivered,403.08
D205704,O101665,W101,FedEx,2026-06-29,2026-07-01,2026-07-07,In Transit,655.35
D205705,O109107,W115,Delhivery,2026-07-04,2026-07-06,2026-07-04,Delivered,68.54
D205706,O101335,W104,Delhivery,2026-07-07,2026-07-14,2026-07-17,Delayed,1082.71
D205707,O104439,W107, ,2026-01-09,2026-01-11,2026-01-10,Delivered,1253.84
D205708,O106326,W104,FedEx,2026-05-24,2026-05-29,2026-06-02,Delivered,71.67
D205709,O103357,W106,BlueDart,2026-06-22,2026-06-26,2026-06-29,Delivered,458.71
D205710,O108773,W100,EcomExpress,2026-05-05,2026-05-12,2026-05-18,Delivered,794.54
D205711,O104034,W115,EcomExpress,2026-09-10,2026-09-17,2026-09-21,Delivered,265.82
D205712,O101116,W108,EcomExpress,2026-07-04,2026-07-09,2026-07-08,Delayed,191.36
D205713,O104386,W109,EcomExpress,2026-01-20,2026-01-22,2026-01-23,Delivered,846.57
D205714,O106528,W113,BlueDart,2026-01-07,2026-01-10,2026-01-14,Delivered,1309.52
D205715,O107593,W109,DHL,2026-09-13,2026-09-17,2026-09-19,Delayed,1145.81
D205716,O101271,W106,DHL,2026-08-26,2026-08-28,2026-09-03,Delivered,622.28
D205717,O102885,W119,FedEx,2026-01-17,2026-01-23,2026-01-28,Delivered,422.42
D205718,O109720,W111,BlueDart,2026-01-28,2026-01-30,2026-02-04,Delivered,1339.83
D205719,O109948,W116,FedEx,2026-04-07,2026-04-11,2026-04-09,Delivered,1174.24
D205720,O103029,W101,Delhivery,2026-03-01,2026-03-08,2026-03-11,Delivered,1222.92
D205721,O102339,W116,BLUEDART,2026-08-16,2026-08-22,2026-08-24,Delivered,1379.99
D205722,O105239,W119,Delhivery,2026-03-16,2026-03-19,2026-03-20,Delivered,1347.3
D205723,O109311,W108,FedEx,2026-02-18,2026-02-23,2026-02-24,Delivered,661.29
D205724,O102591,W101,DHL,2026-02-09,2026-02-12,2026-02-10,Delivered,1168.12
D205725,O101920,W101,BlueDart,2026-04-27,2026-05-04,2026-05-06,Delivered,1394.09
D205726,O101715,W116,Delhivery,2026-07-05,2026-07-10,2026-07-14,Delivered,167.21
D205727,O103715,W109,Delhivery,2026-09-14,2026-09-18,2026-09-16,In Transit,1164.41
D205728,O107498,W118,EcomExpress,2026-01-02,2026-01-06,2026-01-04,Delivered,1012.36
D205729,O100722,W106,FedEx,2026-05-25,2026-05-28,2026-06-01,Delivered,854.41
D205730,O101047,W116,FedEx,2026-04-09,2026-04-15,2026-04-15,Delivered,967.13
D205731,O106398,W114,BlueDart,2026-04-18,2026-04-23,2026-04-22,Delayed,1465.96
D205732,O109038,W105,DHL,2026-05-02,2026-05-08,2026-05-06,Delivered,1320.94
D205733,O104453,W114,DHL,2026-02-26,2026-03-05,2026-03-08,Delivered,1476.71
D205734,O104288,W112,Delhivery,2026-07-11,2026-07-16,2026-07-19,In Transit,1119.5
D205735,O107090,W113,FedEx,2026-08-04,2026-08-09,2026-08-08,Delivered,64.22
D205736,O106221,W100,FedEx,2026-08-04,2026-08-08,2026-08-10,Delivered,548.04
D205737,O100256,W110,BlueDart,2026-05-16,2026-05-19,2026-05-23,Delivered,175.51
D205738,O100071,W112,EcomExpress,2026-01-10,2026-01-14,2026-01-20,Delayed,767.45
D205739,O109054,W108,Delhivery,2026-03-01,2026-03-08,2026-03-09,In Transit,368.56
D205740,O108213,W107,EcomExpress,2026-01-25,2026-01-31,2026-01-30,Delivered,443.03
D205741,O107856,W112,FedEx,2026-02-12,2026-02-17,2026-02-17,Delivered,205.96
D205742,O104216,W108,Delhivery,2026-06-09,2026-06-14,2026-06-17,Lost,991.55
D205743,O100835,W107,Delhivery,2026-07-27,2026-08-01,2026-07-31,Delayed,1381.51
D205744,O104276,W105,Delhivery,2026-01-16,2026-01-19,2026-01-19,Delivered,1020.53
D205745,O103684,W110,Delhivery,2026-02-16,2026-02-22,2026-02-23,In Transit,1003.79
D205746,O103988,W116,FedEx,2026-04-13,2026-04-16,2026-04-19,Delivered,1380.96
D205747,O101299,W106,DHL,2026-04-17,2026-04-24,2026-04-23,Delivered,601.36
D205748,O108719,W107,EcomExpress,2026-06-17,2026-06-20,2026-06-26,Delivered,1346.73
D205749,O101855,W109,Delhivery,2026-04-06,2026-04-09,2026-04-14,In Transit,1067.99
D205750,O109408,W103,DHL,2026-01-04,2026-01-07,2026-01-13,Delivered,168.2
D205751,O105286,W102,Delhivery,2026-08-11,2026-08-14,2026-08-20,Delivered,1076.26
D205752,O106070,W107,EcomExpress,2026-03-27,2026-04-01,2026-04-01,Delivered,186.32
D205753,O106549,W104,Delhivery,2026-03-31,2026-04-03,2026-04-06,In Transit,1082.6
D205754,O102967,W113,EcomExpress,2026-07-16,2026-07-19,2026-07-24,Delivered,404.44
D205755,O108703,W109,FedEx,2026-01-28,2026-02-04,2026-02-07,Lost,58.31
D205756,O100763,W116,BlueDart,2026-04-17,2026-04-23,2026-04-26,Delivered,913.23
D205757,O107839,W109,BlueDart,2026-02-09,2026-02-11,2026-02-12,Delivered,1054.94
D205758,O101667,W119,Delhivery,2026-07-18,2026-07-22,2026-07-25,Delivered,1392.22
D205759,O108700,W118,BlueDart,2026-05-22,2026-05-25,2026-05-29,Delivered,81.96
D205760,O105479,W104,FedEx,2026-03-08,2026-03-13,2026-03-15,Lost,1484.08
D205761,O105334,W101,DHL,2026-07-17,2026-07-19,2026-07-25,Delivered,1159.62
D205762,O101981,W100,Delhivery,2026-07-24,2026-07-29,2026-07-31,Delivered,1427.61
D205763,O108581,W116,FedEx,2026-04-27,2026-05-04,2026-05-03,In Transit,424.25
D205764,O106718,W117,Delhivery,2026-04-29,2026-05-05,2026-05-07,Delivered,770.77
D205765,O109884,W118,DHL,2026-03-01,2026-03-05,2026-03-10,Delivered,854.98
D205766,O108140,W105,FedEx,2026-07-14,2026-07-16,2026-07-18,Delivered,982.89
D205767,O107852,W116,BlueDart,2026-02-18,2026-02-22,2026-02-23,Delivered,879.35
D205768,O108474,W114,FedEx,2026-05-30,2026-06-03,2026-06-03,Delivered,936.64
D205769,O102644,W114,BlueDart,2026-01-27,2026-01-29,2026-02-04,Delivered,1467.98
D205770,O108432,W116,FedEx,2026-03-21,2026-03-27,2026-03-29,Delivered,223.12
D205771,O109315,W106,BlueDart,2026-04-08,2026-04-13,2026-04-19,In Transit,559.79
D205772,O105979,W118,EcomExpress,2026-02-23,2026-02-28,2026-02-27,Delivered,1048.82
D205773,O104757,W116,Delhivery,2026-01-04,2026-01-08,2026-01-08,Delivered,1249.17
D205774,O109738,W110,DHL,2026-02-02,2026-02-08,2026-02-11,Delivered,1057.5
D205775,O102799,W103,BlueDart,2026-09-01,2026-09-06,2026-09-05,Delayed,1043.38
D205776,O105887,W105,BlueDart,2026-02-13,2026-02-19,2026-02-24,Delivered,1226.17
D205777,O102282,W106,EcomExpress,2026-08-18,2026-08-22,2026-08-25,Delivered,1397.76
D205778,O104191,W108,BlueDart,2026-03-03,2026-03-07,2026-03-12,Delivered,829.99
D205779,O101043,W103,DHL,2026-06-01,2026-06-03,2026-06-02,Delivered,353.04
D205780,O101461,W113,FedEx,2026-06-12,2026-06-15,2026-06-19,Delivered,1314.37
D205781,O106938,W113,EcomExpress,2026-08-27,2026-09-03,2026-09-03,Delivered,1396.32
D205782,O108669,W118,FedEx,2026-05-09,2026-05-16,2026-05-18,In Transit,1396.46
D205783,O100118,W115,Delhivery,2026-01-24,2026-01-31,2026-02-05,Lost,1023.74
D205784,O104826,W109,EcomExpress,2026-06-21,2026-06-25,2026-06-23,Delivered,1014.19
D205785,O101859,W104,,2026-02-26,2026-03-05,2026-03-03,Delivered,284.4
D205786,O109789,W108,FedEx,2026-07-05,2026-07-10,2026-07-08,Delivered,196.62
D205787,O103206,W108,FedEx,2026-01-15,2026-01-18,2026-01-24,Delivered,474.5
D205788,O109996,W112,Delhivery,2026-02-07,2026-02-12,2026-02-11,Delivered,340.71
D205789,O104247,W115,DHL,2026-01-06,2026-01-13,2026-01-14,Delivered,526.57
D205790,O102489,W101,FedEx,2026-01-03,2026-01-08,2026-01-12,Delivered,643.08
D205791,O104387,W113,DHL,2026-06-20,2026-06-25,2026-06-27,Delivered,808.3
D205792,O108809,W104,FedEx,2026-07-31,2026-08-05,2026-08-08,Delivered,788.22
D205793,O104681,W108,Delhivery,2026-08-14,2026-08-21,2026-08-25,Delivered,1437.3
D205794,O101588,W101,FedEx,2026-04-30,2026-05-04,2026-05-05,Delivered,1326.59
D205795,O105118,W109,DHL,2026-07-03,2026-07-07,2026-07-13,Delivered,575.4
D205796,O104890,W102,EcomExpress,2026-03-22,2026-03-25,2026-03-28,Delayed,1335.97
D205797,O101679,W107,BlueDart,2026-08-02,2026-08-07,2026-08-05,In Transit,90.11
D205798,O105407,W109,FedEx,2026-04-26,2026-04-29,2026-05-05,In Transit,1286.47
D205799,O106158,W103,EcomExpress,2026-07-06,2026-07-09,2026-07-14,Delivered,111.89
D205800,O109083,W112,Delhivery,2026-07-08,2026-07-15,2026-07-15,Delivered,380.59
D205801,O102859,W101,Delhivery,2026-02-14,2026-02-17,2026-02-21,Delivered,350.63
D205802,O107170,W117,DHL,2026-08-30,2026-09-01,2026-09-04,In Transit,500.2
D205803,O103552,W108,FedEx,2026-08-10,2026-08-14,2026-08-12,Delivered,550.98
D205804,O106809,W101,BlueDart,2026-05-03,2026-05-08,2026-05-13,In Transit,1039.97
D205805,O108932,W115,DHL,2026-07-05,2026-07-12,2026-07-16,Delivered,770.05
D205806,O100808,W115,FedEx,2026-04-04,2026-04-10,2026-04-12,Delivered,1431.76
D205807,O103737,W109,Delhivery,2026-05-16,2026-05-23,2026-05-28,Delivered,1245.71
D205808,O109074,W104,dhl,2026-02-26,2026-03-03,2026-03-02,Delivered,1102.11
D205809,O101100,W115,EcomExpress,2026-05-03,2026-05-09,2026-05-10,Delayed,1480.32
D205810,O100575,W108,FedEx,2026-01-15,2026-01-19,2026-01-21,Delayed,1132.82
D205811,O101334,W106,FedEx,2026-03-18,2026-03-25,2026-03-31,Delivered,216.12
D205812,O107942,W117,FedEx,2026-04-06,2026-04-09,2026-04-09,Delivered,786.33
D205813,O108814,W109,DHL,2026-07-12,2026-07-16,2026-07-16,In Transit,337.25
D205814,O107079,W104,DHL,2026-09-03,2026-09-10,2026-09-11,Delayed,125.17
D205815,O109049,W112,FedEx,2026-02-20,2026-02-23,2026-02-27,In Transit,1492.01
D205816,O103529,W104,FedEx,2026-01-28,2026-02-01,2026-01-30,Delivered,1376.08
D205817,O105339,W115,Delhivery,2026-07-23,2026-07-28,2026-07-27,Delivered,952.95
D205818,O106588,W113,BlueDart,2026-08-01,2026-08-04,2026-08-05,Delivered,1019.75
D205819,O105854,W119,Delhivery,2026-06-17,2026-06-23,2026-06-29,In Transit,468.47
D205820,O106631,W112,BlueDart,2026-08-05,2026-08-10,2026-08-16,Delivered,150.41
D205821,O105458,W112,Delhivery,2026-01-12,2026-01-19,2026-01-17,Delivered,1215.67
D205822,O104528,W103,DHL,2026-03-28,2026-04-02,2026-04-05,Delivered,879.92
D205823,O103634,W107,BlueDart,2026-05-31,2026-06-07,2026-06-13,Delivered,720.07
D205824,O104939,W114,Delhivery,2026-03-27,2026-04-03,2026-04-03,Delivered,1023.63
D205825,O107001,W116,BlueDart,2026-04-09,2026-04-16,2026-04-20,Delivered,764.26
D205826,O108929,W116,BlueDart,2026-07-07,2026-07-13,2026-07-13,Delivered,630.4
D205827,O109802,W112,FedEx,2026-08-17,2026-08-23,2026-08-28,Delivered,1094.38
D205828,O101912,W103,Delhivery,2026-08-14,2026-08-21,2026-08-24,In Transit,822.45
D205829,O105851,W100,FedEx,2026-08-16,2026-08-18,2026-08-16,Delivered,298.61
D205830,O107267,W113,DHL,2026-05-28,2026-06-04,2026-06-10,In Transit,1075.92
D205831,O107006,W110,Delhivery,2026-02-11,2026-02-18,2026-02-24,Delivered,600.32
D205832,O108742,W106,FedEx,2026-06-04,2026-06-07,2026-06-10,In Transit,1169.25
D205833,O103339,W110,Delhivery,2026-01-23,2026-01-26,2026-01-30,Delayed,1466.21
D205834,O102026,W102,BlueDart,2026-07-08,2026-07-10,2026-07-08,Delayed,783.16
D205835,O100430,W117,EcomExpress,2026-08-30,2026-09-06,2026-09-07,Delivered,1126.24
D205836,O102054,W103,BlueDart,2026-02-13,2026-02-19,2026-02-22,Delivered,831.98
D205837,O108109,W109,BlueDart,2026-09-13,2026-09-19,2026-09-22,In Transit,1458.38
D205838,O104597,W111,DHL,2026-06-22,2026-06-24,2026-06-23,Delivered,869.42
D205839,O107983,W119,DHL,2026-04-09,2026-04-16,2026-04-22,In Transit,674.06
D205840,O107186,W101,DHL,2026-03-19,2026-03-25,2026-03-28,Delivered,562.37
D205841,O104519,W115,FedEx,2026-03-07,2026-03-09,2026-03-14,In Transit,348.83
D205842,O109975,W104,BlueDart,2026-09-11,2026-09-13,2026-09-14,Delivered,577.88
D205843,O101430,W105,EcomExpress,2026-09-10,2026-09-16,2026-09-14,Delivered,924.54
D205844,O104537,W105,FedEx,2026-06-28,2026-07-05,2026-07-08,Delivered,128.42
D205845,O106926,W119,Delhivery,2026-03-25,2026-03-30,2026-04-01,In Transit,723.68
D205846,O106664,W101,Delhivery,2026-07-21,2026-07-25,2026-07-31,Delivered,497.29
D205847,O107496,W117,,2026-03-04,2026-03-06,2026-03-11,Delivered,1408.41
D205848,O102715,W105,DHL,2026-06-11,2026-06-14,2026-06-16,Delivered,1027.74
D205849,O109356,W101,EcomExpress,2026-08-26,2026-08-30,2026-08-30,Delivered,1055.67
D205850,O102143,W113,FedEx,2026-03-01,2026-03-06,2026-03-04,Delayed,1000.77
D205851,O101547,W103,EcomExpress,2026-07-25,2026-07-31,2026-08-03,In Transit,1064.74
D205852,O106728,W115,FedEx,2026-05-08,2026-05-12,2026-05-13,Delivered,463.38
D205853,O102848,W106,DHL,2026-02-20,2026-02-22,2026-02-20,Delivered,994.31
D205854,O101501,W118,Delhivery,2026-09-02,2026-09-04,2026-09-03,Delivered,720.61
D205855,O103007,W116,Delhivery,2026-02-24,2026-02-27,2026-03-05,Delivered,944.19
D205856,O107716,W107,DHL,2026-06-12,2026-06-18,2026-06-23,In Transit,710.1
D205857,O101306,W118,DHL,2026-02-28,2026-03-04,2026-03-04,Delayed,1194.37
D205858,O101181,W112,Delhivery,2026-02-17,2026-02-24,2026-02-25,Delayed,586.38
D205859,O101158,W105,EcomExpress,2026-02-04,2026-02-10,2026-02-16,Delayed,1284.65
D205860,O109114,W108,Delhivery,2026-05-13,2026-05-16,2026-05-18,Delivered,376.74
D205861,O100604,W116,EcomExpress,2026-03-25,2026-03-28,2026-04-01,Delivered,1307.7
D205862,O108232,W101,BlueDart,2026-05-15,2026-05-18,2026-05-18,Delivered,762.46
D205863,O106313,W104,DHL,2026-03-01,2026-03-03,2026-03-09,Delivered,605.58
D205864,O106644,W106,BlueDart,2026-03-22,2026-03-26,2026-03-31,Delivered,676.85
D205865,O109407,W108,FEDEX,2026-05-30,2026-06-06,2026-06-06,Lost,1064.4
D205866,O109314,W106,FedEx,2026-09-14,2026-09-16,2026-09-20,Delivered,410.62
D205867,O103773,W107,FedEx,2026-06-09,2026-06-15,2026-06-20,Delivered,1001.75
D205868,O103147,W117,EcomExpress,2026-07-06,2026-07-13,2026-07-16,Delivered,869.58
D205869,O105831,W101,FedEx,2026-06-06,2026-06-10,2026-06-11,Delivered,62.44
D205870,O108422,W106,Delhivery,2026-08-02,2026-08-06,2026-08-05,Delivered,203.96
D205871,O107009,W116,EcomExpress,2026-08-14,2026-08-20,2026-08-20,Delivered,457.69
D205872,O101067,W115,DHL,2026-04-22,2026-04-24,2026-04-26,Delivered,1047.81
D205873,O103034,W115,FedEx,2026-02-08,2026-02-12,2026-02-16,Delivered,430.51
D205874,O105322,W103,EcomExpress,2026-04-15,2026-04-21,2026-04-21,In Transit,1311.9
D205875,O103766,W113,FedEx,2026-08-16,2026-08-18,2026-08-22,Delayed,277.19
D205876,O107474,W111,FedEx,2026-02-08,2026-02-12,2026-02-15,Delivered,56.43
D205877,O107177,W119,EcomExpress,2026-08-29,2026-09-04,2026-09-06,In Transit,1421.53
D205878,O105053,W108,EcomExpress,2026-05-16,2026-05-21,2026-05-22,Delayed,479.59
D205879,O107324,W104,EcomExpress,2026-02-17,2026-02-19,2026-02-21,Delivered,772.89
D205880,O101375,W100,Delhivery,2026-01-01,2026-01-04,2026-01-02,Delivered,855.38
D205881,O106986,W116,DHL,2026-07-29,2026-08-04,2026-08-03,Delivered,599.96
D205882,O104805,W100,BlueDart,2026-07-25,2026-07-31,2026-08-06,Delivered,129.77
D205883,O102373,W108,DHL,2026-06-14,2026-06-18,2026-06-18,Delayed,857.45
D205884,O103758,W115,Delhivery,2026-06-08,2026-06-10,2026-06-14,Delivered,1495.73
D205885,O108651,W112,Delhivery,2026-06-12,2026-06-19,2026-06-18,Delivered,1079.36
D205886,O100066,W104,Delhivery,2026-01-28,2026-01-30,2026-01-30,Delayed,657.66
D205887,O109970,W106,DHL,2026-06-30,2026-07-03,2026-07-02,Delivered,1189.47
D205888,O100454,W108,Delhivery,2026-09-01,2026-09-08,2026-09-12,Delivered,1311.78
D205889,O103434,W107,Delhivery,2026-01-03,2026-01-10,2026-01-15,Delayed,846.59
D205890,O105658,W103,Delhivery,2026-04-09,2026-04-13,2026-04-13,In Transit,1079.61
D205891,O100466,W113,EcomExpress,2026-05-11,2026-05-14,2026-05-18,Delivered,1168.76
D205892,O104991,W103,DHL,2026-01-04,2026-01-09,2026-01-09,Delivered,414.97
D205893,O104777,W103,DHL,2026-03-04,2026-03-09,2026-03-13,In Transit,711.98
D205894,O108726,W107,FedEx,2026-02-16,2026-02-22,2026-02-23,Delivered,1364.46
D205895,O105522,W101,BlueDart,2026-09-10,2026-09-15,2026-09-19,Delivered,1070.86
D205896,O100408,W100,Delhivery,2026-07-26,2026-08-02,2026-08-03,Delayed,691.11
D205897,O106000,W115,BlueDart,2026-02-15,2026-02-17,2026-02-21,Lost,422.87
D205898,O100196,W119,FedEx,2026-08-25,2026-08-31,2026-09-04,Delayed,233.11
D205899,O107241,W117,Delhivery,2026-01-15,2026-01-19,2026-01-19,Delivered,1462.29
D205900,O100821,W103,BLUEDART,2026-07-18,2026-07-23,2026-07-25,Delivered,1493.76
D205901,O102917,W108,FedEx,2026-02-23,2026-03-01,2026-03-03,Delayed,820.23
D205902,O105422,W119,EcomExpress,2026-04-16,2026-04-23,2026-04-22,Delivered,53.24
D205903,O109907,W113,ecomexpress,2026-01-19,2026-01-23,2026-01-23,Delivered,330.23
D205904,O108552,W116,FedEx,2026-02-28,2026-03-03,2026-03-01,Delivered,449.53
D205905,O108805,W106,EcomExpress,2026-02-23,2026-02-27,2026-03-03,Delivered,716.13
D205906,O102105,W116, ,2026-03-06,2026-03-11,2026-03-17,Delivered,1097.3
D205907,O107284,W104,Delhivery,2026-08-20,2026-08-23,2026-08-25,Delivered,485.6
D205908,O101404,W100,FedEx,2026-04-20,2026-04-22,2026-04-28,Delivered,523.2
D205909,O106217,W114,DHL,2026-04-24,2026-04-26,2026-04-27,Delivered,313.03
D205910,O100899,W108,BlueDart,2026-02-16,2026-02-23,2026-02-24,Delivered,856.05
D205911,O103513,W108,Delhivery,2026-02-14,2026-02-18,2026-02-20,Lost,565.57
D205912,O100992,W118,Delhivery,2026-08-21,2026-08-23,2026-08-27,Delivered,223.18
D205913,O100325,W100,BlueDart,2026-03-25,2026-04-01,2026-04-06,Delivered,723.31
D205914,O101805,W115,Delhivery,2026-01-16,2026-01-18,2026-01-22,Delayed,1012.18
D205915,O108254,W106,FedEx,2026-05-06,2026-05-08,2026-05-13,Delivered,742.14
D205916,O105082,W103,DHL,2026-06-12,2026-06-18,2026-06-17,Delayed,1101.68
D205917,O102483,W102,BlueDart,2026-08-29,2026-08-31,2026-09-01,Delivered,829.4
D205918,O108362,W104,,2026-07-14,2026-07-16,2026-07-17,Delivered,722.91
D205919,O101035,W115,BlueDart,2026-07-03,2026-07-09,2026-07-10,Delivered,303.43
D205920,O106081,W110,Delhivery,2026-08-05,2026-08-11,2026-08-13,Delayed,628.85
D205921,O104975,W101,DHL,2026-05-13,2026-05-17,2026-05-15,Delivered,272.31
D205922,O108695,W101,DHL,2026-01-07,2026-01-13,2026-01-14,Delayed,179.78
D205923,O105065,W119, ,2026-01-16,2026-01-19,2026-01-25,Delivered,104.17
D205924,O103153,W113,FedEx,2026-02-02,2026-02-07,2026-02-11,Delayed,255.31
D205925,O104770,W106,FedEx,2026-02-02,2026-02-08,2026-02-12,In Transit,75.61
D205926,O108742,W112,FedEx,2026-06-12,2026-06-14,2026-06-16,Delivered,1267.02
D205927,O103002,W116,EcomExpress,2026-05-29,2026-06-01,2026-06-06,In Transit,680.86
D205928,O102494,W116,FedEx,2026-03-08,2026-03-15,2026-03-17,In Transit,304.21
D205929,O109327,W113,FedEx,2026-07-24,2026-07-31,2026-08-03,Delivered,211.64
D205930,O105763,W106,FedEx,2026-01-30,2026-02-03,2026-02-07,Delivered,1310.14
D205931,O109554,W111,,2026-08-13,2026-08-20,2026-08-18,Delayed,129.73
D205932,O108146,W103,FedEx,2026-03-18,2026-03-24,2026-03-29,Delivered,1055.43
D205933,O102225,W112,EcomExpress,2026-05-29,2026-06-04,2026-06-05,Delivered,1267.25
D205934,O107784,W109, DHL ,2026-02-08,2026-02-11,2026-02-17,In Transit,1452.15
D205935,O108638,W112,EcomExpress,2026-03-04,2026-03-09,2026-03-13,Delivered,379.73
D205936,O106465,W104,BlueDart,2026-08-04,2026-08-10,2026-08-13,Delivered,859.38
D205937,O104849,W114,FedEx,2026-05-24,2026-05-27,2026-05-31,Delivered,408.82
D205938,O109638,W101,Delhivery,2026-04-16,2026-04-20,2026-04-19,Delivered,872.63
D205939,O109673,W101,BlueDart,2026-05-19,2026-05-26,2026-05-30,Delayed,461.54
D205940,O106544,W114,Delhivery,2026-03-30,2026-04-05,2026-04-04,Delivered,1270.1
D205941,O108487,W112,BlueDart,2026-06-05,2026-06-12,2026-06-12,Delivered,1212.98
D205942,O100592,W100,BlueDart,2026-02-05,2026-02-07,2026-02-05,In Transit,1089.65
D205943,O108820,W106,FedEx,2026-03-04,2026-03-07,2026-03-07,Delivered,868.53
D205944,O106476,W102,DHL,2026-05-10,2026-05-16,2026-05-17,Delivered,1150.51
D205945,O103417,W116,Delhivery,2026-08-31,2026-09-04,2026-09-05,In Transit,1361.43
D205946,O102270,W102,EcomExpress,2026-06-12,2026-06-17,2026-06-16,In Transit,154.05
D205947,O103357,W108,DHL,2026-05-30,2026-06-01,2026-06-01,Delayed,140.0
D205948,O105351,W114,EcomExpress,2026-07-22,2026-07-28,2026-07-30,Delivered,233.38
D205949,O109250,W102,BlueDart,2026-08-12,2026-08-14,2026-08-18,Delayed,897.69
D205950,O109245,W100,FedEx,2026-03-15,2026-03-22,2026-03-28,Delivered,366.9
D205951,O102510,W117,DHL,2026-05-21,2026-05-27,2026-05-29,Delivered,1235.31
D205952,O107766,W114,DHL,2026-03-16,2026-03-19,2026-03-19,Delivered,245.22
D205953,O100969,W101,BlueDart,2026-03-06,2026-03-11,2026-03-13,Delivered,175.98
D205954,O109984,W114,EcomExpress,2026-04-28,2026-05-03,2026-05-06,Delivered,678.47
D205955,O105674,W113, EcomExpress ,2026-02-01,2026-02-07,2026-02-11,Delivered,1068.71
D205956,O106858,W115,FedEx,2026-08-06,2026-08-11,2026-08-11,In Transit,1085.66
D205957,O106912,W111,EcomExpress,2026-05-31,2026-06-04,2026-06-03,Delivered,220.82
D205958,O104213,W104,EcomExpress,2026-03-06,2026-03-09,2026-03-10,Delivered,177.58
D205959,O105586,W115,DHL,2026-02-07,2026-02-10,2026-02-11,Delivered,51.55
D205960,O103594,W115, DHL ,2026-02-10,2026-02-15,2026-02-18,Delivered,205.03
D205961,O103993,W113, Delhivery ,2026-08-05,2026-08-09,2026-08-08,Delayed,1389.02
D205962,O104725,W114,BlueDart,2026-05-14,2026-05-19,2026-05-20,Delivered,521.49
D205963,O108992,W116,BlueDart,2026-07-24,2026-07-28,2026-07-31,Delivered,273.14
D205964,O100913,W118,EcomExpress,2026-01-29,2026-02-03,2026-02-08,Delivered,1228.04
D205965,O105304,W113,FedEx,2026-04-25,2026-04-27,2026-05-02,Delivered,1090.23
D205966,O100088,W110,FedEx,2026-06-28,2026-07-02,2026-06-30,Delivered,1452.41
D205967,O109442,W109,BlueDart,2026-02-20,2026-02-26,2026-03-04,Delivered,113.31
D205968,O103757,W101,Delhivery,2026-06-23,2026-06-29,2026-06-28,In Transit,253.93
D205969,O101651,W117,DHL,2026-03-18,2026-03-20,2026-03-21,Lost,1086.26
D205970,O101629,W100,Delhivery,2026-05-02,2026-05-08,2026-05-11,Delayed,526.11
D205971,O105696,W113,Delhivery,2026-05-23,2026-05-28,2026-06-01,Delayed,901.13
D205972,O101260,W110,EcomExpress,2026-08-05,2026-08-10,2026-08-16,Delivered,952.21
D205973,O104809,W117,DHL,2026-07-20,2026-07-25,2026-07-29,In Transit,268.18
D205974,O102424,W102,FedEx,2026-06-13,2026-06-16,2026-06-14,Delivered,632.1
D205975,O109381,W111,DHL,2026-03-17,2026-03-20,2026-03-22,Delivered,128.39
D205976,O107588,W108,FedEx,2026-02-03,2026-02-06,2026-02-07,Delivered,511.1
D205977,O109532,W119,BlueDart,2026-09-11,2026-09-17,2026-09-17,Delivered,1326.15
D205978,O106725,W105,BlueDart,2026-05-27,2026-06-02,2026-06-03,Delivered,266.72
D205979,O101782,W105,FedEx,2026-08-06,2026-08-11,2026-08-11,Delivered,602.42
D205980,O104693,W119,Delhivery,2026-05-12,2026-05-14,2026-05-18,In Transit,1322.75
D205981,O100338,W114,DHL,2026-06-16,2026-06-20,2026-06-20,Delivered,1092.9
D205982,O109591,W119,EcomExpress,2026-04-07,2026-04-09,2026-04-11,In Transit,589.48
D205983,O107624,W110,DHL,2026-04-30,2026-05-03,2026-05-07,Lost,963.42
D205984,O107257,W109,DHL,2026-02-20,2026-02-24,2026-02-22,Delivered,1338.91
D205985,O107648,W114,EcomExpress,2026-08-10,2026-08-13,2026-08-11,Delivered,1363.57
D205986,O103170,W103,Delhivery,2026-05-19,2026-05-24,2026-05-28,Delayed,492.68
D205987,O104268,W115,EcomExpress,2026-06-11,2026-06-17,2026-06-16,Delivered,518.81
D205988,O104705,W115,DHL,2026-01-05,2026-01-08,2026-01-12,Delivered,1017.37
D205989,O103906,W100,EcomExpress,2026-08-09,2026-08-13,2026-08-16,Delivered,518.36
D205990,O103092,W107,Delhivery,2026-01-18,2026-01-22,2026-01-23,Delayed,569.09
D205991,O104903,W118,BlueDart,2026-06-15,2026-06-19,2026-06-23,Delivered,458.63
D205992,O102793,W115,BlueDart,2026-05-28,2026-06-04,2026-06-02,Delayed,160.98
D205993,O107320,W119,BlueDart,2026-02-22,2026-02-25,2026-02-27,In Transit,691.93
D205994,O100118,W111,DHL,2026-02-19,2026-02-22,2026-02-20,Lost,922.15
D205995,O102817,W117,EcomExpress,2026-04-20,2026-04-25,2026-04-28,Delivered,1315.0
D205996,O103974,W108,BlueDart,2026-09-01,2026-09-05,2026-09-05,Delayed,1253.11
D205997,O102614,W103,DHL,2026-02-23,2026-02-26,2026-03-04,Delivered,609.9
D205998,O105731,W111,FedEx,2026-04-25,2026-05-02,2026-04-30,Delivered,1471.37
D205999,O108188,W101,BlueDart,2026-05-29,2026-05-31,2026-06-03,Delivered,64.94
D206000,O100773,W115,BlueDart,2026-08-06,2026-08-13,2026-08-14,Delayed,1121.24
D206001,O107154,W113,FedEx,2026-05-04,2026-05-08,2026-05-13,Delivered,971.99
D206002,O102457,W104,FedEx,2026-02-23,2026-03-01,2026-03-01,Delivered,766.14
D206003,O105179,W104,FedEx,2026-01-07,2026-01-12,2026-01-18,Delayed,458.02
D206004,O109492,W104,BlueDart,2026-09-12,2026-09-14,2026-09-20,Delayed,569.04
D206005,O108433,W108,DHL,2026-01-24,2026-01-30,2026-01-28,Delivered,102.65
D206006,O104511,W105,EcomExpress,2026-09-05,2026-09-11,2026-09-13,Delivered,1269.82
D206007,O108372,W118,FedEx,2026-08-08,2026-08-14,2026-08-15,Delivered,1271.65
D206008,O109517,W112,FedEx,2026-06-14,2026-06-17,2026-06-23,Delivered,387.17
D206009,O103763,W103,EcomExpress,2026-08-20,2026-08-22,2026-08-20,Delivered,1338.11
D206010,O109091,W105,DHL,2026-07-12,2026-07-19,2026-07-21,Delivered,1491.5
D206011,O106009,W117,DHL,2026-01-28,2026-01-31,2026-02-01,In Transit,923.16
D206012,O103228,W119,FedEx,2026-02-27,2026-03-01,2026-03-06,Delivered,1008.4
D206013,O109914,W103,FedEx,2026-04-27,2026-05-02,2026-05-07,Delivered,114.57
D206014,O109530,W104,Delhivery,2026-01-08,2026-01-11,2026-01-09,Delivered,1012.07
D206015,O108580,W109,FedEx,2026-05-21,2026-05-26,2026-06-01,Delivered,282.88
D206016,O108396,W118,EcomExpress,2026-02-24,2026-03-02,2026-03-05,Delivered,990.53
D206017,O109308,W106,DHL,2026-06-15,2026-06-17,2026-06-21,Delivered,982.83
D206018,O103393,W105,Delhivery,2026-05-23,2026-05-27,2026-05-26,Delivered,331.91
D206019,O107302,W116,Delhivery,2026-05-26,2026-06-01,2026-06-01,Delayed,412.94
D206020,O109504,W104,BlueDart,2026-09-08,2026-09-14,2026-09-12,Delivered,325.76
D206021,O104756,W116,Delhivery,2026-06-06,2026-06-13,2026-06-19,Delivered,52.92
D206022,O103881,W117,BlueDart,2026-09-13,2026-09-16,2026-09-17,Delivered,1201.46
D206023,O104371,W114,BlueDart,2026-05-04,2026-05-09,2026-05-09,Delivered,831.0
D206024,O101171,W115,,2026-05-02,2026-05-08,2026-05-12,Delivered,829.15
D206025,O104481,W108,Delhivery,2026-05-17,2026-05-24,2026-05-30,Delivered,163.59
D206026,O101285,W102,Delhivery,2026-04-25,2026-04-30,2026-05-02,Delivered,853.29
D206027,O109099,W107,BlueDart,2026-07-10,2026-07-12,2026-07-18,Delivered,741.93
D206028,O100667,W119,EcomExpress,2026-08-29,2026-09-05,2026-09-11,Delivered,1070.13
D206029,O106964,W109,Delhivery,2026-05-08,2026-05-13,2026-05-12,Delivered,801.47
D206030,O102518,W115,FedEx,2026-08-10,2026-08-15,2026-08-17,Delivered,1262.33
D206031,O109383,W111,DHL,2026-09-02,2026-09-08,2026-09-09,Delivered,615.84
D206032,O107623,W101,BlueDart,2026-01-18,2026-01-23,2026-01-27,Delivered,-500.0
D206033,O106803,W107,DHL,2026-02-18,2026-02-22,2026-02-23,Delivered,338.93
D206034,O101232,W109,FedEx,2026-08-07,2026-08-13,2026-08-17,In Transit,204.59
D206035,O101526,W119,Delhivery,2026-09-15,2026-09-21,2026-09-19,Delayed,437.37
D206036,O104920,W102,DHL,2026-07-04,2026-07-11,2026-07-16,Delivered,725.54
D206037,O104268,W108,BlueDart,2026-03-21,2026-03-25,2026-03-31,Delivered,1465.95
D206038,O106396,W113,EcomExpress,2026-07-05,2026-07-07,2026-07-11,Delivered,969.77
D206039,O101713,W103,DHL,2026-05-04,2026-05-08,2026-05-12,Delivered,61.41
D206040,O108301,W106,,2026-02-09,2026-02-16,2026-02-15,In Transit,1116.91
D206041,O104948,W110,BlueDart,2026-09-05,2026-09-10,2026-09-14,Delivered,55.41
D206042,O105731,W119,DHL,2026-06-13,2026-06-19,2026-06-19,Delivered,682.67
D206043,O107247,W104,EcomExpress,2026-01-25,2026-02-01,2026-02-04,Delayed,339.95
D206044,O107844,W114,Delhivery,2026-05-11,2026-05-13,2026-05-11,Delayed,634.52
D206045,O108777,W106,Delhivery,2026-01-03,2026-01-09,2026-01-13,Delivered,431.73
D206046,O109790,W101,BlueDart,2026-04-20,2026-04-24,2026-04-26,Delayed,939.82
D206047,O102013,W113,FedEx,2026-08-31,2026-09-02,2026-09-08,Delivered,118.2
D206048,O105235,W103,Delhivery,2026-01-10,2026-01-17,2026-01-19,Delivered,253.52
D206049,O106621,W105,EcomExpress,2026-02-12,2026-02-18,2026-02-17,Delivered,204.81
D206050,O104660,W107,BlueDart,2026-03-01,2026-03-03,2026-03-08,Delivered,1346.43
D206051,O101052,W118, ,2026-06-17,2026-06-19,2026-06-19,Delivered,588.95
D206052,O105445,W116,Delhivery,2026-07-23,2026-07-29,2026-08-04,Delivered,972.31
D206053,O108150,W109,FedEx,2026-08-18,2026-08-24,2026-08-29,In Transit,1292.53
D206054,O104954,W101,EcomExpress,2026-05-18,2026-05-23,2026-05-28,Delayed,1484.26
D206055,O103145,W108,EcomExpress,2026-01-10,2026-01-14,2026-01-12,Delivered,1051.93
D206056,O102495,W115,DHL,2026-07-03,2026-07-07,2026-07-06,Delivered,467.23
D206057,O106426,W102,Delhivery,2026-03-28,2026-03-31,2026-03-29,Delivered,1472.51
D206058,O106765,W115,DHL,2026-01-11,2026-01-18,2026-01-21,Delayed,943.89
D206059,O100887,W116,BlueDart,2026-06-17,2026-06-20,2026-06-20,Delivered,1488.15
D206060,O106320,W104,DHL,2026-07-01,2026-07-08,2026-07-10,Delivered,435.65
D206061,O108277,W105,DHL,2026-01-17,2026-01-20,2026-01-18,Delivered,1136.15
D206062,O102234,W104,EcomExpress,2026-06-29,2026-07-03,2026-07-09,Delivered,608.19
D206063,O107974,W110,DHL,2026-09-05,2026-09-08,2026-09-11,Delivered,967.78
D206064,O105563,W118,Delhivery,2026-03-20,2026-03-25,2026-03-28,Delivered,975.38
D206065,O101482,W108,FedEx,2026-09-15,2026-09-19,2026-09-25,Delayed,348.82
D206066,O104074,W104,FedEx,2026-02-04,2026-02-11,2026-02-10,Delivered,1378.77
D206067,O101122,W119,EcomExpress,2026-05-17,2026-05-19,2026-05-19,Delivered,1246.79
D206068,O109792,W115,Delhivery,2026-08-17,2026-08-22,2026-08-26,Delivered,223.74
D206069,O104249,W101,DHL,2026-03-20,2026-03-26,2026-03-30,In Transit,1271.13
D206070,O104107,W101,EcomExpress,2026-07-19,2026-07-26,2026-08-01,Delayed,787.32
D206071,O103310,W119,EcomExpress,2026-07-23,2026-07-26,2026-07-29,Delivered,1123.62
D206072,O105882,W103,EcomExpress,2026-01-26,2026-02-01,2026-02-02,Delivered,359.47
D206073,O109818,W101,EcomExpress,2026-07-23,2026-07-29,2026-08-03,Delivered,1494.95
D206074,O109405,W107,BlueDart,2026-04-16,2026-04-19,2026-04-24,Delivered,708.06
D206075,O105100,W101,EcomExpress,2026-03-30,2026-04-05,2026-04-03,Delivered,1148.63
D206076,O104815,W114,BlueDart,2026-05-28,2026-06-01,2026-06-04,Delivered,1287.79
D206077,O101985,W109,FedEx,2026-02-09,2026-02-11,2026-02-12,Delayed,366.9
D206078,O107101,W107,Delhivery,2026-08-07,2026-08-09,2026-08-12,Delivered,978.04
D206079,O103494,W119,DHL,2026-02-18,2026-02-21,2026-02-22,Delivered,820.01
D206080,O107561,W112,BlueDart,2026-02-16,2026-02-21,2026-02-19,Delivered,73.09
D206081,O104581,W100,,2026-06-27,2026-07-03,2026-07-08,In Transit,485.96
D206082,O104122,W100,BlueDart,2026-05-18,2026-05-23,2026-05-24,Delivered,220.08
D206083,O103276,W115,Delhivery,2026-01-19,2026-01-23,2026-01-27,Delivered,642.15
D206084,O102891,W103,BlueDart,2026-07-15,2026-07-21,2026-07-20,Delivered,454.9
D206085,O106589,W101,BlueDart,2026-04-01,2026-04-08,2026-04-08,Delivered,1488.5
D206086,O102893,W104,DHL,2026-09-07,2026-09-09,2026-09-12,Delivered,1458.33
D206087,O105951,W105,DHL,2026-01-14,2026-01-19,2026-01-24,Delivered,921.1
D206088,O100896,W116,BlueDart,2026-01-28,2026-02-03,2026-02-05,Delivered,661.12
D206089,O105577,W116,DHL,2026-07-21,2026-07-23,2026-07-26,Delayed,1329.08
D206090,O104941,W103,EcomExpress,2026-09-15,2026-09-18,2026-09-21,Delayed,911.0
D206091,O106353,W116,BlueDart,2026-04-14,2026-04-18,2026-04-16,Delivered,456.09
D206092,O103113,W110,EcomExpress,2026-02-15,2026-02-18,2026-02-16,Delivered,1224.25
D206093,O102354,W114,DHL,2026-03-04,2026-03-08,2026-03-11,Delivered,525.89
D206094,O104080,W100,BlueDart,2026-03-18,2026-03-24,2026-03-29,Delivered,462.31
D206095,O106714,W113,Delhivery,2026-03-02,2026-03-04,2026-03-03,Delivered,1302.19
D206096,O102464,W114,BlueDart,2026-08-24,2026-08-28,2026-08-26,Delivered,358.51
D206097,O108951,W101,FedEx,2026-06-20,2026-06-24,2026-06-28,In Transit,361.41
D206098,O103237,W111,DHL,2026-03-13,2026-03-19,2026-03-19,Delivered,1360.81
D206099,O105130,W105,EcomExpress,2026-03-18,2026-03-25,2026-03-30,Delivered,1127.2
D206100,O109120,W107,FedEx,2026-03-24,2026-03-28,2026-04-01,Delivered,230.04
D206101,O108116,W109,FedEx,2026-04-18,2026-04-23,2026-04-26,Delivered,84.81
D206102,O103559,W103,DHL,2026-05-04,2026-05-09,2026-05-09,Delivered,316.69
D206103,O103582,W111,Delhivery,2026-02-11,2026-02-13,2026-02-14,In Transit,1493.65
D206104,O888888,W108,Delhivery,2026-04-05,2026-04-11,2026-04-13,In Transit,1379.45
D206105,O106157,W117,EcomExpress,2026-06-18,2026-06-21,2026-06-19,Delivered,387.65
D206106,O102093,W103,Delhivery,2026-07-19,2026-07-25,2026-07-31,Delivered,875.59
D206107,O109974,W104,Delhivery,2026-09-06,2026-09-09,2026-09-13,Delivered,880.56
D206108,O105791,W108,Delhivery,2026-09-13,2026-09-16,2026-09-20,Delayed,1167.59
D206109,O105668,W101,DHL,2026-03-12,2026-03-18,2026-03-19,Delayed,538.2
D206110,O105343,W103,FedEx,2026-06-27,2026-07-04,2026-07-10,In Transit,149.77
D206111,O105533,W107,BlueDart,2026-01-02,2026-01-06,2026-01-11,Delivered,781.89
D206112,O101988,W108,BlueDart,2026-04-20,2026-04-26,2026-05-02,Delayed,505.76
D206113,O109585,W118,Delhivery,2026-06-26,2026-07-01,2026-07-04,In Transit,1209.56
D206114,O105092,W114,Delhivery,2026-08-08,2026-08-11,2026-08-14,In Transit,437.19
D206115,O108184,W103,FedEx,2026-03-05,2026-03-09,2026-03-15,In Transit,637.32
D206116,O108221,W118,EcomExpress,2026-08-06,2026-08-13,2026-08-17,Delivered,304.55
D206117,O108976,W101,DELHIVERY,2026-03-31,2026-04-05,2026-04-07,Delayed,98.17
D206118,O100235,W107,BlueDart,2026-08-24,2026-08-29,2026-08-30,Delivered,134.77
D206119,O102636,W103,Delhivery,2026-03-01,2026-03-04,2026-03-04,Delivered,1376.27
D206120,O106384,W107,BlueDart,2026-05-14,2026-05-19,2026-05-25,In Transit,158.39
D206121,O102602,W107,Delhivery,2026-02-17,2026-02-19,2026-02-25,Delayed,697.23
D206122,O105727,W100,DHL,2026-04-08,2026-04-13,2026-04-15,Delivered,748.42
D206123,O105389,W104,Delhivery,2026-05-23,2026-05-25,2026-05-28,Delivered,1193.79
D206124,O104213,W109,Delhivery,2026-03-31,2026-04-04,2026-04-08,Delayed,94.17
D206125,O109651,W105,BlueDart,2026-09-12,2026-09-18,2026-09-16,Delivered,820.45
D206126,O106707,W111,FedEx,2026-09-11,2026-09-18,2026-09-16,Delayed,1149.08
D206127,O104892,W113,DHL,2026-04-07,2026-04-09,2026-04-09,Delivered,52.37
D206128,O105851,W108,DHL,2026-03-15,2026-03-21,2026-03-19,Delivered,392.17
D206129,O100550,W115,FedEx,2026-04-14,2026-04-21,2026-04-21,Delivered,467.11
D206130,O101563,W102,DHL,2026-06-11,2026-06-13,2026-06-18,Delivered,769.93
D206131,O105386,W111,EcomExpress,2026-09-09,2026-09-16,2026-09-21,Delivered,936.43
D206132,O100864,W113,EcomExpress,2026-04-30,2026-05-06,2026-05-04,Delivered,131.5
D206133,O107373,W103,Delhivery,2026-09-08,2026-09-14,2026-09-14,Delivered,1262.06
D206134,O109093,W118,EcomExpress,2026-05-11,2026-05-16,2026-05-15,Delivered,1238.8
D206135,O109970,W119,FedEx,2026-04-03,2026-04-08,2026-04-07,Delivered,1383.75
D206136,O105470,W106,FedEx,2026-02-21,2026-02-25,2026-02-24,Delivered,1279.92
D206137,O102809,W114,Delhivery,2026-06-08,2026-06-13,2026-06-15,Delivered,227.67
D206138,O101882,W113,,2026-03-19,2026-03-21,2026-03-22,In Transit,883.94
D206139,O107694,W112,BlueDart,2026-01-07,2026-01-13,2026-01-18,Delivered,133.39
D206140,O107298,W111,BlueDart,2026-05-10,2026-05-12,2026-05-11,Delivered,1213.73
D206141,O105560,W114,DHL,2026-04-05,2026-04-08,2026-04-11,Delivered,1465.22
D206142,O102114,W114,BlueDart,2026-01-18,2026-01-25,2026-01-28,In Transit,290.24
D206143,O108982,W115,EcomExpress,2026-08-13,2026-08-18,2026-08-23,Delivered,952.05
D206144,O106574,W106,Delhivery,2026-05-03,2026-05-09,2026-05-15,Delayed,1109.11
D206145,O109364,W109,FedEx,2026-09-04,2026-09-10,2026-09-14,Delivered,273.51
D206146,O101378,W115,FedEx,2026-05-14,2026-05-21,2026-05-25,Delayed,364.51
D206147,O101538,W111,Delhivery,2026-02-27,2026-03-02,2026-03-08,Delivered,591.06
D206148,O104805,W111,FedEx,2026-07-09,2026-07-13,2026-07-19,Delivered,317.3
D206149,O100300,W106,DHL,2026-08-22,2026-08-26,2026-08-27,In Transit,516.35
D206150,O109806,W100,Delhivery,2026-02-03,2026-02-06,2026-02-12,In Transit,1499.66
D206151,O109002,W108,FedEx,2026-05-28,2026-06-03,2026-06-04,Delayed,1412.39
D206152,O101124,W107,FedEx,2026-03-15,2026-03-20,2026-03-18,Delivered,55.64
D206153,O100968,W116,BlueDart,2026-06-25,2026-06-30,2026-07-06,Delivered,1176.31
D206154,O104412,W114,BlueDart,2026-01-26,2026-02-01,2026-02-01,Delivered,915.43
D206155,O108691,W117,DHL,2026-06-18,2026-06-22,2026-06-28,Delivered,1193.76
D206156,O109564,W111,Delhivery,2026-03-11,2026-03-15,2026-03-15,Delivered,754.05
D206157,O102491,W118,Delhivery,2026-06-18,2026-06-23,2026-06-27,Lost,643.83
D206158,O109190,W116,DHL,2026-04-26,2026-04-30,2026-04-28,Delivered,57.09
D206159,O101122,W106,Delhivery,2026-01-02,2026-01-09,2026-01-10,Delivered,584.87
D206160,O106399,W116,DHL,2026-07-06,2026-07-09,2026-07-10,Delayed,1073.84
D206161,O106087,W111,EcomExpress,2026-07-03,2026-07-07,2026-07-12,Delivered,1219.85
D206162,O108870,W104,EcomExpress,2026-09-09,2026-09-16,2026-09-14,In Transit,223.81
D206163,O107806,W103,FedEx,2026-09-11,2026-09-15,2026-09-21,Lost,156.77
D206164,O102512,W106,BlueDart,2026-04-25,2026-05-01,2026-04-29,Delivered,1241.63
D206165,O107337,W108,Delhivery,2026-07-22,2026-07-28,2026-07-29,Delayed,510.37
D206166,O108063,W105,EcomExpress,2026-06-01,2026-06-07,2026-06-10,Delivered,1269.68
D206167,O108461,W110,FedEx,2026-04-04,2026-04-08,2026-04-12,Delivered,1481.4
D206168,O101468,W111,DHL,2026-09-08,2026-09-10,2026-09-12,Delivered,280.74
D206169,O107525,W101,Delhivery,2026-04-18,2026-04-20,2026-04-23,Delivered,446.64
D206170,O108972,W107,FedEx,2026-08-24,2026-08-30,2026-09-02,Delivered,1155.53
D206171,O108374,W101,FedEx,2026-06-28,2026-07-01,2026-07-07,Delivered,576.35
D206172,O104890,W111,DHL,2026-08-21,2026-08-23,2026-08-29,In Transit,103.46
D206173,O103563,W119,BlueDart,2026-03-18,2026-03-23,2026-03-26,Delayed,775.34
D206174,O108102,W100,EcomExpress,2026-04-24,2026-04-27,2026-05-02,Delayed,583.04
D206175,O108989,W103,DHL,2026-02-20,2026-02-26,2026-02-24,Delivered,233.0
D206176,O105034,W105,FedEx,2026-08-05,2026-08-11,2026-08-09,Delivered,296.57
D206177,O104316,W112,BlueDart,2026-02-06,2026-02-09,2026-02-13,Delayed,513.77
D206178,O103845,W103,FedEx,2026-03-07,2026-03-11,2026-03-11,Delivered,1237.75
D206179,O103049,W108,Delhivery,2026-03-18,2026-03-25,2026-03-24,In Transit,270.53
D206180,O108306,W117,Delhivery,2026-02-13,2026-02-15,2026-02-16,Delivered,768.79
D206181,O102930,W108,BlueDart,2026-05-03,2026-05-07,2026-05-12,Delayed,825.69
D206182,O107727,W115,FedEx,2026-06-14,2026-06-18,2026-06-19,Delivered,191.35
D206183,O102212,W110,EcomExpress,2026-02-23,2026-02-28,2026-02-27,Delivered,848.84
D206184,O100435,W105,Delhivery,2026-02-22,2026-02-26,2026-02-25,Delivered,792.72
D206185,O103979,W115,EcomExpress,2026-02-07,2026-02-13,2026-02-15,Delivered,1052.34
D206186,O105375,W107,EcomExpress,2026-05-03,2026-05-10,2026-05-11,In Transit,1207.24
D206187,O109574,W118,EcomExpress,2026-04-17,2026-04-22,2026-04-24,In Transit,1264.79
D206188,O102534,W104,BlueDart,2026-01-26,2026-02-01,2026-02-06,Delayed,801.69
D206189,O100168,W107,,2026-02-24,2026-02-28,2026-03-01,Delivered,860.97
D206190,O102799,W108,BlueDart,2026-01-16,2026-01-23,2026-01-28,Delivered,969.89
D206191,O102095,W102,DHL,2026-09-01,2026-09-05,2026-09-09,In Transit,1460.5
D206192,O104493,W100,Delhivery,2026-06-18,2026-06-23,2026-06-21,Delivered,156.58
D206193,O101222,W114,,2026-04-07,2026-04-14,2026-04-18,Delayed,855.76
D206194,O101749,W101,FedEx,2026-07-10,2026-07-14,2026-07-13,In Transit,91.17
D206195,O107971,W111,EcomExpress,2026-01-23,2026-01-26,2026-01-25,Delivered,1109.42
D206196,O108860,W109,BlueDart,2026-04-02,2026-04-08,2026-04-09,Delivered,1200.25
D206197,O104826,W103,FedEx,2026-05-14,2026-05-18,2026-05-20,Delivered,77.94
D206198,O105404,W103,DHL,2026-07-27,2026-07-31,2026-07-30,Delayed,1266.9
D206199,O107490,W111,BlueDart,2026-05-23,2026-05-27,2026-05-28,Delivered,632.84
D206200,O103956,W111,fedex,2026-05-28,2026-05-30,2026-05-31,In Transit,479.02
D206201,O106680,W112,Delhivery,2026-02-23,2026-02-26,2026-02-26,Delivered,233.23
D206202,O102344,W110,BlueDart,2026-03-29,2026-04-04,2026-04-02,Delivered,206.82
D206203,O103578,W106,FedEx,2026-04-19,2026-04-26,2026-04-26,Delivered,554.36
D206204,O100898,W106,FedEx,2026-03-13,2026-03-15,2026-03-15,Delivered,624.11
D206205,O100056,W108,DHL,2026-03-06,2026-03-12,2026-03-10,In Transit,1478.72
D206206,O104029,W106,FedEx,2026-04-03,2026-04-08,2026-04-10,Delivered,1392.6
D206207,O106760,W113,FedEx,2026-04-27,2026-04-29,2026-05-01,Delivered,1420.0
D206208,O104266,W119,EcomExpress,2026-03-29,2026-04-05,2026-04-11,Delivered,517.78
D206209,O101566,W102,DHL,2026-01-18,2026-01-21,2026-01-27,Delivered,366.43
D206210,O107845,W109,BlueDart,2026-09-05,2026-09-09,2026-09-10,Delayed,206.58
D206211,O108600,W111,DHL,2026-05-08,2026-05-13,2026-05-12,Delivered,653.31
D206212,O107257,W105,DHL,2026-06-14,2026-06-19,2026-06-17,Delayed,561.67
D206213,O102238,W102,Delhivery,2026-08-31,2026-09-06,2026-09-11,In Transit,499.88
D206214,O105536,W117,FedEx,2026-01-31,2026-02-02,2026-02-07,Delivered,148.12
D206215,O100027,W119,EcomExpress,2026-06-05,2026-06-12,2026-06-13,Delayed,588.76
D206216,O108300,W114, ,2026-04-17,2026-04-20,2026-04-19,Delivered,1270.39
D206217,O109489,W117,BlueDart,2026-02-23,2026-02-26,2026-02-25,Delivered,969.03
D206218,O102327,W115,Delhivery,2026-05-08,2026-05-12,2026-05-11,Delayed,1301.16
D206219,O100891,W118,FedEx,2026-09-03,2026-09-06,2026-09-11,Delivered,133.22
D206220,O108016,W115,DHL,2026-01-07,2026-01-14,2026-01-14,Delivered,413.69
D206221,O101531,W107,FedEx,2026-06-30,2026-07-04,2026-07-10,Delivered,429.93
D206222,O103951,W113,FedEx,2026-08-14,2026-08-19,2026-08-17,Delivered,844.15
D206223,O105682,W117,DHL,2026-04-16,2026-04-19,2026-04-23,Delivered,1430.32
D206224,O100068,W107,BlueDart,2026-09-03,2026-09-07,2026-09-13,Delayed,1466.08
D206225,O102774,W119,FedEx,2026-03-28,2026-04-03,2026-04-03,Delivered,1336.26
D206226,O104366,W106,EcomExpress,2026-03-05,2026-03-07,2026-03-06,Delivered,671.94
D206227,O108264,W101,BlueDart,2026-04-26,2026-04-29,2026-04-29,Delivered,1288.12
D206228,O100054,W116,DHL,2026-02-27,2026-03-02,2026-03-01,Delivered,1337.92
D206229,O107525,W114,,2026-08-06,2026-08-09,2026-08-09,In Transit,-500.0
D206230,O109928,W117,EcomExpress,2026-04-06,2026-04-10,2026-04-10,Delivered,557.18
D206231,O104380,W111,Delhivery,2026-03-13,2026-03-18,2026-03-19,Delivered,724.66
D206232,O109038,W119,DHL,2026-07-12,2026-07-14,2026-07-18,Delivered,846.9
D206233,O105413,W113,EcomExpress,2026-01-28,2026-01-31,2026-02-03,Lost,928.68
D206234,O105117,W106,BlueDart,2026-01-04,2026-01-09,2026-01-11,Delivered,403.65
D206235,O100931,W118,EcomExpress,2026-04-18,2026-04-25,2026-04-23,Delivered,306.03
D206236,O104139,W118,EcomExpress,2026-08-17,2026-08-22,2026-08-22,Delivered,844.91
D206237,O101202,W105,EcomExpress,2026-02-04,2026-02-10,2026-02-08,Delivered,560.79
D206238,O103810,W114,Delhivery,2026-07-10,2026-07-13,2026-07-13,Delivered,1146.38
D206239,O108086,W105,Delhivery,2026-02-24,2026-03-02,2026-03-06,Delayed,688.49
D206240,O100336,W103,BlueDart,2026-04-29,2026-05-06,2026-05-07,Delivered,393.86
D206241,O102069,W103,EcomExpress,2026-02-08,2026-02-15,2026-02-16,Delayed,598.65
D206242,O101957,W115,DHL,2026-08-18,2026-08-24,2026-08-28,Delivered,1140.1
D206243,O107681,W101,FedEx,2026-06-04,2026-06-10,2026-06-08,Delivered,84.61
D206244,O109358,W116,BlueDart,2026-05-19,2026-05-26,2026-05-29,Delayed,1118.37
D206245,O106494,W100,BlueDart,2026-05-07,2026-05-14,2026-05-20,Delivered,363.53
D206246,O105706,W118,EcomExpress,2026-01-02,2026-01-07,2026-01-12,Delivered,880.58
D206247,O105833,W119,FedEx,2026-04-12,2026-04-16,2026-04-19,In Transit,583.36
D206248,O100067,W109,,2026-08-16,2026-08-19,2026-08-18,Delivered,981.34
D206249,O105088,W106,FedEx,2026-05-23,2026-05-25,2026-05-26,Delivered,183.7
D206250,O102779,W116,EcomExpress,2026-08-13,2026-08-18,2026-08-21,Delivered,79.02
D206251,O106252,W101,DHL,2026-04-29,2026-05-01,2026-05-07,Delivered,1127.08
D206252,O107495,W100,Delhivery,2026-03-05,2026-03-08,2026-03-14,Delivered,705.16
D206253,O102561,W106,BlueDart,2026-02-19,2026-02-25,2026-02-28,Delayed,681.97
D206254,O101699,W111,EcomExpress,2026-04-25,2026-04-27,2026-04-26,Delivered,365.94
D206255,O106153,W117,Delhivery,2026-04-17,2026-04-20,2026-04-22,Delayed,1222.13
D206256,O103544,W114,EcomExpress,2026-08-17,2026-08-23,2026-08-26,Delivered,435.17
D206257,O102194,W102,BlueDart,2026-02-01,2026-02-03,2026-02-09,Delivered,1203.56
D206258,O104537,W114,Delhivery,2026-05-09,2026-05-15,2026-05-20,Delivered,414.77
D206259,O107251,W109,FedEx,2026-05-17,2026-05-22,2026-05-26,Delivered,619.17
D206260,O108914,W110,Delhivery,2026-07-22,2026-07-27,2026-07-31,Delayed,149.96
D206261,O102893,W116,EcomExpress,2026-03-28,2026-04-03,2026-04-06,Delivered,739.46
D206262,O101136,W101,BlueDart,2026-06-06,2026-06-08,2026-06-13,Delayed,1099.98
D206263,O109290,W109,DHL,2026-07-07,2026-07-09,2026-07-13,Delivered,890.49
D206264,O100315,W102,,2026-06-10,2026-06-15,2026-06-13,Delivered,1126.77
D206265,O100373,W107,Delhivery,2026-06-07,2026-06-09,2026-06-15,In Transit,862.21
D206266,O106102,W106,BlueDart,2026-01-16,2026-01-20,2026-01-19,Delivered,1346.63
D206267,O101558,W104,BlueDart,2026-08-14,2026-08-16,2026-08-18,Delayed,1478.91
D206268,O104541,W108,DHL,2026-09-07,2026-09-14,2026-09-13,Delivered,1134.55
D206269,O105666,W109,Delhivery,2026-01-08,2026-01-10,2026-01-16,Delayed,701.96
D206270,O103951,W107,BlueDart,2026-01-08,2026-01-10,2026-01-11,Delivered,739.09
D206271,O104722,W114,EcomExpress,2026-06-14,2026-06-16,2026-06-14,Delivered,987.43
D206272,O102102,W118,BlueDart,2026-04-30,2026-05-02,2026-05-07,In Transit,353.52
D206273,O102609,W109,BlueDart,2026-07-02,2026-07-05,2026-07-06,In Transit,507.78
D206274,O106895,W112,Delhivery,2026-06-14,2026-06-16,2026-06-20,Delayed,669.22
D206275,O106135,W117,BlueDart,2026-03-08,2026-03-12,2026-03-18,Delivered,304.75
D206276,O102038,W111,FedEx,2026-04-15,2026-04-18,2026-04-24,Delivered,110.0
D206277,O103371,W110,FedEx,2026-05-16,2026-05-19,2026-05-24,Delayed,848.87
D206278,O104647,W113,Delhivery,2026-02-21,2026-02-26,2026-03-02,Delivered,714.23
D206279,O101611,W112,Delhivery,2026-03-05,2026-03-09,2026-03-12,Delivered,1253.23
D206280,O102239,W106,BlueDart,2026-01-15,2026-01-20,2026-01-25,Delivered,911.65
D206281,O102081,W118,Delhivery,2026-04-02,2026-04-07,2026-04-05,Delivered,1221.91
D206282,O106019,W101,DHL,2026-04-29,2026-05-03,2026-05-06,Delivered,569.02
D206283,O103438,W104,EcomExpress,2026-06-14,2026-06-18,2026-06-18,In Transit,984.38
D206284,O100546,W100,FedEx,2026-01-30,2026-02-01,2026-02-04,Delivered,882.88
D206285,O104292,W114,EcomExpress,2026-03-11,2026-03-18,2026-03-19,Delayed,1282.43
D206286,O104684,W116,BlueDart,2026-05-24,2026-05-26,2026-05-26,Delivered,991.42
D206287,O106654,W105,FedEx,2026-09-09,2026-09-14,2026-09-18,In Transit,95.95
D206288,O100325,W108,Delhivery,2026-09-04,2026-09-08,2026-09-06,Delayed,852.65
D206289,O102210,W111,EcomExpress,2026-03-26,2026-03-29,2026-04-02,Lost,984.86
D206290,O102529,W106,EcomExpress,2026-06-24,2026-07-01,2026-07-03,Lost,1091.03
D206291,O105100,W110,DHL,2026-09-06,2026-09-13,2026-09-18,Delivered,1034.56
D206292,O103792,W107,EcomExpress,2026-07-01,2026-07-08,2026-07-08,In Transit,1407.86
D206293,O103410,W103,BlueDart,2026-04-23,2026-04-27,2026-04-30,Delivered,698.81
D206294,O109405,W118,FedEx,2026-08-26,2026-08-31,2026-09-01,Delivered,90.67
D206295,O108157,W115,DHL,2026-02-05,2026-02-10,2026-02-10,Delivered,137.55
D206296,O108631,W106,,2026-07-10,2026-07-14,2026-07-15,Delivered,400.35
D206297,O109643,W116,,2026-08-07,2026-08-12,2026-08-10,Delivered,94.17
D206298,O102613,W111,FedEx,2026-05-31,2026-06-07,2026-06-07,Delivered,404.62
D206299,O102597,W111,BlueDart,2026-02-21,2026-02-25,2026-03-02,Delivered,176.86
D206300,O108646,W117,FedEx,2026-06-14,2026-06-16,2026-06-19,Delivered,368.14
D206301,O101906,W118,DHL,2026-05-01,2026-05-03,2026-05-05,Delayed,203.44
D206302,O100437,W103,BlueDart,2026-04-21,2026-04-27,2026-04-27,In Transit,141.18
D206303,O108434,W117,FedEx,2026-01-18,2026-01-24,2026-01-25,Delivered,137.92
D206304,O104487,W119,FedEx,2026-08-17,2026-08-21,2026-08-21,Delivered,724.98
D206305,O108780,W115,EcomExpress,2026-01-09,2026-01-14,2026-01-19,Delivered,425.77
D206306,O106866,W117,Delhivery,2026-07-15,2026-07-19,2026-07-19,Delayed,1470.72
D206307,O105716,W105,bluedart,2026-07-30,2026-08-05,2026-08-04,Delivered,175.03
D206308,O102261,W118,DHL,2026-08-02,2026-08-08,2026-08-13,Delivered,172.43
D206309,O106579,W106,Delhivery,2026-09-10,2026-09-17,2026-09-15,Delivered,1073.42
D206310,O108816,W104,EcomExpress,2026-02-01,2026-02-04,2026-02-06,Delivered,580.61
D206311,O106638,W100,DHL,2026-07-25,2026-07-30,2026-08-03,Delivered,151.49
D206312,O103950,W106,Delhivery,2026-04-20,2026-04-23,2026-04-23,Delayed,988.26
D206313,O104791,W108,BlueDart,2026-04-30,2026-05-06,2026-05-04,Delivered,926.21
D206314,O105657,W118,BlueDart,2026-02-16,2026-02-19,2026-02-21,Delivered,861.65
D206315,O109074,W112,EcomExpress,2026-02-21,2026-02-23,2026-02-27,Delivered,808.22
D206316,O105255,W117,DHL,2026-02-05,2026-02-07,2026-02-12,Delivered,775.47
D206317,O104007,W106,Delhivery,2026-08-09,2026-08-16,2026-08-14,Delivered,1013.42
D206318,O104482,W109,EcomExpress,2026-02-17,2026-02-22,2026-02-25,Delivered,530.59
D206319,O109574,W117,FedEx,2026-02-23,2026-02-25,2026-02-27,Delivered,731.9
D206320,O102647,W117,DHL,2026-06-20,2026-06-26,2026-06-26,Delivered,593.8
D206321,O108723,W107,EcomExpress,2026-06-22,2026-06-24,2026-06-30,Delivered,581.08
D206322,O102410,W106,DHL,2026-04-23,2026-04-29,2026-05-04,Delivered,602.02
D206323,O101713,W104,FedEx,2026-01-14,2026-01-20,2026-01-22,Delivered,66.81
D206324,O107898,W101,FedEx,2026-05-06,2026-05-10,2026-05-12,Delayed,128.32
D206325,O102320,W108,Delhivery,2026-09-08,2026-09-13,2026-09-14,Delivered,690.87
D206326,O101888,W103,EcomExpress,2026-04-16,2026-04-23,2026-04-25,Delivered,103.66
D206327,O104926,W109,BlueDart,2026-02-28,2026-03-02,2026-02-28,Delivered,1407.92
D206328,O104958,W107,EcomExpress,2026-04-08,2026-04-11,2026-04-16,Delivered,1363.69
D206329,O107675,W102,BlueDart,2026-05-11,2026-05-17,2026-05-22,Delivered,729.68
D206330,O109615,W104,BlueDart,2026-01-30,2026-02-04,2026-02-02,Delivered,428.58
D206331,O103279,W106,EcomExpress,2026-04-28,2026-04-30,2026-05-01,Delivered,1220.84
D206332,O108048,W106,Delhivery,2026-09-07,2026-09-11,2026-09-17,Delivered,1062.52
D206333,O105580,W111,BlueDart,2026-09-10,2026-09-16,2026-09-17,In Transit,1298.65
D206334,O101489,W106,Delhivery,2026-02-09,2026-02-15,2026-02-20,Delivered,1327.02
D206335,O103938,W112,Delhivery,2026-08-27,2026-08-30,2026-09-04,In Transit,880.16
D206336,O109487,W107,FedEx,2026-01-05,2026-01-10,2026-01-10,Delivered,1380.59
D206337,O103792,W111,Delhivery,2026-04-21,2026-04-23,2026-04-27,Delivered,971.54
D206338,O109443,W109,DHL,2026-09-06,2026-09-10,2026-09-11,Delivered,373.75
D206339,O109690,W114,FedEx,2026-04-19,2026-04-24,2026-04-27,In Transit,429.72
D206340,O101896,W109,EcomExpress,2026-01-15,2026-01-18,2026-01-20,Delivered,584.34
D206341,O105154,W115,FedEx,2026-08-01,2026-08-03,2026-08-09,Delayed,1342.35
D206342,O107234,W105,BlueDart,2026-02-19,2026-02-24,2026-02-23,Delivered,1484.46
D206343,O101195,W107,DHL,2026-03-12,2026-03-19,2026-03-25,Delivered,812.11
D206344,O102502,W108,BlueDart,2026-01-27,2026-01-30,2026-02-03,Delivered,138.22
D206345,O104919,W100,EcomExpress,2026-01-08,2026-01-13,2026-01-17,Delivered,72.6
D206346,O105372,W106,EcomExpress,2026-05-27,2026-06-02,2026-06-01,Delivered,1326.76
D206347,O109521,W108,BlueDart,2026-07-09,2026-07-14,2026-07-15,Delayed,404.4
D206348,O106576,W100,BlueDart,2026-03-08,2026-03-11,2026-03-10,Delivered,1391.22
D206349,O104100,W104,EcomExpress,2026-01-24,2026-01-28,2026-01-26,In Transit,-500.0
D206350,O108334,W106,DHL,2026-09-02,2026-09-04,2026-09-10,Delayed,133.43
D206351,O108206,W105,FedEx,2026-03-15,2026-03-20,2026-03-18,In Transit,990.16
D206352,O109002,W113,ecomexpress,2026-02-19,2026-02-25,2026-03-03,Delivered,1092.4
D206353,O101528,W116,FedEx,2026-07-20,2026-07-26,2026-07-30,Delivered,408.59
D206354,O106288,W100,,2026-04-04,2026-04-07,2026-04-12,Delivered,1115.61
D206355,O105233,W106,EcomExpress,2026-05-19,2026-05-25,2026-05-24,Delivered,338.87
D206356,O102891,W118,FedEx,2026-08-18,2026-08-25,2026-08-28,Delayed,360.91
D206357,O109065,W105,Delhivery,2026-06-02,2026-06-07,2026-06-09,Delivered,534.14
D206358,O100519,W114,FedEx,2026-03-07,2026-03-14,2026-03-14,Delivered,52.72
D206359,O105067,W111,EcomExpress,2026-06-02,2026-06-05,2026-06-11,Delivered,578.26
D206360,O104933,W115,EcomExpress,2026-08-09,2026-08-15,2026-08-20,Delayed,957.36
D206361,O108484,W106,BlueDart,2026-05-19,2026-05-26,2026-05-31,Delivered,1491.68
D206362,O106458,W115,EcomExpress,2026-09-02,2026-09-09,2026-09-12,Delivered,691.27
D206363,O109022,W103,EcomExpress,2026-05-05,2026-05-07,2026-05-08,Delayed,252.15
D206364,O108978,W104,FedEx,2026-03-17,2026-03-24,2026-03-25,Delivered,1366.05
D206365,O108667,W105,Delhivery,2026-07-04,2026-07-10,2026-07-09,Delivered,1017.01
D206366,O104207,W107, Delhivery ,2026-06-14,2026-06-19,2026-06-19,Delayed,905.23
D206367,O101370,W107,FedEx,2026-02-01,2026-02-05,2026-02-11,Delivered,175.79
D206368,O107712,W114,BlueDart,2026-08-06,2026-08-13,2026-08-15,Delayed,199.65
D206369,O107605,W118,DHL,2026-06-18,2026-06-20,2026-06-19,Delivered,1423.67
D206370,O108599,W100,BlueDart,2026-03-10,2026-03-12,2026-03-10,Delivered,1034.72
D206371,O105104,W100,EcomExpress,2026-01-13,2026-01-20,2026-01-26,Delivered,1269.62
D206372,O105538,W106,EcomExpress,2026-06-21,2026-06-27,2026-06-27,Delivered,164.86
D206373,O107266,W100,EcomExpress,2026-04-23,2026-04-26,2026-04-27,Delivered,1427.15
D206374,O108886,W117,DHL,2026-07-16,2026-07-22,2026-07-28,Delayed,926.44
D206375,O105845,W119,EcomExpress,2026-08-14,2026-08-19,2026-08-18,Delivered,1075.41
D206376,O108823,W109,Delhivery,2026-03-03,2026-03-06,2026-03-04,Delivered,670.74
D206377,O107054,W118,DHL,2026-03-08,2026-03-14,2026-03-19,Delayed,149.82
D206378,O103521,W112,EcomExpress,2026-01-13,2026-01-19,2026-01-25,Delivered,1075.46
D206379,O109559,W114,FedEx,2026-08-19,2026-08-25,2026-08-31,Delivered,870.41
D206380,O100322,W102,,2026-03-23,2026-03-25,2026-03-31,Delivered,343.93
D206381,O102140,W103,Delhivery,2026-01-18,2026-01-20,2026-01-19,Delayed,647.99
D206382,O100787,W110,DHL,2026-06-26,2026-07-02,2026-07-07,Delivered,1202.95
D206383,O103872,W117,BlueDart,2026-09-02,2026-09-05,2026-09-11,Delayed,1122.38
D206384,O106087,W117,Delhivery,2026-01-12,2026-01-17,2026-01-19,Delivered,1340.9
D206385,O101463,W111,FedEx,2026-04-30,2026-05-05,2026-05-08,In Transit,372.86
D206386,O101599,W112,FedEx,2026-06-10,2026-06-12,2026-06-13,Delivered,907.37
D206387,O105167,W118,DHL,2026-06-14,2026-06-16,2026-06-20,Delivered,1495.23
D206388,O108219,W111,BlueDart,2026-01-06,2026-01-09,2026-01-11,Lost,702.64
D206389,O101562,W118,Delhivery,2026-02-20,2026-02-26,2026-03-03,Delivered,211.91
D206390,O100721,W119,BlueDart,2026-08-01,2026-08-03,2026-08-08,Delivered,652.16
D206391,O108695,W106,EcomExpress,2026-05-15,2026-05-22,2026-05-28,Delayed,1333.05
D206392,O109869,W102,Delhivery,2026-05-23,2026-05-29,2026-06-02,Delayed,649.75
D206393,O109219,W108,BlueDart,2026-06-14,2026-06-19,2026-06-22,Delayed,611.33
D206394,O102251,W117,Delhivery,2026-08-11,2026-08-16,2026-08-14,In Transit,75.62
D206395,O109183,W102,DELHIVERY,2026-06-17,2026-06-19,2026-06-25,In Transit,824.91
D206396,O109194,W103,EcomExpress,2026-08-17,2026-08-20,2026-08-19,Delayed,-500.0
D206397,O107310,W117,FedEx,2026-02-10,2026-02-16,2026-02-18,Delivered,387.9
D206398,O106512,W112,DHL,2026-08-17,2026-08-20,2026-08-20,Delivered,1148.98
D206399,O101079,W109,DHL,2026-05-15,2026-05-20,2026-05-24,In Transit,272.35
D206400,O106751,W109,EcomExpress,2026-05-31,2026-06-02,2026-06-01,Delivered,574.1
D206401,O108243,W113,DHL,2026-04-05,2026-04-12,2026-04-10,Delivered,895.37
D206402,O108163,W106,EcomExpress,2026-01-18,2026-01-25,2026-01-31,Delivered,367.41
D206403,O104362,W112,DHL,2026-06-11,2026-06-17,2026-06-20,Delivered,571.28
D206404,O107826,W109,BlueDart,2026-05-14,2026-05-16,2026-05-14,Delivered,1335.61
D206405,O105477,W117,Delhivery,2026-01-29,2026-02-04,2026-02-06,In Transit,165.43
D206406,O109085,W100,BlueDart,2026-07-05,2026-07-10,2026-07-11,Delivered,1333.39
D206407,O108268,W108,DHL,2026-02-13,2026-02-20,2026-02-20,Delivered,459.71
D206408,O104411,W105,FedEx,2026-07-09,2026-07-16,2026-07-20,Delivered,189.55
D206409,O101208,W110,FedEx,2026-06-16,2026-06-19,2026-06-17,Delivered,748.64
D206410,O102991,W109,BlueDart,2026-08-03,2026-08-06,2026-08-07,Delivered,447.65
D206411,O104660,W112,Delhivery,2026-09-05,2026-09-10,2026-09-14,Delivered,1453.67
D206412,O101131,W108, EcomExpress ,2026-05-24,2026-05-31,2026-06-05,In Transit,419.94
D206413,O109774,W107,BlueDart,2026-01-05,2026-01-11,2026-01-17,Delivered,1311.28
D206414,O108983,W117,FedEx,2026-03-31,2026-04-05,2026-04-09,In Transit,1456.95
D206415,O100649,W118,,2026-01-25,2026-01-31,2026-02-03,Delayed,578.51
D206416,O105353,W104,Delhivery,2026-03-01,2026-03-07,2026-03-13,Delivered,585.06
D206417,O108365,W114,Delhivery,2026-07-21,2026-07-23,2026-07-25,Delivered,1331.33
D206418,O102577,W119,BlueDart,2026-09-13,2026-09-15,2026-09-13,Delivered,738.38
D206419,O109605,W108,EcomExpress,2026-06-11,2026-06-15,2026-06-20,In Transit,1074.64
D206420,O104879,W101,DHL,2026-05-05,2026-05-10,2026-05-09,Delivered,722.38
D206421,O109980,W110,DHL,2026-01-19,2026-01-23,2026-01-28,Delivered,618.88
D206422,O104293,W115,Delhivery,2026-01-13,2026-01-17,2026-01-16,Delivered,1398.12
D206423,O102481,W106,EcomExpress,2026-02-06,2026-02-09,2026-02-08,Delivered,689.04
D206424,O101569,W103,Delhivery,2026-04-25,2026-04-28,2026-04-26,Delivered,863.74
D206425,O106133,W117, ,2026-05-12,2026-05-14,2026-05-13,Delayed,1158.42
D206426,O105431,W111,Delhivery,2026-02-10,2026-02-17,2026-02-15,Delayed,1026.27
D206427,O101597,W107,DHL,2026-06-05,2026-06-12,2026-06-16,Delivered,1446.05
D206428,O106276,W111,Delhivery,2026-01-18,2026-01-21,2026-01-27,Delayed,1123.08
D206429,O100635,W112,FedEx,2026-06-28,2026-07-01,2026-07-02,Delayed,1159.42
D206430,O106028,W111,Delhivery,2026-01-27,2026-01-30,2026-02-02,Delivered,626.7
D206431,O103228,W119,FedEx,2026-07-18,2026-07-24,2026-07-29,Delayed,651.06
D206432,O104038,W117,DHL,2026-09-03,2026-09-06,2026-09-09,Delivered,166.7
D206433,O109882,W117,EcomExpress,2026-01-10,2026-01-15,2026-01-15,Delivered,1111.87
D206434,O101656,W105,EcomExpress,2026-02-06,2026-02-08,2026-02-13,Delivered,97.94
D206435,O106583,W119,BlueDart,2026-05-11,2026-05-18,2026-05-20,Delivered,259.56
D206436,O101880,W116,DHL,2026-05-20,2026-05-25,2026-05-23,Delayed,1213.83
D206437,O106970,W102,DHL,2026-08-10,2026-08-16,2026-08-19,Delivered,322.49
D206438,O107251,W103,FedEx,2026-07-03,2026-07-10,2026-07-15,Delayed,368.29
D206439,O106985,W114,BlueDart,2026-06-08,2026-06-15,2026-06-18,Delayed,1282.08
D206440,O108273,W116,EcomExpress,2026-05-12,2026-05-14,2026-05-13,Delivered,609.68
D206441,O104454,W103,EcomExpress,2026-01-03,2026-01-10,2026-01-11,Delivered,697.2
D206442,O104958,W106,DHL,2026-01-26,2026-01-28,2026-02-03,Delivered,832.28
D206443,O100045,W119,Delhivery,2026-01-07,2026-01-13,2026-01-14,Delivered,374.55
D206444,O106270,W114,FedEx,2026-01-21,2026-01-28,2026-01-31,In Transit,1153.3
D206445,O106427,W117,Delhivery,2026-05-31,2026-06-03,2026-06-07,Delivered,1050.09
D206446,O108949,W104,Delhivery,2026-01-20,2026-01-27,2026-01-29,Delivered,1124.37
D206447,O102186,W110,DHL,2026-01-12,2026-01-17,2026-01-16,Lost,475.32
D206448,O101491,W111,Delhivery,2026-05-30,2026-06-02,2026-06-01,Delivered,298.22
D206449,O107279,W112,BlueDart,2026-07-31,2026-08-06,2026-08-04,Delayed,1335.66
D206450,O101811,W115,BlueDart,2026-05-11,2026-05-16,2026-05-14,In Transit,559.44
D206451,O102557,W105,FedEx,2026-07-03,2026-07-08,2026-07-13,Delayed,162.99
D206452,O105408,W118,BlueDart,2026-05-09,2026-05-15,2026-05-19,Delayed,802.69
D206453,O109494,W106,BlueDart,2026-08-25,2026-08-30,2026-08-30,Delivered,1270.79
D206454,O106855,W105,,2026-07-17,2026-07-23,2026-07-27,In Transit,462.9
D206455,O108559,W117,FedEx,2026-04-19,2026-04-26,2026-05-02,In Transit,132.65
D206456,O109032,W100,Delhivery,2026-06-01,2026-06-08,2026-06-06,Delayed,1343.85
D206457,O100169,W106,FedEx,2026-08-14,2026-08-20,2026-08-21,In Transit,500.64
D206458,O102711,W110,EcomExpress,2026-06-29,2026-07-03,2026-07-04,Delayed,946.17
D206459,O106873,W108,BlueDart,2026-03-29,2026-04-01,2026-04-02,Delayed,307.4
D206460,O107142,W101,BlueDart,2026-07-04,2026-07-11,2026-07-14,Delivered,860.32
D206461,O109582,W119,EcomExpress,2026-07-28,2026-08-03,2026-08-03,Delivered,717.3
D206462,O107881,W104,DHL,2026-01-10,2026-01-13,2026-01-18,Delivered,1461.28
D206463,O108972,W107,FedEx,2026-05-25,2026-05-27,2026-05-27,Delivered,313.93
D206464,O108367,W105,FedEx,2026-03-14,2026-03-19,2026-03-21,Delivered,958.54
D206465,O103310,W105,EcomExpress,2026-05-25,2026-05-27,2026-06-01,Delivered,1245.68
D206466,O103458,W105,EcomExpress,2026-07-22,2026-07-25,2026-07-27,Delivered,210.24
D206467,O104886,W103,Delhivery,2026-08-06,2026-08-08,2026-08-12,Delayed,908.16
D206468,O109238,W110,DHL,2026-03-10,2026-03-14,2026-03-13,Delayed,1044.47
D206469,O104173,W117,FedEx,2026-06-11,2026-06-13,2026-06-14,Delivered,1222.8
D206470,O100052,W108,EcomExpress,2026-08-16,2026-08-19,2026-08-24,Delivered,785.02
D206471,O105021,W114,DHL,2026-08-05,2026-08-10,2026-08-16,Lost,706.85
D206472,O109570,W108,Delhivery,2026-01-31,2026-02-02,2026-02-08,In Transit,1057.74
D206473,O101038,W118,Delhivery,2026-02-12,2026-02-16,2026-02-16,Delayed,1363.04
D206474,O107965,W112,DHL,2026-04-09,2026-04-15,2026-04-15,Lost,611.74
D206475,O102146,W102,DHL,2026-01-21,2026-01-24,2026-01-22,Delayed,689.58
D206476,O108603,W113,EcomExpress,2026-08-29,2026-09-02,2026-09-06,Delayed,492.31
D206477,O100818,W104,EcomExpress,2026-06-19,2026-06-24,2026-06-28,Delayed,977.51
D206478,O104555,W111,FedEx,2026-02-10,2026-02-12,2026-02-15,Delivered,183.47
D206479,O108498,W107,BlueDart,2026-02-15,2026-02-19,2026-02-21,Delivered,507.19
D206480,O101911,W115,EcomExpress,2026-02-27,2026-03-03,2026-03-07,Delivered,450.82
D206481,O101706,W109,Delhivery,2026-03-29,2026-04-05,2026-04-04,Delivered,879.9
D206482,O105275,W116,Delhivery,2026-02-24,2026-02-27,2026-03-01,In Transit,874.41
D206483,O104010,W119,Delhivery,2026-07-16,2026-07-22,2026-07-27,Delivered,636.07
D206484,O102996,W100,DHL,2026-06-30,2026-07-07,2026-07-12,Delivered,897.97
D206485,O108988,W115,Delhivery,2026-04-01,2026-04-05,2026-04-03,Delivered,272.26
D206486,O100567,W113,DHL,2026-07-10,2026-07-17,2026-07-16,Delivered,270.25
D206487,O109339,W112,FedEx,2026-01-31,2026-02-03,2026-02-05,Delivered,863.78
D206488,O105850,W116,FedEx,2026-03-02,2026-03-06,2026-03-12,Delivered,1061.64
D206489,O108029,W117,FedEx,2026-07-08,2026-07-15,2026-07-15,Delivered,907.55
D206490,O102242,W110,FedEx,2026-06-18,2026-06-22,2026-06-27,Delivered,419.44
D206491,O101579,W111,Delhivery,2026-01-12,2026-01-16,2026-01-15,Delivered,193.7
D206492,O106448,W106,EcomExpress,2026-06-07,2026-06-09,2026-06-07,Delivered,1393.34
D206493,O102894,W110,FedEx,2026-05-04,2026-05-08,2026-05-10,Delivered,690.96
D206494,O108476,W108,EcomExpress,2026-02-25,2026-02-28,2026-03-01,Delivered,176.61
D206495,O104249,W105,FedEx,2026-06-23,2026-06-27,2026-07-02,Delayed,1113.54
D206496,O108360,W119,DHL,2026-01-12,2026-01-14,2026-01-12,Delivered,80.83
D206497,O100815,W118,Delhivery,2026-08-13,2026-08-18,2026-08-23,Delivered,1089.33
D206498,O105851,W116,FedEx,2026-02-06,2026-02-13,2026-02-12,Delivered,184.95
D206499,O105871,W114,EcomExpress,2026-09-12,2026-09-15,2026-09-13,In Transit,1077.19
D206500,O101915,W103,BlueDart,2026-05-12,2026-05-17,2026-05-21,Delayed,1353.72
D206501,O106942,W118,DHL,2026-02-06,2026-02-09,2026-02-13,Delayed,838.39
D206502,O108502,W114,EcomExpress,2026-08-10,2026-08-15,2026-08-19,In Transit,112.31
D206503,O104984,W102,FedEx,2026-05-21,2026-05-25,2026-05-30,Delivered,660.09
D206504,O105835,W101,,2026-09-04,2026-09-07,2026-09-06,Delivered,255.35
D206505,O104502,W109,EcomExpress,2026-09-05,2026-09-07,2026-09-06,Delivered,631.42
D206506,O100778,W113,FedEx,2026-07-18,2026-07-21,2026-07-25,Lost,737.21
D206507,O102855,W117,FedEx,2026-04-07,2026-04-14,2026-04-18,Delivered,176.84
D206508,O100932,W118,EcomExpress,2026-02-21,2026-02-26,2026-03-03,Delivered,912.05
D206509,O104360,W112,EcomExpress,2026-01-21,2026-01-26,2026-01-27,Delivered,126.84
D206510,O103927,W110,Delhivery,2026-04-28,2026-05-05,2026-05-04,Delayed,1125.06
D206511,O101263,W118,BlueDart,2026-03-22,2026-03-27,2026-04-01,Delivered,1022.61
D206512,O106801,W100,EcomExpress,2026-05-07,2026-05-11,2026-05-17,Delivered,543.11
D206513,O106533,W119,EcomExpress,2026-03-04,2026-03-06,2026-03-04,Delivered,158.57
D206514,O101429,W118,Delhivery,2026-08-23,2026-08-26,2026-08-24,Delayed,1221.6
D206515,O100599,W117,FedEx,2026-07-25,2026-07-28,2026-07-31,Delivered,1079.09
D206516,O107970,W105,BlueDart,2026-08-30,2026-09-06,2026-09-06,Delivered,563.31
D206517,O105279,W107,DHL,2026-01-30,2026-02-04,2026-02-06,Delivered,480.55
D206518,O100145,W107,EcomExpress,2026-03-25,2026-04-01,2026-03-30,In Transit,649.19
D206519,O107039,W115,BlueDart,2026-07-05,2026-07-10,2026-07-14,Delivered,1452.3
D206520,O103093,W111,DHL,2026-06-07,2026-06-12,2026-06-15,Delivered,578.77
D206521,O108693,W101,BlueDart,2026-07-12,2026-07-16,2026-07-21,Delivered,352.05
D206522,O103869,W119,Delhivery,2026-02-21,2026-02-23,2026-02-23,Delivered,1162.2
D206523,O109760,W117,DHL,2026-07-31,2026-08-04,2026-08-10,Delivered,1072.73
D206524,O109772,W115,DHL,2026-05-11,2026-05-17,2026-05-17,Delayed,276.93
D206525,O107718,W112,BlueDart,2026-05-30,2026-06-02,2026-06-05,Delivered,1236.77
D206526,O107510,W106,EcomExpress,2026-05-23,2026-05-29,2026-05-31,Delivered,905.18
D206527,O102881,W115,DHL,2026-07-14,2026-07-17,2026-07-18,Delayed,484.96
D206528,O101365,W104,EcomExpress,2026-08-03,2026-08-09,2026-08-15,Delivered,554.89
D206529,O105692,W116,Delhivery,2026-05-25,2026-05-27,2026-05-27,Delivered,1215.96
D206530,O100512,W116,Delhivery,2026-07-07,2026-07-12,2026-07-13,Delivered,521.52
D206531,O107369,W103,DHL,2026-04-03,2026-04-05,2026-04-04,Delivered,1050.53
D206532,O102399,W113,EcomExpress,2026-05-09,2026-05-12,2026-05-12,Delayed,72.05
D206533,O104781,W101,Delhivery,2026-06-07,2026-06-12,2026-06-11,Delivered,455.13
D206534,O106140,W116,Delhivery,2026-02-13,2026-02-20,2026-02-25,Delivered,418.02
D206535,O107046,W119,BlueDart,2026-04-27,2026-05-01,2026-05-05,Delivered,1317.41
D206536,O102121,W102,BlueDart,2026-04-05,2026-04-11,2026-04-14,Delayed,1435.51
D206537,O101262,W113,DHL,2026-02-04,2026-02-10,2026-02-15,Delivered,1324.54
D206538,O107375,W115,BlueDart,2026-02-15,2026-02-18,2026-02-22,Delivered,388.77
D206539,O108151,W119,DHL,2026-05-04,2026-05-06,2026-05-12,Delivered,494.01
D206540,O100771,W107,FedEx,2026-08-16,2026-08-18,2026-08-24,Delivered,1217.88
D206541,O109848,W117,BlueDart,2026-03-07,2026-03-13,2026-03-14,Delivered,73.68
D206542,O108747,W116,FedEx,2026-05-20,2026-05-23,2026-05-21,Delivered,1460.28
D206543,O109700,W116,BlueDart,2026-05-23,2026-05-28,2026-05-27,Delivered,1281.74
D206544,O103864,W119,BlueDart,2026-09-10,2026-09-16,2026-09-16,Delivered,145.46
D206545,O108210,W103,DHL,2026-03-22,2026-03-26,2026-03-30,Delayed,622.77
D206546,O100383,W117,FedEx,2026-08-23,2026-08-27,2026-08-25,Delayed,1039.18
D206547,O106975,W111,BlueDart,2026-06-16,2026-06-20,2026-06-25,Lost,165.19
D206548,O107854,W101,EcomExpress,2026-02-17,2026-02-24,2026-02-22,Delivered,1029.48
D206549,O107010,W117,EcomExpress,2026-05-17,2026-05-22,2026-05-23,In Transit,1026.39
D206550,O103099,W100,BlueDart,2026-06-03,2026-06-06,2026-06-09,Delayed,853.33
D206551,O105557,W102,BlueDart,2026-06-06,2026-06-13,2026-06-12,Delivered,620.38
D206552,O109524,W117,BlueDart,2026-01-11,2026-01-15,2026-01-15,Delivered,212.55
D206553,O101352,W102,FedEx,2026-01-03,2026-01-06,2026-01-06,Delivered,316.05
D206554,O107591,W114,DHL,2026-06-08,2026-06-15,2026-06-18,Delivered,1231.69
D206555,O100241,W111,FedEx,2026-07-16,2026-07-19,2026-07-21,In Transit,1349.79
D206556,O101201,W100,EcomExpress,2026-06-23,2026-06-25,2026-06-26,In Transit,935.72
D206557,O105056,W112,DHL,2026-05-11,2026-05-14,2026-05-14,Delivered,403.75
D206558,O105583,W119,BlueDart,2026-07-27,2026-07-30,2026-08-05,Delivered,820.25
D206559,O108538,W106,DHL,2026-05-01,2026-05-07,2026-05-05,Delayed,351.82
D206560,O100896,W112,DHL,2026-03-21,2026-03-24,2026-03-27,Delivered,547.41
D206561,O103509,W119,EcomExpress,2026-05-29,2026-05-31,2026-06-03,Delivered,959.71
D206562,O101222,W104,Delhivery,2026-09-15,2026-09-19,2026-09-21,Delayed,554.94
D206563,O105656,W102,BlueDart,2026-09-11,2026-09-16,2026-09-15,Delivered,1438.31
D206564,O102528,W114,,2026-01-10,2026-01-16,2026-01-22,Delivered,1451.14
D206565,O103099,W100,FedEx,2026-09-02,2026-09-07,2026-09-09,Delayed,304.02
D206566,O102214,W104,DHL,2026-05-05,2026-05-07,2026-05-08,Delivered,686.82
D206567,O101430,W116,EcomExpress,2026-09-02,2026-09-04,2026-09-09,Delivered,988.85
D206568,O100348,W103,FedEx,2026-07-23,2026-07-29,2026-07-31,Lost,1172.08
D206569,O107582,W118,EcomExpress,2026-09-02,2026-09-07,2026-09-12,In Transit,850.19
D206570,O107026,W102,DHL,2026-08-03,2026-08-07,2026-08-07,Delivered,440.95
D206571,O107396,W110,BlueDart,2026-05-11,2026-05-15,2026-05-15,Delayed,1455.64
D206572,O106599,W103,DHL,2026-08-29,2026-09-01,2026-09-07,Delayed,1034.24
D206573,O107892,W108,EcomExpress,2026-04-16,2026-04-19,2026-04-25,In Transit,351.4
D206574,O103265,W115,EcomExpress,2026-08-20,2026-08-22,2026-08-21,In Transit,1093.38
D206575,O103329,W102,EcomExpress,2026-01-24,2026-01-31,2026-01-31,Delayed,1039.61
D206576,O108849,W106,ecomexpress,2026-06-14,2026-06-18,2026-06-16,Delivered,211.04
D206577,O101433,W111,FedEx,2026-05-08,2026-05-10,2026-05-16,Delivered,594.25
D206578,O100500,W106,,2026-05-21,2026-05-25,2026-05-25,Delayed,1480.78
D206579,O107025,W118,DHL,2026-03-17,2026-03-23,2026-03-23,Delivered,951.84
D206580,O105366,W119,Delhivery,2026-06-29,2026-07-01,2026-07-03,Delivered,1369.34
D206581,O108372,W110,DHL,2026-02-27,2026-03-01,2026-03-01,Delivered,728.96
D206582,O103192,W108,BlueDart,2026-02-21,2026-02-23,2026-02-23,Delivered,685.26
D206583,O103806,W114,DHL,2026-08-21,2026-08-23,2026-08-29,Delivered,495.9
D206584,O101735,W102,EcomExpress,2026-03-04,2026-03-06,2026-03-10,Delivered,786.45
D206585,O108366,W105,Delhivery,2026-08-05,2026-08-12,2026-08-10,Delivered,233.06
D206586,O109811,W109, BlueDart ,2026-03-06,2026-03-13,2026-03-19,Delivered,929.24
D206587,O103704,W118,DHL,2026-08-17,2026-08-20,2026-08-21,In Transit,1252.19
D206588,O104142,W109,FedEx,2026-06-06,2026-06-11,2026-06-12,Delivered,1076.88
D206589,O109931,W108,DHL,2026-08-15,2026-08-18,2026-08-16,Delivered,618.8
D206590,O103125,W113,FedEx,2026-08-11,2026-08-16,2026-08-18,Delivered,833.79
D206591,O109775,W108,Delhivery,2026-08-23,2026-08-28,2026-08-29,In Transit,1149.42
D206592,O104151,W104,EcomExpress,2026-08-10,2026-08-16,2026-08-22,Delayed,311.49
D206593,O107943,W114,EcomExpress,2026-08-06,2026-08-12,2026-08-18,Delivered,376.64
D206594,O100302,W118,Delhivery,2026-07-24,2026-07-27,2026-07-31,Delivered,1469.83
D206595,O102930,W114,BlueDart,2026-01-30,2026-02-04,2026-02-03,In Transit,83.01
D206596,O104267,W115,Delhivery,2026-02-11,2026-02-15,2026-02-19,Delivered,100.46
D206597,O106047,W117,EcomExpress,2026-03-03,2026-03-08,2026-03-11,Delivered,1035.16
D206598,O106756,W117, ,2026-04-08,2026-04-15,2026-04-14,Delivered,706.96
D206599,O107833,W113,FedEx,2026-07-06,2026-07-10,2026-07-12,Delivered,302.59
D206600,O106004,W118,Delhivery,2026-03-25,2026-03-27,2026-03-25,Delivered,71.02
D206601,O109905,W112, FedEx ,2026-07-14,2026-07-18,2026-07-18,In Transit,1221.38
D206602,O105077,W100,FedEx,2026-05-10,2026-05-16,2026-05-14,Delivered,1465.42
D206603,O102465,W104,DHL,2026-03-06,2026-03-10,2026-03-14,Delivered,1027.39
D206604,O104140,W103,EcomExpress,2026-06-25,2026-06-27,2026-06-30,Delayed,1240.99
D206605,O100147,W112,Delhivery,2026-04-18,2026-04-25,2026-04-28,Delivered,376.24
D206606,O103048,W114,Delhivery,2026-02-27,2026-03-02,2026-03-05,In Transit,1437.72
D206607,O101358,W107,FedEx,2026-08-18,2026-08-24,2026-08-26,Delivered,782.05
D206608,O107181,W111,Delhivery,2026-08-11,2026-08-14,2026-08-16,Delivered,360.75
D206609,O101100,W118,FedEx,2026-09-12,2026-09-19,2026-09-19,Delivered,856.63
D206610,O104824,W111,DHL,2026-01-08,2026-01-10,2026-01-11,Delivered,344.71
D206611,O109742,W112,FedEx,2026-07-01,2026-07-04,2026-07-10,Delivered,1399.48
D206612,O105560,W111,DHL,2026-08-04,2026-08-06,2026-08-07,Delivered,726.12
D206613,O102067,W105,EcomExpress,2026-08-18,2026-08-23,2026-08-26,Delivered,405.48
D206614,O108375,W108,DHL,2026-06-13,2026-06-18,2026-06-23,Delivered,912.36
D206615,O102737,W117,BlueDart,2026-03-01,2026-03-03,2026-03-06,Delivered,441.31
D206616,O104311,W111,Delhivery,2026-01-14,2026-01-19,2026-01-21,Delivered,1367.84
D206617,O109950,W117,FedEx,2026-07-11,2026-07-13,2026-07-11,Delivered,620.61
D206618,O101312,W105,FedEx,2026-08-12,2026-08-15,2026-08-13,Delivered,261.78
D206619,O107707,W102,FedEx,2026-04-19,2026-04-24,2026-04-25,Delivered,1335.4
D206620,O100651,W112,DHL,2026-08-01,2026-08-03,2026-08-08,Delivered,572.42
D206621,O103458,W105,BlueDart,2026-09-06,2026-09-08,2026-09-07,Delivered,984.31
D206622,O101222,W111,EcomExpress,2026-01-24,2026-01-28,2026-01-31,Delivered,1289.77
D206623,O107674,W106,EcomExpress,2026-06-05,2026-06-11,2026-06-16,Delivered,779.81
D206624,O101100,W103,EcomExpress,2026-05-23,2026-05-25,2026-05-28,Lost,1394.35
D206625,O109167,W111,EcomExpress,2026-08-17,2026-08-21,2026-08-20,Delivered,1140.05
D206626,O106000,W106,FedEx,2026-09-02,2026-09-09,2026-09-10,Delivered,597.41
D206627,O106018,W110,EcomExpress,2026-09-04,2026-09-09,2026-09-14,Delivered,230.0
D206628,O106843,W111,EcomExpress,2026-02-26,2026-03-04,2026-03-05,Delivered,1273.8
D206629,O100705,W108,Delhivery,2026-05-20,2026-05-26,2026-05-30,Delivered,1010.4
D206630,O104732,W118,,2026-01-18,2026-01-22,2026-01-20,Delivered,1072.84
D206631,O105919,W118,EcomExpress,2026-07-01,2026-07-05,2026-07-11,Delivered,297.67
D206632,O108318,W100,BlueDart,2026-08-19,2026-08-22,2026-08-20,Delivered,104.15
D206633,O106362,W112,DHL,2026-08-28,2026-09-03,2026-09-09,Delivered,398.0
D206634,O106624,W111,Delhivery,2026-01-29,2026-02-02,2026-02-04,In Transit,1474.48
D206635,O107782,W102,BlueDart,2026-03-11,2026-03-17,2026-03-18,Delivered,732.24
D206636,O100097,W109,EcomExpress,2026-07-06,2026-07-11,2026-07-15,Delayed,1015.62
D206637,O108060,W113,FedEx,2026-01-10,2026-01-12,2026-01-13,In Transit,235.09
D206638,O101040,W108,Delhivery,2026-02-13,2026-02-19,2026-02-21,Delivered,1012.86
D206639,O109329,W112,EcomExpress,2026-07-04,2026-07-10,2026-07-15,Delivered,1317.14
D206640,O106227,W111,DHL,2026-07-08,2026-07-11,2026-07-09,In Transit,1010.6
D206641,O105304,W117,Delhivery,2026-05-25,2026-05-27,2026-05-29,Delivered,546.59
D206642,O109255,W112,,2026-05-12,2026-05-18,2026-05-19,Delivered,488.28
D206643,O100066,W100,BlueDart,2026-05-25,2026-06-01,2026-06-02,Delivered,188.33
D206644,O107493,W116,Delhivery,2026-01-19,2026-01-21,2026-01-20,Delivered,1447.97
D206645,O103521,W118,EcomExpress,2026-06-14,2026-06-21,2026-06-27,Delivered,457.09
D206646,O103175,W108,BlueDart,2026-08-23,2026-08-27,2026-08-28,Delayed,88.25
D206647,O103824,W112,EcomExpress,2026-06-15,2026-06-20,2026-06-25,Delivered,1469.64
D206648,O103922,W116,EcomExpress,2026-03-09,2026-03-16,2026-03-14,Delivered,1328.9
D206649,O106604,W116,EcomExpress,2026-07-09,2026-07-12,2026-07-10,Delivered,1202.96
D206650,O106633,W108,DHL,2026-07-19,2026-07-26,2026-07-31,In Transit,661.71
D206651,O103749,W111,FedEx,2026-04-21,2026-04-23,2026-04-29,Delivered,853.31
D206652,O107454,W107,ecomexpress,2026-09-09,2026-09-16,2026-09-15,Delivered,1250.47
D206653,O102522,W108,EcomExpress,2026-05-13,2026-05-16,2026-05-17,In Transit,1110.58
D206654,O109670,W106,DHL,2026-05-17,2026-05-22,2026-05-23,Delivered,134.01
D206655,O107437,W114,BlueDart,2026-05-18,2026-05-22,2026-05-27,Delivered,1075.22
D206656,O100098,W101,EcomExpress,2026-07-02,2026-07-07,2026-07-07,Delivered,877.08
D206657,O109589,W102, ,2026-06-22,2026-06-28,2026-07-02,Delivered,304.95
D206658,O107253,W103,DHL,2026-06-22,2026-06-24,2026-06-26,Delivered,855.69
D206659,O104940,W108,DHL,2026-08-31,2026-09-06,2026-09-04,Delayed,891.21
D206660,O106537,W118,,2026-07-19,2026-07-25,2026-07-26,Delivered,197.42
D206661,O106671,W107,Delhivery,2026-07-29,2026-07-31,2026-08-06,Delivered,835.53
D206662,O101955,W113,FedEx,2026-04-18,2026-04-24,2026-04-26,Delivered,164.48
D206663,O103170,W104,Delhivery,2026-05-04,2026-05-07,2026-05-11,Delivered,163.13
D206664,O109698,W105,Delhivery,2026-06-23,2026-06-29,2026-06-29,Delivered,1031.39
D206665,O106110,W108,BlueDart,2026-05-20,2026-05-26,2026-05-31,Delivered,1277.23
D206666,O106663,W102,Delhivery,2026-04-05,2026-04-09,2026-04-13,Delivered,685.83
D206667,O108491,W100,FedEx,2026-01-02,2026-01-08,2026-01-08,Delayed,648.81
D206668,O101857,W112,Delhivery,2026-06-20,2026-06-23,2026-06-25,Delivered,717.93
D206669,O106326,W103,FedEx,2026-01-14,2026-01-19,2026-01-24,Delayed,891.32
D206670,O101489,W118,FedEx,2026-06-24,2026-07-01,2026-07-02,Delivered,1374.93
D206671,O108326,W103,EcomExpress,2026-04-21,2026-04-25,2026-04-26,Delivered,661.36
D206672,O109484,W104,FedEx,2026-01-06,2026-01-13,2026-01-16,Delayed,1339.22
D206673,O109224,W119,BlueDart,2026-08-19,2026-08-25,2026-08-29,In Transit,149.15
D206674,O106606,W102,EcomExpress,2026-03-24,2026-03-27,2026-03-27,Delivered,106.4
D206675,O102248,W114,DHL,2026-08-29,2026-09-01,2026-09-05,Lost,693.4
D206676,O109027,W117,BlueDart,2026-08-29,2026-09-05,2026-09-03,Delivered,1019.27
D206677,O109860,W100,BlueDart,2026-03-08,2026-03-12,2026-03-16,Delivered,1235.12
D206678,O100359,W119,FedEx,2026-03-15,2026-03-21,2026-03-21,Delivered,288.36
D206679,O108700,W101,FedEx,2026-09-01,2026-09-03,2026-09-07,Delivered,996.83
D206680,O103263,W107,DHL,2026-07-19,2026-07-26,2026-07-26,In Transit,1277.76
D206681,O101713,W108,BlueDart,2026-06-17,2026-06-23,2026-06-26,Delayed,775.67
D206682,O105301,W102,EcomExpress,2026-09-12,2026-09-18,2026-09-16,Delivered,116.2
D206683,O104209,W110,BlueDart,2026-01-31,2026-02-03,2026-02-07,Delivered,1074.06
D206684,O103370,W118,DHL,2026-05-20,2026-05-25,2026-05-26,Delivered,1349.38
D206685,O106451,W112,BlueDart,2026-03-22,2026-03-28,2026-03-30,Delivered,567.13
D206686,O100299,W106,Delhivery,2026-08-07,2026-08-10,2026-08-11,Delivered,1060.16
D206687,O105125,W112,BlueDart,2026-07-26,2026-08-02,2026-08-06,Delivered,118.95
D206688,O108895,W110,FedEx,2026-01-12,2026-01-15,2026-01-20,Delivered,855.63
D206689,O109425,W102,EcomExpress,2026-05-01,2026-05-07,2026-05-12,In Transit,356.09
D206690,O100904,W102,BlueDart,2026-07-29,2026-08-03,2026-08-07,Delivered,951.03
D206691,O109438,W115,BlueDart,2026-08-05,2026-08-08,2026-08-08,Lost,331.87
D206692,O102522,W117,,2026-01-16,2026-01-19,2026-01-23,In Transit,415.19
D206693,O102757,W112,DHL,2026-04-06,2026-04-11,2026-04-13,Delivered,359.82
D206694,O109964,W101,DHL,2026-08-26,2026-08-29,2026-08-28,Delivered,872.7
D206695,O108954,W111,Delhivery,2026-08-11,2026-08-15,2026-08-16,Delayed,106.13
D206696,O105285,W110,FedEx,2026-06-06,2026-06-13,2026-06-18,Delayed,1127.99
D206697,O102884,W117,DHL,2026-05-16,2026-05-19,2026-05-23,Delivered,881.61
D206698,O106502,W119,DHL,2026-03-30,2026-04-01,2026-04-02,Delivered,861.0
D206699,O107146,W101,FedEx,2026-05-27,2026-06-03,2026-06-08,Delayed,1385.7
D206700,O103485,W106,FedEx,2026-04-11,2026-04-15,2026-04-16,Delivered,386.05
D206701,O102111,W117,FedEx,2026-07-04,2026-07-08,2026-07-12,Delayed,1078.63
D206702,O104372,W114,Delhivery,2026-01-24,2026-01-26,2026-01-28,Delayed,1041.89
D206703,O100216,W110,BlueDart,2026-01-29,2026-02-02,2026-02-01,Delivered,793.68
D206704,O103726,W119,ecomexpress,2026-09-04,2026-09-06,2026-09-05,Delivered,66.58
D206705,O105441,W105,BlueDart,2026-07-23,2026-07-28,2026-08-01,In Transit,562.62
D206706,O109527,W113,FedEx,2026-02-22,2026-02-27,2026-03-02,Delivered,102.15
D206707,O107827,W109,EcomExpress,2026-08-10,2026-08-15,2026-08-13,Delivered,120.69
D206708,O101615,W108,FedEx,2026-07-01,2026-07-08,2026-07-14,Delivered,995.84
D206709,O103516,W115,DHL,2026-04-25,2026-05-02,2026-05-08,Delivered,434.83
D206710,O101345,W119,DHL,2026-09-02,2026-09-04,2026-09-08,Delivered,243.84
D206711,O109491,W118,FedEx,2026-09-11,2026-09-16,2026-09-22,Delivered,898.35
D206712,O104097,W100,BlueDart,2026-08-28,2026-09-03,2026-09-09,In Transit,1290.26
D206713,O105605,W105,DHL,2026-05-12,2026-05-18,2026-05-23,Delivered,653.85
D206714,O103172,W107,EcomExpress,2026-03-13,2026-03-18,2026-03-19,Delivered,881.87
D206715,O103685,W114,EcomExpress,2026-05-23,2026-05-26,2026-05-25,Lost,995.72
D206716,O105259,W116,FedEx,2026-09-09,2026-09-12,2026-09-11,Delivered,228.95
D206717,O106392,W105,FedEx,2026-02-24,2026-03-02,2026-03-08,Delivered,1134.79
D206718,O105831,W103,bluedart,2026-08-04,2026-08-11,2026-08-17,In Transit,900.35
D206719,O108791,W107,DHL,2026-05-28,2026-06-04,2026-06-09,Delayed,1478.65
D206720,O108261,W112,Delhivery,2026-02-03,2026-02-08,2026-02-07,Delivered,165.99
D206721,O101276,W107,DHL,2026-02-27,2026-03-05,2026-03-05,Delivered,1418.02
D206722,O100300,W102,DHL,2026-07-19,2026-07-26,2026-08-01,Delivered,549.04
D206723,O100480,W104,DHL,2026-04-09,2026-04-14,2026-04-18,Delivered,729.38
D206724,O101420,W100,FedEx,2026-08-08,2026-08-13,2026-08-16,Delivered,317.75
D206725,O100932,W112,FedEx,2026-06-20,2026-06-25,2026-07-01,In Transit,1485.05
D206726,O102800,W109,DHL,2026-01-12,2026-01-15,2026-01-15,Delivered,435.4
D206727,O101040,W102,FedEx,2026-08-30,2026-09-03,2026-09-02,Delivered,348.48
D206728,O107414,W119,BlueDart,2026-03-30,2026-04-06,2026-04-06,Delivered,68.28
D206729,O102074,W100,EcomExpress,2026-06-25,2026-06-29,2026-07-01,Delivered,1097.96
D206730,O108035,W117,EcomExpress,2026-04-01,2026-04-06,2026-04-10,Delivered,78.59
D206731,O109351,W115,EcomExpress,2026-06-26,2026-06-30,2026-07-03,Delivered,339.01
D206732,O101406,W113,BlueDart,2026-01-19,2026-01-21,2026-01-26,Delivered,119.2
D206733,O102010,W102,DHL,2026-02-20,2026-02-26,2026-02-26,Delivered,785.2
D206734,O109592,W107,DELHIVERY,2026-07-18,2026-07-22,2026-07-22,Delivered,1005.72
D206735,O101251,W105,FedEx,2026-02-07,2026-02-13,2026-02-13,Delivered,1090.9
D206736,O101318,W100,Delhivery,2026-06-28,2026-07-05,2026-07-03,Delivered,598.23
D206737,O100255,W100,DHL,2026-08-07,2026-08-10,2026-08-12,Delivered,255.84
D206738,O104337,W101,BlueDart,2026-09-01,2026-09-06,2026-09-04,In Transit,835.36
D206739,O102315,W105,DHL,2026-02-01,2026-02-04,2026-02-10,Delivered,81.57
D206740,O104677,W107,DHL,2026-09-03,2026-09-05,2026-09-09,Delivered,554.1
D206741,O102775,W100,FedEx,2026-03-14,2026-03-17,2026-03-22,Delivered,1376.69
D206742,O107125,W111,BlueDart,2026-04-17,2026-04-19,2026-04-18,Delivered,1211.97
D206743,O104734,W104,EcomExpress,2026-01-28,2026-02-04,2026-02-02,Delivered,600.77
D206744,O103490,W103,EcomExpress,2026-09-02,2026-09-04,2026-09-03,Delivered,984.81
D206745,O105503,W104,Delhivery,2026-01-24,2026-01-26,2026-01-31,Delivered,606.0
D206746,O109402,W101,FedEx,2026-01-11,2026-01-16,2026-01-21,In Transit,991.49
D206747,O103586,W100,BlueDart,2026-02-02,2026-02-05,2026-02-08,Delivered,1353.55
D206748,O109871,W102,BlueDart,2026-04-11,2026-04-18,2026-04-22,Delayed,992.75
D206749,O109204,W109,EcomExpress,2026-04-21,2026-04-25,2026-05-01,Delivered,638.15
D206750,O101639,W114,EcomExpress,2026-06-07,2026-06-14,2026-06-13,Delayed,110.28
D206751,O102746,W105,BlueDart,2026-01-10,2026-01-12,2026-01-15,Delivered,408.41
D206752,O105396,W118,FedEx,2026-03-14,2026-03-19,2026-03-20,Delivered,564.59
D206753,O102911,W114,Delhivery,2026-04-17,2026-04-19,2026-04-21,In Transit,1059.76
D206754,O109958,W105,BlueDart,2026-09-03,2026-09-09,2026-09-15,Delayed,464.48
D206755,O100723,W116,BlueDart,2026-06-03,2026-06-10,2026-06-08,Delivered,1284.96
D206756,O106957,W110,EcomExpress,2026-04-29,2026-05-03,2026-05-08,Delivered,1310.19
D206757,O105885,W118,BlueDart,2026-04-02,2026-04-09,2026-04-13,Delayed,848.08
D206758,O102003,W119,,2026-08-10,2026-08-13,2026-08-14,In Transit,1181.1
D206759,O104414,W114,FedEx,2026-03-31,2026-04-05,2026-04-04,Delivered,905.3
D206760,O106198,W109,BlueDart,2026-05-23,2026-05-25,2026-05-26,Delivered,912.33
D206761,O102362,W115,BlueDart,2026-05-25,2026-05-29,2026-06-01,Delivered,874.49
D206762,O100877,W119,FedEx,2026-02-20,2026-02-23,2026-03-01,Delivered,952.16
D206763,O102010,W118,EcomExpress,2026-01-02,2026-01-04,2026-01-04,Delivered,677.62
D206764,O106255,W117,FedEx,2026-02-16,2026-02-20,2026-02-20,In Transit,942.25
D206765,O107055,W119,FedEx,2026-07-14,2026-07-19,2026-07-25,Delivered,507.69
D206766,O106787,W100,Delhivery,2026-06-30,2026-07-06,2026-07-06,Delivered,1086.4
D206767,O108505,W101,EcomExpress,2026-03-02,2026-03-09,2026-03-08,Delivered,674.61
D206768,O109422,W101,EcomExpress,2026-03-02,2026-03-06,2026-03-10,Delayed,904.38
D206769,O103436,W104,BlueDart,2026-03-31,2026-04-04,2026-04-05,Delivered,1303.91
D206770,O105402,W101,Delhivery,2026-06-03,2026-06-06,2026-06-09,In Transit,129.22
D206771,O104378,W108,FedEx,2026-08-04,2026-08-08,2026-08-09,Delivered,1458.2
D206772,O105877,W116,Delhivery,2026-05-15,2026-05-17,2026-05-15,Delivered,1350.35
D206773,O100436,W106,dhl,2026-01-21,2026-01-26,2026-01-24,Delivered,793.74
D206774,O102395,W113,DHL,2026-05-07,2026-05-13,2026-05-18,Delayed,1032.52
D206775,O107632,W106,FedEx,2026-02-04,2026-02-09,2026-02-15,Delivered,777.0
D206776,O102554,W108,,2026-02-24,2026-03-03,2026-03-06,Delayed,1191.63
D206777,O101647,W113,FedEx,2026-03-21,2026-03-28,2026-03-31,Delivered,261.93
D206778,O104490,W109, ,2026-08-25,2026-08-31,2026-09-05,In Transit,512.2
D206779,O103326,W116,FedEx,2026-02-18,2026-02-25,2026-02-25,Delivered,1056.68
D206780,O101916,W115,ECOMEXPRESS,2026-05-15,2026-05-17,2026-05-16,Delayed,1152.29
D206781,O109095,W107,EcomExpress,2026-08-11,2026-08-18,2026-08-22,Delivered,1233.19
D206782,O106668,W100,FedEx,2026-07-02,2026-07-09,2026-07-09,Delayed,527.77
D206783,O100626,W101,EcomExpress,2026-06-28,2026-06-30,2026-06-28,Delivered,801.55
D206784,O106510,W118,EcomExpress,2026-02-19,2026-02-26,2026-02-24,Delivered,394.54
D206785,O105297,W114,,2026-02-12,2026-02-14,2026-02-14,Delivered,896.47
D206786,O109664,W116,Delhivery,2026-03-16,2026-03-19,2026-03-17,Delivered,1107.45
D206787,O105733,W117,DHL,2026-01-15,2026-01-17,2026-01-16,Lost,63.15
D206788,O100928,W119,BlueDart,2026-04-07,2026-04-14,2026-04-13,Delayed,58.32
D206789,O103064,W103,Delhivery,2026-04-29,2026-05-02,2026-05-03,Delivered,658.22
D206790,O100951,W113,Delhivery,2026-01-31,2026-02-04,2026-02-04,Delivered,652.31
D206791,O102398,W119,FedEx,2026-07-08,2026-07-14,2026-07-18,In Transit,859.18
D206792,O108852,W105,BlueDart,2026-07-17,2026-07-19,2026-07-25,Delivered,626.49
D206793,O108981,W110,FedEx,2026-08-10,2026-08-16,2026-08-14,In Transit,1047.08
D206794,O108822,W114,Delhivery,2026-08-10,2026-08-14,2026-08-15,Delayed,503.18
D206795,O106704,W104,FedEx,2026-05-10,2026-05-13,2026-05-16,Delivered,324.43
D206796,O109735,W103,FedEx,2026-03-20,2026-03-23,2026-03-21,Delivered,1174.09
D206797,O100323,W106,EcomExpress,2026-04-22,2026-04-29,2026-05-05,Delivered,418.2
D206798,O103974,W106,Delhivery,2026-05-29,2026-06-05,2026-06-05,Delivered,993.25
D206799,O108420,W107,Delhivery,2026-04-07,2026-04-09,2026-04-14,Delivered,141.67
D206800,O109551,W102,,2026-04-17,2026-04-22,2026-04-25,Delayed,1192.34
D206801,O109532,W102,EcomExpress,2026-09-04,2026-09-07,2026-09-09,Lost,391.73
D206802,O104596,W104,Delhivery,2026-07-02,2026-07-06,2026-07-11,Delivered,623.45
D206803,O101165,W103,FedEx,2026-05-27,2026-05-29,2026-06-01,Delivered,1023.89
D206804,O101733,W117,Delhivery,2026-03-23,2026-03-26,2026-03-30,Delivered,217.26
D206805,O109598,W110,EcomExpress,2026-09-14,2026-09-17,2026-09-20,Delayed,350.42
D206806,O102415,W103,BlueDart,2026-06-03,2026-06-09,2026-06-12,In Transit,617.84
D206807,O101251,W103,EcomExpress,2026-07-17,2026-07-20,2026-07-26,Delivered,492.05
D206808,O100926,W111,DHL,2026-05-05,2026-05-08,2026-05-06,Delivered,519.0
D206809,O108785,W117,DHL,2026-08-31,2026-09-05,2026-09-08,In Transit,85.7
D206810,O109513,W108,Delhivery,2026-09-03,2026-09-09,2026-09-11,Delivered,829.39
D206811,O105184,W112,DHL,2026-05-04,2026-05-11,2026-05-10,In Transit,311.08
D206812,O104345,W119,DHL,2026-06-06,2026-06-11,2026-06-11,Delivered,1471.7
D206813,O107678,W114,BlueDart,2026-06-16,2026-06-22,2026-06-27,Delivered,248.24
D206814,O108781,W110,FedEx,2026-01-28,2026-01-30,2026-01-28,Delivered,1421.53
D206815,O108250,W108,FedEx,2026-05-05,2026-05-11,2026-05-09,Delivered,1158.75
D206816,O105889,W117,FedEx,2026-01-05,2026-01-12,2026-01-11,Delivered,492.21
D206817,O103784,W109,Delhivery,2026-04-02,2026-04-05,2026-04-11,Delivered,894.49
D206818,O101140,W105,BlueDart,2026-08-18,2026-08-25,2026-08-25,Delivered,844.76
D206819,O104252,W103,,2026-09-01,2026-09-04,2026-09-02,Delayed,61.69
D206820,O109714,W105,BlueDart,2026-03-11,2026-03-15,2026-03-18,Delivered,1169.26
D206821,O109015,W108,FedEx,2026-02-10,2026-02-13,2026-02-14,Delayed,1302.73
D206822,O101938,W109,BlueDart,2026-08-21,2026-08-26,2026-08-29,Delivered,1408.6
D206823,O102688,W117,DHL,2026-04-15,2026-04-19,2026-04-20,In Transit,153.22
D206824,O107858,W106,FedEx,2026-02-08,2026-02-10,2026-02-09,Delivered,940.58
D206825,O107894,W114,EcomExpress,2026-07-25,2026-08-01,2026-07-30,Delayed,1320.6
D206826,O100945,W110,BlueDart,2026-03-23,2026-03-27,2026-03-26,Delivered,722.62
D206827,O107750,W110,DHL,2026-07-03,2026-07-10,2026-07-08,Delivered,209.26
D206828,O100613,W109,EcomExpress,2026-01-24,2026-01-28,2026-01-26,Delivered,339.72
D206829,O109751,W104,ecomexpress,2026-06-18,2026-06-21,2026-06-21,Delivered,1166.73
D206830,O102967,W118,FedEx,2026-06-30,2026-07-02,2026-07-06,Delivered,487.21
D206831,O103594,W112,DHL,2026-04-12,2026-04-16,2026-04-20,Delivered,1365.4
D206832,O100226,W114,EcomExpress,2026-03-22,2026-03-27,2026-04-01,Delivered,111.12
D206833,O102718,W108,EcomExpress,2026-08-06,2026-08-12,2026-08-10,Delayed,786.56
D206834,O104060,W107,EcomExpress,2026-08-16,2026-08-23,2026-08-28,In Transit,1310.66
D206835,O103757,W118,FedEx,2026-03-16,2026-03-23,2026-03-25,Delivered,1479.0
D206836,O106469,W110,BlueDart,2026-05-23,2026-05-27,2026-05-27,Delivered,414.44
D206837,O101461,W101,FedEx,2026-06-06,2026-06-10,2026-06-14,Delayed,1308.13
D206838,O109740,W113,FedEx,2026-05-06,2026-05-08,2026-05-12,Delivered,217.8
D206839,O103904,W111,Delhivery,2026-08-27,2026-08-31,2026-08-29,Delivered,463.01
D206840,O102333,W116,BlueDart,2026-03-15,2026-03-21,2026-03-22,Delivered,1133.78
D206841,O103515,W109,Delhivery,2026-07-22,2026-07-29,2026-07-27,Delivered,1193.71
D206842,O107315,W111,BlueDart,2026-08-25,2026-09-01,2026-09-06,In Transit,1382.73
D206843,O100141,W106,FedEx,2026-09-07,2026-09-13,2026-09-14,Delivered,284.65
D206844,O102518,W110,EcomExpress,2026-05-04,2026-05-08,2026-05-11,Delivered,1474.52
D206845,O102236,W117,Delhivery,2026-05-18,2026-05-22,2026-05-24,Delayed,894.11
D206846,O109054,W104,EcomExpress,2026-02-10,2026-02-12,2026-02-12,Delivered,252.07
D206847,O108216,W103,FedEx,2026-03-29,2026-04-03,2026-04-09,Delivered,838.93
D206848,O103571,W112,BlueDart,2026-08-12,2026-08-14,2026-08-13,Delivered,1318.86
D206849,O106857,W113,BlueDart,2026-08-15,2026-08-18,2026-08-24,Lost,496.0
D206850,O109055,W105,DHL,2026-03-26,2026-03-28,2026-04-02,In Transit,588.13
D206851,O107877,W116,BlueDart,2026-09-07,2026-09-12,2026-09-12,Delayed,191.82
D206852,O100382,W103,BlueDart,2026-09-03,2026-09-09,2026-09-12,Delivered,433.47
D206853,O105709,W109, FedEx ,2026-05-12,2026-05-16,2026-05-16,In Transit,893.27
D206854,O107570,W104,BlueDart,2026-09-12,2026-09-19,2026-09-21,Delivered,1057.7
D206855,O106998,W110,FedEx,2026-07-16,2026-07-22,2026-07-24,Delivered,1011.21
D206856,O100725,W115,DHL,2026-02-12,2026-02-15,2026-02-19,Delivered,333.89
D206857,O101713,W114,DHL,2026-01-27,2026-02-01,2026-02-05,Delivered,205.48
D206858,O106017,W118,BlueDart,2026-05-31,2026-06-04,2026-06-06,Delivered,1445.37
D206859,O104105,W109,Delhivery,2026-01-10,2026-01-14,2026-01-12,Delivered,313.0
D206860,O100545,W108,Delhivery,2026-08-15,2026-08-20,2026-08-24,In Transit,1090.07
D206861,O104421,W119,EcomExpress,2026-07-14,2026-07-20,2026-07-24,Delivered,333.39
D206862,O103546,W110,EcomExpress,2026-03-26,2026-03-29,2026-04-01,In Transit,385.19
D206863,O106394,W103,DHL,2026-07-13,2026-07-18,2026-07-17,Delivered,215.12
D206864,O104070,W100,FedEx,2026-07-15,2026-07-22,2026-07-20,Delivered,1381.79
D206865,O101937,W115,EcomExpress,2026-06-10,2026-06-17,2026-06-19,Delayed,1360.75
D206866,O104421,W117,EcomExpress,2026-04-04,2026-04-08,2026-04-12,Delivered,251.14
D206867,O105456,W101,EcomExpress,2026-05-25,2026-05-28,2026-05-27,Delayed,1037.96
D206868,O101502,W105,DHL,2026-02-21,2026-02-23,2026-02-23,Delivered,937.9
D206869,O102381,W100,FedEx,2026-06-12,2026-06-15,2026-06-18,Delivered,375.11
D206870,O107799,W118,FedEx,2026-09-06,2026-09-08,2026-09-13,Delivered,466.55
D206871,O106423,W102,DHL,2026-04-23,2026-04-30,2026-05-03,Delivered,819.72
D206872,O101405,W103,Delhivery,2026-02-08,2026-02-15,2026-02-17,Delivered,693.41
D206873,O103409,W100,EcomExpress,2026-01-26,2026-02-02,2026-01-31,In Transit,569.37
D206874,O102451,W103,DHL,2026-03-14,2026-03-21,2026-03-22,Delayed,660.09
D206875,O103402,W105,Delhivery,2026-01-10,2026-01-13,2026-01-13,In Transit,920.87
D206876,O109625,W106,Delhivery,2026-05-27,2026-05-30,2026-05-28,Delivered,55.81
D206877,O100893,W108,Delhivery,2026-01-11,2026-01-17,2026-01-16,Delayed,1098.74
D206878,O103498,W105,,2026-05-16,2026-05-23,2026-05-21,Delivered,430.27
D206879,O108127,W107,EcomExpress,2026-02-09,2026-02-11,2026-02-16,Delivered,1391.21
D206880,O108219,W110,Delhivery,2026-01-05,2026-01-11,2026-01-17,Delivered,1371.79
D206881,O100390,W104,DHL,2026-08-24,2026-08-31,2026-08-30,Delivered,154.87
D206882,O106942,W111,FedEx,2026-02-22,2026-02-27,2026-02-28,Delivered,675.52
D206883,O108740,W119,FedEx,2026-02-05,2026-02-12,2026-02-12,Delivered,695.97
D206884,O106474,W114,Delhivery,2026-03-10,2026-03-12,2026-03-16,Delivered,779.47
D206885,O108572,W100,Delhivery,2026-05-24,2026-05-26,2026-05-28,Delivered,165.05
D206886,O108966,W101,BlueDart,2026-05-08,2026-05-13,2026-05-17,Delivered,805.48
D206887,O101228,W117,Delhivery,2026-05-08,2026-05-15,2026-05-19,Delivered,806.33
D206888,O101322,W105,DHL,2026-08-22,2026-08-27,2026-08-26,Delivered,1220.53
D206889,O104934,W106,FedEx,2026-01-29,2026-02-02,2026-02-07,Delayed,1278.35
D206890,O108762,W105,BlueDart,2026-04-03,2026-04-08,2026-04-11,Delivered,187.96
D206891,O103236,W111,Delhivery,2026-08-05,2026-08-11,2026-08-17,Delayed,807.62
D206892,O105725,W117,FedEx,2026-07-06,2026-07-10,2026-07-15,Delivered,390.27
D206893,O106113,W119,EcomExpress,2026-08-13,2026-08-20,2026-08-24,Delivered,534.23
D206894,O109975,W117,Delhivery,2026-02-21,2026-02-24,2026-02-25,Delivered,985.82
D206895,O104396,W111,FedEx,2026-05-30,2026-06-02,2026-06-06,Delivered,239.54
D206896,O105538,W107,FedEx,2026-07-22,2026-07-28,2026-07-29,Delivered,1338.17
D206897,O102334,W116,EcomExpress,2026-04-24,2026-04-27,2026-05-03,Delivered,1398.44
D206898,O102048,W116,FedEx,2026-07-03,2026-07-07,2026-07-10,Delivered,409.62
D206899,O109944,W103,dhl,2026-06-12,2026-06-16,2026-06-18,Delivered,438.43
D206900,O109133,W116,DHL,2026-01-16,2026-01-22,2026-01-25,Delivered,298.17
D206901,O104663,W112,EcomExpress,2026-02-10,2026-02-14,2026-02-17,Delayed,638.91
D206902,O103764,W102,FedEx,2026-04-18,2026-04-20,2026-04-21,Delivered,178.09
D206903,O105454,W109,EcomExpress,2026-07-09,2026-07-11,2026-07-10,In Transit,200.84
D206904,O102605,W117,FedEx,2026-04-18,2026-04-24,2026-04-28,Delivered,404.34
D206905,O101160,W111,DHL,2026-02-02,2026-02-09,2026-02-13,In Transit,459.66
D206906,O106740,W113,BlueDart,2026-02-10,2026-02-14,2026-02-18,Delivered,1447.42
D206907,O106598,W100,DHL,2026-01-16,2026-01-19,2026-01-17,Delayed,89.56
D206908,O100068,W109,FedEx,2026-02-28,2026-03-03,2026-03-02,Delivered,1084.34
D206909,O105927,W116,DHL,2026-06-15,2026-06-21,2026-06-26,Delayed,1499.18
D206910,O108193,W112,FedEx,2026-06-04,2026-06-11,2026-06-10,Delivered,891.28
D206911,O104494,W103,EcomExpress,2026-07-09,2026-07-13,2026-07-12,Delayed,744.54
D206912,O100753,W107,Delhivery,2026-07-22,2026-07-28,2026-08-01,Delayed,1378.86
D206913,O104739,W107,BlueDart,2026-08-15,2026-08-18,2026-08-19,Delivered,798.47
D206914,O108941,W103,FedEx,2026-04-26,2026-05-02,2026-05-05,Delayed,357.35
D206915,O103325,W114,EcomExpress,2026-02-16,2026-02-19,2026-02-20,Delivered,752.57
D206916,O109746,W101,BlueDart,2026-04-23,2026-04-27,2026-05-02,In Transit,479.37
D206917,O102357,W115,DHL,2026-09-02,2026-09-05,2026-09-08,Delivered,1332.25
D206918,O101390,W100,,2026-01-30,2026-02-03,2026-02-08,Delayed,627.92
D206919,O100053,W107,BlueDart,2026-01-24,2026-01-31,2026-01-31,Delivered,58.13
D206920,O101357,W117,FedEx,2026-02-03,2026-02-05,2026-02-10,Delivered,1345.53
D206921,O103292,W117,BlueDart,2026-08-25,2026-08-28,2026-08-30,Delivered,91.99
D206922,O100692,W117,Delhivery,2026-05-21,2026-05-28,2026-06-02,Delivered,925.17
D206923,O103519,W114,ecomexpress,2026-04-08,2026-04-14,2026-04-17,Delayed,96.06
D206924,O101515,W114,Delhivery,2026-02-17,2026-02-20,2026-02-21,Delayed,1212.74
D206925,O100287,W103,BlueDart,2026-08-19,2026-08-22,2026-08-25,Delayed,843.94
D206926,O102979,W105,FedEx,2026-07-04,2026-07-07,2026-07-06,Delivered,293.44
D206927,O100227,W108,EcomExpress,2026-08-01,2026-08-06,2026-08-12,Delayed,716.93
D206928,O104360,W113,Delhivery,2026-01-15,2026-01-17,2026-01-20,In Transit,1306.01
D206929,O109456,W104,FedEx,2026-09-13,2026-09-20,2026-09-21,In Transit,760.18
D206930,O101528,W105,FedEx,2026-04-30,2026-05-02,2026-04-30,Delivered,606.69
D206931,O102742,W114,FedEx,2026-01-04,2026-01-08,2026-01-08,Delivered,1471.47
D206932,O102537,W100,EcomExpress,2026-04-05,2026-04-09,2026-04-08,Delivered,946.14
D206933,O106719,W104,FedEx,2026-02-23,2026-02-26,2026-02-24,Delivered,501.58
D206934,O108026,W105,Delhivery,2026-08-16,2026-08-20,2026-08-25,Delivered,833.58
D206935,O109266,W115,FedEx,2026-04-20,2026-04-25,2026-04-28,Delivered,1125.87
D206936,O102551,W100,FedEx,2026-08-21,2026-08-24,2026-08-24,Delivered,1297.05
D206937,O102644,W106,FedEx,2026-04-20,2026-04-23,2026-04-23,Delivered,1214.3
D206938,O101904,W103,Delhivery,2026-05-01,2026-05-07,2026-05-11,In Transit,266.88
D206939,O104813,W115,FedEx,2026-09-04,2026-09-08,2026-09-06,Delivered,857.51
D206940,O107430,W112,BlueDart,2026-01-23,2026-01-30,2026-01-28,Delivered,821.81
D206941,O109217,W113,EcomExpress,2026-02-12,2026-02-17,2026-02-23,Delivered,187.59
D206942,O106454,W111,EcomExpress,2026-01-03,2026-01-05,2026-01-03,Delayed,406.08
D206943,O106667,W103,DHL,2026-02-20,2026-02-23,2026-02-23,Delivered,87.42
D206944,O109338,W110,FedEx,2026-05-29,2026-06-05,2026-06-06,Delivered,947.79
D206945,O106543,W118,DHL,2026-03-29,2026-04-01,2026-04-06,Delayed,501.16
D206946,O106081,W108,Delhivery,2026-07-31,2026-08-05,2026-08-04,Delivered,471.11
D206947,O107658,W116,BlueDart,2026-03-22,2026-03-27,2026-03-25,Delivered,91.74
D206948,O105040,W108,BlueDart,2026-02-09,2026-02-16,2026-02-18,Delayed,988.76
D206949,O105898,W114,BlueDart,2026-03-22,2026-03-24,2026-03-27,Delivered,587.28
D206950,O101807,W104,FedEx,2026-03-23,2026-03-28,2026-04-01,Delivered,1379.58
D206951,O102118,W106,EcomExpress,2026-05-14,2026-05-20,2026-05-24,Delivered,1273.0
D206952,O106805,W109,EcomExpress,2026-01-08,2026-01-10,2026-01-08,Delivered,280.15
D206953,O105435,W103,Delhivery,2026-01-01,2026-01-06,2026-01-06,Delayed,933.46
D206954,O108851,W112,Delhivery,2026-08-01,2026-08-05,2026-08-11,Delivered,916.87
D206955,O101852,W109,DHL,2026-02-09,2026-02-13,2026-02-18,Delivered,541.58
D206956,O108611,W101,FedEx,2026-04-17,2026-04-19,2026-04-22,Delivered,248.18
D206957,O104746,W100,EcomExpress,2026-07-15,2026-07-19,2026-07-24,Delivered,666.01
D206958,O109550,W113,BlueDart,2026-06-21,2026-06-28,2026-06-30,Delivered,807.76
D206959,O105923,W112,EcomExpress,2026-05-19,2026-05-22,2026-05-26,In Transit,917.45
D206960,O106209,W106,FedEx,2026-08-07,2026-08-14,2026-08-13,Delivered,225.83
D206961,O102546,W117,BlueDart,2026-07-26,2026-08-01,2026-08-02,Delivered,869.53
D206962,O100941,W101,DHL,2026-01-28,2026-02-04,2026-02-04,Delivered,1427.9
D206963,O109355,W105,BlueDart,2026-03-29,2026-04-05,2026-04-09,Delivered,342.46
D206964,O104620,W104,EcomExpress,2026-06-10,2026-06-15,2026-06-17,Delivered,798.49
D206965,O100564,W104,FedEx,2026-02-13,2026-02-16,2026-02-19,Lost,1410.84
D206966,O105885,W111,Delhivery,2026-05-19,2026-05-22,2026-05-23,Delivered,1322.88
D206967,O101813,W117,FedEx,2026-05-08,2026-05-14,2026-05-17,Delivered,574.58
D206968,O107755,W106,DHL,2026-06-24,2026-06-28,2026-06-27,Delivered,197.88
D206969,O108414,W111,BlueDart,2026-01-22,2026-01-24,2026-01-30,Delivered,106.35
D206970,O101925,W113,Delhivery,2026-05-22,2026-05-27,2026-05-29,In Transit,1423.6
D206971,O108649,W100,Delhivery,2026-08-30,2026-09-03,2026-09-04,In Transit,382.87
D206972,O103333,W119,BlueDart,2026-02-12,2026-02-18,2026-02-19,Delivered,418.38
D206973,O100046,W109,FedEx,2026-02-02,2026-02-06,2026-02-05,Delivered,254.51
D206974,O100325,W113,BlueDart,2026-01-16,2026-01-19,2026-01-19,Delivered,1473.89
D206975,O107644,W105,FedEx,2026-01-17,2026-01-23,2026-01-29,Delivered,-500.0
D206976,O105173,W100,Delhivery,2026-06-05,2026-06-12,2026-06-10,Lost,1031.7
D206977,O100974,W105,FedEx,2026-06-23,2026-06-29,2026-06-27,Delivered,1263.6
D206978,O107361,W107,BlueDart,2026-01-27,2026-02-02,2026-02-05,Delivered,981.1
D206979,O103681,W105,EcomExpress,2026-02-12,2026-02-15,2026-02-17,Delivered,725.89
D206980,O100467,W102,DHL,2026-06-11,2026-06-18,2026-06-24,Delivered,417.79
D206981,O109006,W105,FedEx,2026-05-05,2026-05-07,2026-05-09,Delivered,1090.69
D206982,O109153,W117,FedEx,2026-02-05,2026-02-12,2026-02-17,Delivered,1389.6
D206983,O105033,W103,DHL,2026-02-27,2026-03-04,2026-03-02,In Transit,205.98
D206984,O106107,W116,FedEx,2026-06-17,2026-06-19,2026-06-20,Delivered,54.56
D206985,O102717,W117,DHL,2026-07-28,2026-07-31,2026-08-03,Delivered,440.41
D206986,O109051,W105,FedEx,2026-01-30,2026-02-01,2026-01-31,Delivered,385.2
D206987,O100611,W103,FedEx,2026-03-19,2026-03-21,2026-03-25,Delivered,293.67
D206988,O105223,W109,EcomExpress,2026-09-04,2026-09-11,2026-09-10,Lost,421.12
D206989,O109910,W114,DHL,2026-07-27,2026-08-03,2026-08-08,Delivered,116.59
D206990,O101333,W113,Delhivery,2026-04-08,2026-04-14,2026-04-20,In Transit,1287.09
D206991,O106119,W111,Delhivery,2026-05-21,2026-05-27,2026-05-29,Delivered,964.59
D206992,O101034,W115,BlueDart,2026-09-11,2026-09-15,2026-09-20,Delivered,619.07
D206993,O105813,W115,DHL,2026-09-06,2026-09-12,2026-09-13,Delivered,896.92
D206994,O109436,W104,FedEx,2026-08-12,2026-08-18,2026-08-18,Delivered,68.1
D206995,O107695,W113,Delhivery,2026-08-02,2026-08-05,2026-08-09,Delivered,75.93
D206996,O103499,W112,BlueDart,2026-01-26,2026-01-29,2026-01-27,Delivered,401.05
D206997,O107167,W111,EcomExpress,2026-06-17,2026-06-22,2026-06-26,Delayed,1389.94
D206998,O107827,W119,BlueDart,2026-05-12,2026-05-17,2026-05-22,Delivered,1142.34
D206999,O102602,W112,FedEx,2026-09-15,2026-09-21,2026-09-26,Delivered,1141.35
D207000,O104971,W114,BlueDart,2026-06-20,2026-06-24,2026-06-25,Delivered,671.29
D207001,O101430,W104,Delhivery,2026-07-12,2026-07-19,2026-07-20,In Transit,1336.16
D207002,O106042,W104,FedEx,2026-03-18,2026-03-21,2026-03-25,In Transit,616.83
D207003,O101550,W102,EcomExpress,2026-06-12,2026-06-16,2026-06-20,Lost,1094.28
D207004,O100840,W106,Delhivery,2026-08-30,2026-09-06,2026-09-10,Delivered,935.88
D207005,O101956,W118,EcomExpress,2026-06-29,2026-07-05,2026-07-04,Delayed,1013.22
D207006,O101720,W110,FedEx,2026-01-05,2026-01-09,2026-01-10,Delivered,557.64
D207007,O102377,W114,EcomExpress,2026-05-20,2026-05-22,2026-05-28,Delayed,647.46
D207008,O107561,W104,BlueDart,2026-03-28,2026-04-04,2026-04-07,Delivered,425.89
D207009,O104312,W108,BlueDart,2026-04-02,2026-04-07,2026-04-06,Delivered,716.67
D207010,O103017,W105,BlueDart,2026-06-08,2026-06-11,2026-06-10,Delivered,64.77
D207011,O107724,W108,EcomExpress,2026-07-25,2026-08-01,2026-08-07,Delivered,1351.27
D207012,O105926,W114,FedEx,2026-05-14,2026-05-18,2026-05-22,Delivered,1476.76
D207013,O105882,W119,BlueDart,2026-01-30,2026-02-04,2026-02-02,Delivered,323.85
D207014,O102253,W105,FedEx,2026-07-18,2026-07-20,2026-07-21,Delivered,568.7
D207015,O104552,W117,Delhivery,2026-05-15,2026-05-22,2026-05-23,Delayed,280.78
D207016,O101587,W113,Delhivery,2026-09-14,2026-09-21,2026-09-20,Delayed,686.05
D207017,O109862,W106,FedEx,2026-08-01,2026-08-08,2026-08-11,Delivered,708.68
D207018,O100649,W117,Delhivery,2026-02-26,2026-03-01,2026-03-05,Delivered,1159.05
D207019,O104890,W100,DHL,2026-09-09,2026-09-11,2026-09-16,Delivered,810.06
D207020,O105122,W105,DHL,2026-06-22,2026-06-28,2026-07-04,Delayed,717.34
D207021,O106127,W118,DHL,2026-05-13,2026-05-17,2026-05-18,In Transit,794.39
D207022,O105177,W111,FedEx,2026-02-24,2026-03-02,2026-02-28,Delivered,708.48
D207023,O102761,W104,Delhivery,2026-03-23,2026-03-30,2026-04-05,In Transit,108.81
D207024,O106835,W117,EcomExpress,2026-09-13,2026-09-19,2026-09-22,In Transit,818.95
D207025,O105161,W111,FedEx,2026-09-13,2026-09-15,2026-09-15,Delivered,1291.47
D207026,O108753,W113,Delhivery,2026-02-25,2026-03-01,2026-03-04,Delivered,1479.99
D207027,O102472,W111,Delhivery,2026-03-01,2026-03-06,2026-03-04,Delivered,885.65
D207028,O104534,W103,FedEx,2026-06-03,2026-06-05,2026-06-10,Delivered,720.72
D207029,O108676,W104,EcomExpress,2026-02-19,2026-02-24,2026-02-23,Delivered,629.16
D207030,O109025,W116,BlueDart,2026-07-15,2026-07-18,2026-07-19,Delivered,141.38
D207031,O106073,W106,DHL,2026-01-29,2026-02-05,2026-02-03,Delivered,277.36
D207032,O106620,W100,EcomExpress,2026-07-08,2026-07-14,2026-07-13,Delivered,1077.92
D207033,O100600,W105,FedEx,2026-01-11,2026-01-17,2026-01-22,Delivered,1390.26
D207034,O106512,W101,BlueDart,2026-02-08,2026-02-14,2026-02-16,In Transit,223.24
D207035,O104089,W112,BlueDart,2026-09-13,2026-09-16,2026-09-20,Delivered,1422.44
D207036,O100117,W109,DHL,2026-06-19,2026-06-25,2026-06-30,Delayed,695.94
D207037,O109877,W113,DHL,2026-07-01,2026-07-03,2026-07-02,In Transit,486.9
D207038,O109779,W113,Delhivery,2026-09-08,2026-09-12,2026-09-12,Delayed,268.19
D207039,O106682,W111,Delhivery,2026-01-22,2026-01-25,2026-01-23,Delivered,1168.63
D207040,O101026,W108,Delhivery,2026-03-29,2026-03-31,2026-04-01,In Transit,487.22
D207041,O109914,W106,DHL,2026-07-25,2026-08-01,2026-08-06,Delivered,765.99
D207042,O107048,W115,DHL,2026-09-09,2026-09-13,2026-09-18,Delivered,1181.1
D207043,O107329,W104,EcomExpress,2026-07-15,2026-07-17,2026-07-19,In Transit,1298.23
D207044,O100230,W106,,2026-06-16,2026-06-21,2026-06-21,Delivered,95.75
D207045,O104769,W107,BlueDart,2026-01-24,2026-01-27,2026-01-31,Delivered,335.72
D207046,O108445,W107,EcomExpress,2026-05-15,2026-05-19,2026-05-23,Delivered,703.69
D207047,O101338,W106,FEDEX,2026-05-19,2026-05-23,2026-05-23,Delivered,116.89
D207048,O109287,W102,Delhivery,2026-05-29,2026-06-04,2026-06-07,Delivered,447.13
D207049,O107361,W115,BlueDart,2026-02-16,2026-02-21,2026-02-21,Delivered,548.39
D207050,O104153,W119,EcomExpress,2026-06-03,2026-06-08,2026-06-11,Delivered,226.27
D207051,O105081,W113,BlueDart,2026-05-23,2026-05-25,2026-05-30,Delivered,1467.55
D207052,O103503,W116,Delhivery,2026-03-12,2026-03-16,2026-03-14,Delayed,294.5
D207053,O103484,W100,BlueDart,2026-05-14,2026-05-19,2026-05-24,In Transit,177.85
D207054,O109190,W113,Delhivery,2026-03-16,2026-03-20,2026-03-20,Delivered,230.83
D207055,O108275,W118,BlueDart,2026-07-27,2026-08-01,2026-08-04,Delivered,864.06
D207056,O108522,W108,FedEx,2026-09-10,2026-09-12,2026-09-17,Delayed,917.37
D207057,O100886,W113,,2026-01-10,2026-01-14,2026-01-19,Delivered,787.33
D207058,O103719,W101,Delhivery,2026-02-01,2026-02-05,2026-02-10,Delivered,1472.4
D207059,O106051,W102,EcomExpress,2026-06-27,2026-07-02,2026-07-02,Delivered,633.12
D207060,O108745,W105,Delhivery,2026-01-23,2026-01-26,2026-01-30,Delivered,505.1
D207061,O107034,W106,BlueDart,2026-02-03,2026-02-05,2026-02-11,Delivered,772.39
D207062,O108169,W119,FedEx,2026-06-18,2026-06-21,2026-06-26,Delivered,1461.18
D207063,O100479,W104,BlueDart,2026-03-05,2026-03-08,2026-03-10,Delivered,82.73
D207064,O108208,W110,FedEx,2026-04-27,2026-04-29,2026-05-04,Delivered,71.93
D207065,O104575,W101,BlueDart,2026-08-13,2026-08-16,2026-08-21,Delivered,312.72
D207066,O102507,W117,EcomExpress,2026-08-01,2026-08-03,2026-08-01,Delivered,371.86
D207067,O100241,W112,Delhivery,2026-04-01,2026-04-05,2026-04-07,In Transit,166.24
D207068,O105456,W119,Delhivery,2026-07-30,2026-08-03,2026-08-02,Delivered,91.87
D207069,O103287,W116,FedEx,2026-05-10,2026-05-15,2026-05-21,Delivered,1120.18
D207070,O108055,W115,EcomExpress,2026-08-16,2026-08-23,2026-08-21,Delivered,1268.34
D207071,O105722,W115,DHL,2026-01-23,2026-01-30,2026-02-03,Delivered,59.45
D207072,O106636,W114,DHL,2026-05-31,2026-06-07,2026-06-06,Delivered,257.95
D207073,O106349,W101,DHL,2026-03-15,2026-03-21,2026-03-27,Delivered,74.42
D207074,O109108,W118,DHL,2026-05-11,2026-05-18,2026-05-24,Delivered,640.62
D207075,O107568,W107,BlueDart,2026-02-02,2026-02-05,2026-02-04,Delivered,739.59
D207076,O100359,W108,FedEx,2026-07-30,2026-08-04,2026-08-02,Delivered,1464.96
D207077,O100262,W103,,2026-03-01,2026-03-07,2026-03-06,Lost,1142.93
D207078,O106159,W109,FedEx,2026-05-31,2026-06-02,2026-06-03,In Transit,338.05
D207079,O108250,W117,DHL,2026-03-18,2026-03-24,2026-03-26,Delayed,1106.81
D207080,O105061,W109,DHL,2026-01-03,2026-01-08,2026-01-12,Delivered,326.24
D207081,O107753,W119,EcomExpress,2026-08-16,2026-08-23,2026-08-25,Delivered,281.32
D207082,O100602,W110,FedEx,2026-07-15,2026-07-19,2026-07-25,Delivered,1259.91
D207083,O104352,W100,EcomExpress,2026-02-10,2026-02-14,2026-02-20,Delivered,710.32
D207084,O100312,W110,EcomExpress,2026-08-13,2026-08-18,2026-08-24,Delivered,692.6
D207085,O101045,W116,Delhivery,2026-01-06,2026-01-11,2026-01-09,Delivered,405.96
D207086,O102707,W104,EcomExpress,2026-01-23,2026-01-29,2026-01-27,Delivered,846.49
D207087,O103230,W110,DHL,2026-08-08,2026-08-15,2026-08-13,Delivered,554.29
D207088,O108300,W108,DHL,2026-02-09,2026-02-11,2026-02-10,Delivered,893.46
D207089,O105220,W104,BlueDart,2026-05-16,2026-05-22,2026-05-23,Delivered,456.88
D207090,O103263,W109,DHL,2026-04-23,2026-04-30,2026-05-06,Delayed,158.11
D207091,O101269,W111,FedEx,2026-08-07,2026-08-13,2026-08-16,In Transit,928.34
D207092,O109329,W117,FedEx,2026-07-04,2026-07-09,2026-07-10,Lost,1056.08
D207093,O102563,W116,DHL,2026-08-30,2026-09-02,2026-09-04,Delayed,1060.48
D207094,O108288,W118,FedEx,2026-03-20,2026-03-24,2026-03-23,In Transit,515.17
D207095,O105275,W100,DHL,2026-04-26,2026-05-01,2026-05-01,Delivered,118.58
D207096,O109582,W116,Delhivery,2026-08-28,2026-09-03,2026-09-08,Delivered,97.14
D207097,O103013,W113,FedEx,2026-07-20,2026-07-27,2026-07-30,Delivered,256.83
D207098,O106066,W102,BlueDart,2026-07-30,2026-08-02,2026-08-08,Delivered,999.21
D207099,O102883,W108,BlueDart,2026-02-23,2026-03-01,2026-03-04,Delayed,569.14
D207100,O109862,W109,Delhivery,2026-01-25,2026-01-31,2026-02-06,Delayed,1145.91
D207101,O103205,W109, ,2026-06-10,2026-06-14,2026-06-18,In Transit,763.43
D207102,O105166,W100,EcomExpress,2026-05-09,2026-05-11,2026-05-14,Delivered,721.87
D207103,O107267,W102,DHL,2026-03-04,2026-03-07,2026-03-08,Delayed,1194.58
D207104,O108986,W106,EcomExpress,2026-08-24,2026-08-26,2026-08-26,Delivered,793.23
D207105,O102001,W117,EcomExpress,2026-02-12,2026-02-16,2026-02-21,Delivered,391.09
D207106,O107958,W119,EcomExpress,2026-06-15,2026-06-19,2026-06-22,Delivered,646.6
D207107,O108592,W106,Delhivery,2026-01-20,2026-01-27,2026-02-02,Delivered,176.11
D207108,O102126,W115,DHL,2026-01-15,2026-01-19,2026-01-20,Delayed,1070.02
D207109,O104718,W118,DHL,2026-09-11,2026-09-16,2026-09-19,Delivered,935.46
D207110,O109807,W103,Delhivery,2026-08-10,2026-08-17,2026-08-19,Delivered,886.42
D207111,O100788,W109,BlueDart,2026-01-08,2026-01-12,2026-01-10,Delayed,755.95
D207112,O105016,W107, Delhivery ,2026-02-11,2026-02-18,2026-02-20,Delayed,554.97
D207113,O109183,W119,BlueDart,2026-08-23,2026-08-29,2026-08-27,In Transit,318.14
D207114,O103616,W101,EcomExpress,2026-06-28,2026-07-04,2026-07-04,Delivered,522.53
D207115,O103052,W105, ,2026-02-26,2026-03-02,2026-03-07,In Transit,1082.28
D207116,O109733,W114,Delhivery,2026-01-04,2026-01-07,2026-01-13,In Transit,872.54
D207117,O103608,W117,DHL,2026-01-03,2026-01-05,2026-01-03,Delayed,1288.85
D207118,O108404,W107,FedEx,2026-08-18,2026-08-24,2026-08-29,Delivered,1201.97
D207119,O101318,W119,,2026-08-31,2026-09-06,2026-09-07,Delivered,629.22
D207120,O108248,W113,BlueDart,2026-05-09,2026-05-14,2026-05-19,In Transit,352.64
D207121,O108300,W107,Delhivery,2026-04-02,2026-04-08,2026-04-06,Delivered,77.4
D207122,O104378,W118, ,2026-05-26,2026-06-01,2026-06-06,Delivered,1018.95
D207123,O103920,W112,Delhivery,2026-07-08,2026-07-12,2026-07-11,In Transit,226.46
D207124,O108493,W108,Delhivery,2026-07-05,2026-07-07,2026-07-08,In Transit,1452.01
D207125,O103530,W103,DHL,2026-08-22,2026-08-26,2026-08-29,Delivered,1064.0
D207126,O109763,W117,,2026-08-12,2026-08-15,2026-08-16,Delayed,861.1
D207127,O104813,W110,EcomExpress,2026-02-22,2026-03-01,2026-02-27,Delivered,54.0
D207128,O109863,W118,FedEx,2026-08-08,2026-08-15,2026-08-18,Delivered,645.8
D207129,O103171,W110,EcomExpress,2026-09-05,2026-09-12,2026-09-14,Delivered,901.98
D207130,O108970,W114,fedex,2026-09-04,2026-09-10,2026-09-09,Delivered,1113.01
D207131,O108296,W118,EcomExpress,2026-01-24,2026-01-27,2026-01-29,Delivered,758.74
D207132,O109286,W116,Delhivery,2026-08-10,2026-08-17,2026-08-16,Delivered,232.21
D207133,O105285,W103,BlueDart,2026-08-08,2026-08-11,2026-08-15,Delivered,717.69
D207134,O108778,W100,EcomExpress,2026-09-07,2026-09-13,2026-09-15,Delivered,123.33
D207135,O102021,W112,FedEx,2026-03-09,2026-03-15,2026-03-14,Delivered,430.79
D207136,O105919,W114,BlueDart,2026-02-17,2026-02-22,2026-02-22,Delivered,1178.01
D207137,O104114,W108,EcomExpress,2026-03-23,2026-03-27,2026-03-31,In Transit,150.84
D207138,O106370,W103,BlueDart,2026-04-01,2026-04-06,2026-04-09,Delivered,862.83
D207139,O109412,W115,BlueDart,2026-04-30,2026-05-03,2026-05-09,Delivered,970.03
D207140,O101204,W112,DHL,2026-06-03,2026-06-08,2026-06-10,Delivered,1342.16
D207141,O100948,W105,EcomExpress,2026-03-02,2026-03-05,2026-03-08,Delivered,1213.4
D207142,O109271,W102,DHL,2026-05-13,2026-05-17,2026-05-22,Delivered,982.57
D207143,O102533,W112,FedEx,2026-04-16,2026-04-19,2026-04-17,Delivered,260.98
D207144,O105244,W119,DHL,2026-01-06,2026-01-09,2026-01-08,Delivered,705.5
D207145,O100192,W104,DHL,2026-03-19,2026-03-25,2026-03-29,Delivered,1044.64
D207146,O107150,W118, Delhivery ,2026-02-26,2026-03-04,2026-03-06,In Transit,1284.33
D207147,O102390,W106,ecomexpress,2026-07-05,2026-07-09,2026-07-13,Delivered,956.27
D207148,O104572,W109,Delhivery,2026-03-23,2026-03-26,2026-03-27,Delivered,88.3
D207149,O106031,W103,FedEx,2026-08-20,2026-08-26,2026-08-27,In Transit,1053.87
D207150,O104630,W118,BlueDart,2026-04-01,2026-04-07,2026-04-13,Delivered,175.71
D207151,O107904,W116,FedEx,2026-07-06,2026-07-13,2026-07-18,Delivered,777.07
D207152,O107091,W114,DHL,2026-09-06,2026-09-08,2026-09-10,Delivered,113.79
D207153,O102032,W117,EcomExpress,2026-04-24,2026-04-30,2026-04-28,Delivered,1229.68
D207154,O108120,W115,Delhivery,2026-04-11,2026-04-18,2026-04-17,Delivered,417.08
D207155,O103100,W106,DHL,2026-08-05,2026-08-07,2026-08-13,Delivered,213.06
D207156,O103926,W101,BlueDart,2026-08-26,2026-08-29,2026-09-03,In Transit,1182.56
D207157,O103941,W116,BlueDart,2026-05-24,2026-05-26,2026-05-30,Delivered,346.16
D207158,O107810,W102,BlueDart,2026-01-28,2026-02-01,2026-01-30,Delivered,806.48
D207159,O109148,W112,FedEx,2026-02-22,2026-02-25,2026-02-24,Delayed,631.08
D207160,O109049,W102,BlueDart,2026-03-29,2026-04-04,2026-04-07,Delivered,379.56
D207161,O100827,W107,EcomExpress,2026-01-24,2026-01-26,2026-01-29,Delivered,392.74
D207162,O102444,W102,FedEx,2026-06-26,2026-06-30,2026-06-30,Delivered,476.17
D207163,O100035,W105,DHL,2026-05-18,2026-05-20,2026-05-25,Delivered,706.68
D207164,O101822,W118,DHL,2026-05-27,2026-05-29,2026-05-29,In Transit,363.64
D207165,O100232,W100,DHL,2026-08-27,2026-08-30,2026-08-28,In Transit,266.5
D207166,O107003,W102,BlueDart,2026-07-20,2026-07-22,2026-07-20,Delivered,565.17
D207167,O102948,W113,Delhivery,2026-01-15,2026-01-22,2026-01-22,Delivered,1360.45
D207168,O107048,W116,FedEx,2026-02-16,2026-02-19,2026-02-24,Delayed,769.76
D207169,O100018,W100,FedEx,2026-04-01,2026-04-08,2026-04-13,Delivered,257.98
D207170,O104490,W114,EcomExpress,2026-03-26,2026-03-30,2026-03-31,Delivered,155.93
D207171,O102905,W114,DHL,2026-06-25,2026-06-27,2026-06-28,Delivered,1025.99
D207172,O103595,W105,BlueDart,2026-07-27,2026-07-29,2026-08-04,Delivered,517.44
D207173,O100940,W109,BlueDart,2026-03-08,2026-03-12,2026-03-15,Delivered,1054.67
D207174,O102083,W106, BlueDart ,2026-02-01,2026-02-07,2026-02-06,Delivered,1462.32
D207175,O108127,W106,BlueDart,2026-04-21,2026-04-24,2026-04-29,Delivered,777.67
D207176,O103872,W109,BlueDart,2026-08-01,2026-08-08,2026-08-06,Delivered,443.55
D207177,O106790,W103,DHL,2026-02-19,2026-02-23,2026-02-28,Delivered,1052.7
D207178,O102433,W100,DHL,2026-01-08,2026-01-11,2026-01-09,In Transit,1130.71
D207179,O107427,W119,FedEx,2026-01-20,2026-01-23,2026-01-24,In Transit,1342.78
D207180,O100722,W116,EcomExpress,2026-03-18,2026-03-24,2026-03-28,Delivered,1110.77
D207181,O106894,W112,BlueDart,2026-07-03,2026-07-05,2026-07-09,Delivered,124.46
D207182,O100620,W101,Delhivery,2026-09-09,2026-09-15,2026-09-14,Delayed,1083.61
D207183,O103521,W103,FedEx,2026-01-20,2026-01-26,2026-01-28,Delivered,391.28
D207184,O103483,W112,EcomExpress,2026-02-05,2026-02-08,2026-02-09,Delivered,300.63
D207185,O106618,W101,FedEx,2026-07-26,2026-08-01,2026-07-31,Delivered,280.66
D207186,O107250,W101,DHL,2026-03-28,2026-03-30,2026-03-29,Delivered,61.67
D207187,O103687,W108,FedEx,2026-01-25,2026-01-28,2026-01-30,Delivered,264.83
D207188,O105509,W101,DHL,2026-07-23,2026-07-27,2026-08-02,Delivered,1171.51
D207189,O107061,W103,BlueDart,2026-05-04,2026-05-11,2026-05-11,Delivered,1341.25
D207190,O107647,W106,DHL,2026-08-23,2026-08-25,2026-08-28,Delivered,509.39
D207191,O100591,W117,DHL,2026-02-01,2026-02-03,2026-02-02,Delivered,665.71
D207192,O102064,W100,DELHIVERY,2026-04-26,2026-04-30,2026-04-28,Delivered,116.43
D207193,O104762,W119,Delhivery,2026-07-10,2026-07-13,2026-07-14,Delayed,900.69
D207194,O100479,W119,FedEx,2026-06-22,2026-06-24,2026-06-28,Delivered,70.53
D207195,O109422,W111,BlueDart,2026-06-30,2026-07-07,2026-07-06,Delivered,730.69
D207196,O108117,W115,BlueDart,2026-02-24,2026-02-27,2026-02-27,Delayed,334.56
D207197,O101286,W113,DHL,2026-06-12,2026-06-17,2026-06-17,Delivered,808.05
D207198,O100099,W101,FedEx,2026-03-05,2026-03-12,2026-03-10,Delivered,1470.75
D207199,O103933,W115,,2026-07-20,2026-07-23,2026-07-27,Delivered,359.64
D207200,O105169,W110,BlueDart,2026-08-13,2026-08-19,2026-08-22,Delayed,145.78
D207201,O101543,W112,FedEx,2026-07-13,2026-07-15,2026-07-16,Delayed,521.0
D207202,O101042,W101,EcomExpress,2026-02-09,2026-02-14,2026-02-20,Delivered,124.23
D207203,O101675,W112,EcomExpress,2026-08-12,2026-08-16,2026-08-16,Delivered,286.54
D207204,O101954,W106,FedEx,2026-07-31,2026-08-03,2026-08-07,Delivered,114.61
D207205,O103004,W113,Delhivery,2026-03-19,2026-03-25,2026-03-28,Delayed,1031.61
D207206,O106685,W113,FedEx,2026-07-27,2026-07-29,2026-07-30,Delayed,613.94
D207207,O105512,W109,EcomExpress,2026-06-27,2026-06-29,2026-07-02,Delivered,798.59
D207208,O100397,W118,FedEx,2026-07-23,2026-07-30,2026-08-05,Delayed,1011.86
D207209,O106742,W119,Delhivery,2026-04-09,2026-04-15,2026-04-16,Delayed,274.87
D207210,O100576,W113,FedEx,2026-07-17,2026-07-23,2026-07-25,Delivered,1145.78
D207211,O105136,W116,DHL,2026-01-28,2026-02-04,2026-02-03,Delivered,651.92
D207212,O108382,W108,FedEx,2026-03-09,2026-03-13,2026-03-13,Delayed,973.85
D207213,O104011,W117,Delhivery,2026-07-04,2026-07-09,2026-07-14,Delivered,1382.67
D207214,O102164,W109,EcomExpress,2026-05-05,2026-05-08,2026-05-09,Delivered,167.25
D207215,O102289,W111,FedEx,2026-07-12,2026-07-19,2026-07-25,Delayed,1290.67
D207216,O102368,W101,EcomExpress,2026-09-07,2026-09-09,2026-09-13,In Transit,890.57
D207217,O106784,W109,EcomExpress,2026-04-07,2026-04-12,2026-04-18,Delivered,640.99
D207218,O101529,W116,EcomExpress,2026-03-15,2026-03-22,2026-03-25,Delivered,1080.73
D207219,O103216,W102,FedEx,2026-02-01,2026-02-03,2026-02-06,Delivered,228.53
D207220,O100928,W101,EcomExpress,2026-03-17,2026-03-19,2026-03-24,Delivered,997.92
D207221,O104058,W107,EcomExpress,2026-04-02,2026-04-07,2026-04-11,Delayed,450.96
D207222,O109971,W113,BlueDart,2026-06-17,2026-06-21,2026-06-27,Delivered,300.42
D207223,O108778,W109,Delhivery,2026-05-22,2026-05-28,2026-05-31,Delivered,214.95
D207224,O107436,W117,BlueDart,2026-07-04,2026-07-11,2026-07-09,Delivered,1418.85
D207225,O107881,W107,FedEx,2026-01-24,2026-01-27,2026-01-29,In Transit,877.19
D207226,O103884,W102,Delhivery,2026-01-11,2026-01-14,2026-01-17,Delayed,1090.52
D207227,O100716,W103,FedEx,2026-07-18,2026-07-21,2026-07-23,Delayed,1191.17
D207228,O102185,W101,Delhivery,2026-05-18,2026-05-25,2026-05-28,In Transit,391.65
D207229,O109141,W111,FedEx,2026-01-10,2026-01-16,2026-01-19,Delivered,228.97
D207230,O102957,W104,DHL,2026-08-13,2026-08-19,2026-08-20,Delivered,1276.23
D207231,O103202,W106,BlueDart,2026-08-26,2026-08-30,2026-09-05,Delayed,497.34
D207232,O102373,W117,DHL,2026-04-15,2026-04-22,2026-04-26,Delivered,220.94
D207233,O100794,W107,BlueDart,2026-09-12,2026-09-18,2026-09-19,Delivered,843.81
D207234,O100903,W107,FedEx,2026-02-19,2026-02-21,2026-02-19,Delayed,828.89
D207235,O106270,W112,BlueDart,2026-04-13,2026-04-18,2026-04-16,Delivered,1115.98
D207236,O105274,W119,FedEx,2026-05-28,2026-06-03,2026-06-02,Delayed,492.89
D207237,O104075,W107,FedEx,2026-03-02,2026-03-09,2026-03-10,Delivered,1477.41
D207238,O103360,W119,FedEx,2026-01-29,2026-02-03,2026-02-05,Delivered,464.99
D207239,O106795,W115,,2026-01-27,2026-01-31,2026-01-31,Delivered,1103.28
D207240,O105487,W109,FedEx,2026-01-03,2026-01-07,2026-01-12,Delivered,1144.06
D207241,O106499,W108,FedEx,2026-08-12,2026-08-18,2026-08-22,Delivered,1132.17
D207242,O102868,W105,DHL,2026-07-19,2026-07-24,2026-07-27,Delivered,564.73
D207243,O107869,W106,FedEx,2026-06-15,2026-06-18,2026-06-16,Delivered,1041.87
D207244,O107861,W102,BlueDart,2026-05-30,2026-06-01,2026-06-04,Delivered,169.48
D207245,O100593,W106,FedEx,2026-05-28,2026-06-02,2026-06-03,Delivered,1301.57
D207246,O105301,W105,FedEx,2026-05-04,2026-05-10,2026-05-12,Delayed,1292.04
D207247,O102383,W107,FedEx,2026-04-29,2026-05-01,2026-05-05,Delivered,56.64
D207248,O104112,W113,BlueDart,2026-01-14,2026-01-21,2026-01-27,In Transit,978.4
D207249,O100851,W110,EcomExpress,2026-01-03,2026-01-07,2026-01-10,Delivered,367.43
D207250,O104385,W109,BlueDart,2026-05-22,2026-05-27,2026-05-29,Delivered,1204.39
D207251,O101473,W105,FedEx,2026-08-09,2026-08-13,2026-08-11,Delayed,542.32
D207252,O102778,W101,Delhivery,2026-02-01,2026-02-07,2026-02-11,Delayed,735.26
D207253,O105053,W101,Delhivery,2026-04-26,2026-05-02,2026-05-06,Delivered,1004.58
D207254,O102373,W101,FedEx,2026-06-10,2026-06-12,2026-06-18,Delivered,252.31
D207255,O104917,W116,Delhivery,2026-08-01,2026-08-06,2026-08-09,Delayed,485.83
D207256,O109250,W100,DHL,2026-01-01,2026-01-08,2026-01-07,Delayed,1405.92
D207257,O101652,W111,Delhivery,2026-09-12,2026-09-15,2026-09-15,Delivered,659.0
D207258,O103109,W112,FedEx,2026-01-20,2026-01-27,2026-01-29,Delivered,1078.36
D207259,O101563,W118,EcomExpress,2026-07-16,2026-07-20,2026-07-21,Delivered,734.54
D207260,O107103,W105,Delhivery,2026-05-22,2026-05-26,2026-05-31,Delivered,930.38
D207261,O109396,W111,Delhivery,2026-05-06,2026-05-11,2026-05-13,In Transit,1246.92
D207262,O109286,W103,EcomExpress,2026-08-29,2026-08-31,2026-09-05,Delivered,494.54
D207263,O107434,W107,Delhivery,2026-07-10,2026-07-15,2026-07-13,Delivered,766.63
D207264,O106576,W117,Delhivery,2026-01-03,2026-01-10,2026-01-11,Delivered,702.71
D207265,O103138,W112,FedEx,2026-05-26,2026-06-02,2026-06-07,Lost,1183.44
D207266,O103344,W102,EcomExpress,2026-05-25,2026-05-29,2026-05-28,Delayed,663.33
D207267,O108575,W104,DHL,2026-08-28,2026-09-03,2026-09-04,In Transit,1327.03
D207268,O105766,W113,Delhivery,2026-01-27,2026-01-31,2026-02-02,Delivered,733.46
D207269,O104751,W107,DHL,2026-06-11,2026-06-13,2026-06-17,Delivered,511.44
D207270,O108132,W114,,2026-05-05,2026-05-09,2026-05-12,In Transit,428.31
D207271,O109973,W112,BlueDart,2026-01-30,2026-02-05,2026-02-03,Delivered,935.82
D207272,O108640,W108,EcomExpress,2026-05-15,2026-05-20,2026-05-26,Delayed,260.1
D207273,O108183,W103,DHL,2026-08-29,2026-08-31,2026-09-03,Delayed,188.92
D207274,O105637,W115,EcomExpress,2026-01-08,2026-01-10,2026-01-09,Delayed,1026.68
D207275,O106156,W113,BlueDart,2026-03-06,2026-03-12,2026-03-13,Delivered,1387.0
D207276,O103752,W113,BlueDart,2026-09-08,2026-09-10,2026-09-15,Delivered,640.92
D207277,O107126,W112,FedEx,2026-01-13,2026-01-18,2026-01-21,Delivered,368.38
D207278,O109238,W107,FedEx,2026-03-23,2026-03-28,2026-03-31,Delivered,807.01
D207279,O102529,W107,DHL,2026-08-22,2026-08-24,2026-08-30,Delivered,240.86
D207280,O100411,W102,EcomExpress,2026-08-06,2026-08-10,2026-08-14,Delivered,942.78
D207281,O102307,W101,BlueDart,2026-05-15,2026-05-21,2026-05-27,Delayed,644.91
D207282,O106629,W102,delhivery,2026-07-08,2026-07-13,2026-07-11,Delayed,1196.86
D207283,O108574,W110,Delhivery,2026-02-28,2026-03-02,2026-03-01,Delivered,190.36
D207284,O101798,W109,EcomExpress,2026-04-07,2026-04-12,2026-04-17,Delivered,431.84
D207285,O103882,W114,EcomExpress,2026-01-03,2026-01-10,2026-01-08,Delayed,1199.38
D207286,O103175,W115,Delhivery,2026-01-25,2026-01-29,2026-01-29,In Transit,1309.89
D207287,O100420,W104,DHL,2026-06-14,2026-06-18,2026-06-22,Delivered,1253.11
D207288,O106934,W110,DHL,2026-01-26,2026-02-01,2026-02-03,Delivered,429.28
D207289,O103356,W105,BlueDart,2026-03-02,2026-03-05,2026-03-09,Delivered,338.88
D207290,O102197,W103,BlueDart,2026-06-17,2026-06-21,2026-06-23,Delivered,528.97
D207291,O109932,W101,DHL,2026-09-09,2026-09-12,2026-09-18,Delivered,1339.6
D207292,O108922,W119,BlueDart,2026-06-18,2026-06-23,2026-06-24,Lost,1113.45
D207293,O101136,W117,EcomExpress,2026-06-02,2026-06-08,2026-06-06,Delivered,705.35
D207294,O108883,W113,DHL,2026-09-04,2026-09-07,2026-09-08,Delivered,629.65
D207295,O101261,W106,,2026-04-18,2026-04-23,2026-04-21,Delayed,1075.07
D207296,O107805,W114,BlueDart,2026-01-01,2026-01-08,2026-01-06,Delivered,1201.89
D207297,O101597,W106,EcomExpress,2026-05-25,2026-05-31,2026-06-04,Delivered,662.46
D207298,O105454,W116,DHL,2026-04-03,2026-04-05,2026-04-10,Delivered,918.86
D207299,O105978,W112,EcomExpress,2026-09-06,2026-09-09,2026-09-10,In Transit,1023.46
D207300,O109533,W115,FedEx,2026-06-07,2026-06-14,2026-06-17,Delivered,561.02
D207301,O106437,W100,FedEx,2026-01-13,2026-01-20,2026-01-21,In Transit,1343.64
D207302,O101965,W101,DHL,2026-07-15,2026-07-18,2026-07-17,In Transit,586.88
D207303,O102470,W117,Delhivery,2026-03-23,2026-03-26,2026-03-28,Delivered,316.69
D207304,O104461,W113,BlueDart,2026-03-26,2026-03-29,2026-03-28,Delivered,415.2
D207305,O101178,W119,Delhivery,2026-09-14,2026-09-17,2026-09-17,Delivered,1374.13
D207306,O109554,W102,Delhivery,2026-06-16,2026-06-18,2026-06-20,Delivered,781.31
D207307,O108453,W109,FedEx,2026-01-02,2026-01-07,2026-01-05,Delivered,524.28
D207308,O108945,W116,BlueDart,2026-08-16,2026-08-20,2026-08-23,Delivered,252.68
D207309,O104320,W117,DHL,2026-03-25,2026-03-30,2026-04-04,Delivered,176.94
D207310,O100933,W113,DHL,2026-06-26,2026-06-28,2026-07-02,Delivered,886.6
D207311,O103516,W104,DHL,2026-06-11,2026-06-16,2026-06-14,Delivered,824.13
D207312,O102133,W119,FedEx,2026-04-25,2026-04-27,2026-04-26,Delayed,972.38
D207313,O109416,W112,EcomExpress,2026-04-05,2026-04-10,2026-04-12,Delivered,234.1
D207314,O108031,W117,Delhivery,2026-01-07,2026-01-10,2026-01-13,Delivered,1088.15
D207315,O106908,W114,BlueDart,2026-07-09,2026-07-14,2026-07-16,Delivered,244.87
D207316,O107327,W119,Delhivery,2026-03-13,2026-03-16,2026-03-14,Delivered,575.91
D207317,O106484,W117,,2026-07-04,2026-07-07,2026-07-10,Delivered,574.85
D207318,O109230,W104,FedEx,2026-02-07,2026-02-13,2026-02-13,Delivered,1381.43
D207319,O109505,W104,Delhivery,2026-06-13,2026-06-20,2026-06-18,Delivered,526.34
D207320,O101498,W116,EcomExpress,2026-07-09,2026-07-12,2026-07-17,Delivered,603.9
D207321,O100007,W109,BlueDart,2026-01-29,2026-02-01,2026-02-03,Delivered,672.18
D207322,O108602,W100,BlueDart,2026-03-01,2026-03-05,2026-03-06,Delivered,665.51
D207323,O106716,W108,FedEx,2026-04-07,2026-04-14,2026-04-16,Delayed,1233.57
D207324,O101155,W107,DHL,2026-06-18,2026-06-23,2026-06-28,Delivered,709.63
D207325,O109073,W107,FedEx,2026-03-22,2026-03-25,2026-03-24,Delivered,200.66
D207326,O103318,W110,BlueDart,2026-05-10,2026-05-13,2026-05-19,Delivered,550.74
D207327,O108234,W109,BlueDart,2026-08-28,2026-09-03,2026-09-09,Delayed,607.83
D207328,O109021,W112,FedEx,2026-02-11,2026-02-16,2026-02-20,Delivered,684.38
D207329,O106934,W109,EcomExpress,2026-02-17,2026-02-19,2026-02-20,Delivered,1262.65
D207330,O105315,W110,BlueDart,2026-08-13,2026-08-17,2026-08-15,Delayed,1323.91
D207331,O105477,W118,EcomExpress,2026-08-31,2026-09-04,2026-09-09,Delivered,1359.85
D207332,O102272,W112,FedEx,2026-06-26,2026-07-03,2026-07-03,Delivered,133.5
D207333,O102267,W115,BlueDart,2026-01-07,2026-01-09,2026-01-09,Delivered,895.95
D207334,O101946,W112,,2026-07-05,2026-07-07,2026-07-09,Delivered,147.74
D207335,O108283,W102,FedEx,2026-03-04,2026-03-08,2026-03-14,Delivered,1279.88
D207336,O108847,W119,DHL,2026-04-17,2026-04-21,2026-04-23,Delivered,687.1
D207337,O102036,W111,FedEx,2026-03-03,2026-03-10,2026-03-10,Delivered,1299.42
D207338,O106503,W111,DHL,2026-05-17,2026-05-22,2026-05-21,Delayed,581.64
D207339,O102512,W113,EcomExpress,2026-02-14,2026-02-21,2026-02-19,In Transit,1167.21
D207340,O107148,W102,DHL,2026-01-13,2026-01-18,2026-01-16,In Transit,90.22
D207341,O108506,W119,BlueDart,2026-07-03,2026-07-05,2026-07-10,Delivered,387.38
D207342,O108199,W105,DHL,2026-02-17,2026-02-22,2026-02-24,In Transit,118.24
D207343,O106190,W103,BlueDart,2026-05-29,2026-06-04,2026-06-07,Delivered,1136.42
D207344,O107712,W104,Delhivery,2026-02-22,2026-02-28,2026-03-01,Delayed,415.95
D207345,O102199,W111,Delhivery,2026-03-07,2026-03-10,2026-03-09,Delivered,475.03
D207346,O104720,W111,DHL,2026-01-12,2026-01-19,2026-01-18,In Transit,1229.98
D207347,O102445,W112,Delhivery,2026-01-02,2026-01-04,2026-01-10,Delayed,1039.82
D207348,O102150,W108,BlueDart,2026-09-10,2026-09-12,2026-09-16,Delayed,1441.5
D207349,O109339,W108,DHL,2026-05-13,2026-05-17,2026-05-18,Delivered,1172.54
D207350,O102593,W101,EcomExpress,2026-01-22,2026-01-26,2026-01-25,Delivered,986.02
D207351,O101691,W110,DHL,2026-05-21,2026-05-25,2026-05-28,Delivered,139.86
D207352,O106945,W117,BlueDart,2026-07-11,2026-07-13,2026-07-12,Delivered,1253.6
D207353,O103463,W109,EcomExpress,2026-02-04,2026-02-11,2026-02-10,In Transit,658.88
D207354,O109297,W116, ,2026-06-19,2026-06-25,2026-06-29,Delayed,1182.26
D207355,O102809,W119,EcomExpress,2026-08-08,2026-08-11,2026-08-17,Delivered,226.24
D207356,O104398,W107,Delhivery,2026-04-19,2026-04-22,2026-04-21,Delivered,724.12
D207357,O108708,W114,BlueDart,2026-04-21,2026-04-25,2026-04-27,Delayed,1281.86
D207358,O103024,W100,Delhivery,2026-03-20,2026-03-26,2026-03-29,In Transit,515.17
D207359,O104204,W117,DHL,2026-08-31,2026-09-05,2026-09-08,Delivered,175.77
D207360,O102600,W113,DHL,2026-07-28,2026-07-31,2026-08-03,Delivered,1464.83
D207361,O106568,W112,EcomExpress,2026-03-16,2026-03-20,2026-03-18,Delivered,712.34
D207362,O100533,W109,DHL,2026-07-15,2026-07-17,2026-07-19,In Transit,1349.03
D207363,O106085,W116,DHL,2026-05-16,2026-05-21,2026-05-19,In Transit,844.76
D207364,O108727,W116,FedEx,2026-08-18,2026-08-22,2026-08-21,Delivered,332.93
D207365,O107231,W116,DHL,2026-04-26,2026-05-03,2026-05-04,Delivered,680.31
D207366,O104196,W110,DHL,2026-08-27,2026-09-03,2026-09-02,Delivered,1287.72
D207367,O102537,W104,DHL,2026-04-14,2026-04-19,2026-04-20,Delivered,568.33
D207368,O109796,W100,FedEx,2026-01-22,2026-01-26,2026-01-31,Delivered,1004.97
D207369,O108058,W115,,2026-03-19,2026-03-21,2026-03-25,Delayed,1082.73
D207370,O102978,W110,DHL,2026-07-09,2026-07-16,2026-07-16,In Transit,694.32
D207371,O108726,W114,DHL,2026-04-02,2026-04-08,2026-04-12,Delivered,997.57
D207372,O103591,W110,EcomExpress,2026-04-15,2026-04-20,2026-04-19,Delivered,963.97
D207373,O103634,W115,DHL,2026-01-25,2026-01-30,2026-02-01,Delayed,1059.37
D207374,O104751,W111,Delhivery,2026-07-12,2026-07-15,2026-07-18,Delayed,574.88
D207375,O104395,W100, FedEx ,2026-01-27,2026-02-01,2026-02-04,Delivered,771.38
D207376,O103180,W115,BlueDart,2026-07-07,2026-07-14,2026-07-18,Delivered,654.48
D207377,O102681,W107,BlueDart,2026-07-31,2026-08-06,2026-08-04,Delivered,73.88
D207378,O105441,W107,EcomExpress,2026-04-12,2026-04-15,2026-04-14,In Transit,733.25
D207379,O107064,W110,Delhivery,2026-07-30,2026-08-02,2026-08-08,Delayed,288.63
D207380,O100243,W110,FedEx,2026-01-24,2026-01-26,2026-02-01,Delayed,1454.19
D207381,O108026,W112,EcomExpress,2026-08-13,2026-08-17,2026-08-23,In Transit,572.97
D207382,O101539,W100,FedEx,2026-02-11,2026-02-17,2026-02-22,In Transit,644.81
D207383,O108800,W115,Delhivery,2026-03-18,2026-03-23,2026-03-24,Delivered,226.53
D207384,O108064,W109,BlueDart,2026-06-04,2026-06-07,2026-06-13,Delayed,1236.8
D207385,O105241,W117,Delhivery,2026-03-05,2026-03-12,2026-03-17,Delivered,1390.08
D207386,O100438,W101,EcomExpress,2026-04-15,2026-04-18,2026-04-17,Delivered,752.73
D207387,O100527,W114,EcomExpress,2026-09-02,2026-09-09,2026-09-10,Delivered,195.18
D207388,O108064,W103,DHL,2026-04-16,2026-04-18,2026-04-23,Delayed,104.67
D207389,O106487,W103,FedEx,2026-06-02,2026-06-08,2026-06-10,Delivered,348.68
D207390,O106124,W115,DHL,2026-02-14,2026-02-16,2026-02-18,Delivered,646.02
D207391,O108019,W100,EcomExpress,2026-03-12,2026-03-15,2026-03-16,Delivered,337.92
D207392,O108575,W108,BlueDart,2026-06-10,2026-06-16,2026-06-14,Delayed,185.82
D207393,O103678,W111,EcomExpress,2026-02-05,2026-02-09,2026-02-08,In Transit,1071.77
D207394,O101327,W104,EcomExpress,2026-04-24,2026-04-30,2026-04-28,Delivered,879.09
D207395,O106413,W104,Delhivery,2026-08-09,2026-08-16,2026-08-20,Delivered,61.89
D207396,O101936,W119,BlueDart,2026-07-19,2026-07-25,2026-07-27,Delivered,795.49
D207397,O103616,W100,Delhivery,2026-05-28,2026-06-03,2026-06-08,Delivered,1378.82
D207398,O109792,W115,BlueDart,2026-04-08,2026-04-11,2026-04-12,In Transit,1268.65
D207399,O106212,W117,FedEx,2026-08-09,2026-08-16,2026-08-14,Delivered,287.77
D207400,O106662,W104,EcomExpress,2026-06-02,2026-06-05,2026-06-04,Delivered,288.66
D207401,O104955,W101,EcomExpress,2026-04-17,2026-04-22,2026-04-22,In Transit,1057.6
D207402,O105450,W105,EcomExpress,2026-08-07,2026-08-10,2026-08-15,Delivered,844.91
D207403,O104057,W119,EcomExpress,2026-06-29,2026-07-02,2026-07-07,Delivered,167.27
D207404,O104759,W113,EcomExpress,2026-04-10,2026-04-15,2026-04-20,Delivered,644.72
D207405,O102028,W108, ,2026-02-13,2026-02-17,2026-02-16,Delivered,1303.98
D207406,O109827,W107,Delhivery,2026-06-06,2026-06-11,2026-06-12,Delayed,1159.14
D207407,O103149,W113,BlueDart,2026-06-11,2026-06-14,2026-06-14,Delivered,1081.9
D207408,O105309,W101,DHL,2026-05-24,2026-05-30,2026-05-31,Delivered,486.28
D207409,O103240,W116,FedEx,2026-07-10,2026-07-12,2026-07-17,Delayed,1039.64
D207410,O101479,W107,BlueDart,2026-08-04,2026-08-07,2026-08-12,Delivered,1054.6
D207411,O102938,W100,FedEx,2026-03-02,2026-03-07,2026-03-09,Delivered,1077.61
D207412,O107468,W110,DHL,2026-07-08,2026-07-12,2026-07-11,Delivered,120.92
D207413,O106492,W108,EcomExpress,2026-01-17,2026-01-20,2026-01-21,Delayed,1130.47
D207414,O104170,W114,EcomExpress,2026-06-13,2026-06-17,2026-06-18,Delivered,468.81
D207415,O105982,W114,FedEx,2026-02-25,2026-03-01,2026-03-03,Delivered,1374.87
D207416,O101590,W116,Delhivery,2026-05-31,2026-06-06,2026-06-06,Delivered,1413.66
D207417,O109648,W117,FedEx,2026-07-15,2026-07-21,2026-07-24,Delivered,449.28
D207418,O101660,W106, FedEx ,2026-04-30,2026-05-02,2026-05-07,Delivered,275.83
D207419,O104308,W102,BlueDart,2026-02-25,2026-02-27,2026-03-05,Delivered,1054.3
D207420,O105514,W114,BlueDart,2026-08-18,2026-08-21,2026-08-25,Delivered,88.15
D207421,O104265,W101,BlueDart,2026-09-03,2026-09-10,2026-09-11,Delivered,1248.81
D207422,O107304,W101,FedEx,2026-07-30,2026-08-06,2026-08-08,Delivered,1101.67
D207423,O109379,W110,Delhivery,2026-04-27,2026-05-04,2026-05-07,In Transit,522.68
D207424,O100482,W103,DHL,2026-05-03,2026-05-06,2026-05-05,Delivered,-500.0
D207425,O101587,W114,FedEx,2026-01-24,2026-01-30,2026-01-29,Delivered,1456.17
D207426,O108877,W106,DHL,2026-03-07,2026-03-11,2026-03-15,Delivered,1408.18
D207427,O106552,W112,FedEx,2026-04-12,2026-04-15,2026-04-13,Delivered,780.83
D207428,O108146,W115,FedEx,2026-01-05,2026-01-10,2026-01-16,Delivered,1262.57
D207429,O109988,W108,BlueDart,2026-05-24,2026-05-26,2026-05-27,Delayed,187.38
D207430,O100591,W108,DHL,2026-03-21,2026-03-27,2026-03-25,Delivered,305.69
D207431,O108623,W109,BlueDart,2026-04-18,2026-04-21,2026-04-23,Delivered,-500.0
D207432,O105890,W108,BlueDart,2026-05-04,2026-05-10,2026-05-14,Delivered,990.84
D207433,O103921,W101,BlueDart,2026-04-24,2026-04-28,2026-04-30,Delivered,880.87
D207434,O107044,W110,EcomExpress,2026-05-03,2026-05-10,2026-05-14,Delivered,283.18
D207435,O101975,W101,Delhivery,2026-02-23,2026-02-25,2026-02-25,In Transit,1449.57
D207436,O105099,W107,DHL,2026-07-17,2026-07-19,2026-07-17,Delivered,1260.98
D207437,O109549,W117,BlueDart,2026-01-03,2026-01-06,2026-01-08,Delivered,878.61
D207438,O100375,W102,BlueDart,2026-03-16,2026-03-21,2026-03-23,Delivered,256.65
D207439,O107466,W119,BlueDart,2026-06-16,2026-06-23,2026-06-26,Delayed,1406.03
D207440,O109932,W108,DHL,2026-01-14,2026-01-21,2026-01-26,Delivered,876.24
D207441,O100259,W110,FedEx,2026-03-20,2026-03-27,2026-03-25,Delivered,448.57
D207442,O104574,W104,Delhivery,2026-09-11,2026-09-18,2026-09-19,Delivered,716.81
D207443,O101276,W110,EcomExpress,2026-01-09,2026-01-13,2026-01-19,Delayed,412.67
D207444,O106520,W112,Delhivery,2026-05-13,2026-05-17,2026-05-16,Delivered,293.94
D207445,O105614,W119,BlueDart,2026-01-03,2026-01-09,2026-01-14,In Transit,971.29
D207446,O101650,W117,Delhivery,2026-01-13,2026-01-17,2026-01-23,Delivered,299.47
D207447,O103203,W117, ,2026-06-08,2026-06-10,2026-06-16,Delayed,405.63
D207448,O109075,W119,FedEx,2026-05-06,2026-05-09,2026-05-10,Delivered,550.03
D207449,O109711,W119,FedEx,2026-08-11,2026-08-18,2026-08-17,Delivered,1338.97
D207450,O107345,W115,,2026-07-14,2026-07-19,2026-07-23,Delayed,1347.15
D207451,O100396,W117,DHL,2026-08-08,2026-08-13,2026-08-17,Delivered,459.31
D207452,O100527,W104,Delhivery,2026-06-05,2026-06-11,2026-06-12,Delivered,395.36
D207453,O101068,W101,FedEx,2026-08-28,2026-08-30,2026-08-28,In Transit,1074.25
D207454,O107221,W117,,2026-01-21,2026-01-28,2026-01-31,Delivered,868.89
D207455,O109885,W118,BlueDart,2026-09-13,2026-09-17,2026-09-17,Delayed,922.84
D207456,O104116,W117,DHL,2026-03-20,2026-03-25,2026-03-24,Delivered,1451.97
D207457,O101194,W102,EcomExpress,2026-07-19,2026-07-24,2026-07-25,Delivered,1315.6
D207458,O105200,W108,Delhivery,2026-01-22,2026-01-27,2026-01-27,Delayed,725.29
D207459,O103172,W115,DHL,2026-03-24,2026-03-28,2026-04-02,In Transit,1117.09
D207460,O104206,W117,BlueDart,2026-08-26,2026-09-02,2026-08-31,In Transit,910.04
D207461,O102721,W112,Delhivery,2026-06-11,2026-06-17,2026-06-19,Delayed,1406.88
D207462,O105741,W106,Delhivery,2026-09-02,2026-09-05,2026-09-08,Delivered,595.32
D207463,O109951,W100,BlueDart,2026-08-03,2026-08-08,2026-08-10,Delivered,999.96
D207464,O104213,W100,EcomExpress,2026-08-07,2026-08-11,2026-08-13,Delivered,843.1
D207465,O106847,W101,Delhivery,2026-04-14,2026-04-20,2026-04-20,Delivered,1038.17
D207466,O101610,W116,Delhivery,2026-07-31,2026-08-03,2026-08-04,Delivered,119.73
D207467,O101660,W107,DHL,2026-09-15,2026-09-18,2026-09-17,In Transit,845.42
D207468,O105304,W114,BlueDart,2026-01-15,2026-01-22,2026-01-27,Delivered,979.44
D207469,O102524,W118,FedEx,2026-07-02,2026-07-05,2026-07-03,Delivered,1338.04
D207470,O104781,W112,FedEx,2026-04-16,2026-04-19,2026-04-23,Delivered,1224.5
D207471,O105135,W103,FedEx,2026-09-06,2026-09-11,2026-09-14,Delivered,988.36
D207472,O105348,W105,DHL,2026-04-10,2026-04-12,2026-04-12,Delayed,1212.26
D207473,O100555,W102,BlueDart,2026-01-30,2026-02-04,2026-02-10,In Transit,901.52
D207474,O103273,W112,FedEx,2026-03-17,2026-03-19,2026-03-24,Delivered,929.0
D207475,O100279,W107,Delhivery,2026-04-14,2026-04-17,2026-04-16,Delivered,544.38
D207476,O101701,W102,,2026-04-08,2026-04-10,2026-04-09,Delivered,787.65
D207477,O100905,W109,DHL,2026-01-23,2026-01-25,2026-01-24,Delivered,242.76
D207478,O107290,W112,DHL,2026-08-24,2026-08-30,2026-09-05,Delivered,774.53
D207479,O107049,W114,EcomExpress,2026-01-16,2026-01-22,2026-01-22,Delivered,571.33
D207480,O108248,W119,DHL,2026-02-17,2026-02-21,2026-02-25,Delivered,424.39
D207481,O103842,W107,FedEx,2026-03-28,2026-04-01,2026-04-01,Delayed,1157.56
D207482,O101504,W109, ,2026-05-31,2026-06-06,2026-06-07,Delivered,623.97
D207483,O107348,W105, BlueDart ,2026-08-26,2026-09-02,2026-09-08,Delivered,916.27
D207484,O109873,W115,EcomExpress,2026-09-13,2026-09-20,2026-09-19,Delivered,503.03
D207485,O108125,W106,Delhivery,2026-01-26,2026-01-30,2026-02-03,Delayed,668.82
D207486,O104173,W107,DHL,2026-08-27,2026-09-03,2026-09-07,In Transit,370.43
D207487,O102823,W102,DHL,2026-07-05,2026-07-07,2026-07-06,Delivered,721.31
D207488,O107058,W108,DHL,2026-02-20,2026-02-27,2026-02-26,Delayed,1006.2
D207489,O106825,W105,FedEx,2026-07-22,2026-07-27,2026-07-31,In Transit,642.69
D207490,O109069,W103,BlueDart,2026-03-12,2026-03-18,2026-03-16,Delivered,712.01
D207491,O107745,W119,BlueDart,2026-02-23,2026-02-26,2026-02-24,Delivered,652.8
D207492,O108806,W104,FedEx,2026-01-02,2026-01-08,2026-01-09,Delayed,862.37
D207493,O105387,W104,EcomExpress,2026-07-31,2026-08-05,2026-08-08,Lost,566.47
D207494,O109964,W109,DHL,2026-04-07,2026-04-09,2026-04-13,Delayed,125.35
D207495,O105775,W113,BlueDart,2026-07-26,2026-07-30,2026-07-30,Delivered,1157.48
D207496,O108335,W102,Delhivery,2026-08-24,2026-08-29,2026-09-03,Delivered,433.5
D207497,O109763,W118,BlueDart,2026-03-31,2026-04-05,2026-04-10,Delivered,935.92
D207498,O105279,W102,BlueDart,2026-02-04,2026-02-09,2026-02-09,Delivered,1279.22
D207499,O109458,W101,FedEx,2026-08-05,2026-08-12,2026-08-15,Delivered,1082.09
D207500,O103273,W101,DHL,2026-07-18,2026-07-24,2026-07-26,Delivered,513.27
D207501,O103574,W114,DHL,2026-01-06,2026-01-11,2026-01-15,Delivered,810.29
D207502,O102286,W107,BlueDart,2026-01-08,2026-01-11,2026-01-11,Delayed,712.33
D207503,O108605,W105,Delhivery,2026-07-13,2026-07-17,2026-07-21,Delivered,254.56
D207504,O104867,W116,FedEx,2026-07-24,2026-07-27,2026-07-27,Delayed,523.03
D207505,O102371,W100,Delhivery,2026-02-02,2026-02-06,2026-02-12,Delivered,627.53
D207506,O109471,W103,BlueDart,2026-03-23,2026-03-30,2026-03-31,Lost,214.73
D207507,O104040,W106,DHL,2026-09-07,2026-09-12,2026-09-15,Delivered,284.13
D207508,O101173,W109,DHL,2026-01-25,2026-01-31,2026-01-30,Delivered,799.07
D207509,O107523,W100,FedEx,2026-06-09,2026-06-12,2026-06-10,Delivered,1355.58
D207510,O106125,W106,DHL,2026-03-25,2026-03-28,2026-03-26,Delayed,1019.51
D207511,O108037,W112,EcomExpress,2026-07-09,2026-07-12,2026-07-16,Delayed,954.11
D207512,O102090,W100,Delhivery,2026-03-29,2026-04-03,2026-04-04,Delayed,608.27
D207513,O104792,W118,DHL,2026-05-17,2026-05-24,2026-05-25,Delivered,717.36
D207514,O109661,W108,EcomExpress,2026-07-13,2026-07-19,2026-07-25,Delivered,320.32
D207515,O109403,W102,FedEx,2026-06-15,2026-06-22,2026-06-26,Delivered,1461.57
D207516,O101543,W109,DHL,2026-09-15,2026-09-17,2026-09-20,Delivered,1151.16
D207517,O107792,W101,BlueDart,2026-01-12,2026-01-18,2026-01-21,Delivered,134.72
D207518,O107082,W119,DHL,2026-08-05,2026-08-12,2026-08-17,Delivered,328.62
D207519,O100319,W113, ,2026-02-08,2026-02-10,2026-02-13,Delivered,913.73
D207520,O109532,W105,Delhivery,2026-08-19,2026-08-21,2026-08-19,Delivered,1456.6
D207521,O108481,W118,,2026-03-10,2026-03-14,2026-03-13,Delivered,817.11
D207522,O109751,W118,BlueDart,2026-03-22,2026-03-26,2026-03-24,Delayed,1356.18
D207523,O104869,W110,BlueDart,2026-05-27,2026-06-02,2026-05-31,Delivered,598.62
D207524,O107029,W117,BlueDart,2026-02-21,2026-02-23,2026-03-01,Delivered,454.57
D207525,O106027,W116,Delhivery,2026-08-22,2026-08-24,2026-08-22,Delivered,1431.18
D207526,O103690,W109,FedEx,2026-08-15,2026-08-19,2026-08-18,Delayed,299.2
D207527,O104985,W115,Delhivery,2026-01-05,2026-01-12,2026-01-15,Delivered,1117.78
D207528,O106652,W106,FedEx,2026-04-22,2026-04-29,2026-05-05,Delivered,665.89
D207529,O101034,W107,DHL,2026-03-05,2026-03-07,2026-03-06,Delivered,301.22
D207530,O108426,W108,FedEx,2026-01-22,2026-01-24,2026-01-28,Delivered,619.98
D207531,O106757,W118,Delhivery,2026-02-01,2026-02-03,2026-02-06,Delivered,1464.44
D207532,O108655,W101,BlueDart,2026-04-19,2026-04-21,2026-04-21,Delivered,369.73
D207533,O100157,W108,DHL,2026-05-16,2026-05-22,2026-05-22,Delivered,1475.55
D207534,O109748,W100,EcomExpress,2026-01-03,2026-01-09,2026-01-09,In Transit,1321.14
D207535,O108605,W115,BlueDart,2026-06-27,2026-07-04,2026-07-04,Delayed,732.55
D207536,O104844,W102,EcomExpress,2026-05-13,2026-05-20,2026-05-19,Delivered,917.75
D207537,O103695,W115,FedEx,2026-05-12,2026-05-15,2026-05-20,Delivered,244.24
D207538,O104215,W104,BlueDart,2026-08-22,2026-08-29,2026-08-31,Delivered,1301.57
D207539,O109729,W106,EcomExpress,2026-01-23,2026-01-28,2026-02-03,Delivered,404.1
D207540,O105530,W101,EcomExpress,2026-05-20,2026-05-25,2026-05-27,Lost,715.51
D207541,O102705,W108,Delhivery,2026-05-07,2026-05-14,2026-05-20,Delayed,1379.19
D207542,O101235,W114,BlueDart,2026-04-09,2026-04-12,2026-04-10,Delivered,264.78
D207543,O101744,W113,BlueDart,2026-05-11,2026-05-15,2026-05-13,Delayed,1440.35
D207544,O104734,W102,Delhivery,2026-08-02,2026-08-08,2026-08-13,Delivered,767.32
D207545,O109235,W115,Delhivery,2026-06-12,2026-06-18,2026-06-24,Delayed,897.79
D207546,O108588,W113,FedEx,2026-07-13,2026-07-15,2026-07-21,Delayed,1371.99
D207547,O105219,W107,FedEx,2026-08-23,2026-08-30,2026-08-28,Delivered,154.3
D207548,O100679,W108,Delhivery,2026-03-11,2026-03-17,2026-03-20,Delayed,980.4
D207549,O101424,W114,EcomExpress,2026-07-18,2026-07-25,2026-07-28,Delayed,698.78
D207550,O100725,W113,dhl,2026-01-31,2026-02-07,2026-02-06,Delivered,226.7
D207551,O104046,W103,,2026-04-04,2026-04-09,2026-04-11,Delivered,748.35
D207552,O103406,W113,EcomExpress,2026-02-21,2026-02-25,2026-03-01,Delivered,238.78
D207553,O107179,W107,Delhivery,2026-04-21,2026-04-26,2026-04-29,Delivered,697.96
D207554,O105511,W103,EcomExpress,2026-02-05,2026-02-07,2026-02-12,Delivered,55.06
D207555,O106770,W108,fedex,2026-01-16,2026-01-22,2026-01-27,Delivered,1320.34
D207556,O108712,W111,BlueDart,2026-08-05,2026-08-11,2026-08-12,Delayed,837.32
D207557,O105495,W113,DHL,2026-08-05,2026-08-12,2026-08-14,Delivered,1435.61
D207558,O103672,W104,FedEx,2026-08-01,2026-08-07,2026-08-06,Delayed,651.4
D207559,O105901,W116,EcomExpress,2026-06-02,2026-06-09,2026-06-08,Delayed,1394.2
D207560,O108677,W103,DHL,2026-01-29,2026-02-02,2026-02-07,Delivered,836.02
D207561,O104185,W110,EcomExpress,2026-06-13,2026-06-19,2026-06-19,In Transit,63.43
D207562,O109175,W108,FedEx,2026-09-01,2026-09-07,2026-09-13,Delayed,856.62
D207563,O102099,W113,BlueDart,2026-06-05,2026-06-08,2026-06-13,Delivered,600.02
D207564,O104990,W116,Delhivery,2026-04-24,2026-04-27,2026-04-28,Delivered,1380.25
D207565,O106188,W106,EcomExpress,2026-01-13,2026-01-16,2026-01-17,Delayed,1329.25
D207566,O107377,W107,Delhivery,2026-09-13,2026-09-18,2026-09-17,Delivered,983.11
D207567,O101582,W107,DHL,2026-01-05,2026-01-11,2026-01-09,Delivered,643.56
D207568,O102004,W104,Delhivery,2026-04-19,2026-04-21,2026-04-19,Delivered,1360.85
D207569,O100658,W102,EcomExpress,2026-08-16,2026-08-21,2026-08-20,Delayed,270.15
D207570,O103776,W117,FedEx,2026-03-30,2026-04-04,2026-04-03,Delivered,146.1
D207571,O105414,W108,,2026-06-21,2026-06-26,2026-06-27,Delivered,876.98
D207572,O109097,W117,EcomExpress,2026-05-04,2026-05-06,2026-05-04,Delivered,793.13
D207573,O104096,W100,FedEx,2026-08-13,2026-08-19,2026-08-20,In Transit,1359.89
D207574,O103388,W112,Delhivery,2026-02-24,2026-03-03,2026-03-07,Delivered,374.54
D207575,O108803,W106,EcomExpress,2026-03-06,2026-03-11,2026-03-12,Delivered,164.38
D207576,O107367,W100,BlueDart,2026-08-03,2026-08-08,2026-08-07,Delayed,1039.58
D207577,O101565,W104,EcomExpress,2026-09-12,2026-09-14,2026-09-20,Delivered,175.46
D207578,O100671,W104,EcomExpress,2026-01-12,2026-01-15,2026-01-17,Delivered,668.53
D207579,O109855,W109,BlueDart,2026-05-28,2026-06-02,2026-06-07,Lost,1136.69
D207580,O108369,W115,FedEx,2026-02-11,2026-02-13,2026-02-17,Delivered,1357.48
D207581,O101208,W107,EcomExpress,2026-06-20,2026-06-26,2026-07-01,Delivered,979.64
D207582,O106448,W100,FedEx,2026-06-13,2026-06-20,2026-06-19,Delivered,117.22
D207583,O104436,W107,,2026-09-07,2026-09-14,2026-09-16,Delivered,492.93
D207584,O104895,W116,Delhivery,2026-02-20,2026-02-23,2026-02-26,In Transit,152.04
D207585,O108883,W113,DHL,2026-05-01,2026-05-08,2026-05-10,Delivered,59.2
D207586,O103873,W119,,2026-08-14,2026-08-17,2026-08-22,Delayed,1496.25
D207587,O104486,W104,BlueDart,2026-04-13,2026-04-15,2026-04-21,Delivered,240.89
D207588,O106578,W115,Delhivery,2026-02-09,2026-02-11,2026-02-13,Delivered,1000.77
D207589,O102866,W108,FedEx,2026-05-26,2026-06-02,2026-06-07,Delivered,450.27
D207590,O100430,W119,FedEx,2026-03-27,2026-03-30,2026-04-05,Delivered,1071.03
D207591,O101780,W111,BlueDart,2026-03-03,2026-03-08,2026-03-08,Delivered,319.81
D207592,O103362,W101,DHL,2026-09-02,2026-09-05,2026-09-06,Delivered,456.11
D207593,O107587,W103,FedEx,2026-06-23,2026-06-30,2026-07-06,Delayed,1362.05
D207594,O102827,W102,DHL,2026-07-18,2026-07-24,2026-07-25,Delivered,1214.41
D207595,O107261,W115,BlueDart,2026-03-12,2026-03-15,2026-03-17,Delivered,1004.84
D207596,O108646,W113,DHL,2026-05-19,2026-05-24,2026-05-27,Delivered,722.77
D207597,O100556,W112,DHL,2026-09-04,2026-09-10,2026-09-12,Delivered,973.64
D207598,O109053,W117,EcomExpress,2026-05-22,2026-05-27,2026-06-02,Delivered,892.19
D207599,O107241,W119,EcomExpress,2026-05-10,2026-05-14,2026-05-15,Delayed,324.11
D207600,O108020,W110,EcomExpress,2026-05-07,2026-05-10,2026-05-13,Delivered,1466.28
D207601,O104257,W115,FedEx,2026-04-11,2026-04-17,2026-04-21,Delayed,452.34
D207602,O100048,W113,BlueDart,2026-02-26,2026-03-01,2026-03-03,Delivered,117.26
D207603,O109401,W104,BlueDart,2026-09-12,2026-09-18,2026-09-24,Delivered,553.77
D207604,O105459,W107,DHL,2026-03-23,2026-03-29,2026-03-28,In Transit,842.82
D207605,O106481,W112,EcomExpress,2026-08-19,2026-08-23,2026-08-24,Delivered,150.8
D207606,O104724,W111,FedEx,2026-04-26,2026-04-29,2026-04-30,In Transit,904.52
D207607,O101506,W113,BlueDart,2026-01-20,2026-01-23,2026-01-27,Delivered,464.83
D207608,O103754,W109,FedEx,2026-06-30,2026-07-05,2026-07-08,Delivered,167.55
D207609,O105608,W112,BlueDart,2026-09-02,2026-09-08,2026-09-11,Delivered,733.09
D207610,O107969,W102,BlueDart,2026-07-29,2026-08-05,2026-08-07,Delivered,1016.42
D207611,O102212,W109,DHL,2026-08-11,2026-08-13,2026-08-15,Delivered,988.37
D207612,O102219,W106,BlueDart,2026-03-11,2026-03-17,2026-03-16,Delivered,468.42
D207613,O107613,W101,Delhivery,2026-01-17,2026-01-24,2026-01-26,Delayed,546.65
D207614,O104689,W113,,2026-06-08,2026-06-13,2026-06-18,Delivered,1275.39
D207615,O102983,W109,DHL,2026-01-08,2026-01-15,2026-01-15,Delivered,260.35
D207616,O109208,W112,FedEx,2026-08-14,2026-08-19,2026-08-20,Delivered,1227.76
D207617,O100868,W110,EcomExpress,2026-05-21,2026-05-28,2026-05-29,Delivered,221.15
D207618,O103403,W119,Delhivery,2026-07-25,2026-08-01,2026-08-07,In Transit,376.7
D207619,O105639,W113,DHL,2026-05-10,2026-05-13,2026-05-15,Delayed,439.75
D207620,O108927,W108,BlueDart,2026-01-07,2026-01-14,2026-01-14,Delivered,1053.15
D207621,O106997,W103,EcomExpress,2026-02-28,2026-03-07,2026-03-10,Delayed,972.01
D207622,O101270,W112,Delhivery,2026-06-20,2026-06-24,2026-06-25,Delivered,483.36
D207623,O103496,W117,BlueDart,2026-08-15,2026-08-21,2026-08-24,In Transit,519.64
D207624,O108160,W104,BlueDart,2026-08-18,2026-08-22,2026-08-25,Delivered,173.56
D207625,O109376,W119,BlueDart,2026-05-31,2026-06-05,2026-06-09,Delivered,865.16
D207626,O102122,W116,EcomExpress,2026-07-28,2026-08-03,2026-08-04,Delivered,602.06
D207627,O101640,W119,FedEx,2026-07-17,2026-07-20,2026-07-20,Delivered,1022.13
D207628,O107897,W102,FedEx,2026-03-13,2026-03-20,2026-03-24,Delayed,1465.47
D207629,O108456,W108,EcomExpress,2026-03-01,2026-03-06,2026-03-12,In Transit,1431.67
D207630,O108204,W104,Delhivery,2026-09-06,2026-09-11,2026-09-17,Delivered,315.2
D207631,O106030,W104,BlueDart,2026-06-12,2026-06-14,2026-06-14,Delivered,754.26
D207632,O101513,W109,Delhivery,2026-08-07,2026-08-12,2026-08-17,In Transit,604.62
D207633,O101193,W109,FedEx,2026-06-25,2026-06-30,2026-07-06,Delivered,135.9
D207634,O101304,W100,EcomExpress,2026-03-06,2026-03-08,2026-03-06,Delivered,712.63
D207635,O102599,W111,DHL,2026-06-11,2026-06-14,2026-06-16,Delivered,585.76
D207636,O101588,W109,FedEx,2026-06-25,2026-07-01,2026-07-05,Delayed,154.67
D207637,O105821,W101,BlueDart,2026-06-03,2026-06-05,2026-06-08,Delivered,605.07
D207638,O105208,W114,EcomExpress,2026-03-18,2026-03-21,2026-03-20,Delivered,88.82
D207639,O106766,W119,DHL,2026-05-15,2026-05-21,2026-05-20,Delivered,991.18
D207640,O108597,W101,FedEx,2026-06-21,2026-06-28,2026-06-26,Delivered,1422.39
D207641,O105198,W106,FedEx,2026-08-05,2026-08-10,2026-08-13,Delivered,388.21
D207642,O109022,W118,BlueDart,2026-07-25,2026-07-27,2026-08-02,Delivered,796.86
D207643,O107537,W107,Delhivery,2026-08-21,2026-08-28,2026-09-03,Delivered,925.31
D207644,O109652,W102,DHL,2026-03-31,2026-04-05,2026-04-10,Delivered,400.76
D207645,O101654,W109,BlueDart,2026-04-02,2026-04-06,2026-04-06,Delivered,486.1
D207646,O100130,W118,EcomExpress,2026-01-29,2026-02-01,2026-02-02,Delivered,459.14
D207647,O106861,W112,FedEx,2026-08-26,2026-09-02,2026-08-31,Delivered,1042.9
D207648,O103210,W119,Delhivery,2026-03-24,2026-03-28,2026-03-26,Delayed,1101.35
D207649,O100447,W117,Delhivery,2026-03-11,2026-03-13,2026-03-14,Delivered,927.63
D207650,O107668,W103,Delhivery,2026-08-04,2026-08-11,2026-08-12,Delivered,1048.9
D207651,O106026,W100,DHL,2026-08-30,2026-09-06,2026-09-06,Delivered,1488.76
D207652,O105115,W101,BlueDart,2026-05-19,2026-05-22,2026-05-24,Delivered,1175.07
D207653,O102312,W115,EcomExpress,2026-01-23,2026-01-25,2026-01-26,Delayed,1082.91
D207654,O109342,W107,BlueDart,2026-08-10,2026-08-12,2026-08-16,Delivered,1274.33
D207655,O102902,W104,FedEx,2026-01-13,2026-01-20,2026-01-22,Delivered,1192.47
D207656,O104384,W106,Delhivery,2026-02-20,2026-02-26,2026-03-03,In Transit,954.64
D207657,O101056,W116,FedEx,2026-06-10,2026-06-14,2026-06-16,Delivered,652.8
D207658,O104543,W110,Delhivery,2026-05-14,2026-05-21,2026-05-20,Delivered,672.18
D207659,O102690,W113,Delhivery,2026-02-23,2026-02-26,2026-02-24,Delivered,969.81
D207660,O100670,W107,bluedart,2026-04-27,2026-04-30,2026-05-01,In Transit,1349.68
D207661,O106627,W118,BlueDart,2026-03-25,2026-03-28,2026-03-26,Delivered,900.44
D207662,O100306,W112,FedEx,2026-08-13,2026-08-15,2026-08-13,Delivered,1065.21
D207663,O105834,W104,DHL,2026-04-30,2026-05-05,2026-05-03,Delivered,894.92
D207664,O100470,W102,Delhivery,2026-07-28,2026-08-01,2026-08-07,Delivered,1064.94
D207665,O106572,W108,DHL,2026-04-22,2026-04-29,2026-05-03,Delivered,1286.9
D207666,O102542,W107,FedEx,2026-05-02,2026-05-06,2026-05-04,Delivered,1473.34
D207667,O103842,W115,FedEx,2026-03-11,2026-03-14,2026-03-18,In Transit,945.11
D207668,O103421,W109,BlueDart,2026-04-14,2026-04-20,2026-04-24,In Transit,1074.69
D207669,O104027,W113,FedEx,2026-07-19,2026-07-24,2026-07-26,Delivered,1169.65
D207670,O101842,W110,BlueDart,2026-03-12,2026-03-17,2026-03-15,Delivered,1114.0
D207671,O102590,W103,EcomExpress,2026-03-21,2026-03-25,2026-03-27,In Transit,1430.05
D207672,O109447,W113,DHL,2026-07-03,2026-07-10,2026-07-13,Delivered,1181.71
D207673,O109948,W107,Delhivery,2026-05-10,2026-05-15,2026-05-19,Delivered,188.41
D207674,O109596,W115,BlueDart,2026-08-05,2026-08-10,2026-08-08,Delayed,81.93
D207675,O103957,W110,DHL,2026-09-14,2026-09-21,2026-09-20,Delivered,670.0
D207676,O101856,W103,EcomExpress,2026-08-04,2026-08-08,2026-08-08,Delivered,1334.22
D207677,O109708,W118,FedEx,2026-04-06,2026-04-12,2026-04-16,Delivered,74.97
D207678,O104434,W111,,2026-07-31,2026-08-03,2026-08-03,In Transit,359.33
D207679,O103882,W103,Delhivery,2026-08-09,2026-08-13,2026-08-14,Delivered,1422.16
D207680,O106850,W102,EcomExpress,2026-02-14,2026-02-21,2026-02-27,Delayed,677.49
D207681,O108604,W111,EcomExpress,2026-01-31,2026-02-05,2026-02-07,Delivered,443.23
D207682,O105945,W110,FedEx,2026-04-27,2026-05-01,2026-05-06,Delivered,1042.14
D207683,O104125,W118,FedEx,2026-07-04,2026-07-09,2026-07-07,Delivered,1370.86
D207684,O105065,W117,BlueDart,2026-07-25,2026-07-29,2026-08-03,Delivered,1058.63
D207685,O108688,W116,EcomExpress,2026-07-10,2026-07-16,2026-07-19,In Transit,1217.89
D207686,O100004,W113,FedEx,2026-09-12,2026-09-17,2026-09-15,Delivered,116.08
D207687,O101456,W118,DHL,2026-05-18,2026-05-21,2026-05-22,Delivered,1332.06
D207688,O105884,W103,FedEx,2026-01-27,2026-01-29,2026-01-31,Delivered,697.15
D207689,O101689,W104,EcomExpress,2026-06-09,2026-06-14,2026-06-16,Lost,1036.49
D207690,O101627,W109,BlueDart,2026-04-13,2026-04-17,2026-04-17,Delivered,576.37
D207691,O107812,W103,FedEx,2026-09-09,2026-09-12,2026-09-16,Delivered,761.05
D207692,O105798,W100,DHL,2026-02-10,2026-02-17,2026-02-15,Delayed,1057.17
D207693,O105790,W113,Delhivery,2026-06-06,2026-06-08,2026-06-14,Delivered,188.77
D207694,O107496,W119,Delhivery,2026-03-24,2026-03-29,2026-03-31,Delayed,612.82
D207695,O103974,W103,DHL,2026-07-30,2026-08-06,2026-08-12,Delivered,1400.69
D207696,O102937,W100,FedEx,2026-03-16,2026-03-20,2026-03-24,Delivered,1376.77
D207697,O104996,W118,FedEx,2026-09-04,2026-09-11,2026-09-13,In Transit,233.09
D207698,O106302,W110,Delhivery,2026-04-29,2026-05-05,2026-05-06,Delayed,994.13
D207699,O101633,W100,BlueDart,2026-07-07,2026-07-14,2026-07-16,Delivered,683.16
D207700,O107123,W116,Delhivery,2026-01-03,2026-01-10,2026-01-13,Delivered,537.51
D207701,O106095,W100,DHL,2026-07-24,2026-07-29,2026-08-01,Delivered,694.81
D207702,O104760,W110,BlueDart,2026-01-17,2026-01-23,2026-01-29,Delivered,1267.77
D207703,O107422,W105,DHL,2026-01-27,2026-01-29,2026-01-28,Delivered,133.47
D207704,O108326,W106,Delhivery,2026-02-09,2026-02-11,2026-02-17,Delivered,905.0
D207705,O100967,W111,Delhivery,2026-03-18,2026-03-20,2026-03-18,Delivered,606.3
D207706,O108441,W106,BlueDart,2026-08-08,2026-08-15,2026-08-17,Delivered,1148.32
D207707,O105121,W107,FedEx,2026-07-31,2026-08-02,2026-08-04,Delivered,1241.78
D207708,O102005,W107,FedEx,2026-05-27,2026-06-03,2026-06-04,Lost,564.04
D207709,O108641,W119,Delhivery,2026-07-19,2026-07-22,2026-07-28,Delayed,716.79
D207710,O106132,W102,FedEx,2026-01-19,2026-01-24,2026-01-26,Delayed,645.18
D207711,O103598,W102,DHL,2026-08-11,2026-08-17,2026-08-15,Delayed,690.9
D207712,O101989,W116,,2026-02-08,2026-02-15,2026-02-15,Delivered,1263.3
D207713,O109283,W112,FedEx,2026-05-26,2026-05-31,2026-06-01,Lost,756.55
D207714,O101047,W114,BlueDart,2026-01-19,2026-01-21,2026-01-23,Delivered,167.64
D207715,O108493,W103,DHL,2026-02-12,2026-02-19,2026-02-22,In Transit,1274.23
D207716,O105663,W111,DHL,2026-01-04,2026-01-07,2026-01-08,Delivered,824.34
D207717,O104123,W103,DHL,2026-01-25,2026-01-30,2026-02-04,Delivered,228.26
D207718,O103449,W109,DHL,2026-02-24,2026-03-01,2026-03-06,Delayed,477.64
D207719,O106936,W112,Delhivery,2026-08-09,2026-08-13,2026-08-17,Delivered,943.54
D207720,O107220,W112,DHL,2026-07-20,2026-07-27,2026-07-26,Delivered,1028.4
D207721,O100244,W114,BlueDart,2026-07-02,2026-07-08,2026-07-14,Delivered,1383.16
D207722,O103309,W105,EcomExpress,2026-06-15,2026-06-21,2026-06-20,Delivered,1146.05
D207723,O101894,W100,DHL,2026-06-08,2026-06-12,2026-06-17,Delivered,651.89
D207724,O105261,W106,BlueDart,2026-06-23,2026-06-29,2026-07-03,Delivered,1173.9
D207725,O106391,W102,DHL,2026-06-09,2026-06-12,2026-06-15,Delivered,1153.98
D207726,O103817,W113,BlueDart,2026-05-08,2026-05-15,2026-05-15,Delayed,1280.87
D207727,O104597,W102,EcomExpress,2026-01-20,2026-01-27,2026-01-31,Delivered,698.63
D207728,O100765,W118,BlueDart,2026-01-28,2026-02-02,2026-01-31,Delivered,728.36
D207729,O109257,W104,FedEx,2026-02-19,2026-02-21,2026-02-24,Delivered,497.51
D207730,O103300,W119,DHL,2026-08-31,2026-09-06,2026-09-07,Delivered,248.15
D207731,O107158,W113,FedEx,2026-05-18,2026-05-20,2026-05-20,Delivered,393.64
D207732,O109290,W104,DHL,2026-07-24,2026-07-30,2026-08-02,Lost,1186.53
D207733,O109096,W110,DHL,2026-03-08,2026-03-15,2026-03-16,Delivered,431.95
D207734,O105925,W106,FedEx,2026-09-09,2026-09-12,2026-09-11,Delivered,695.59
D207735,O102756,W107,DHL,2026-06-02,2026-06-07,2026-06-12,Delivered,111.01
D207736,O106282,W112,BlueDart,2026-03-22,2026-03-29,2026-04-01,Delivered,776.79
D207737,O106470,W104,BlueDart,2026-01-03,2026-01-06,2026-01-11,Delivered,900.18
D207738,O104685,W109,EcomExpress,2026-06-11,2026-06-16,2026-06-21,Delivered,260.7
D207739,O100462,W104,,2026-04-03,2026-04-09,2026-04-12,Delayed,435.66
D207740,O106752,W109,EcomExpress,2026-03-08,2026-03-10,2026-03-13,Delivered,245.28
D207741,O108614,W111,EcomExpress,2026-06-24,2026-06-30,2026-07-02,Delivered,304.56
D207742,O109912,W109,BlueDart,2026-08-23,2026-08-27,2026-08-29,Delayed,1469.79
D207743,O106753,W117,EcomExpress,2026-04-12,2026-04-16,2026-04-20,Delayed,1033.52
D207744,O109902,W119,DHL,2026-01-29,2026-02-04,2026-02-06,In Transit,797.89
D207745,O100140,W110,fedex,2026-09-13,2026-09-19,2026-09-25,Delivered,1060.62
D207746,O108796,W106,EcomExpress,2026-04-12,2026-04-17,2026-04-18,In Transit,958.47
D207747,O107171,W110,EcomExpress,2026-03-22,2026-03-24,2026-03-30,Delivered,740.59
D207748,O108096,W108,FedEx,2026-02-25,2026-03-01,2026-03-01,Delivered,427.11
D207749,O100321,W113,FedEx,2026-07-30,2026-08-05,2026-08-07,Delivered,631.17
D207750,O107270,W110,EcomExpress,2026-07-23,2026-07-29,2026-07-27,Delayed,466.47
D207751,O108000,W105,DHL,2026-07-11,2026-07-14,2026-07-13,Delayed,688.6
D207752,O108461,W112,Delhivery,2026-07-24,2026-07-30,2026-08-03,Delivered,683.69
D207753,O106817,W109,FedEx,2026-02-24,2026-03-01,2026-03-07,In Transit,1471.72
D207754,O103331,W114,EcomExpress,2026-01-24,2026-01-30,2026-02-05,In Transit,245.57
D207755,O103971,W107,DHL,2026-08-18,2026-08-20,2026-08-26,Delivered,1166.25
D207756,O105078,W100,Delhivery,2026-01-31,2026-02-05,2026-02-11,Delivered,1155.69
D207757,O108631,W101,EcomExpress,2026-07-26,2026-08-01,2026-08-03,Delivered,822.35
D207758,O108062,W114,Delhivery,2026-02-03,2026-02-07,2026-02-12,In Transit,1159.62
D207759,O101147,W114,EcomExpress,2026-03-02,2026-03-09,2026-03-08,Delayed,1081.64
D207760,O103054,W110,DHL,2026-09-11,2026-09-13,2026-09-12,Delivered,1110.77
D207761,O101241,W105,BlueDart,2026-02-17,2026-02-20,2026-02-22,Delivered,912.31
D207762,O101955,W107,DHL,2026-04-20,2026-04-24,2026-04-24,Delivered,341.07
D207763,O109537,W108,DHL,2026-05-10,2026-05-13,2026-05-17,Delivered,1448.81
D207764,O108134,W110,BlueDart,2026-01-01,2026-01-08,2026-01-12,Delivered,988.17
D207765,O103409,W107,DHL,2026-03-17,2026-03-21,2026-03-27,Delivered,1461.1
D207766,O101047,W117,BlueDart,2026-07-03,2026-07-07,2026-07-06,Delivered,139.62
D207767,O101121,W105,FedEx,2026-01-18,2026-01-22,2026-01-26,Delivered,771.3
D207768,O109340,W113,Delhivery,2026-01-12,2026-01-17,2026-01-16,Delivered,1210.14
D207769,O109144,W115, FedEx ,2026-07-28,2026-08-01,2026-08-05,In Transit,719.79
D207770,O100435,W100,,2026-05-19,2026-05-25,2026-05-27,In Transit,731.64
D207771,O107252,W108,EcomExpress,2026-04-01,2026-04-08,2026-04-10,Lost,126.06
D207772,O101434,W115,Delhivery,2026-03-17,2026-03-24,2026-03-24,Delivered,736.25
D207773,O104676,W117,EcomExpress,2026-08-23,2026-08-29,2026-08-30,Delivered,1352.51
D207774,O102850,W107,BlueDart,2026-08-04,2026-08-10,2026-08-08,In Transit,1432.27
D207775,O104185,W110,DHL,2026-05-12,2026-05-15,2026-05-18,In Transit,572.29
D207776,O106080,W100,FedEx,2026-05-06,2026-05-10,2026-05-15,Delivered,458.9
D207777,O100223,W115,BlueDart,2026-06-08,2026-06-15,2026-06-14,Delivered,953.42
D207778,O103721,W117,FedEx,2026-06-06,2026-06-09,2026-06-10,Delivered,1324.78
D207779,O107800,W115,EcomExpress,2026-07-31,2026-08-03,2026-08-04,In Transit,1486.78
D207780,O107511,W107,BlueDart,2026-06-23,2026-06-27,2026-06-26,Delivered,887.48
D207781,O100937,W114,fedex,2026-03-13,2026-03-19,2026-03-19,Delivered,1335.38
D207782,O106876,W100,FedEx,2026-08-09,2026-08-15,2026-08-19,Delivered,902.43
D207783,O105657,W105,FedEx,2026-07-02,2026-07-08,2026-07-14,In Transit,412.52
D207784,O109004,W116,FedEx,2026-02-01,2026-02-07,2026-02-09,Delivered,749.63
D207785,O106596,W101,BlueDart,2026-06-13,2026-06-17,2026-06-19,Delivered,1322.82
D207786,O106064,W114,BlueDart,2026-04-09,2026-04-16,2026-04-20,Delivered,1186.52
D207787,O103612,W104,Delhivery,2026-05-26,2026-05-31,2026-06-03,Delivered,1301.5
D207788,O104295,W109,DHL,2026-09-13,2026-09-15,2026-09-15,Delivered,1000.46
D207789,O106668,W119,BlueDart,2026-09-09,2026-09-15,2026-09-14,Delivered,1148.53
D207790,O108298,W103,BlueDart,2026-05-15,2026-05-20,2026-05-19,Delivered,348.97
D207791,O109465,W110,BlueDart,2026-02-10,2026-02-17,2026-02-23,Delayed,689.97
D207792,O106782,W110,Delhivery,2026-02-11,2026-02-18,2026-02-23,Delivered,1119.61
D207793,O105656,W116,BlueDart,2026-07-30,2026-08-03,2026-08-07,Delivered,395.73
D207794,O106701,W114,FedEx,2026-01-08,2026-01-13,2026-01-15,Lost,1381.73
D207795,O107136,W103,EcomExpress,2026-03-22,2026-03-24,2026-03-27,In Transit,70.76
D207796,O106867,W119,DHL,2026-07-11,2026-07-15,2026-07-18,Delivered,398.95
D207797,O107436,W110,,2026-06-30,2026-07-02,2026-07-03,Delivered,1031.83
D207798,O104635,W101,BlueDart,2026-04-09,2026-04-15,2026-04-15,Delivered,521.09
D207799,O108607,W115,,2026-09-13,2026-09-17,2026-09-22,Delivered,222.18
D207800,O100186,W117,BlueDart,2026-06-25,2026-06-27,2026-06-29,Delivered,201.66
D207801,O109840,W111,Delhivery,2026-07-03,2026-07-07,2026-07-12,Delivered,111.45
D207802,O100649,W106,DHL,2026-09-10,2026-09-17,2026-09-19,Delivered,625.91
D207803,O106111,W112,EcomExpress,2026-06-12,2026-06-15,2026-06-16,Delivered,1157.07
D207804,O108283,W117,FedEx,2026-04-06,2026-04-12,2026-04-10,Delayed,1012.15
D207805,O101274,W104,BlueDart,2026-01-31,2026-02-05,2026-02-03,Delivered,589.03
D207806,O105221,W104,EcomExpress,2026-05-14,2026-05-17,2026-05-23,Delivered,125.98
D207807,O102357,W102,BlueDart,2026-02-05,2026-02-08,2026-02-06,In Transit,471.1
D207808,O107655,W100,,2026-06-26,2026-06-30,2026-06-29,In Transit,286.09
D207809,O103282,W102,BlueDart,2026-06-15,2026-06-19,2026-06-22,Delivered,435.28
D207810,O103765,W107,Delhivery,2026-03-25,2026-03-28,2026-04-02,Delayed,409.01
D207811,O106330,W107,DHL,2026-03-26,2026-03-28,2026-04-03,In Transit,1362.21
D207812,O102770,W103,BlueDart,2026-04-27,2026-05-04,2026-05-07,Delayed,443.89
D207813,O106473,W110,BlueDart,2026-01-26,2026-01-31,2026-02-01,In Transit,405.13
D207814,O102070,W109,BlueDart,2026-02-20,2026-02-25,2026-02-24,Delivered,1118.94
D207815,O107016,W116,BlueDart,2026-07-24,2026-07-28,2026-07-29,Delivered,1082.06
D207816,O102472,W103,FedEx,2026-05-21,2026-05-27,2026-05-30,Delivered,843.61
D207817,O104024,W108,BlueDart,2026-04-29,2026-05-06,2026-05-09,Delivered,75.75
D207818,O109337,W112,DHL,2026-01-11,2026-01-14,2026-01-12,Delivered,713.55
D207819,O109584,W109,EcomExpress,2026-05-07,2026-05-13,2026-05-19,Delivered,1460.93
D207820,O103361,W112,Delhivery,2026-03-10,2026-03-13,2026-03-18,In Transit,820.81
D207821,O100916,W107,EcomExpress,2026-09-11,2026-09-15,2026-09-21,Delivered,67.52
D207822,O106941,W102,FedEx,2026-08-23,2026-08-27,2026-08-25,Delayed,535.5
D207823,O106197,W117,BlueDart,2026-05-23,2026-05-30,2026-06-05,Delivered,1251.07
D207824,O101511,W103,DHL,2026-05-31,2026-06-07,2026-06-11,Delivered,1204.83
D207825,O108007,W103,Delhivery,2026-05-28,2026-06-02,2026-06-04,Delivered,699.81
D207826,O109746,W118,Delhivery,2026-04-27,2026-04-30,2026-04-28,Delivered,1219.09
D207827,O104637,W103,FedEx,2026-04-27,2026-05-03,2026-05-01,Delivered,977.37
D207828,O104184,W103,Delhivery,2026-03-16,2026-03-20,2026-03-25,Delivered,1344.7
D207829,O107157,W104,DHL,2026-06-08,2026-06-11,2026-06-17,Delivered,865.35
D207830,O102178,W116,EcomExpress,2026-06-26,2026-07-01,2026-07-02,Delayed,1448.34
D207831,O107855,W112,BlueDart,2026-08-22,2026-08-25,2026-08-26,In Transit,1451.84
D207832,O100530,W113,EcomExpress,2026-08-08,2026-08-15,2026-08-16,Delivered,802.98
D207833,O104968,W106,DHL,2026-09-13,2026-09-17,2026-09-21,Delivered,919.45
D207834,O107120,W107,EcomExpress,2026-05-25,2026-05-31,2026-05-29,Delivered,524.23
D207835,O104221,W102,BlueDart,2026-01-28,2026-02-04,2026-02-06,Delivered,420.84
D207836,O105864,W119,FedEx,2026-06-01,2026-06-05,2026-06-09,Delivered,500.32
D207837,O109911,W103,Delhivery,2026-08-30,2026-09-05,2026-09-05,Delivered,1441.52
D207838,O104504,W101,DHL,2026-08-21,2026-08-24,2026-08-27,Delivered,1141.05
D207839,O100851,W105,ecomexpress,2026-03-08,2026-03-13,2026-03-11,Delayed,1498.34
D207840,O106008,W100,Delhivery,2026-05-15,2026-05-21,2026-05-23,Delivered,474.27
D207841,O103790,W119, BlueDart ,2026-07-21,2026-07-27,2026-08-02,Delivered,923.79
D207842,O100680,W110,EcomExpress,2026-05-21,2026-05-26,2026-05-25,Delivered,386.09
D207843,O109206,W106,DHL,2026-09-04,2026-09-11,2026-09-17,Delivered,1412.46
D207844,O100752,W101,BlueDart,2026-03-18,2026-03-24,2026-03-24,Delivered,766.28
D207845,O100699,W114,DHL,2026-04-19,2026-04-24,2026-04-27,Delivered,231.31
D207846,O101325,W100,EcomExpress,2026-06-01,2026-06-03,2026-06-09,Delivered,253.96
D207847,O106413,W113,EcomExpress,2026-02-22,2026-02-26,2026-02-27,Delivered,746.44
D207848,O104552,W106,BlueDart,2026-01-06,2026-01-09,2026-01-11,Delivered,843.64
D207849,O108254,W113,DHL,2026-07-29,2026-08-05,2026-08-08,Delivered,1046.7
D207850,O102376,W102,FedEx,2026-08-19,2026-08-24,2026-08-24,Delayed,1335.25
D207851,O108445,W115,BlueDart,2026-02-08,2026-02-14,2026-02-12,Delayed,588.65
D207852,O108495,W116,Delhivery,2026-01-12,2026-01-19,2026-01-23,Delivered,957.47
D207853,O108663,W115,EcomExpress,2026-01-17,2026-01-20,2026-01-19,Delivered,720.24
D207854,O105510,W101,BlueDart,2026-08-15,2026-08-18,2026-08-22,Delivered,510.04
D207855,O101437,W101,FedEx,2026-05-30,2026-06-06,2026-06-11,Delivered,205.98
D207856,O107907,W115,EcomExpress,2026-05-30,2026-06-05,2026-06-03,In Transit,673.51
D207857,O100111,W109,DHL,2026-03-30,2026-04-05,2026-04-07,Delayed,1043.77
D207858,O103230,W108,Delhivery,2026-03-26,2026-03-30,2026-04-04,Delivered,177.31
D207859,O108613,W113,BlueDart,2026-05-07,2026-05-10,2026-05-14,Delivered,381.91
D207860,O102254,W115,EcomExpress,2026-02-03,2026-02-09,2026-02-12,Delivered,1304.43
D207861,O103497,W118,FedEx,2026-07-14,2026-07-20,2026-07-20,Delivered,98.33
D207862,O109242,W117,EcomExpress,2026-05-13,2026-05-15,2026-05-15,Delivered,888.06
D207863,O104279,W116,BlueDart,2026-03-09,2026-03-13,2026-03-16,Delivered,377.2
D207864,O104205,W117,EcomExpress,2026-03-04,2026-03-09,2026-03-12,Delivered,1099.12
D207865,O104544,W105,BlueDart,2026-03-07,2026-03-11,2026-03-11,In Transit,1211.98
D207866,O106429,W108,FedEx,2026-09-15,2026-09-18,2026-09-19,Delayed,559.29
D207867,O103100,W117,BlueDart,2026-03-06,2026-03-12,2026-03-17,Delivered,779.51
D207868,O103001,W104,Delhivery,2026-08-05,2026-08-08,2026-08-14,Delivered,280.47
D207869,O101547,W119,BlueDart,2026-07-02,2026-07-08,2026-07-14,Delivered,1120.76
D207870,O105259,W113,FedEx,2026-06-28,2026-07-03,2026-07-02,Delivered,883.15
D207871,O105570,W110, ,2026-08-29,2026-09-02,2026-09-06,Delivered,236.43
D207872,O107258,W105,BlueDart,2026-01-26,2026-01-30,2026-02-01,Delivered,272.81
D207873,O109408,W118,EcomExpress,2026-04-03,2026-04-06,2026-04-12,In Transit,451.63
D207874,O100232,W114,DHL,2026-05-26,2026-06-01,2026-06-05,Delivered,704.72
D207875,O108248,W107,,2026-02-06,2026-02-11,2026-02-13,Delayed,1254.26
D207876,O100806,W114,Delhivery,2026-01-01,2026-01-04,2026-01-08,Delivered,238.28
D207877,O100508,W111,BlueDart,2026-06-25,2026-07-01,2026-07-06,Delivered,1350.07
D207878,O104264,W116,EcomExpress,2026-07-06,2026-07-11,2026-07-15,Delivered,1302.62
D207879,O102881,W109,DHL,2026-08-29,2026-09-01,2026-09-07,Delivered,487.0
D207880,O104840,W105,BlueDart,2026-02-15,2026-02-17,2026-02-21,Delivered,1428.51
D207881,O108090,W116,EcomExpress,2026-07-05,2026-07-09,2026-07-08,Delivered,636.46
D207882,O107191,W105,FedEx,2026-05-14,2026-05-18,2026-05-18,Delivered,709.12
D207883,O101734,W116,Delhivery,2026-04-28,2026-05-01,2026-04-29,Delivered,712.03
D207884,O101465,W104,Delhivery,2026-05-16,2026-05-23,2026-05-24,Delivered,662.69
D207885,O100905,W110,FedEx,2026-06-29,2026-07-06,2026-07-07,Delivered,217.47
D207886,O107676,W101,DHL,2026-07-13,2026-07-20,2026-07-23,In Transit,541.79
D207887,O106191,W119,DHL,2026-06-29,2026-07-05,2026-07-03,Delivered,952.63
D207888,O108769,W116,Delhivery,2026-03-01,2026-03-05,2026-03-09,Lost,990.31
D207889,O105677,W108,FedEx,2026-03-17,2026-03-19,2026-03-22,Delivered,498.0
D207890,O107389,W114,Delhivery,2026-04-25,2026-04-29,2026-05-01,Delayed,451.32
D207891,O108547,W108,Delhivery,2026-05-27,2026-06-01,2026-06-04,In Transit,488.22
D207892,O106797,W106,DHL,2026-04-15,2026-04-18,2026-04-17,Delivered,707.0
D207893,O106707,W118,BlueDart,2026-05-16,2026-05-23,2026-05-22,Delivered,797.37
D207894,O104768,W119,Delhivery,2026-05-21,2026-05-26,2026-05-29,Delivered,1259.02
D207895,O108306,W105,Delhivery,2026-01-29,2026-02-03,2026-02-01,Delivered,949.23
D207896,O106295,W112,EcomExpress,2026-08-28,2026-09-02,2026-09-07,Delivered,94.91
D207897,O100056,W107,FedEx,2026-01-14,2026-01-16,2026-01-16,Delivered,561.34
D207898,O109791,W111,FedEx,2026-01-11,2026-01-18,2026-01-19,Delivered,980.8
D207899,O107949,W118,DHL,2026-08-01,2026-08-05,2026-08-06,Delayed,1344.82
D207900,O105771,W107,FedEx,2026-04-21,2026-04-24,2026-04-25,Delivered,486.62
D207901,O109119,W104,Delhivery,2026-02-06,2026-02-11,2026-02-14,Delivered,1473.68
D207902,O105061,W103,Delhivery,2026-05-03,2026-05-06,2026-05-10,Delayed,82.54
D207903,O100870,W100,FedEx,2026-06-18,2026-06-23,2026-06-25,Delivered,167.2
D207904,O102792,W100,DHL,2026-05-30,2026-06-03,2026-06-04,In Transit,723.21
D207905,O100297,W108,Delhivery,2026-05-03,2026-05-09,2026-05-07,Delivered,717.54
D207906,O108380,W109,FedEx,2026-06-15,2026-06-17,2026-06-17,Delivered,315.26
D207907,O102071,W101,EcomExpress,2026-08-19,2026-08-26,2026-09-01,Delivered,980.87
D207908,O107519,W118,EcomExpress,2026-05-18,2026-05-24,2026-05-26,Delivered,1290.22
D207909,O100686,W109,BlueDart,2026-06-16,2026-06-20,2026-06-19,Delivered,1333.99
D207910,O107200,W105,Delhivery,2026-01-11,2026-01-13,2026-01-15,Delivered,1379.41
D207911,O100742,W113,FEDEX,2026-08-30,2026-09-01,2026-09-02,Delivered,1070.91
D207912,O109608,W116,BlueDart,2026-04-18,2026-04-22,2026-04-26,Delivered,936.77
D207913,O104071,W104,DHL,2026-03-05,2026-03-10,2026-03-11,Delivered,67.42
D207914,O103277,W118,EcomExpress,2026-03-21,2026-03-25,2026-03-31,Delivered,238.59
D207915,O101682,W100,dhl,2026-03-25,2026-04-01,2026-04-01,Delayed,875.45
D207916,O108027,W114,EcomExpress,2026-02-07,2026-02-09,2026-02-07,Delivered,212.02
D207917,O106365,W110,Delhivery,2026-02-21,2026-02-23,2026-02-21,Delayed,729.29
D207918,O105115,W113,DHL,2026-02-06,2026-02-12,2026-02-16,In Transit,156.28
D207919,O100688,W119,DHL,2026-04-04,2026-04-10,2026-04-13,Delivered,433.49
D207920,O102143,W106,EcomExpress,2026-07-21,2026-07-23,2026-07-29,Delivered,1184.65
D207921,O107071,W116,DHL,2026-06-07,2026-06-13,2026-06-17,Delivered,358.6
D207922,O101913,W119,DHL,2026-03-19,2026-03-23,2026-03-23,Delivered,821.05
D207923,O108464,W102,EcomExpress,2026-02-18,2026-02-20,2026-02-18,Delivered,1132.52
D207924,O101992,W114,EcomExpress,2026-02-10,2026-02-13,2026-02-13,Delivered,448.25
D207925,O101021,W115,DHL,2026-06-13,2026-06-16,2026-06-15,Delivered,417.21
D207926,O102450,W112,BlueDart,2026-05-12,2026-05-16,2026-05-18,In Transit,839.29
D207927,O102896,W111,DHL,2026-05-15,2026-05-19,2026-05-24,Delivered,179.95
D207928,O106785,W112,Delhivery,2026-09-11,2026-09-15,2026-09-21,Delayed,1042.48
D207929,O102959,W118,Delhivery,2026-04-22,2026-04-25,2026-04-30,Delivered,261.67
D207930,O100356,W106,BlueDart,2026-08-26,2026-08-29,2026-08-28,Delivered,119.91
D207931,O100256,W114,Delhivery,2026-08-22,2026-08-27,2026-09-02,Delayed,628.64
D207932,O106559,W109,DHL,2026-01-27,2026-01-31,2026-02-01,In Transit,529.69
D207933,O108398,W115,EcomExpress,2026-09-07,2026-09-12,2026-09-11,Delivered,1207.37
D207934,O104819,W110,Delhivery,2026-01-30,2026-02-01,2026-02-07,In Transit,443.02
D207935,O100766,W110,Delhivery,2026-07-09,2026-07-13,2026-07-13,Delivered,566.61
D207936,O105141,W104,FedEx,2026-01-15,2026-01-18,2026-01-20,Delivered,66.29
D207937,O101528,W108,BlueDart,2026-08-16,2026-08-22,2026-08-21,Delivered,165.98
D207938,O104784,W109,Delhivery,2026-01-13,2026-01-16,2026-01-14,Delivered,790.47
D207939,O103288,W109,DHL,2026-07-09,2026-07-16,2026-07-21,Delivered,857.45
D207940,O106420,W106,Delhivery,2026-01-11,2026-01-14,2026-01-18,Delivered,713.01
D207941,O101773,W109,DHL,2026-07-25,2026-07-31,2026-08-06,Delayed,1261.1
D207942,O100259,W109,BlueDart,2026-03-08,2026-03-11,2026-03-12,Delayed,347.34
D207943,O102784,W113,Delhivery,2026-07-17,2026-07-24,2026-07-29,Delivered,250.28
D207944,O100834,W102,BlueDart,2026-04-22,2026-04-28,2026-04-27,Delivered,272.23
D207945,O108545,W107,EcomExpress,2026-04-05,2026-04-11,2026-04-10,Delivered,98.08
D207946,O101070,W100,EcomExpress,2026-08-16,2026-08-23,2026-08-21,Delayed,1494.52
D207947,O109990,W107,DHL,2026-07-27,2026-07-30,2026-08-02,Delayed,644.35
D207948,O107037,W118,Delhivery,2026-04-02,2026-04-07,2026-04-10,Delayed,575.26
D207949,O102180,W118,FedEx,2026-05-11,2026-05-13,2026-05-12,Delivered,131.28
D207950,O103204,W100,FedEx,2026-04-14,2026-04-19,2026-04-20,Delivered,1207.54
D207951,O107353,W105,BlueDart,2026-03-08,2026-03-15,2026-03-14,Delayed,749.09
D207952,O108417,W116,Delhivery,2026-08-07,2026-08-10,2026-08-10,Delivered,145.71
D207953,O109916,W100,DHL,2026-06-21,2026-06-23,2026-06-21,Delayed,1486.37
D207954,O107471,W114,EcomExpress,2026-08-20,2026-08-27,2026-08-26,Delivered,1280.84
D207955,O104425,W105,FedEx,2026-03-20,2026-03-23,2026-03-21,Delivered,1116.89
D207956,O100881,W116,Delhivery,2026-01-02,2026-01-05,2026-01-06,Delivered,604.04
D207957,O104886,W106,BlueDart,2026-09-11,2026-09-15,2026-09-21,Delayed,931.0
D207958,O103077,W102,BlueDart,2026-01-27,2026-01-31,2026-01-30,In Transit,1262.6
D207959,O104468,W100,BlueDart,2026-05-11,2026-05-13,2026-05-12,Delivered,588.51
D207960,O107859,W111,EcomExpress,2026-09-09,2026-09-16,2026-09-15,Delivered,56.52
D207961,O106989,W114,EcomExpress,2026-01-21,2026-01-25,2026-01-25,In Transit,246.68
D207962,O106870,W103,FedEx,2026-09-04,2026-09-11,2026-09-10,In Transit,470.73
D207963,O105281,W111,Delhivery,2026-05-04,2026-05-10,2026-05-14,In Transit,605.61
D207964,O102590,W117,DHL,2026-08-14,2026-08-19,2026-08-25,Lost,1021.88
D207965,O108179,W102,EcomExpress,2026-09-13,2026-09-16,2026-09-16,Delayed,456.91
D207966,O107496,W106,Delhivery,2026-09-11,2026-09-16,2026-09-22,Delivered,722.1
D207967,O106420,W113,Delhivery,2026-06-18,2026-06-23,2026-06-24,Delivered,1231.54
D207968,O101852,W112,FedEx,2026-03-25,2026-04-01,2026-03-30,Delivered,1409.16
D207969,O109983,W110,EcomExpress,2026-04-08,2026-04-15,2026-04-16,Delayed,1237.26
D207970,O106956,W108,Delhivery,2026-08-11,2026-08-15,2026-08-16,Delayed,677.73
D207971,O100069,W112,Delhivery,2026-04-10,2026-04-17,2026-04-16,In Transit,1467.51
D207972,O108695,W106,DHL,2026-07-19,2026-07-24,2026-07-28,Delivered,194.32
D207973,O109756,W106,,2026-02-25,2026-02-28,2026-03-04,Delivered,910.04
D207974,O104050,W110,BlueDart,2026-06-03,2026-06-05,2026-06-10,In Transit,729.99
D207975,O106766,W109,BlueDart,2026-07-05,2026-07-09,2026-07-11,Delayed,590.5
D207976,O101453,W114,Delhivery,2026-05-22,2026-05-26,2026-06-01,In Transit,1067.47
D207977,O106531,W112,Delhivery,2026-05-18,2026-05-21,2026-05-25,In Transit,1003.69
D207978,O102593,W106,FedEx,2026-02-25,2026-03-03,2026-03-06,Delayed,66.84
D207979,O105291,W110,DHL,2026-04-25,2026-04-30,2026-05-05,Delivered,558.35
D207980,O106509,W101,DHL,2026-07-05,2026-07-12,2026-07-13,Delivered,426.63
D207981,O100057,W105,fedex,2026-08-20,2026-08-25,2026-08-25,Delivered,303.19
D207982,O102891,W106,Delhivery,2026-03-20,2026-03-26,2026-03-25,In Transit,618.47
D207983,O109594,W104,BlueDart,2026-03-26,2026-04-02,2026-04-05,Delivered,55.72
D207984,O103465,W103,FedEx,2026-07-24,2026-07-27,2026-07-29,Delivered,1024.55
D207985,O106668,W106,EcomExpress,2026-03-17,2026-03-20,2026-03-24,Delivered,832.38
D207986,O100406,W113,BlueDart,2026-01-10,2026-01-15,2026-01-16,Delivered,1057.52
D207987,O106678,W102,Delhivery,2026-02-21,2026-02-28,2026-03-06,Delivered,1026.11
D207988,O105722,W101,FedEx,2026-08-03,2026-08-06,2026-08-04,Delivered,1464.87
D207989,O102155,W113,Delhivery,2026-06-30,2026-07-03,2026-07-04,In Transit,1428.54
D207990,O104602,W113,FedEx,2026-02-23,2026-02-27,2026-03-02,In Transit,960.95
D207991,O107990,W108,Delhivery,2026-06-11,2026-06-13,2026-06-16,Delayed,624.01
D207992,O103525,W107,EcomExpress,2026-06-10,2026-06-15,2026-06-17,Delivered,334.74
D207993,O105330,W103,FedEx,2026-03-26,2026-03-31,2026-03-29,Delayed,349.9
D207994,O104667,W113,FedEx,2026-09-04,2026-09-09,2026-09-09,Delivered,1100.06
D207995,O100152,W118,Delhivery,2026-05-26,2026-06-02,2026-06-07,Delayed,1172.0
D207996,O108140,W107,FedEx,2026-08-17,2026-08-22,2026-08-28,Delivered,1218.24
D207997,O104042,W109,DHL,2026-09-10,2026-09-17,2026-09-19,Delivered,1107.45
D207998,O107341,W114,FedEx,2026-02-20,2026-02-22,2026-02-28,Delayed,1300.94
D207999,O101477,W106,Delhivery,2026-07-04,2026-07-09,2026-07-11,Delivered,715.05
D208000,O107675,W100,,2026-06-19,2026-06-22,2026-06-21,In Transit,1496.75
D208001,O108237,W103,FEDEX,2026-04-25,2026-04-27,2026-04-26,Delivered,1231.63
D208002,O103734,W103,DHL,2026-04-09,2026-04-14,2026-04-17,Delivered,1008.21
D208003,O107152,W107,BlueDart,2026-04-15,2026-04-22,2026-04-28,Delayed,954.2
D208004,O108724,W107,DHL,2026-02-06,2026-02-13,2026-02-15,Delivered,513.98
D208005,O101369,W114,EcomExpress,2026-08-17,2026-08-22,2026-08-23,In Transit,947.73
D208006,O104182,W118,,2026-04-27,2026-04-30,2026-04-30,Delivered,389.48
D208007,O102007,W119,EcomExpress,2026-02-06,2026-02-13,2026-02-13,Delivered,191.7
D208008,O106467,W112,FedEx,2026-04-20,2026-04-24,2026-04-24,Delivered,1386.27
D208009,O100015,W106,FedEx,2026-06-02,2026-06-09,2026-06-09,Delivered,1487.03
D208010,O106015,W113,Delhivery,2026-09-11,2026-09-17,2026-09-15,Delivered,1402.93
D208011,O100186,W118,Delhivery,2026-06-18,2026-06-22,2026-06-23,Delivered,1016.56
D208012,O105680,W103,FedEx,2026-07-16,2026-07-22,2026-07-22,Delivered,1425.82
D208013,O100039,W107,BlueDart,2026-02-02,2026-02-09,2026-02-07,In Transit,641.15
D208014,O105166,W115,Delhivery,2026-08-05,2026-08-11,2026-08-09,Delivered,255.74
D208015,O108478,W103,EcomExpress,2026-02-18,2026-02-21,2026-02-20,Delivered,851.9
D208016,O100199,W112,EcomExpress,2026-08-26,2026-08-31,2026-09-02,Delayed,1334.44
D208017,O107301,W116,DHL,2026-07-14,2026-07-16,2026-07-15,Delivered,1349.95
D208018,O104618,W115,FedEx,2026-07-04,2026-07-07,2026-07-08,Delayed,622.7
D208019,O108575,W108,BlueDart,2026-01-26,2026-01-28,2026-01-28,In Transit,545.01
D208020,O100408,W103,Delhivery,2026-03-14,2026-03-17,2026-03-17,Delivered,1452.77
D208021,O101192,W108,DHL,2026-02-27,2026-03-05,2026-03-07,Delayed,125.46
D208022,O109595,W107,BlueDart,2026-01-11,2026-01-17,2026-01-20,Delivered,307.74
D208023,O102993,W118,,2026-01-11,2026-01-16,2026-01-17,Delivered,183.57
D208024,O100033,W116,Delhivery,2026-01-23,2026-01-26,2026-02-01,Delivered,625.58
D208025,O105430,W107,BlueDart,2026-03-29,2026-03-31,2026-04-03,Delivered,668.59
D208026,O109894,W109,EcomExpress,2026-09-13,2026-09-17,2026-09-16,Delivered,92.2
D208027,O101405,W100,Delhivery,2026-08-06,2026-08-12,2026-08-10,Delivered,1119.56
D208028,O101022,W113,EcomExpress,2026-06-07,2026-06-14,2026-06-17,Delivered,1072.37
D208029,O101133,W108,Delhivery,2026-07-02,2026-07-07,2026-07-09,Delivered,932.54
D208030,O106514,W111,EcomExpress,2026-08-26,2026-09-02,2026-09-06,Delivered,273.11
D208031,O108774,W118,,2026-01-29,2026-02-02,2026-02-07,Delivered,121.91
D208032,O100405,W119,FedEx,2026-01-03,2026-01-10,2026-01-12,In Transit,1206.78
D208033,O104321,W103,EcomExpress,2026-06-29,2026-07-03,2026-07-02,Delivered,313.91
D208034,O106687,W104,EcomExpress,2026-03-03,2026-03-06,2026-03-07,Delivered,888.03
D208035,O109658,W113,FedEx,2026-03-06,2026-03-09,2026-03-13,Delivered,1090.06
D208036,O109528,W109,DHL,2026-06-16,2026-06-21,2026-06-21,Delivered,718.1
D208037,O105640,W113,BlueDart,2026-04-27,2026-04-29,2026-05-02,Delivered,196.78
D208038,O103178,W107,Delhivery,2026-01-28,2026-02-01,2026-02-02,Delivered,543.29
D208039,O105920,W109,BlueDart,2026-08-04,2026-08-06,2026-08-06,Delivered,450.54
D208040,O106661,W117,BlueDart,2026-04-09,2026-04-16,2026-04-14,Delayed,202.75
D208041,O100524,W100,FedEx,2026-02-18,2026-02-25,2026-02-23,Delivered,1246.36
D208042,O107821,W100,EcomExpress,2026-01-02,2026-01-09,2026-01-11,Delivered,617.41
D208043,O105356,W105,FedEx,2026-06-19,2026-06-26,2026-06-27,Delivered,724.92
D208044,O100678,W107,,2026-04-21,2026-04-28,2026-04-29,Delayed,415.46
D208045,O107436,W108,FedEx,2026-09-11,2026-09-17,2026-09-19,Delivered,1449.52
D208046,O104774,W106,BlueDart,2026-07-16,2026-07-22,2026-07-23,Delivered,441.55
D208047,O105323,W116,Delhivery,2026-04-17,2026-04-21,2026-04-22,Delayed,777.69
D208048,O101337,W107,BlueDart,2026-03-29,2026-04-01,2026-04-01,Delivered,1085.25
D208049,O104716,W115,FedEx,2026-08-28,2026-09-02,2026-09-05,Delivered,1495.0
D208050,O100220,W107,BlueDart,2026-03-27,2026-03-31,2026-03-29,Delivered,1452.13
D208051,O102315,W101,FedEx,2026-09-12,2026-09-15,2026-09-21,Delivered,597.26
D208052,O104054,W101,BlueDart,2026-05-27,2026-06-03,2026-06-05,Delivered,1028.8
D208053,O104349,W111,BlueDart,2026-07-17,2026-07-24,2026-07-28,Delayed,1401.33
D208054,O103456,W105,FedEx,2026-04-06,2026-04-12,2026-04-10,Delivered,1165.56
D208055,O108738,W116,FedEx,2026-04-02,2026-04-04,2026-04-02,Delivered,899.24
D208056,O107048,W107,BlueDart,2026-07-22,2026-07-25,2026-07-28,Delayed,672.13
D208057,O100140,W107,FedEx,2026-09-01,2026-09-04,2026-09-02,Delivered,1232.76
D208058,O106178,W109,DHL,2026-06-12,2026-06-18,2026-06-17,Delivered,999.71
D208059,O102119,W107,DHL,2026-04-10,2026-04-14,2026-04-19,Delivered,687.75
D208060,O107851,W103,FedEx,2026-02-15,2026-02-17,2026-02-22,Delivered,128.86
D208061,O102442,W116,Delhivery,2026-02-09,2026-02-14,2026-02-14,Delivered,541.48
D208062,O103554,W103,EcomExpress,2026-06-28,2026-06-30,2026-06-30,Delivered,1003.55
D208063,O105585,W117,DHL,2026-03-25,2026-03-27,2026-03-27,Delivered,1209.85
D208064,O101741,W109,BlueDart,2026-05-14,2026-05-19,2026-05-24,Delivered,885.49
D208065,O108897,W113,DHL,2026-04-16,2026-04-23,2026-04-24,Delivered,1261.85
D208066,O106959,W113,Delhivery,2026-09-09,2026-09-13,2026-09-13,Delivered,621.46
D208067,O104080,W117,FedEx,2026-03-10,2026-03-12,2026-03-12,Delivered,1190.99
D208068,O102343,W118,BlueDart,2026-01-14,2026-01-18,2026-01-19,Delayed,377.46
D208069,O101038,W100,BlueDart,2026-08-16,2026-08-22,2026-08-27,Delayed,524.26
D208070,O102540,W108,BlueDart,2026-06-16,2026-06-19,2026-06-19,Delivered,686.4
D208071,O100724,W115,DHL,2026-08-17,2026-08-20,2026-08-24,Delivered,954.76
D208072,O100662,W111,Delhivery,2026-04-09,2026-04-16,2026-04-17,Delayed,1156.48
D208073,O105852,W102,FedEx,2026-02-19,2026-02-25,2026-02-28,Delivered,241.15
D208074,O103417,W109,BlueDart,2026-06-08,2026-06-11,2026-06-09,In Transit,142.35
D208075,O107369,W107,BlueDart,2026-06-03,2026-06-07,2026-06-09,Delivered,1191.54
D208076,O107953,W116,FedEx,2026-05-09,2026-05-11,2026-05-09,Delivered,1142.45
D208077,O102756,W114,Delhivery,2026-05-18,2026-05-22,2026-05-24,Delivered,927.89
D208078,O103278,W110,DHL,2026-02-28,2026-03-04,2026-03-05,Delivered,1376.08
D208079,O108795,W106,FedEx,2026-07-12,2026-07-18,2026-07-23,Delayed,154.31
D208080,O102888,W102,FedEx,2026-05-19,2026-05-23,2026-05-21,Delayed,606.48
D208081,O105987,W113,BlueDart,2026-06-11,2026-06-15,2026-06-20,Delivered,714.29
D208082,O101428,W115,EcomExpress,2026-07-16,2026-07-20,2026-07-19,Delivered,945.52
D208083,O103418,W117,BlueDart,2026-04-01,2026-04-06,2026-04-04,Delivered,812.85
D208084,O109403,W104,DHL,2026-05-15,2026-05-17,2026-05-23,Delivered,219.53
D208085,O101459,W111,DHL,2026-04-14,2026-04-16,2026-04-22,Delivered,1217.44
D208086,O107925,W105,Delhivery,2026-05-23,2026-05-28,2026-05-27,Delayed,1422.54
D208087,O106506,W114,FedEx,2026-01-04,2026-01-07,2026-01-05,Delivered,1370.39
D208088,O102057,W101,FedEx,2026-03-14,2026-03-18,2026-03-17,Delivered,844.13
D208089,O102279,W111,FedEx,2026-09-10,2026-09-17,2026-09-18,Delivered,1108.72
D208090,O102754,W103,DHL,2026-08-17,2026-08-19,2026-08-22,Delivered,507.08
D208091,O107161,W114,DHL,2026-02-08,2026-02-10,2026-02-15,Delivered,623.34
D208092,O107088,W105,FedEx,2026-07-01,2026-07-06,2026-07-12,Delivered,718.57
D208093,O101705,W107,EcomExpress,2026-08-19,2026-08-26,2026-08-27,Delivered,636.22
D208094,O104749,W102,BlueDart,2026-04-28,2026-05-04,2026-05-08,Delivered,1128.36
D208095,O105526,W110,EcomExpress,2026-07-31,2026-08-04,2026-08-02,Delivered,1364.71
D208096,O102846,W119,Delhivery,2026-06-19,2026-06-23,2026-06-24,Delivered,830.55
D208097,O103237,W104,FedEx,2026-01-03,2026-01-10,2026-01-10,In Transit,435.14
D208098,O103303,W112,EcomExpress,2026-08-16,2026-08-21,2026-08-25,In Transit,917.88
D208099,O108817,W110,BlueDart,2026-01-31,2026-02-05,2026-02-09,In Transit,756.62
D208100,O105040,W103,Delhivery,2026-06-14,2026-06-17,2026-06-20,Delayed,559.11
D208101,O108002,W115,FedEx,2026-02-26,2026-03-03,2026-03-08,Delivered,717.84
D208102,O102572,W110,Delhivery,2026-03-21,2026-03-23,2026-03-24,In Transit,932.42
D208103,O107924,W101,Delhivery,2026-06-28,2026-07-01,2026-07-07,Delivered,1129.29
D208104,O108126,W108,EcomExpress,2026-02-15,2026-02-17,2026-02-17,Delivered,665.8
D208105,O100658,W116,Delhivery,2026-03-02,2026-03-07,2026-03-11,Delayed,1179.3
D208106,O101502,W103,BlueDart,2026-01-16,2026-01-22,2026-01-28,Delivered,810.85
D208107,O109605,W118,BlueDart,2026-04-09,2026-04-12,2026-04-10,Delayed,986.73
D208108,O109904,W104,BlueDart,2026-02-15,2026-02-20,2026-02-23,In Transit,1126.95
D208109,O104846,W105,DHL,2026-08-11,2026-08-14,2026-08-19,Delivered,278.41
D208110,O109349,W117,Delhivery,2026-08-20,2026-08-27,2026-08-31,Delivered,495.45
D208111,O105895,W105,Delhivery,2026-03-08,2026-03-15,2026-03-18,In Transit,341.99
D208112,O107583,W102,DHL,2026-01-10,2026-01-15,2026-01-20,Delivered,646.15
D208113,O106220,W106,DHL,2026-09-02,2026-09-07,2026-09-13,Delivered,372.78
D208114,O100546,W117,DHL,2026-07-01,2026-07-08,2026-07-10,Delivered,544.02
D208115,O101376,W110,BlueDart,2026-02-23,2026-03-02,2026-03-08,Delivered,1313.07
D208116,O104572,W117,FedEx,2026-05-21,2026-05-24,2026-05-26,Delivered,1224.54
D208117,O104388,W109,DHL,2026-05-23,2026-05-26,2026-05-30,Delivered,1189.51
D208118,O102219,W118,Delhivery,2026-07-11,2026-07-13,2026-07-19,Delivered,234.22
D208119,O109609,W118,Delhivery,2026-08-01,2026-08-03,2026-08-04,Delivered,1114.37
D208120,O104831,W112, ,2026-08-08,2026-08-15,2026-08-20,Delivered,621.06
D208121,O100606,W110,Delhivery,2026-02-09,2026-02-13,2026-02-15,Lost,203.91
D208122,O107807,W100,BlueDart,2026-07-28,2026-07-30,2026-07-28,Delivered,211.9
D208123,O106527,W115,FedEx,2026-07-26,2026-08-01,2026-08-07,Delivered,159.79
D208124,O100504,W102,EcomExpress,2026-08-24,2026-08-30,2026-08-30,Delivered,951.36
D208125,O102883,W116,FedEx,2026-07-12,2026-07-14,2026-07-14,Delivered,988.26
D208126,O108190,W101,DHL,2026-01-05,2026-01-12,2026-01-17,Delivered,369.81
D208127,O101499,W109,BlueDart,2026-02-17,2026-02-20,2026-02-23,Delivered,1083.88
D208128,O100299,W104,BlueDart,2026-06-20,2026-06-22,2026-06-20,Delayed,1241.95
D208129,O109509,W105,DHL,2026-01-28,2026-02-04,2026-02-05,Delivered,751.18
D208130,O108602,W108,FedEx,2026-05-19,2026-05-21,2026-05-25,Delivered,1345.84
D208131,O105782,W116,Delhivery,2026-05-01,2026-05-08,2026-05-13,Delivered,788.86
D208132,O100510,W107,Delhivery,2026-05-20,2026-05-24,2026-05-26,Delivered,1413.82
D208133,O103980,W112,FedEx,2026-01-01,2026-01-03,2026-01-01,Delivered,99.1
D208134,O104995,W110,EcomExpress,2026-02-11,2026-02-14,2026-02-12,Delivered,445.76
D208135,O105306,W105,EcomExpress,2026-01-01,2026-01-07,2026-01-05,Delivered,479.99
D208136,O100250,W103,FedEx,2026-04-05,2026-04-10,2026-04-09,Delivered,522.52
D208137,O103777,W110,FedEx,2026-07-20,2026-07-26,2026-07-27,Delayed,629.85
D208138,O104987,W118,FedEx,2026-07-10,2026-07-12,2026-07-12,Delivered,695.22
D208139,O106298,W108,FedEx,2026-06-25,2026-06-29,2026-06-28,Delayed,177.99
D208140,O100725,W116,delhivery,2026-08-21,2026-08-23,2026-08-26,Delivered,160.99
D208141,O101266,W109, EcomExpress ,2026-07-13,2026-07-19,2026-07-22,Delivered,769.68
D208142,O107067,W118,DHL,2026-06-05,2026-06-07,2026-06-06,Delivered,428.62
D208143,O105336,W105, ,2026-08-25,2026-08-30,2026-09-01,Delivered,693.29
D208144,O101971,W100,BlueDart,2026-07-09,2026-07-12,2026-07-13,Delivered,614.3
D208145,O101289,W107,BlueDart,2026-08-03,2026-08-05,2026-08-09,Delivered,1275.83
D208146,O104482,W103,BlueDart,2026-07-22,2026-07-26,2026-07-28,Delayed,433.24
D208147,O106984,W119,BlueDart,2026-07-05,2026-07-11,2026-07-15,Delivered,757.71
D208148,O102783,W118,Delhivery,2026-08-23,2026-08-27,2026-08-29,Delivered,983.95
D208149,O105471,W106,Delhivery,2026-04-09,2026-04-11,2026-04-15,Delivered,1365.93
D208150,O102818,W108,Delhivery,2026-03-13,2026-03-15,2026-03-16,Delivered,208.89
D208151,O109136,W119,EcomExpress,2026-09-02,2026-09-09,2026-09-10,Delivered,599.79
D208152,O105070,W108,DHL,2026-09-03,2026-09-10,2026-09-12,Delivered,287.18
D208153,O107765,W102,BlueDart,2026-06-04,2026-06-09,2026-06-11,Delivered,990.09
D208154,O101505,W111,FedEx,2026-02-12,2026-02-15,2026-02-18,Delivered,1026.31
D208155,O105813,W100,FedEx,2026-01-31,2026-02-06,2026-02-07,Delivered,980.24
D208156,O109069,W108,DHL,2026-06-22,2026-06-27,2026-06-25,Delayed,988.91
D208157,O107414,W115,Delhivery,2026-01-02,2026-01-08,2026-01-07,Delivered,268.64
D208158,O107317,W119,BlueDart,2026-08-10,2026-08-15,2026-08-17,Delivered,93.15
D208159,O106061,W116,FedEx,2026-06-16,2026-06-19,2026-06-23,Delivered,491.28
D208160,O104558,W102,DHL,2026-01-11,2026-01-13,2026-01-12,Delivered,539.22
D208161,O105767,W117,BlueDart,2026-03-19,2026-03-23,2026-03-23,Delivered,650.96
D208162,O101148,W105,Delhivery,2026-05-04,2026-05-11,2026-05-11,Delivered,409.68
D208163,O100814,W102,DHL,2026-05-05,2026-05-08,2026-05-11,Delivered,1480.27
D208164,O107355,W101,BlueDart,2026-01-28,2026-01-30,2026-02-05,Delivered,153.43
D208165,O101593,W100,BlueDart,2026-06-02,2026-06-06,2026-06-08,Delivered,1349.23
D208166,O109766,W106,BlueDart,2026-08-07,2026-08-09,2026-08-15,In Transit,503.26
D208167,O109167,W103,BlueDart,2026-04-06,2026-04-10,2026-04-14,Delayed,190.39
D208168,O103614,W101, BlueDart ,2026-03-02,2026-03-05,2026-03-09,Delivered,885.21
D208169,O106221,W112,FedEx,2026-06-09,2026-06-14,2026-06-20,Delayed,282.87
D208170,O106955,W111,BlueDart,2026-09-06,2026-09-11,2026-09-17,Delayed,1150.83
D208171,O109974,W105,DHL,2026-01-12,2026-01-14,2026-01-18,Delayed,852.68
D208172,O102935,W107,Delhivery,2026-08-03,2026-08-09,2026-08-12,Delivered,1179.12
D208173,O104397,W116,EcomExpress,2026-02-20,2026-02-24,2026-02-28,Delivered,976.06
D208174,O107983,W103,FedEx,2026-07-12,2026-07-18,2026-07-18,Delivered,1387.22
D208175,O105084,W114,FedEx,2026-06-21,2026-06-26,2026-06-26,Delivered,494.71
D208176,O108433,W115, ,2026-04-23,2026-04-30,2026-04-30,In Transit,246.11
D208177,O100035,W115,FedEx,2026-08-25,2026-09-01,2026-09-02,Delivered,1018.25
D208178,O102775,W112,DHL,2026-04-23,2026-04-30,2026-05-05,Delivered,1397.03
D208179,O108256,W101,DHL,2026-01-07,2026-01-12,2026-01-17,Delivered,943.35
D208180,O101532,W115,FedEx,2026-06-14,2026-06-17,2026-06-20,Delivered,1338.23
D208181,O105794,W112,,2026-04-15,2026-04-17,2026-04-19,Delivered,120.56
D208182,O100107,W119,BlueDart,2026-06-01,2026-06-08,2026-06-13,Delayed,1244.87
D208183,O101725,W105,Delhivery,2026-03-26,2026-03-31,2026-04-02,Delivered,1319.84
D208184,O102430,W105,EcomExpress,2026-01-01,2026-01-08,2026-01-06,Delivered,983.51
D208185,O102270,W106,EcomExpress,2026-09-09,2026-09-15,2026-09-20,Delivered,685.07
D208186,O107985,W116,EcomExpress,2026-02-05,2026-02-07,2026-02-05,Delivered,474.38
D208187,O109496,W102,BLUEDART,2026-08-02,2026-08-09,2026-08-11,Delivered,226.61
D208188,O106204,W103,Delhivery,2026-03-18,2026-03-23,2026-03-29,In Transit,1446.2
D208189,O100752,W110,Delhivery,2026-04-14,2026-04-16,2026-04-22,Delivered,330.65
D208190,O106575,W106,DHL,2026-02-01,2026-02-08,2026-02-07,In Transit,1015.47
D208191,O107514,W106,BlueDart,2026-07-13,2026-07-17,2026-07-16,Delivered,80.84
D208192,O105580,W111,,2026-02-27,2026-03-05,2026-03-04,Delivered,381.12
D208193,O103657,W107,Delhivery,2026-06-30,2026-07-04,2026-07-08,Delivered,1459.57
D208194,O106823,W107,fedex,2026-01-29,2026-02-02,2026-01-31,Delayed,959.54
D208195,O107213,W115,DHL,2026-09-03,2026-09-06,2026-09-08,Delayed,946.31
D208196,O101934,W103,FedEx,2026-02-27,2026-03-04,2026-03-05,Delivered,583.72
D208197,O109110,W114,Delhivery,2026-01-26,2026-01-28,2026-02-02,Delayed,87.32
D208198,O101493,W102,BlueDart,2026-08-10,2026-08-16,2026-08-17,Delivered,1069.46
D208199,O101065,W118,BlueDart,2026-07-23,2026-07-28,2026-08-01,In Transit,1065.08
D208200,O108115,W116,Delhivery,2026-03-04,2026-03-07,2026-03-08,Delivered,1324.84
D208201,O100623,W113,EcomExpress,2026-07-23,2026-07-26,2026-08-01,Delayed,1078.79
D208202,O100511,W104,DHL,2026-01-28,2026-01-31,2026-02-05,Delivered,586.57
D208203,O106749,W118,EcomExpress,2026-04-23,2026-04-29,2026-05-01,Delivered,795.47
D208204,O104285,W110,Delhivery,2026-08-10,2026-08-15,2026-08-20,In Transit,448.91
D208205,O108515,W102,FedEx,2026-08-24,2026-08-29,2026-08-29,Delivered,989.49
D208206,O107571,W103,EcomExpress,2026-01-30,2026-02-03,2026-02-04,In Transit,652.24
D208207,O105782,W103,FedEx,2026-06-19,2026-06-23,2026-06-22,Delivered,247.2
D208208,O108581,W116,FedEx,2026-01-31,2026-02-04,2026-02-08,Delivered,1407.02
D208209,O103020,W100,DHL,2026-05-18,2026-05-23,2026-05-24,Delayed,408.17
D208210,O106776,W102,Delhivery,2026-03-02,2026-03-04,2026-03-03,Delivered,1408.09
D208211,O105956,W116,DELHIVERY,2026-03-03,2026-03-06,2026-03-08,Delivered,1231.82
D208212,O101344,W111,Delhivery,2026-08-24,2026-08-30,2026-09-04,Delivered,325.16
D208213,O105575,W110,FedEx,2026-08-29,2026-09-03,2026-09-05,Delivered,364.82
D208214,O106825,W115,EcomExpress,2026-08-15,2026-08-18,2026-08-19,Delivered,389.24
D208215,O107610,W119,Delhivery,2026-08-09,2026-08-11,2026-08-09,Delivered,53.2
D208216,O109207,W115,Delhivery,2026-04-14,2026-04-16,2026-04-21,Delivered,862.34
D208217,O104616,W101,,2026-02-23,2026-02-27,2026-02-25,Delivered,936.01
D208218,O100016,W104,EcomExpress,2026-05-26,2026-05-31,2026-06-04,In Transit,1278.92
D208219,O103422,W107,DHL,2026-07-31,2026-08-05,2026-08-10,Delayed,964.72
D208220,O101605,W117,DHL,2026-08-15,2026-08-22,2026-08-28,Delayed,641.82
D208221,O108777,W114,Delhivery,2026-01-17,2026-01-19,2026-01-25,Delayed,1020.92
D208222,O109605,W114,Delhivery,2026-07-18,2026-07-20,2026-07-21,Delayed,1240.45
D208223,O101742,W108,FedEx,2026-01-25,2026-01-31,2026-02-05,Delayed,303.29
D208224,O108832,W100,FedEx,2026-08-25,2026-08-27,2026-09-01,Delayed,82.76
D208225,O102687,W107,BlueDart,2026-05-19,2026-05-23,2026-05-25,In Transit,856.94
D208226,O104231,W119,FedEx,2026-08-04,2026-08-07,2026-08-11,Delivered,651.59
D208227,O100541,W118,EcomExpress,2026-02-05,2026-02-12,2026-02-16,Delivered,1311.05
D208228,O103169,W104,DHL,2026-03-18,2026-03-20,2026-03-22,Delivered,988.73
D208229,O104572,W113,FedEx,2026-03-18,2026-03-23,2026-03-22,Delivered,576.98
D208230,O104225,W105,DHL,2026-04-23,2026-04-26,2026-04-30,Delivered,890.93
D208231,O103795,W103,EcomExpress,2026-01-10,2026-01-13,2026-01-18,In Transit,864.89
D208232,O106222,W119,Delhivery,2026-09-08,2026-09-15,2026-09-21,Delayed,738.97
D208233,O108917,W111,DHL,2026-06-09,2026-06-15,2026-06-16,Delivered,1043.31
D208234,O106657,W118,BlueDart,2026-08-29,2026-09-02,2026-09-04,Delivered,487.91
D208235,O109238,W109,DHL,2026-08-20,2026-08-24,2026-08-30,Delivered,718.95
D208236,O109488,W107,DHL,2026-03-20,2026-03-27,2026-03-26,Delivered,1460.78
D208237,O104684,W114,EcomExpress,2026-05-12,2026-05-17,2026-05-22,Delivered,486.68
D208238,O106665,W116,Delhivery,2026-04-21,2026-04-27,2026-04-25,Delivered,271.66
D208239,O101279,W105,FedEx,2026-08-22,2026-08-24,2026-08-26,Delivered,71.27
D208240,O104188,W111,Delhivery,2026-06-28,2026-07-04,2026-07-02,Delivered,391.85
D208241,O101680,W100,EcomExpress,2026-07-26,2026-07-31,2026-08-01,Delivered,131.78
D208242,O108543,W115,Delhivery,2026-07-20,2026-07-26,2026-07-31,In Transit,974.7
D208243,O108004,W107,BlueDart,2026-08-09,2026-08-15,2026-08-17,Delayed,252.3
D208244,O101851,W113,BlueDart,2026-04-01,2026-04-04,2026-04-03,Delayed,904.42
D208245,O105253,W107,EcomExpress,2026-08-17,2026-08-23,2026-08-28,Delivered,432.94
D208246,O102376,W114,Delhivery,2026-05-10,2026-05-14,2026-05-15,Delivered,258.34
D208247,O103479,W111,BlueDart,2026-09-15,2026-09-19,2026-09-21,Delayed,1074.54
D208248,O108965,W115,FedEx,2026-04-06,2026-04-11,2026-04-11,Delayed,1480.8
D208249,O106720,W100,Delhivery,2026-04-30,2026-05-06,2026-05-05,Delivered,1305.01
D208250,O106555,W105,EcomExpress,2026-01-07,2026-01-12,2026-01-18,Delivered,1222.85
D208251,O103704,W104,EcomExpress,2026-01-19,2026-01-23,2026-01-28,Delivered,1172.54
D208252,O103410,W100,BlueDart,2026-08-14,2026-08-18,2026-08-18,Delayed,570.56
D208253,O101120,W109,FedEx,2026-02-03,2026-02-09,2026-02-08,Delivered,307.0
D208254,O102297,W101,FedEx,2026-06-16,2026-06-18,2026-06-16,Delayed,227.26
D208255,O102941,W100,FedEx,2026-05-12,2026-05-15,2026-05-20,Delivered,920.22
D208256,O109250,W101,FedEx,2026-09-07,2026-09-09,2026-09-10,Delivered,1168.73
D208257,O108069,W116,Delhivery,2026-06-20,2026-06-23,2026-06-27,Delivered,1482.36
D208258,O105095,W110,FedEx,2026-07-01,2026-07-08,2026-07-06,Delayed,781.46
D208259,O108696,W100,FedEx,2026-01-09,2026-01-13,2026-01-16,Delivered,687.56
D208260,O102236,W102,DHL,2026-03-01,2026-03-03,2026-03-05,Delayed,500.63
D208261,O107291,W116,FedEx,2026-04-10,2026-04-16,2026-04-22,Delivered,629.64
D208262,O105767,W101,EcomExpress,2026-04-21,2026-04-23,2026-04-22,Delivered,521.04
D208263,O108242,W104,FedEx,2026-07-16,2026-07-23,2026-07-23,Delivered,598.87
D208264,O104926,W112,EcomExpress,2026-08-20,2026-08-24,2026-08-24,Delivered,1127.47
D208265,O102822,W110,FedEx,2026-03-19,2026-03-24,2026-03-28,Delayed,696.09
D208266,O104320,W105,,2026-02-14,2026-02-20,2026-02-20,Delivered,932.4
D208267,O104025,W114,,2026-02-03,2026-02-05,2026-02-08,Delivered,1300.45
D208268,O104279,W100,Delhivery,2026-06-17,2026-06-22,2026-06-27,Delivered,1084.36
D208269,O100788,W107,BlueDart,2026-07-15,2026-07-17,2026-07-23,Delivered,174.76
D208270,O101930,W114,DHL,2026-08-17,2026-08-20,2026-08-19,Delivered,1154.27
D208271,O104718,W101,DHL,2026-02-03,2026-02-06,2026-02-08,Delayed,1461.78
D208272,O102603,W114,fedex,2026-05-22,2026-05-28,2026-05-28,Delivered,1152.29
D208273,O109750,W101,EcomExpress,2026-01-10,2026-01-17,2026-01-23,Delivered,1020.06
D208274,O105311,W118,EcomExpress,2026-03-23,2026-03-26,2026-03-28,In Transit,558.95
D208275,O102862,W100,BlueDart,2026-04-04,2026-04-09,2026-04-09,Delivered,692.37
D208276,O104405,W113,DHL,2026-05-31,2026-06-02,2026-06-02,Delivered,883.29
D208277,O107035,W102,DHL,2026-07-27,2026-07-31,2026-08-03,Delivered,935.47
D208278,O104175,W115,DHL,2026-06-07,2026-06-12,2026-06-18,Delivered,185.68
D208279,O104697,W106,EcomExpress,2026-03-02,2026-03-07,2026-03-09,Delivered,212.13
D208280,O105556,W115,BlueDart,2026-05-03,2026-05-07,2026-05-13,Delivered,99.89
D208281,O102649,W104,Delhivery,2026-08-19,2026-08-23,2026-08-27,Delayed,778.81
D208282,O109220,W107,BlueDart,2026-02-10,2026-02-17,2026-02-18,Delivered,332.14
D208283,O108316,W115,EcomExpress,2026-08-04,2026-08-08,2026-08-14,Delivered,374.38
D208284,O104883,W113,BlueDart,2026-06-16,2026-06-18,2026-06-19,Delivered,706.73
D208285,O106596,W108,BlueDart,2026-01-29,2026-02-02,2026-02-08,Delayed,418.08
D208286,O102097,W119,FedEx,2026-05-23,2026-05-27,2026-05-25,Delayed,1491.53
D208287,O107153,W113,BlueDart,2026-03-27,2026-03-31,2026-04-05,In Transit,917.88
D208288,O102441,W111,Delhivery,2026-04-21,2026-04-28,2026-05-04,Delayed,262.68
D208289,O109978,W115,FedEx,2026-02-24,2026-03-01,2026-02-28,In Transit,694.18
D208290,O102504,W101,Delhivery,2026-07-11,2026-07-13,2026-07-12,Delivered,1332.72
D208291,O106871,W101,EcomExpress,2026-07-29,2026-08-05,2026-08-03,Delivered,787.61
D208292,O101462,W116,EcomExpress,2026-05-01,2026-05-04,2026-05-09,Delivered,-500.0
D208293,O100705,W108,EcomExpress,2026-08-29,2026-08-31,2026-09-06,Delivered,556.48
D208294,O101024,W118,DHL,2026-02-13,2026-02-20,2026-02-26,Delivered,126.48
D208295,O109666,W116,FedEx,2026-04-25,2026-05-01,2026-05-06,Delivered,1105.29
D208296,O107227,W110,FedEx,2026-03-02,2026-03-08,2026-03-06,Delivered,1216.43
D208297,O103635,W115,FedEx,2026-02-02,2026-02-07,2026-02-11,Delivered,1306.19
D208298,O106332,W101,,2026-07-06,2026-07-12,2026-07-17,In Transit,1058.79
D208299,O102030,W118,Delhivery,2026-02-24,2026-03-02,2026-03-04,Delivered,584.4
D208300,O107032,W105,FedEx,2026-02-08,2026-02-12,2026-02-17,Delivered,1313.83
D208301,O107264,W111,DHL,2026-05-04,2026-05-08,2026-05-13,Delivered,1165.04
D208302,O104485,W106,Delhivery,2026-07-15,2026-07-17,2026-07-17,Delayed,455.8
D208303,O103922,W119,DHL,2026-01-12,2026-01-19,2026-01-19,Delayed,1106.06
D208304,O106514,W111,BlueDart,2026-01-14,2026-01-20,2026-01-23,Delayed,504.0
D208305,O107596,W117,BlueDart,2026-05-22,2026-05-25,2026-05-23,Delivered,1289.21
D208306,O105424,W105,EcomExpress,2026-08-14,2026-08-19,2026-08-23,Delivered,875.95
D208307,O107787,W107,Delhivery,2026-01-25,2026-01-27,2026-01-29,Delivered,95.79
D208308,O106089,W110,DHL,2026-06-05,2026-06-09,2026-06-10,Delivered,1236.97
D208309,O107460,W114,BlueDart,2026-08-10,2026-08-14,2026-08-20,Delivered,144.47
D208310,O103089,W111,FedEx,2026-06-06,2026-06-08,2026-06-12,Delivered,59.75
D208311,O106961,W101,Delhivery,2026-05-25,2026-05-27,2026-05-27,Delayed,604.4
D208312,O104452,W106,EcomExpress,2026-05-15,2026-05-21,2026-05-26,Delivered,290.76
D208313,O100736,W104,Delhivery,2026-01-31,2026-02-06,2026-02-12,Delayed,388.63
D208314,O101250,W104,BlueDart,2026-06-27,2026-07-02,2026-07-04,Delayed,612.77
D208315,O105348,W101,DHL,2026-02-03,2026-02-06,2026-02-04,Delayed,153.36
D208316,O101806,W116,Delhivery,2026-06-18,2026-06-20,2026-06-22,Delivered,577.77
D208317,O109391,W106,BlueDart,2026-02-20,2026-02-22,2026-02-28,Delivered,421.78
D208318,O102359,W109,BlueDart,2026-04-25,2026-04-27,2026-04-28,Delivered,279.12
D208319,O106740,W107,DHL,2026-05-11,2026-05-14,2026-05-19,In Transit,987.3
D208320,O101492,W111,FedEx,2026-03-21,2026-03-25,2026-03-27,Delivered,1113.07
D208321,O100045,W119,EcomExpress,2026-09-11,2026-09-18,2026-09-23,Lost,855.62
D208322,O106363,W104,Delhivery,2026-02-17,2026-02-19,2026-02-22,Delivered,649.06
D208323,O105213,W103,DHL,2026-02-07,2026-02-10,2026-02-13,In Transit,898.08
D208324,O104962,W108,BlueDart,2026-03-24,2026-03-30,2026-04-05,Delivered,238.59
D208325,O101885,W109,BlueDart,2026-08-11,2026-08-18,2026-08-18,In Transit,894.17
D208326,O105697,W111,Delhivery,2026-01-28,2026-02-03,2026-02-02,Delivered,791.92
D208327,O106920,W118,Delhivery,2026-01-11,2026-01-17,2026-01-17,Delayed,258.72
D208328,O104580,W100,Delhivery,2026-09-14,2026-09-20,2026-09-21,Delayed,1067.9
D208329,O107372,W113,EcomExpress,2026-08-07,2026-08-12,2026-08-14,In Transit,1099.33
D208330,O108569,W104,FedEx,2026-01-26,2026-01-31,2026-02-01,Delivered,840.97
D208331,O103750,W110,FedEx,2026-08-05,2026-08-08,2026-08-10,Delivered,407.96
D208332,O103902,W104,FedEx,2026-02-07,2026-02-10,2026-02-12,Delivered,1436.67
D208333,O103270,W116,EcomExpress,2026-05-30,2026-06-04,2026-06-07,Delivered,1218.65
D208334,O100057,W110,Delhivery,2026-06-07,2026-06-13,2026-06-19,Delivered,409.67
D208335,O102768,W113,EcomExpress,2026-02-11,2026-02-17,2026-02-19,Delivered,705.53
D208336,O100716,W112,FedEx,2026-08-08,2026-08-13,2026-08-18,In Transit,436.96
D208337,O102686,W114, BlueDart ,2026-08-07,2026-08-11,2026-08-16,Delivered,928.11
D208338,O107119,W114,DHL,2026-07-19,2026-07-25,2026-07-25,Delivered,1382.29
D208339,O105287,W101,EcomExpress,2026-02-19,2026-02-26,2026-02-26,Delivered,751.71
D208340,O108370,W109,Delhivery,2026-02-22,2026-02-28,2026-02-26,Delivered,169.71
D208341,O106417,W110,DHL,2026-09-02,2026-09-09,2026-09-11,Delivered,1161.3
D208342,O102317,W100,FedEx,2026-08-27,2026-08-31,2026-09-04,Delivered,1183.37
D208343,O102086,W100,DHL,2026-03-19,2026-03-22,2026-03-27,Delivered,1289.16
D208344,O105788,W111,Delhivery,2026-05-23,2026-05-27,2026-05-28,In Transit,906.9
D208345,O109013,W102,DHL,2026-03-25,2026-03-28,2026-03-31,In Transit,1344.97
D208346,O100414,W113,EcomExpress,2026-01-02,2026-01-08,2026-01-10,Delivered,1116.92
D208347,O106468,W109,EcomExpress,2026-07-29,2026-08-05,2026-08-09,In Transit,1140.23
D208348,O100299,W112, BlueDart ,2026-08-29,2026-09-02,2026-09-07,Delivered,579.76
D208349,O101948,W105,FedEx,2026-01-26,2026-01-28,2026-01-27,Delayed,867.24
D208350,O108454,W101,DHL,2026-01-16,2026-01-21,2026-01-23,In Transit,1229.91
D208351,O100306,W108,FedEx,2026-06-25,2026-07-01,2026-07-04,Delivered,483.88
D208352,O105833,W119,DHL,2026-06-26,2026-07-01,2026-07-02,Delivered,979.05
D208353,O101294,W108,Delhivery,2026-03-20,2026-03-22,2026-03-25,Delivered,1410.53
D208354,O109279,W119,EcomExpress,2026-05-24,2026-05-26,2026-06-01,Delivered,1234.43
D208355,O106560,W110,Delhivery,2026-01-06,2026-01-08,2026-01-13,Delayed,1093.62
D208356,O109371,W103,Delhivery,2026-05-11,2026-05-16,2026-05-22,Delivered,370.2
D208357,O108771,W105,FedEx,2026-09-03,2026-09-06,2026-09-11,Delivered,749.63
D208358,O104338,W106,Delhivery,2026-09-06,2026-09-09,2026-09-09,Delayed,746.96
D208359,O100182,W105,Delhivery,2026-06-15,2026-06-20,2026-06-23,Delivered,1012.03
D208360,O105365,W116,BlueDart,2026-09-05,2026-09-10,2026-09-13,Delivered,527.67
D208361,O104826,W107,FedEx,2026-04-01,2026-04-05,2026-04-07,Delivered,796.99
D208362,O101908,W116, Delhivery ,2026-05-26,2026-06-02,2026-06-07,Delayed,126.66
D208363,O100006,W106,FedEx,2026-01-04,2026-01-07,2026-01-12,Delivered,158.25
D208364,O107094,W101,DHL,2026-01-18,2026-01-23,2026-01-21,Lost,354.04
D208365,O109269,W106,DHL,2026-04-29,2026-05-04,2026-05-09,Delivered,1112.16
D208366,O104837,W102,Delhivery,2026-01-31,2026-02-05,2026-02-10,Delivered,517.57
D208367,O102135,W111,FedEx,2026-04-12,2026-04-17,2026-04-23,Lost,128.19
D208368,O101597,W110,Delhivery,2026-02-12,2026-02-17,2026-02-15,Delivered,934.75
D208369,O108621,W103,FedEx,2026-07-07,2026-07-14,2026-07-20,Delayed,892.15
D208370,O102809,W117,FedEx,2026-02-03,2026-02-09,2026-02-13,Delivered,1335.25
D208371,O101897,W114,Delhivery,2026-07-31,2026-08-06,2026-08-05,Lost,1086.17
D208372,O108375,W113,BlueDart,2026-02-17,2026-02-20,2026-02-23,Delivered,217.04
D208373,O101269,W115,BlueDart,2026-08-18,2026-08-24,2026-08-29,In Transit,1146.12
D208374,O101035,W117,DHL,2026-06-27,2026-06-29,2026-06-28,Delivered,919.6
D208375,O101490,W100, BlueDart ,2026-08-11,2026-08-16,2026-08-19,Delivered,603.53
D208376,O109887,W118,ecomexpress,2026-04-02,2026-04-07,2026-04-09,Delivered,1192.84
D208377,O107058,W101,DHL,2026-03-19,2026-03-25,2026-03-31,Delayed,1317.72
D208378,O101139,W114,Delhivery,2026-06-08,2026-06-11,2026-06-09,Delivered,524.8
D208379,O109115,W114,FedEx,2026-06-05,2026-06-08,2026-06-12,Delayed,1058.95
D208380,O102839,W119,Delhivery,2026-08-28,2026-08-30,2026-09-02,Delayed,858.17
D208381,O102015,W104,,2026-08-03,2026-08-09,2026-08-10,Delivered,173.46
D208382,O108565,W103,FedEx,2026-05-16,2026-05-22,2026-05-24,Delivered,1156.93
D208383,O101120,W116,DHL,2026-02-21,2026-02-26,2026-02-25,Delivered,1249.31
D208384,O105250,W117,DHL,2026-05-19,2026-05-25,2026-05-24,In Transit,1104.28
D208385,O100782,W112,Delhivery,2026-06-27,2026-06-30,2026-07-05,Delivered,1013.58
D208386,O102147,W118,DHL,2026-04-19,2026-04-22,2026-04-27,Delivered,879.43
D208387,O108985,W106,BlueDart,2026-04-03,2026-04-06,2026-04-06,Delivered,751.51
D208388,O108392,W117,BlueDart,2026-07-05,2026-07-07,2026-07-05,Delivered,1091.83
D208389,O103661,W109, ,2026-02-08,2026-02-15,2026-02-17,Delivered,232.41
D208390,O106783,W106,EcomExpress,2026-01-20,2026-01-26,2026-01-29,Delivered,56.39
D208391,O101928,W102,FedEx,2026-02-12,2026-02-18,2026-02-22,Delivered,399.44
D208392,O105664,W105,Delhivery,2026-01-06,2026-01-13,2026-01-13,Delivered,58.9
D208393,O103803,W105,FedEx,2026-03-11,2026-03-14,2026-03-20,Delivered,701.09
D208394,O107938,W114,DHL,2026-07-26,2026-07-28,2026-07-27,Delivered,864.56
D208395,O109989,W114,DHL,2026-04-29,2026-05-05,2026-05-05,Delivered,900.35
D208396,O105581,W101,EcomExpress,2026-04-19,2026-04-22,2026-04-28,Delivered,1206.92
D208397,O106727,W102,EcomExpress,2026-05-15,2026-05-20,2026-05-22,Delayed,1336.47
D208398,O100982,W109,BlueDart,2026-03-10,2026-03-13,2026-03-16,Delivered,1360.63
D208399,O107086,W119,DHL,2026-03-16,2026-03-23,2026-03-27,Delivered,64.68
D208400,O107850,W109,DHL,2026-08-15,2026-08-19,2026-08-18,In Transit,717.59
D208401,O100115,W115,Delhivery,2026-09-06,2026-09-11,2026-09-12,Delivered,580.35
D208402,O102662,W103,,2026-08-31,2026-09-06,2026-09-08,Delivered,159.93
D208403,O104757,W105,DHL,2026-01-29,2026-02-05,2026-02-07,In Transit,479.33
D208404,O105909,W103,Delhivery,2026-06-17,2026-06-19,2026-06-25,Delivered,288.04
D208405,O103587,W116,BlueDart,2026-06-06,2026-06-09,2026-06-12,Delivered,1279.73
D208406,O101806,W105,DHL,2026-03-26,2026-03-31,2026-03-29,Delivered,1352.98
D208407,O108952,W108,BlueDart,2026-08-05,2026-08-08,2026-08-14,Delayed,1311.55
D208408,O109446,W101,BlueDart,2026-03-30,2026-04-06,2026-04-06,Delivered,82.42
D208409,O103368,W109,BlueDart,2026-05-01,2026-05-06,2026-05-10,Delivered,1240.75
D208410,O106241,W111,FedEx,2026-07-04,2026-07-06,2026-07-04,Delivered,1414.0
D208411,O108312,W118,FedEx,2026-07-09,2026-07-11,2026-07-15,Delivered,1272.94
D208412,O107573,W115,EcomExpress,2026-05-16,2026-05-20,2026-05-22,Delayed,985.11
D208413,O109539,W109,Delhivery,2026-04-12,2026-04-17,2026-04-23,In Transit,1451.41
D208414,O108874,W115,BlueDart,2026-05-23,2026-05-28,2026-05-26,Delivered,1036.16
D208415,O104405,W102,,2026-05-12,2026-05-16,2026-05-19,In Transit,1351.21
D208416,O101542,W111,DHL,2026-04-04,2026-04-07,2026-04-07,In Transit,765.09
D208417,O107611,W104,Delhivery,2026-02-16,2026-02-18,2026-02-19,Delayed,1103.52
D208418,O109750,W110,DHL,2026-05-04,2026-05-07,2026-05-13,Delivered,528.53
D208419,O109000,W110,FedEx,2026-01-03,2026-01-08,2026-01-08,Delivered,1020.97
D208420,O100572,W116,Delhivery,2026-03-02,2026-03-08,2026-03-12,Delivered,1202.66
D208421,O101674,W110,DHL,2026-03-03,2026-03-07,2026-03-11,Delivered,93.83
D208422,O104465,W111,EcomExpress,2026-06-10,2026-06-15,2026-06-19,Delivered,401.77
D208423,O107361,W109,BlueDart,2026-06-23,2026-06-25,2026-06-27,Delayed,579.25
D208424,O100681,W103,FedEx,2026-09-02,2026-09-06,2026-09-04,Delivered,785.32
D208425,O102702,W112,Delhivery,2026-07-27,2026-08-03,2026-08-02,Delivered,1071.67
D208426,O101761,W110,FedEx,2026-05-22,2026-05-24,2026-05-28,Delayed,135.29
D208427,O100844,W101,BlueDart,2026-02-21,2026-02-24,2026-02-24,Delayed,222.48
D208428,O102450,W100,EcomExpress,2026-07-09,2026-07-11,2026-07-11,Delivered,628.68
D208429,O100490,W102,EcomExpress,2026-02-22,2026-02-25,2026-02-23,Delivered,533.71
D208430,O104174,W105,Delhivery,2026-04-18,2026-04-25,2026-04-28,Delivered,269.44
D208431,O104653,W117,Delhivery,2026-07-05,2026-07-10,2026-07-12,Delivered,1195.72
D208432,O101129,W108,FedEx,2026-07-08,2026-07-12,2026-07-18,Delivered,396.34
D208433,O100224,W105,EcomExpress,2026-05-08,2026-05-11,2026-05-10,Delivered,577.79
D208434,O100329,W109,BlueDart,2026-03-22,2026-03-27,2026-03-29,Delayed,1000.88
D208435,O102800,W118,DHL,2026-04-15,2026-04-20,2026-04-21,In Transit,966.93
D208436,O100362,W116,DHL,2026-08-29,2026-08-31,2026-08-30,Delivered,83.71
D208437,O106162,W116,DHL,2026-07-05,2026-07-07,2026-07-13,Delivered,1026.92
D208438,O109640,W108,BlueDart,2026-01-08,2026-01-13,2026-01-16,Delayed,1495.89
D208439,O101054,W117,DHL,2026-04-21,2026-04-23,2026-04-22,Delivered,172.15
D208440,O108381,W116,FedEx,2026-09-11,2026-09-16,2026-09-17,Delivered,1023.08
D208441,O106285,W105,dhl,2026-05-05,2026-05-08,2026-05-10,In Transit,966.51
D208442,O101247,W108,BlueDart,2026-03-02,2026-03-05,2026-03-03,Delayed,287.59
D208443,O103186,W112,EcomExpress,2026-08-25,2026-09-01,2026-09-06,Delivered,1266.27
D208444,O108485,W117,DHL,2026-06-13,2026-06-17,2026-06-18,Delivered,691.36
D208445,O109337,W118,DHL,2026-03-27,2026-04-03,2026-04-07,Delivered,570.75
D208446,O101404,W109,DHL,2026-06-13,2026-06-20,2026-06-26,Delivered,1446.11
D208447,O109978,W114,DHL,2026-03-18,2026-03-21,2026-03-21,Delivered,697.36
D208448,O104539,W116,EcomExpress,2026-04-23,2026-04-26,2026-05-01,Delivered,619.38
D208449,O105251,W104,FedEx,2026-03-17,2026-03-24,2026-03-27,Delivered,82.71
D208450,O104940,W117,EcomExpress,2026-05-23,2026-05-30,2026-06-04,Delivered,1182.87
D208451,O103509,W104,DHL,2026-05-01,2026-05-07,2026-05-07,Delivered,1485.44
D208452,O103831,W103,DHL,2026-05-09,2026-05-11,2026-05-11,Delivered,1009.19
D208453,O108553,W104,BlueDart,2026-03-16,2026-03-18,2026-03-19,Delivered,594.28
D208454,O100440,W104,EcomExpress,2026-02-19,2026-02-24,2026-03-01,Delivered,78.52
D208455,O108199,W112,Delhivery,2026-04-15,2026-04-20,2026-04-22,Delivered,779.78
D208456,O109243,W107,BlueDart,2026-06-28,2026-07-01,2026-07-01,Delivered,964.57
D208457,O109947,W119,DHL,2026-09-05,2026-09-11,2026-09-17,Delivered,607.19
D208458,O100464,W116,FedEx,2026-08-10,2026-08-16,2026-08-18,Delivered,1462.92
D208459,O103246,W101,BlueDart,2026-06-16,2026-06-19,2026-06-22,Delivered,185.89
D208460,O108683,W118,BlueDart,2026-08-12,2026-08-15,2026-08-14,Delivered,810.13
D208461,O106111,W107,EcomExpress,2026-03-26,2026-03-31,2026-04-05,Delivered,516.62
D208462,O100756,W114,BlueDart,2026-01-04,2026-01-08,2026-01-14,Delivered,728.35
D208463,O106196,W109,BlueDart,2026-09-09,2026-09-11,2026-09-11,Delivered,116.33
D208464,O102637,W114,Delhivery,2026-04-12,2026-04-14,2026-04-14,Delivered,1445.57
D208465,O109794,W114,Delhivery,2026-04-25,2026-05-02,2026-05-02,Delivered,661.97
D208466,O107489,W118,FedEx,2026-07-11,2026-07-15,2026-07-15,In Transit,133.7
D208467,O103950,W108,FedEx,2026-01-10,2026-01-15,2026-01-18,Delayed,1480.23
D208468,O109809,W118,EcomExpress,2026-01-07,2026-01-13,2026-01-14,Delivered,1476.25
D208469,O108798,W104,DHL,2026-08-04,2026-08-07,2026-08-05,Delivered,822.0
D208470,O106024,W102,EcomExpress,2026-05-13,2026-05-15,2026-05-21,Delivered,1057.02
D208471,O103855,W119,EcomExpress,2026-06-16,2026-06-21,2026-06-19,Delivered,102.46
D208472,O103863,W103,BlueDart,2026-06-16,2026-06-22,2026-06-26,Delivered,354.48
D208473,O100626,W110,FedEx,2026-01-23,2026-01-28,2026-01-26,Delayed,229.18
D208474,O109674,W106,BlueDart,2026-06-06,2026-06-13,2026-06-13,Delivered,957.09
D208475,O106585,W104,DHL,2026-03-29,2026-03-31,2026-04-06,Delivered,1334.05
D208476,O105428,W119,FedEx,2026-05-30,2026-06-06,2026-06-04,Delivered,451.41
D208477,O109727,W118,EcomExpress,2026-01-22,2026-01-27,2026-01-28,Delivered,1158.86
D208478,O101924,W104,Delhivery,2026-09-01,2026-09-05,2026-09-03,Delayed,142.21
D208479,O109591,W118,FedEx,2026-03-23,2026-03-30,2026-03-28,Delayed,674.98
D208480,O102804,W102,BlueDart,2026-07-14,2026-07-19,2026-07-18,In Transit,197.54
D208481,O101070,W111,BlueDart,2026-04-06,2026-04-10,2026-04-08,Delivered,708.25
D208482,O107038,W118,Delhivery,2026-07-07,2026-07-09,2026-07-09,Delivered,1178.87
D208483,O104117,W112,Delhivery,2026-06-27,2026-07-03,2026-07-07,Delayed,403.89
D208484,O106348,W103,EcomExpress,2026-08-14,2026-08-20,2026-08-22,Delivered,895.29
D208485,O109680,W100,FedEx,2026-04-03,2026-04-10,2026-04-13,In Transit,221.11
D208486,O101698,W119,BlueDart,2026-04-07,2026-04-11,2026-04-10,In Transit,539.85
D208487,O106193,W117,EcomExpress,2026-08-20,2026-08-22,2026-08-24,Delayed,1099.21
D208488,O109134,W100,BlueDart,2026-01-12,2026-01-19,2026-01-19,Delivered,1160.83
D208489,O101750,W105,BlueDart,2026-08-08,2026-08-15,2026-08-20,Delivered,1446.29
D208490,O102442,W103,EcomExpress,2026-03-22,2026-03-27,2026-03-26,Delayed,431.21
D208491,O106929,W103,DHL,2026-07-04,2026-07-11,2026-07-11,In Transit,1155.75
D208492,O109017,W115,Delhivery,2026-08-26,2026-08-29,2026-08-31,Delivered,1313.51
D208493,O106096,W109,DHL,2026-04-22,2026-04-25,2026-04-23,In Transit,641.54
D208494,O106677,W114,Delhivery,2026-07-14,2026-07-20,2026-07-19,In Transit,864.76
D208495,O109862,W102,FedEx,2026-01-10,2026-01-17,2026-01-19,Delivered,737.94
D208496,O100282,W105,FedEx,2026-01-31,2026-02-04,2026-02-04,Delayed,989.01
D208497,O102636,W102,DHL,2026-07-08,2026-07-10,2026-07-14,Delivered,766.32
D208498,O108174,W115,Delhivery,2026-06-30,2026-07-02,2026-07-05,Delayed,841.77
D208499,O106185,W103,EcomExpress,2026-03-10,2026-03-15,2026-03-14,Delayed,1112.62
D208500,O109374,W106,DHL,2026-03-11,2026-03-16,2026-03-22,Delivered,959.42
D208501,O109278,W111,EcomExpress,2026-08-03,2026-08-10,2026-08-16,Delivered,417.49
D208502,O102307,W118,Delhivery,2026-03-15,2026-03-22,2026-03-24,Delayed,782.42
D208503,O108186,W103,Delhivery,2026-04-14,2026-04-18,2026-04-21,Delivered,223.35
D208504,O107901,W101,Delhivery,2026-02-12,2026-02-19,2026-02-22,Delivered,64.78
D208505,O106122,W104,FedEx,2026-07-29,2026-07-31,2026-08-01,Delivered,638.4
D208506,O107780,W102,ECOMEXPRESS,2026-08-24,2026-08-29,2026-09-02,Delivered,128.29
D208507,O108611,W110,BlueDart,2026-07-11,2026-07-13,2026-07-14,Delivered,620.68
D208508,O103800,W118,EcomExpress,2026-01-11,2026-01-18,2026-01-17,In Transit,428.36
D208509,O101804,W113,Delhivery,2026-02-02,2026-02-08,2026-02-10,Delivered,298.65
D208510,O104587,W115,Delhivery,2026-02-13,2026-02-18,2026-02-21,Delivered,503.72
D208511,O100235,W101,DHL,2026-07-09,2026-07-12,2026-07-17,Delivered,990.38
D208512,O101207,W105,FedEx,2026-04-12,2026-04-15,2026-04-13,Delivered,1359.63
D208513,O109065,W113,Delhivery,2026-03-11,2026-03-17,2026-03-16,Delayed,1399.6
D208514,O102040,W113,EcomExpress,2026-08-19,2026-08-22,2026-08-24,Delivered,1002.03
D208515,O108056,W113,FedEx,2026-01-13,2026-01-19,2026-01-23,Delivered,698.94
D208516,O100782,W103,Delhivery,2026-04-21,2026-04-25,2026-04-26,Delivered,1386.74
D208517,O107191,W118,Delhivery,2026-06-03,2026-06-05,2026-06-09,Delivered,593.24
D208518,O105742,W103,Delhivery,2026-02-18,2026-02-25,2026-02-24,Delivered,422.07
D208519,O100403,W117,BlueDart,2026-05-27,2026-05-30,2026-06-02,Delayed,556.28
D208520,O103055,W117,FedEx,2026-08-16,2026-08-22,2026-08-26,Delivered,330.78
D208521,O105107,W118,DHL,2026-09-02,2026-09-06,2026-09-10,In Transit,1277.43
D208522,O103593,W111,FedEx,2026-06-22,2026-06-25,2026-06-27,In Transit,538.98
D208523,O100575,W100,EcomExpress,2026-07-14,2026-07-18,2026-07-17,Delayed,1212.6
D208524,O108058,W118,BlueDart,2026-08-04,2026-08-08,2026-08-07,Delivered,1196.19
D208525,O104890,W102,Delhivery,2026-04-19,2026-04-23,2026-04-23,Delivered,774.4
D208526,O106064,W104,Delhivery,2026-09-07,2026-09-09,2026-09-09,Delivered,738.0
D208527,O103259,W106,FedEx,2026-02-15,2026-02-17,2026-02-21,Delivered,1397.99
D208528,O106581,W106,FedEx,2026-05-02,2026-05-09,2026-05-07,Delivered,1496.93
D208529,O107482,W111,FedEx,2026-08-14,2026-08-17,2026-08-16,Delivered,1466.19
D208530,O104307,W104,DHL,2026-08-30,2026-09-06,2026-09-11,Delivered,1331.97
D208531,O100227,W106,Delhivery,2026-01-05,2026-01-11,2026-01-11,Delivered,973.52
D208532,O105061,W100,DHL,2026-01-16,2026-01-22,2026-01-23,Delivered,414.09
D208533,O108066,W114,BlueDart,2026-06-20,2026-06-27,2026-07-01,Delivered,737.97
D208534,O106159,W112,DHL,2026-05-08,2026-05-13,2026-05-11,Delivered,779.81
D208535,O103696,W101,BlueDart,2026-04-05,2026-04-07,2026-04-07,Delayed,413.24
D208536,O109788,W107,EcomExpress,2026-02-08,2026-02-13,2026-02-13,In Transit,1317.84
D208537,O103794,W101,BlueDart,2026-04-01,2026-04-03,2026-04-04,Delivered,646.56
D208538,O105520,W103,EcomExpress,2026-03-18,2026-03-20,2026-03-26,Delivered,948.16
D208539,O108698,W110,FedEx,2026-04-25,2026-04-29,2026-05-01,Delivered,1157.87
D208540,O109763,W109,EcomExpress,2026-07-19,2026-07-24,2026-07-25,In Transit,1095.7
D208541,O108029,W105,EcomExpress,2026-06-19,2026-06-24,2026-06-24,Delivered,911.08
D208542,O108905,W119,BlueDart,2026-08-20,2026-08-22,2026-08-28,In Transit,670.36
D208543,O105726,W104,DHL,2026-07-06,2026-07-10,2026-07-08,Delivered,640.62
D208544,O100480,W104,EcomExpress,2026-04-10,2026-04-15,2026-04-21,Delivered,507.03
D208545,O100440,W101,FedEx,2026-09-07,2026-09-10,2026-09-08,Delivered,547.18
D208546,O102546,W102,FedEx,2026-07-19,2026-07-21,2026-07-25,Delivered,1395.1
D208547,O106681,W110,EcomExpress,2026-05-19,2026-05-25,2026-05-27,Delayed,428.82
D208548,O103419,W111,DHL,2026-05-28,2026-06-02,2026-06-04,Delivered,1368.98
D208549,O104064,W118,EcomExpress,2026-06-20,2026-06-22,2026-06-28,Delivered,1083.62
D208550,O101871,W111,DHL,2026-02-28,2026-03-04,2026-03-03,Delivered,495.55
D208551,O107503,W104,EcomExpress,2026-03-23,2026-03-27,2026-03-26,In Transit,1424.01
D208552,O107685,W113,Delhivery,2026-06-17,2026-06-24,2026-06-30,Delivered,1481.02
D208553,O103506,W106,BlueDart,2026-07-16,2026-07-23,2026-07-27,Delivered,950.64
D208554,O101216,W101,FedEx,2026-03-21,2026-03-28,2026-03-30,Delayed,392.43
D208555,O105284,W114,Delhivery,2026-03-28,2026-03-30,2026-03-29,In Transit,631.23
D208556,O108543,W105,BlueDart,2026-03-20,2026-03-24,2026-03-23,Delivered,1436.91
D208557,O103241,W104,DHL,2026-01-07,2026-01-10,2026-01-12,Delivered,672.54
D208558,O109696,W118,Delhivery,2026-04-16,2026-04-20,2026-04-21,Delivered,510.48
D208559,O101182,W101,BlueDart,2026-05-24,2026-05-28,2026-05-27,Delayed,1137.13
D208560,O106431,W116,EcomExpress,2026-07-28,2026-07-31,2026-08-01,Delivered,832.83
D208561,O108696,W107,BlueDart,2026-05-12,2026-05-15,2026-05-19,Delivered,925.2
D208562,O104389,W114,DHL,2026-05-18,2026-05-25,2026-05-23,Delivered,970.12
D208563,O102386,W115,FedEx,2026-03-09,2026-03-11,2026-03-15,Delivered,1381.61
D208564,O107165,W117,DHL,2026-07-17,2026-07-19,2026-07-21,Delivered,790.53
D208565,O105695,W103,DHL,2026-03-04,2026-03-07,2026-03-13,Delayed,665.52
D208566,O103916,W106,EcomExpress,2026-04-18,2026-04-20,2026-04-24,Delivered,1431.38
D208567,O108497,W102,Delhivery,2026-01-30,2026-02-06,2026-02-08,Delivered,118.31
D208568,O106307,W107,Delhivery,2026-08-18,2026-08-20,2026-08-24,Delivered,1243.44
D208569,O103093,W106,Delhivery,2026-02-08,2026-02-11,2026-02-10,In Transit,683.84
D208570,O109368,W115,EcomExpress,2026-07-12,2026-07-17,2026-07-16,Delivered,1281.17
D208571,O107442,W101,EcomExpress,2026-01-23,2026-01-29,2026-01-31,Delivered,757.74
D208572,O108443,W100,,2026-08-10,2026-08-14,2026-08-20,Delivered,157.23
D208573,O107689,W109,BlueDart,2026-04-14,2026-04-21,2026-04-25,Delivered,289.73
D208574,O100507,W118,BlueDart,2026-05-15,2026-05-18,2026-05-17,Delivered,493.87
D208575,O106831,W119,EcomExpress,2026-06-24,2026-07-01,2026-07-03,Delivered,215.02
D208576,O105365,W102,FedEx,2026-02-08,2026-02-11,2026-02-09,Delivered,1308.92
D208577,O109617,W113,BlueDart,2026-01-19,2026-01-24,2026-01-22,Delayed,386.38
D208578,O103816,W100,Delhivery,2026-07-16,2026-07-22,2026-07-27,Delivered,1491.02
D208579,O102637,W105,Delhivery,2026-04-13,2026-04-15,2026-04-20,Delivered,482.73
D208580,O103913,W103,Delhivery,2026-03-19,2026-03-22,2026-03-22,Delivered,698.3
D208581,O103889,W108,Delhivery,2026-03-14,2026-03-18,2026-03-22,Delivered,1349.09
D208582,O105597,W103,BlueDart,2026-02-06,2026-02-08,2026-02-09,Delayed,949.32
D208583,O101799,W103, BlueDart ,2026-07-15,2026-07-20,2026-07-21,Delivered,1338.49
D208584,O102416,W114,EcomExpress,2026-03-16,2026-03-22,2026-03-20,Delivered,956.25
D208585,O107671,W114,DHL,2026-07-13,2026-07-17,2026-07-18,Delivered,479.25
D208586,O108057,W112,EcomExpress,2026-01-08,2026-01-10,2026-01-16,Delivered,630.24
D208587,O106394,W102,FedEx,2026-06-06,2026-06-11,2026-06-15,Delayed,676.42
D208588,O103508,W101,BlueDart,2026-04-05,2026-04-09,2026-04-10,Delivered,344.7
D208589,O104130,W114,FedEx,2026-09-06,2026-09-12,2026-09-17,Delivered,555.44
D208590,O109392,W117,Delhivery,2026-07-11,2026-07-16,2026-07-21,Delivered,1452.56
D208591,O105309,W113,EcomExpress,2026-09-11,2026-09-17,2026-09-20,Delivered,195.43
D208592,O109602,W103,Delhivery,2026-02-24,2026-03-02,2026-03-06,Delivered,1302.51
D208593,O100918,W104,DHL,2026-01-30,2026-02-03,2026-02-06,Delivered,1148.76
D208594,O103315,W106,FedEx,2026-05-06,2026-05-10,2026-05-13,Delivered,1384.59
D208595,O107215,W100,BlueDart,2026-08-04,2026-08-06,2026-08-05,Delivered,1214.51
D208596,O109365,W115,FedEx,2026-04-08,2026-04-10,2026-04-11,Delivered,1357.03
D208597,O101701,W112,Delhivery,2026-01-07,2026-01-12,2026-01-12,Delivered,178.59
D208598,O109086,W115,DHL,2026-07-04,2026-07-09,2026-07-11,Delayed,635.07
D208599,O108136,W113,BlueDart,2026-07-12,2026-07-14,2026-07-16,Delivered,1396.7
D208600,O103652,W100,EcomExpress,2026-06-20,2026-06-25,2026-07-01,Delivered,358.68
D208601,O102491,W117,Delhivery,2026-08-01,2026-08-03,2026-08-01,Delivered,345.71
D208602,O101515,W104,BlueDart,2026-04-01,2026-04-05,2026-04-08,Delivered,1446.15
D208603,O103566,W105,EcomExpress,2026-06-11,2026-06-13,2026-06-16,Delivered,536.8
D208604,O108667,W101,Delhivery,2026-01-18,2026-01-21,2026-01-26,Delivered,525.66
D208605,O101530,W108,Delhivery,2026-07-16,2026-07-20,2026-07-25,Lost,940.44
D208606,O100800,W110,BlueDart,2026-06-03,2026-06-05,2026-06-08,Delivered,967.1
D208607,O105395,W108,FedEx,2026-02-07,2026-02-09,2026-02-07,Delayed,1354.24
D208608,O104853,W115,BlueDart,2026-03-13,2026-03-19,2026-03-19,In Transit,101.49
D208609,O105283,W114, ,2026-04-20,2026-04-26,2026-05-01,Delivered,1138.91
D208610,O106804,W110,DHL,2026-06-13,2026-06-18,2026-06-22,Delivered,800.84
D208611,O104191,W106,EcomExpress,2026-03-28,2026-04-03,2026-04-03,Delivered,1016.82
D208612,O108590,W108,EcomExpress,2026-01-01,2026-01-05,2026-01-07,Delivered,788.21
D208613,O101963,W116,EcomExpress,2026-07-16,2026-07-20,2026-07-22,Delivered,1174.71
D208614,O107929,W103,FedEx,2026-01-16,2026-01-18,2026-01-16,Delayed,1161.47
D208615,O101302,W105,Delhivery,2026-02-05,2026-02-10,2026-02-16,Delivered,1355.04
D208616,O102615,W106,BlueDart,2026-02-16,2026-02-18,2026-02-16,Delivered,1412.43
D208617,O106311,W114,Delhivery,2026-01-02,2026-01-04,2026-01-09,Delivered,371.49
D208618,O104117,W103,EcomExpress,2026-08-24,2026-08-27,2026-09-02,Delayed,1478.52
D208619,O106130,W106,Delhivery,2026-02-20,2026-02-25,2026-02-26,Delivered,906.37
D208620,O102937,W110,Delhivery,2026-05-25,2026-05-31,2026-06-01,Delayed,1069.69
D208621,O109930,W103,DHL,2026-03-31,2026-04-06,2026-04-07,Delivered,1018.13
D208622,O106201,W106,BlueDart,2026-04-15,2026-04-17,2026-04-23,In Transit,-500.0
D208623,O106355,W108,Delhivery,2026-07-24,2026-07-31,2026-07-29,Delivered,1020.64
D208624,O107121,W115,Delhivery,2026-01-14,2026-01-19,2026-01-18,Delivered,1238.24
D208625,O105617,W109,FedEx,2026-05-06,2026-05-11,2026-05-13,Delivered,576.08
D208626,O108988,W114,DHL,2026-07-31,2026-08-03,2026-08-04,Delivered,1312.68
D208627,O104694,W104,EcomExpress,2026-01-16,2026-01-19,2026-01-20,Delivered,802.36
D208628,O109063,W104,FedEx,2026-06-20,2026-06-25,2026-06-30,Delivered,430.02
D208629,O106069,W112,DHL,2026-05-27,2026-06-03,2026-06-06,Delivered,1121.35
D208630,O107155,W106,BlueDart,2026-05-14,2026-05-20,2026-05-18,Delivered,288.81
D208631,O105178,W113,FedEx,2026-05-20,2026-05-24,2026-05-25,Delivered,1447.92
D208632,O102024,W116,FedEx,2026-04-18,2026-04-24,2026-04-30,Delivered,1329.12
D208633,O105336,W111,FedEx,2026-09-07,2026-09-12,2026-09-10,Delivered,331.78
D208634,O100243,W117,BlueDart,2026-03-10,2026-03-13,2026-03-19,Delivered,612.03
D208635,O109944,W110, ,2026-02-27,2026-03-01,2026-02-28,Delivered,607.45
D208636,O100340,W118,EcomExpress,2026-04-12,2026-04-19,2026-04-19,Delivered,215.54
D208637,O106134,W117,Delhivery,2026-03-30,2026-04-05,2026-04-04,Delivered,1052.78
D208638,O109431,W119,EcomExpress,2026-08-09,2026-08-11,2026-08-16,Delivered,1146.77
D208639,O104901,W104,DHL,2026-09-11,2026-09-17,2026-09-22,Delivered,498.73
D208640,O102599,W113,FedEx,2026-09-11,2026-09-18,2026-09-21,Delivered,798.33
D208641,O103457,W113,BlueDart,2026-08-02,2026-08-06,2026-08-11,Delivered,1041.5
D208642,O107210,W106,FedEx,2026-04-19,2026-04-21,2026-04-26,Delivered,1108.52
D208643,O100545,W100,EcomExpress,2026-04-25,2026-04-30,2026-05-01,Delivered,1432.82
D208644,O101043,W118,FedEx,2026-02-07,2026-02-11,2026-02-17,Delayed,1056.57
D208645,O103840,W105,FedEx,2026-02-08,2026-02-12,2026-02-10,Delivered,996.01
D208646,O109369,W104,BlueDart,2026-01-29,2026-02-04,2026-02-02,In Transit,856.6
D208647,O100701,W109,FedEx,2026-06-05,2026-06-07,2026-06-06,Delivered,421.9
D208648,O107505,W105,BlueDart,2026-04-30,2026-05-05,2026-05-09,Delivered,989.07
D208649,O108359,W113,FedEx,2026-06-02,2026-06-09,2026-06-15,Delivered,1042.32
D208650,O101010,W114,Delhivery,2026-05-04,2026-05-09,2026-05-11,Delivered,945.9
D208651,O106755,W102,DHL,2026-01-24,2026-01-30,2026-01-31,Delivered,1480.64
D208652,O106621,W100,,2026-08-29,2026-09-04,2026-09-04,Delivered,272.33
D208653,O105467,W108,DHL,2026-09-07,2026-09-10,2026-09-14,Delivered,1198.98
D208654,O106369,W106,BlueDart,2026-06-18,2026-06-23,2026-06-21,In Transit,823.71
D208655,O103609,W103,FedEx,2026-07-12,2026-07-19,2026-07-19,Lost,1305.97
D208656,O102526,W115,EcomExpress,2026-05-14,2026-05-18,2026-05-21,In Transit,449.15
D208657,O104108,W118,EcomExpress,2026-04-01,2026-04-03,2026-04-02,Delivered,802.27
D208658,O108035,W110,EcomExpress,2026-03-02,2026-03-04,2026-03-02,Delivered,1259.45
D208659,O105040,W101,DHL,2026-03-04,2026-03-09,2026-03-11,Delayed,77.64
D208660,O100634,W101,Delhivery,2026-01-17,2026-01-21,2026-01-19,Delivered,1413.42
D208661,O106918,W115,Delhivery,2026-02-03,2026-02-07,2026-02-13,Delivered,138.35
D208662,O107935,W110,FedEx,2026-08-30,2026-09-06,2026-09-09,In Transit,417.75
D208663,O100303,W119,Delhivery,2026-05-23,2026-05-30,2026-06-04,Delivered,1176.42
D208664,O105090,W105, FedEx ,2026-08-25,2026-08-28,2026-09-01,In Transit,52.19
D208665,O103733,W101,FedEx,2026-03-27,2026-04-01,2026-04-06,Delivered,800.54
D208666,O101011,W104,BlueDart,2026-02-16,2026-02-19,2026-02-23,Lost,414.68
D208667,O102592,W112,DHL,2026-04-27,2026-05-03,2026-05-01,Delivered,1040.8
D208668,O109379,W118,FedEx,2026-02-23,2026-02-25,2026-02-25,Delivered,393.39
D208669,O104951,W101,EcomExpress,2026-03-04,2026-03-10,2026-03-09,In Transit,206.23
D208670,O106039,W103,BlueDart,2026-03-23,2026-03-30,2026-04-02,Delayed,188.19
D208671,O107034,W102,BlueDart,2026-07-17,2026-07-19,2026-07-25,Lost,1285.83
D208672,O101066,W101,BlueDart,2026-07-02,2026-07-09,2026-07-07,Delivered,1006.06
D208673,O107674,W106,Delhivery,2026-08-14,2026-08-20,2026-08-20,In Transit,569.63
D208674,O102939,W108,Delhivery,2026-06-08,2026-06-10,2026-06-08,Delivered,375.87
D208675,O104540,W100,FedEx,2026-07-18,2026-07-20,2026-07-19,Lost,787.68
D208676,O109731,W116,DHL,2026-01-04,2026-01-10,2026-01-10,Delayed,1426.04
D208677,O105242,W103, ,2026-04-22,2026-04-28,2026-04-29,Delivered,1248.58
D208678,O109480,W107,FedEx,2026-01-30,2026-02-05,2026-02-11,Delivered,811.72
D208679,O103042,W113,FedEx,2026-03-09,2026-03-16,2026-03-21,Delayed,579.17
D208680,O104081,W109,FedEx,2026-04-19,2026-04-21,2026-04-25,Delivered,1397.4
D208681,O102486,W114,DHL,2026-02-24,2026-03-01,2026-03-07,Delivered,534.72
D208682,O103860,W102,Delhivery,2026-03-10,2026-03-15,2026-03-21,Delayed,235.72
D208683,O104646,W103, EcomExpress ,2026-02-06,2026-02-10,2026-02-09,Delivered,1083.62
D208684,O109441,W115,BlueDart,2026-09-08,2026-09-14,2026-09-15,Delivered,978.58
D208685,O107759,W112,EcomExpress,2026-02-28,2026-03-07,2026-03-11,Delayed,520.05
D208686,O100553,W115,EcomExpress,2026-08-18,2026-08-22,2026-08-27,Delayed,401.48
D208687,O104571,W102,FedEx,2026-01-09,2026-01-14,2026-01-15,Delivered,781.74
D208688,O101338,W112,DHL,2026-06-07,2026-06-09,2026-06-13,Delivered,792.97
D208689,O102837,W107,,2026-04-01,2026-04-06,2026-04-04,Delivered,1087.8
D208690,O108005,W118,DHL,2026-05-06,2026-05-08,2026-05-14,Delivered,586.63
D208691,O103043,W103,FedEx,2026-03-13,2026-03-15,2026-03-18,Delayed,483.63
D208692,O108661,W100,,2026-09-10,2026-09-16,2026-09-14,Delivered,376.71
D208693,O103805,W100,EcomExpress,2026-06-11,2026-06-15,2026-06-19,Delivered,925.5
D208694,O108022,W107,BlueDart,2026-02-17,2026-02-22,2026-02-21,Delivered,485.6
D208695,O102796,W111,FedEx,2026-02-10,2026-02-14,2026-02-16,Delivered,318.41
D208696,O109400,W119,DHL,2026-06-12,2026-06-16,2026-06-19,Delivered,1497.74
D208697,O100440,W111,FedEx,2026-03-27,2026-03-29,2026-03-31,Delivered,255.58
D208698,O101115,W100,FedEx,2026-01-13,2026-01-16,2026-01-17,Delayed,1461.22
D208699,O104427,W119,EcomExpress,2026-08-01,2026-08-03,2026-08-03,Delivered,762.1
D208700,O102059,W109,Delhivery,2026-04-22,2026-04-24,2026-04-26,In Transit,429.87
D208701,O105103,W103,FedEx,2026-01-13,2026-01-20,2026-01-24,Delayed,774.61
D208702,O101319,W103,BlueDart,2026-05-14,2026-05-21,2026-05-23,Delivered,1301.39
D208703,O105537,W110,EcomExpress,2026-03-01,2026-03-07,2026-03-09,Delivered,1388.12
D208704,O109807,W102,DHL,2026-07-15,2026-07-19,2026-07-21,Delivered,850.96
D208705,O100876,W119,EcomExpress,2026-06-26,2026-07-02,2026-07-02,In Transit,1315.64
D208706,O105335,W103,FedEx,2026-03-08,2026-03-11,2026-03-14,Delayed,975.44
D208707,O100778,W110,EcomExpress,2026-08-21,2026-08-27,2026-08-26,In Transit,503.57
D208708,O101571,W101,EcomExpress,2026-03-27,2026-04-01,2026-04-06,Delivered,1381.96
D208709,O104463,W105,Delhivery,2026-07-22,2026-07-29,2026-08-04,Delayed,876.01
D208710,O109452,W112,Delhivery,2026-02-15,2026-02-19,2026-02-22,Delivered,58.33
D208711,O106220,W110,Delhivery,2026-02-22,2026-02-28,2026-02-28,Delivered,392.3
D208712,O106944,W109,EcomExpress,2026-01-05,2026-01-12,2026-01-12,Delayed,276.8
D208713,O100163,W101,Delhivery,2026-06-26,2026-06-29,2026-07-01,Delayed,672.51
D208714,O101132,W102,FedEx,2026-04-26,2026-05-03,2026-05-04,Delivered,900.91
D208715,O100098,W109,BlueDart,2026-02-19,2026-02-24,2026-02-22,Delivered,174.14
D208716,O101855,W102,EcomExpress,2026-01-22,2026-01-26,2026-01-31,Delivered,1386.12
D208717,O101258,W101,Delhivery,2026-01-10,2026-01-17,2026-01-22,Delivered,1443.16
D208718,O109420,W112,BlueDart,2026-02-05,2026-02-12,2026-02-11,Delivered,280.71
D208719,O108495,W111,FedEx,2026-08-24,2026-08-29,2026-08-30,Delayed,399.44
D208720,O103605,W115,EcomExpress,2026-04-03,2026-04-09,2026-04-09,Delivered,713.99
D208721,O105848,W105,BlueDart,2026-06-15,2026-06-21,2026-06-22,Delivered,662.9
D208722,O106525,W117,FedEx,2026-02-02,2026-02-09,2026-02-09,Delivered,1190.19
D208723,O102266,W108,BlueDart,2026-04-26,2026-05-02,2026-05-05,Delivered,1443.0
D208724,O103561,W113,EcomExpress,2026-07-23,2026-07-28,2026-07-29,Delayed,1129.77
D208725,O104883,W104,BlueDart,2026-03-28,2026-04-02,2026-04-03,Delivered,303.62
D208726,O106594,W113,BlueDart,2026-03-21,2026-03-28,2026-04-02,Delivered,1213.56
D208727,O109860,W111,BlueDart,2026-04-10,2026-04-12,2026-04-16,Delivered,1279.33
D208728,O108581,W107,EcomExpress,2026-01-10,2026-01-16,2026-01-15,Delayed,1095.49
D208729,O107119,W112,BlueDart,2026-02-08,2026-02-11,2026-02-17,Lost,1258.15
D208730,O105429,W109,BlueDart,2026-04-21,2026-04-26,2026-05-01,Delayed,675.93
D208731,O101940,W106,BlueDart,2026-08-18,2026-08-22,2026-08-23,Delivered,284.96
D208732,O103657,W107,Delhivery,2026-01-17,2026-01-24,2026-01-23,Delivered,1393.18
D208733,O105484,W116,BlueDart,2026-04-01,2026-04-03,2026-04-02,Delivered,789.92
D208734,O108327,W108,Delhivery,2026-01-16,2026-01-21,2026-01-25,In Transit,544.08
D208735,O105997,W113,BlueDart,2026-02-16,2026-02-18,2026-02-22,Delivered,323.02
D208736,O104174,W118,FedEx,2026-06-09,2026-06-13,2026-06-17,Delivered,540.29
D208737,O101903,W109,Delhivery,2026-01-03,2026-01-05,2026-01-04,Delayed,1419.86
D208738,O107492,W108,BlueDart,2026-02-08,2026-02-14,2026-02-19,Delivered,630.15
D208739,O104427,W105,BlueDart,2026-05-22,2026-05-27,2026-05-27,Delayed,1019.32
D208740,O102588,W102, EcomExpress ,2026-07-18,2026-07-21,2026-07-23,Delivered,706.26
D208741,O101873,W105,Delhivery,2026-07-18,2026-07-23,2026-07-23,Delivered,1351.73
D208742,O104388,W113,Delhivery,2026-02-12,2026-02-14,2026-02-13,Delayed,1291.7
D208743,O104523,W107,FedEx,2026-05-01,2026-05-06,2026-05-08,In Transit,487.52
D208744,O106892,W114,EcomExpress,2026-07-26,2026-08-02,2026-07-31,Delivered,748.83
D208745,O109626,W106,EcomExpress,2026-01-19,2026-01-26,2026-01-27,Delayed,797.63
D208746,O105701,W111,EcomExpress,2026-08-27,2026-09-02,2026-09-07,Delivered,1461.4
D208747,O109187,W100,BlueDart,2026-09-11,2026-09-13,2026-09-14,Delivered,1447.54
D208748,O105615,W118,FedEx,2026-03-15,2026-03-21,2026-03-24,Delivered,422.12
D208749,O105209,W112,BlueDart,2026-09-09,2026-09-14,2026-09-20,Delivered,629.41
D208750,O101256,W117,DHL,2026-03-22,2026-03-28,2026-04-02,Delayed,123.53
D208751,O109949,W115,FedEx,2026-01-19,2026-01-26,2026-02-01,Delivered,982.47
D208752,O108515,W111,EcomExpress,2026-05-25,2026-05-31,2026-06-04,In Transit,461.02
D208753,O105423,W101,BlueDart,2026-07-06,2026-07-10,2026-07-16,Delivered,898.88
D208754,O101169,W117,Delhivery,2026-01-25,2026-01-31,2026-02-04,Delivered,1243.82
D208755,O108442,W100,Delhivery,2026-01-04,2026-01-11,2026-01-09,Delivered,121.1
D208756,O106697,W119,FedEx,2026-08-11,2026-08-18,2026-08-24,Delivered,582.47
D208757,O102528,W119,EcomExpress,2026-04-15,2026-04-21,2026-04-25,Delivered,334.43
D208758,O109591,W115,Delhivery,2026-06-29,2026-07-06,2026-07-09,Lost,629.19
D208759,O103905,W110,EcomExpress,2026-04-28,2026-05-02,2026-04-30,In Transit,704.29
D208760,O107802,W106,FedEx,2026-05-04,2026-05-08,2026-05-07,In Transit,1387.47
D208761,O107668,W112,FedEx,2026-04-16,2026-04-18,2026-04-23,Delivered,475.91
D208762,O109550,W114,EcomExpress,2026-07-05,2026-07-08,2026-07-14,Delivered,253.95
D208763,O103059,W101,Delhivery,2026-01-14,2026-01-18,2026-01-21,In Transit,250.61
D208764,O103110,W117,Delhivery,2026-02-27,2026-03-02,2026-03-03,Delivered,1154.43
D208765,O106103,W115,BlueDart,2026-07-25,2026-07-27,2026-07-26,Delivered,724.75
D208766,O100572,W113,FedEx,2026-04-06,2026-04-13,2026-04-15,Delivered,1444.91
D208767,O106433,W115,BlueDart,2026-08-04,2026-08-11,2026-08-13,Delivered,678.9
D208768,O101793,W113,BlueDart,2026-03-09,2026-03-12,2026-03-15,Delivered,1463.43
D208769,O105921,W103,Delhivery,2026-06-16,2026-06-23,2026-06-26,Delivered,920.48
D208770,O106674,W107,DHL,2026-02-04,2026-02-09,2026-02-13,Delayed,1291.78
D208771,O105871,W102,DHL,2026-01-19,2026-01-23,2026-01-27,Delivered,983.35
D208772,O106971,W118,BlueDart,2026-06-09,2026-06-11,2026-06-17,Delivered,563.55
D208773,O108287,W119, ,2026-05-20,2026-05-23,2026-05-22,Delivered,128.58
D208774,O100159,W110,FedEx,2026-07-13,2026-07-16,2026-07-14,Delivered,159.64
D208775,O103100,W118,EcomExpress,2026-03-03,2026-03-06,2026-03-06,Delivered,400.77
D208776,O102723,W100,DHL,2026-09-06,2026-09-10,2026-09-13,Delivered,736.63
D208777,O109003,W112,FedEx,2026-05-06,2026-05-12,2026-05-15,Delivered,765.45
D208778,O108357,W116,FedEx,2026-01-19,2026-01-26,2026-01-28,In Transit,967.08
D208779,O106822,W108,EcomExpress,2026-07-05,2026-07-11,2026-07-16,Delivered,403.82
D208780,O102880,W102,BlueDart,2026-02-08,2026-02-15,2026-02-18,Delivered,1036.1
D208781,O102696,W104,FedEx,2026-06-23,2026-06-27,2026-06-29,Delivered,1417.49
D208782,O106770,W106,EcomExpress,2026-02-21,2026-02-25,2026-02-23,Delivered,1167.22
D208783,O101246,W117,FedEx,2026-04-16,2026-04-21,2026-04-20,Delivered,1332.79
D208784,O106900,W116,FedEx,2026-04-24,2026-04-26,2026-05-01,Delayed,777.13
D208785,O101419,W106,,2026-03-06,2026-03-08,2026-03-08,Delivered,1048.74
D208786,O105322,W112, FedEx ,2026-01-16,2026-01-21,2026-01-25,Delayed,1019.2
D208787,O105334,W105, ,2026-07-22,2026-07-28,2026-07-31,Delayed,1142.08
D208788,O102419,W112,Delhivery,2026-08-15,2026-08-19,2026-08-25,Delivered,273.34
D208789,O105637,W100,Delhivery,2026-04-14,2026-04-16,2026-04-22,Delivered,532.06
D208790,O106546,W102,FedEx,2026-01-29,2026-01-31,2026-02-04,Delivered,552.64
D208791,O100008,W119,EcomExpress,2026-03-18,2026-03-20,2026-03-18,Delivered,106.1
D208792,O106619,W113,EcomExpress,2026-05-31,2026-06-04,2026-06-06,Delivered,614.5
D208793,O102717,W105,DHL,2026-01-01,2026-01-07,2026-01-08,In Transit,103.67
D208794,O105438,W112,DHL,2026-09-02,2026-09-09,2026-09-14,Delivered,545.28
D208795,O107484,W104,DHL,2026-06-08,2026-06-10,2026-06-15,In Transit,232.37
D208796,O108787,W105,EcomExpress,2026-02-17,2026-02-23,2026-03-01,Delivered,98.73
D208797,O108093,W112,FedEx,2026-04-14,2026-04-20,2026-04-22,Delivered,1025.76
D208798,O102209,W103,EcomExpress,2026-06-23,2026-06-26,2026-06-28,In Transit,172.08
D208799,O103315,W103,FedEx,2026-08-03,2026-08-09,2026-08-15,Delayed,1084.3
D208800,O108209,W114,BlueDart,2026-08-01,2026-08-07,2026-08-09,In Transit,1182.82
D208801,O101858,W110,EcomExpress,2026-06-22,2026-06-29,2026-07-04,Delivered,1452.56
D208802,O109946,W111,,2026-05-03,2026-05-08,2026-05-12,Delivered,78.22
D208803,O101048,W119,DHL,2026-05-02,2026-05-04,2026-05-08,Delivered,421.26
D208804,O101533,W117,EcomExpress,2026-01-26,2026-01-31,2026-01-30,Delivered,915.93
D208805,O106143,W117,Delhivery,2026-04-24,2026-04-30,2026-05-02,Delivered,119.57
D208806,O107444,W109,DHL,2026-07-16,2026-07-23,2026-07-23,Delivered,733.81
D208807,O100622,W104,BlueDart,2026-04-26,2026-05-03,2026-05-04,Delayed,1389.36
D208808,O109179,W100,BlueDart,2026-07-05,2026-07-09,2026-07-10,Delivered,1499.18
D208809,O103308,W117,BlueDart,2026-09-04,2026-09-10,2026-09-16,Delayed,1331.31
D208810,O101687,W117,EcomExpress,2026-05-23,2026-05-27,2026-05-29,Delivered,1292.0
D208811,O106668,W106,Delhivery,2026-04-13,2026-04-19,2026-04-18,Delayed,1253.4
D208812,O102059,W101,DHL,2026-04-24,2026-05-01,2026-05-01,In Transit,1418.65
D208813,O107089,W115,DHL,2026-02-21,2026-02-23,2026-02-26,Delivered,690.24
D208814,O109235,W112,DHL,2026-06-13,2026-06-20,2026-06-24,Delivered,1246.8
D208815,O105365,W112,Delhivery,2026-01-10,2026-01-15,2026-01-21,Delivered,793.98
D208816,O108023,W109,DHL,2026-01-06,2026-01-10,2026-01-14,Delivered,943.74
D208817,O101037,W100,EcomExpress,2026-01-15,2026-01-21,2026-01-23,Delayed,142.38
D208818,O105663,W116,BlueDart,2026-06-02,2026-06-06,2026-06-11,Delivered,190.53
D208819,O103406,W117,Delhivery,2026-02-22,2026-02-28,2026-03-05,Delivered,407.85
D208820,O101682,W115,FedEx,2026-07-20,2026-07-26,2026-07-31,Delivered,1194.88
D208821,O100140,W118,DELHIVERY,2026-03-14,2026-03-18,2026-03-20,Delayed,376.42
D208822,O101773,W115,Delhivery,2026-07-13,2026-07-15,2026-07-14,Delivered,1143.53
D208823,O101667,W117,Delhivery,2026-09-07,2026-09-14,2026-09-19,Delivered,846.12
D208824,O101822,W116,FedEx,2026-07-04,2026-07-08,2026-07-08,Delivered,1398.63
D208825,O101921,W115,EcomExpress,2026-01-23,2026-01-26,2026-01-27,Delayed,765.61
D208826,O109938,W109,Delhivery,2026-02-17,2026-02-21,2026-02-22,In Transit,635.41
D208827,O100701,W100,Delhivery,2026-06-08,2026-06-13,2026-06-13,Delivered,122.48
D208828,O100283,W118,,2026-08-09,2026-08-13,2026-08-18,Lost,896.85
D208829,O105010,W108,DHL,2026-05-04,2026-05-07,2026-05-10,Delivered,262.52
D208830,O103030,W104,EcomExpress,2026-03-04,2026-03-07,2026-03-05,Delivered,1085.36
D208831,O104203,W111,Delhivery,2026-05-18,2026-05-23,2026-05-21,Delivered,951.1
D208832,O105716,W115,DHL,2026-07-20,2026-07-22,2026-07-20,Lost,1267.67
D208833,O102650,W119,BlueDart,2026-07-05,2026-07-12,2026-07-11,Delivered,250.89
D208834,O101193,W111,BlueDart,2026-01-03,2026-01-08,2026-01-09,Delayed,1046.88
D208835,O107916,W110,EcomExpress,2026-01-10,2026-01-14,2026-01-12,Delivered,960.96
D208836,O103522,W101,BlueDart,2026-04-26,2026-04-30,2026-05-01,Delivered,1263.88
D208837,O103092,W109,EcomExpress,2026-05-11,2026-05-18,2026-05-19,Delivered,579.81
D208838,O108616,W110,EcomExpress,2026-07-09,2026-07-15,2026-07-13,Delivered,1177.99
D208839,O107031,W108,DHL,2026-07-04,2026-07-07,2026-07-13,Delivered,1318.17
D208840,O104030,W116,DHL,2026-05-29,2026-06-05,2026-06-06,Delivered,405.5
D208841,O109697,W100,DHL,2026-07-18,2026-07-24,2026-07-25,Delivered,86.04
D208842,O106989,W102,,2026-05-28,2026-06-02,2026-06-05,Delayed,649.19
D208843,O107232,W119,EcomExpress,2026-03-24,2026-03-29,2026-04-02,Delivered,888.22
D208844,O100383,W115,EcomExpress,2026-01-31,2026-02-03,2026-02-02,Delivered,459.59
D208845,O109858,W114,Delhivery,2026-02-20,2026-02-24,2026-02-27,Delayed,249.21
D208846,O105554,W118,DHL,2026-09-15,2026-09-22,2026-09-23,Delivered,317.55
D208847,O107620,W100,Delhivery,2026-02-24,2026-03-02,2026-02-28,Delivered,1041.63
D208848,O101755,W101,EcomExpress,2026-01-11,2026-01-16,2026-01-19,Delayed,341.5
D208849,O109660,W117,Delhivery,2026-03-13,2026-03-17,2026-03-20,In Transit,1187.45
D208850,O106985,W108,DHL,2026-04-20,2026-04-26,2026-04-26,In Transit,679.36
D208851,O102029,W112,EcomExpress,2026-03-28,2026-04-04,2026-04-03,Delayed,1430.26
D208852,O101742,W118,BlueDart,2026-01-02,2026-01-09,2026-01-09,In Transit,656.17
D208853,O103166,W107,DHL,2026-02-18,2026-02-23,2026-02-24,Delayed,977.9
D208854,O103774,W117,EcomExpress,2026-07-12,2026-07-19,2026-07-18,Delivered,66.66
D208855,O102215,W117,DHL,2026-06-28,2026-06-30,2026-07-06,In Transit,411.75
D208856,O109205,W107,FedEx,2026-02-23,2026-03-02,2026-03-05,Delayed,1048.32
D208857,O101042,W118,Delhivery,2026-01-04,2026-01-09,2026-01-11,Delivered,1341.11
D208858,O104280,W104,FedEx,2026-07-27,2026-07-30,2026-08-03,Delivered,1350.32
D208859,O100027,W102,BlueDart,2026-01-09,2026-01-16,2026-01-20,Delivered,412.67
D208860,O101755,W118,Delhivery,2026-02-27,2026-03-05,2026-03-05,Delayed,919.04
D208861,O101298,W119,EcomExpress,2026-09-07,2026-09-13,2026-09-16,Delivered,124.33
D208862,O102004,W102,Delhivery,2026-06-28,2026-07-02,2026-07-08,Delayed,982.09
D208863,O100322,W110,DHL,2026-01-17,2026-01-23,2026-01-25,Delayed,146.87
D208864,O103932,W102,EcomExpress,2026-08-22,2026-08-26,2026-08-30,Delivered,533.64
D208865,O104857,W113,EcomExpress,2026-06-25,2026-06-30,2026-07-02,In Transit,1432.0
D208866,O107522,W109,FedEx,2026-03-03,2026-03-09,2026-03-09,In Transit,488.27
D208867,O102562,W103,Delhivery,2026-03-24,2026-03-28,2026-04-03,Delivered,1352.46
D208868,O101586,W115,EcomExpress,2026-07-19,2026-07-22,2026-07-24,Delayed,1452.29
D208869,O105839,W104,BlueDart,2026-08-25,2026-08-28,2026-08-26,Delivered,1414.35
D208870,O100997,W118,EcomExpress,2026-08-31,2026-09-07,2026-09-07,Delivered,280.17
D208871,O103613,W113,BlueDart,2026-07-01,2026-07-07,2026-07-07,Delivered,889.02
D208872,O100192,W117,FedEx,2026-01-11,2026-01-16,2026-01-14,Delivered,585.2
D208873,O103474,W108,Delhivery,2026-05-24,2026-05-26,2026-05-31,Delayed,113.26
D208874,O105686,W116,FedEx,2026-07-25,2026-07-31,2026-08-03,Delivered,835.7
D208875,O102453,W114,BlueDart,2026-02-18,2026-02-20,2026-02-22,Delivered,1186.76
D208876,O109930,W111,EcomExpress,2026-07-20,2026-07-24,2026-07-28,Delayed,1358.86
D208877,O104121,W117,BlueDart,2026-03-23,2026-03-25,2026-03-28,Delivered,829.66
D208878,O104460,W117,BlueDart,2026-03-16,2026-03-21,2026-03-21,Delivered,1055.49
D208879,O104016,W101,DHL,2026-05-26,2026-06-01,2026-06-02,In Transit,281.25
D208880,O101880,W109,FedEx,2026-04-11,2026-04-18,2026-04-19,Delivered,278.22
D208881,O107922,W108,DHL,2026-08-09,2026-08-12,2026-08-10,In Transit,1168.68
D208882,O103102,W105,,2026-06-27,2026-07-04,2026-07-10,In Transit,382.29
D208883,O107980,W104,Delhivery,2026-08-06,2026-08-10,2026-08-13,Delivered,932.19
D208884,O104414,W100,BlueDart,2026-09-13,2026-09-18,2026-09-18,In Transit,1083.05
D208885,O104738,W108,FedEx,2026-03-26,2026-04-01,2026-04-06,Delayed,861.13
D208886,O104862,W106,Delhivery,2026-01-06,2026-01-12,2026-01-10,Delivered,1493.15
D208887,O104296,W100,DHL,2026-03-14,2026-03-16,2026-03-15,Delivered,1027.44
D208888,O107454,W107,DHL,2026-01-02,2026-01-09,2026-01-07,Delivered,1235.78
D208889,O107112,W107,EcomExpress,2026-05-12,2026-05-17,2026-05-19,Delivered,195.83
D208890,O106418,W100,EcomExpress,2026-09-06,2026-09-09,2026-09-15,Delayed,819.46
D208891,O100317,W102,DHL,2026-02-11,2026-02-15,2026-02-15,In Transit,1393.9
D208892,O103538,W102,Delhivery,2026-01-16,2026-01-23,2026-01-29,Delayed,1072.44
D208893,O103260,W103,Delhivery,2026-04-27,2026-05-03,2026-05-07,Lost,678.64
D208894,O102655,W107,FedEx,2026-07-16,2026-07-19,2026-07-18,Delivered,733.66
D208895,O102690,W109,BlueDart,2026-06-23,2026-06-30,2026-07-04,Delivered,596.99
D208896,O104502,W106,EcomExpress,2026-04-27,2026-04-29,2026-04-28,Delivered,139.49
D208897,O100151,W118,EcomExpress,2026-05-26,2026-05-29,2026-05-30,Delivered,600.03
D208898,O107905,W107,BlueDart,2026-09-07,2026-09-09,2026-09-09,Delivered,1243.43
D208899,O102228,W106,FedEx,2026-07-12,2026-07-16,2026-07-14,Delivered,611.9
D208900,O103692,W111,Delhivery,2026-06-01,2026-06-03,2026-06-08,Delivered,1265.21
D208901,O103928,W105,Delhivery,2026-02-15,2026-02-17,2026-02-21,Delayed,333.83
D208902,O103905,W119,Delhivery,2026-05-10,2026-05-17,2026-05-20,Delayed,114.57
D208903,O100801,W100,EcomExpress,2026-05-30,2026-06-06,2026-06-08,Delivered,668.92
D208904,O107273,W105,Delhivery,2026-03-15,2026-03-17,2026-03-22,Delayed,652.7
D208905,O103253,W105,EcomExpress,2026-08-29,2026-09-04,2026-09-06,Delivered,1191.15
D208906,O103189,W103,BlueDart,2026-02-28,2026-03-05,2026-03-03,Delivered,1303.76
D208907,O105514,W119,DHL,2026-08-13,2026-08-17,2026-08-23,Delivered,117.22
D208908,O100680,W102,EcomExpress,2026-06-01,2026-06-08,2026-06-11,Delivered,1017.43
D208909,O103937,W101,BlueDart,2026-06-22,2026-06-29,2026-06-28,Lost,59.83
D208910,O108694,W105,FedEx,2026-04-22,2026-04-24,2026-04-22,In Transit,1023.71
D208911,O101988,W118,FedEx,2026-02-02,2026-02-05,2026-02-03,Delivered,1084.43
D208912,O109598,W107,Delhivery,2026-06-01,2026-06-08,2026-06-08,Delivered,732.51
D208913,O105029,W115,BlueDart,2026-07-06,2026-07-12,2026-07-14,In Transit,193.62
D208914,O101650,W115,FedEx,2026-07-08,2026-07-15,2026-07-18,In Transit,729.65
D208915,O100119,W101,DHL,2026-07-01,2026-07-06,2026-07-05,Delivered,970.65
D208916,O108307,W107,BlueDart,2026-01-08,2026-01-12,2026-01-17,Delivered,1199.16
D208917,O101942,W108,BlueDart,2026-01-27,2026-02-03,2026-02-03,Delayed,1161.79
D208918,O105135,W119,EcomExpress,2026-01-26,2026-02-01,2026-02-01,Delivered,1268.49
D208919,O106577,W116,BlueDart,2026-03-16,2026-03-22,2026-03-26,Delivered,426.51
D208920,O103087,W107,FedEx,2026-01-10,2026-01-14,2026-01-14,Delayed,969.26
D208921,O107265,W113,DHL,2026-08-07,2026-08-11,2026-08-14,Delivered,467.61
D208922,O104372,W107,,2026-06-29,2026-07-01,2026-07-07,Delivered,511.42
D208923,O108704,W109,EcomExpress,2026-06-06,2026-06-13,2026-06-11,Delivered,791.39
D208924,O101087,W111,DHL,2026-08-29,2026-09-02,2026-08-31,Delivered,372.59
D208925,O109515,W115,DHL,2026-04-11,2026-04-18,2026-04-19,Lost,686.39
D208926,O101059,W115,DHL,2026-06-11,2026-06-16,2026-06-15,In Transit,546.16
D208927,O106291,W113,FedEx,2026-08-06,2026-08-11,2026-08-14,Delivered,248.65
D208928,O107840,W106,BlueDart,2026-05-11,2026-05-15,2026-05-17,Delivered,368.63
D208929,O104765,W107,DHL,2026-03-11,2026-03-16,2026-03-15,In Transit,1015.8
D208930,O109453,W114,EcomExpress,2026-08-18,2026-08-25,2026-08-31,Delayed,319.61
D208931,O101683,W107,fedex,2026-03-13,2026-03-16,2026-03-19,Delivered,615.44
D208932,O107540,W117,DHL,2026-05-11,2026-05-16,2026-05-16,Delayed,1083.05
D208933,O106282,W100,Delhivery,2026-04-15,2026-04-19,2026-04-25,Delivered,596.6
D208934,O101476,W115,FedEx,2026-07-31,2026-08-03,2026-08-02,Delivered,341.24
D208935,O100146,W108,FedEx,2026-02-17,2026-02-22,2026-02-28,Delivered,858.92
D208936,O105666,W116,EcomExpress,2026-01-20,2026-01-26,2026-01-24,Delivered,1038.86
D208937,O104990,W108,Delhivery,2026-01-13,2026-01-19,2026-01-24,Delayed,1054.99
D208938,O106598,W119,FedEx,2026-03-23,2026-03-30,2026-04-05,Delivered,1441.84
D208939,O109748,W110,FedEx,2026-05-14,2026-05-20,2026-05-23,In Transit,68.4
D208940,O109920,W102,BlueDart,2026-06-15,2026-06-21,2026-06-26,Delayed,1340.58
D208941,O104857,W113,BlueDart,2026-01-30,2026-02-06,2026-02-12,Delivered,579.99
D208942,O108614,W101,Delhivery,2026-03-01,2026-03-08,2026-03-09,In Transit,1263.47
D208943,O101646,W105,DHL,2026-05-16,2026-05-18,2026-05-16,Delivered,1402.68
D208944,O109204,W118,Delhivery,2026-08-09,2026-08-12,2026-08-12,Delivered,791.85
D208945,O101702,W109,BlueDart,2026-06-02,2026-06-08,2026-06-10,Delivered,1140.26
D208946,O104149,W113,Delhivery,2026-08-15,2026-08-21,2026-08-23,Delivered,1113.12
D208947,O105800,W101,EcomExpress,2026-01-22,2026-01-29,2026-01-27,Delivered,398.91
D208948,O102888,W103,FedEx,2026-03-19,2026-03-24,2026-03-29,In Transit,90.66
D208949,O108400,W118, ,2026-04-12,2026-04-16,2026-04-19,Delayed,1412.14
D208950,O101101,W101,EcomExpress,2026-08-03,2026-08-06,2026-08-09,Delayed,359.36
D208951,O103216,W114,BlueDart,2026-01-04,2026-01-08,2026-01-06,Delivered,369.2
D208952,O101842,W117,BlueDart,2026-08-14,2026-08-19,2026-08-18,Delivered,1268.06
D208953,O101401,W115,BlueDart,2026-06-01,2026-06-06,2026-06-08,Delayed,1443.13
D208954,O102426,W106,DHL,2026-02-27,2026-03-04,2026-03-03,Delivered,1096.12
D208955,O107149,W108,EcomExpress,2026-09-09,2026-09-13,2026-09-18,Delivered,342.77
D208956,O107076,W114,BlueDart,2026-01-31,2026-02-04,2026-02-08,Delivered,616.46
D208957,O101445,W113,FEDEX,2026-08-08,2026-08-11,2026-08-13,In Transit,1294.49
D208958,O107610,W106,Delhivery,2026-01-07,2026-01-14,2026-01-15,Lost,625.37
D208959,O109542,W118, ,2026-03-27,2026-04-02,2026-04-07,Delivered,1230.66
D208960,O103050,W108,DHL,2026-03-30,2026-04-02,2026-03-31,Delayed,1357.07
D208961,O102250,W108,Delhivery,2026-07-05,2026-07-11,2026-07-11,Delayed,159.98
D208962,O107536,W111,BlueDart,2026-03-28,2026-04-02,2026-03-31,In Transit,56.58
D208963,O102239,W102,DHL,2026-06-21,2026-06-26,2026-06-26,In Transit,294.07
D208964,O107687,W102,FedEx,2026-06-15,2026-06-17,2026-06-21,Delivered,199.74
D208965,O105645,W107,Delhivery,2026-04-14,2026-04-21,2026-04-24,Delivered,702.23
D208966,O109918,W102,EcomExpress,2026-02-11,2026-02-16,2026-02-16,Delivered,1239.96
D208967,O109250,W107,BlueDart,2026-04-07,2026-04-10,2026-04-09,Delivered,544.12
D208968,O107667,W115,DHL,2026-05-11,2026-05-18,2026-05-24,Delivered,296.22
D208969,O102107,W102,EcomExpress,2026-02-17,2026-02-19,2026-02-22,Delivered,464.33
D208970,O105982,W115,Delhivery,2026-08-19,2026-08-22,2026-08-27,Delivered,553.15
D208971,O102777,W107,Delhivery,2026-08-04,2026-08-10,2026-08-12,Delivered,660.44
D208972,O109033,W103,DHL,2026-04-06,2026-04-09,2026-04-10,Delayed,494.97
D208973,O106614,W111,FedEx,2026-04-06,2026-04-08,2026-04-07,In Transit,586.71
D208974,O105230,W109,FedEx,2026-01-15,2026-01-19,2026-01-23,Delivered,564.17
D208975,O109956,W104,,2026-06-27,2026-06-30,2026-07-05,Delivered,176.28
D208976,O106154,W117,FedEx,2026-06-03,2026-06-08,2026-06-14,Delivered,1178.29
D208977,O106747,W105,BlueDart,2026-02-05,2026-02-12,2026-02-14,Delayed,199.2
D208978,O106956,W109,BlueDart,2026-09-09,2026-09-15,2026-09-21,Delivered,283.22
D208979,O106274,W106,EcomExpress,2026-07-09,2026-07-12,2026-07-15,Delivered,972.19
D208980,O102927,W112,DHL,2026-05-17,2026-05-19,2026-05-20,Delivered,972.57
D208981,O101125,W100,DHL,2026-01-17,2026-01-22,2026-01-27,Delivered,1150.6
D208982,O107604,W108,Delhivery,2026-02-19,2026-02-21,2026-02-22,Delivered,1111.07
D208983,O100867,W107,FedEx,2026-07-18,2026-07-24,2026-07-26,Delivered,1448.01
D208984,O106532,W113,FedEx,2026-05-07,2026-05-12,2026-05-16,Delivered,754.79
D208985,O107154,W101,,2026-08-18,2026-08-22,2026-08-24,Delivered,1388.74
D208986,O109903,W112,EcomExpress,2026-01-19,2026-01-25,2026-01-24,Delayed,1011.27
D208987,O109266,W111,EcomExpress,2026-06-29,2026-07-02,2026-07-04,In Transit,873.43
D208988,O106829,W110,Delhivery,2026-05-18,2026-05-22,2026-05-20,Delivered,161.1
D208989,O101904,W110,FedEx,2026-03-26,2026-03-28,2026-04-01,Delivered,339.07
D208990,O108461,W103,BlueDart,2026-02-28,2026-03-04,2026-03-06,Delayed,1059.95
D208991,O104141,W119,DHL,2026-08-17,2026-08-21,2026-08-25,Lost,1195.13
D208992,O101169,W111,FedEx,2026-04-07,2026-04-09,2026-04-07,Delivered,829.34
D208993,O109781,W100,FedEx,2026-04-15,2026-04-21,2026-04-20,Delivered,588.12
D208994,O103535,W117,Delhivery,2026-04-19,2026-04-25,2026-04-23,Delayed,1387.39
D208995,O101895,W118,EcomExpress,2026-07-27,2026-07-29,2026-07-31,Delayed,1439.62
D208996,O109665,W112,Delhivery,2026-02-22,2026-02-26,2026-02-24,Delivered,201.03
D208997,O105270,W114,FedEx,2026-01-14,2026-01-21,2026-01-26,Delivered,1102.03
D208998,O102654,W119,DHL,2026-03-25,2026-03-29,2026-03-28,Delivered,1211.92
D208999,O108992,W117,BlueDart,2026-08-05,2026-08-11,2026-08-09,Delivered,413.7
D209000,O106110,W102,EcomExpress,2026-07-01,2026-07-05,2026-07-10,Delivered,740.17
D209001,O100577,W102,FedEx,2026-08-11,2026-08-17,2026-08-19,Delivered,1176.21
D209002,O103726,W108,DHL,2026-02-25,2026-03-03,2026-03-07,Delayed,1333.92
D209003,O101187,W103,FedEx,2026-03-11,2026-03-16,2026-03-19,Delivered,1400.71
D209004,O103249,W102,ECOMEXPRESS,2026-02-01,2026-02-08,2026-02-11,Delayed,114.2
D209005,O102855,W114,DHL,2026-07-15,2026-07-17,2026-07-18,Delayed,129.17
D209006,O109159,W109,EcomExpress,2026-05-26,2026-06-02,2026-06-05,Delivered,283.59
D209007,O103059,W106,DHL,2026-07-17,2026-07-20,2026-07-20,In Transit,517.76
D209008,O105274,W113,DHL,2026-05-23,2026-05-30,2026-06-05,Delayed,748.25
D209009,O108163,W100,FedEx,2026-07-29,2026-08-05,2026-08-05,Delivered,378.65
D209010,O109535,W115,BlueDart,2026-09-03,2026-09-07,2026-09-09,Delivered,1122.29
D209011,O106285,W113,FedEx,2026-07-12,2026-07-16,2026-07-17,In Transit,1262.53
D209012,O106862,W117,BlueDart,2026-05-13,2026-05-18,2026-05-16,Delivered,1025.46
D209013,O108157,W113,BlueDart,2026-08-26,2026-08-29,2026-08-30,Delivered,302.5
D209014,O106695,W100,DHL,2026-07-02,2026-07-06,2026-07-08,Delivered,343.69
D209015,O101968,W110,BlueDart,2026-07-15,2026-07-18,2026-07-19,In Transit,711.53
D209016,O109980,W110,Delhivery,2026-03-28,2026-03-31,2026-03-31,Delivered,804.14
D209017,O106478,W110,BlueDart,2026-06-19,2026-06-24,2026-06-27,Delivered,486.76
D209018,O105004,W105,FedEx,2026-01-25,2026-01-27,2026-01-30,In Transit,657.78
D209019,O102364,W112,fedex,2026-05-14,2026-05-20,2026-05-23,Delivered,877.95
D209020,O107444,W103,DHL,2026-06-30,2026-07-05,2026-07-06,In Transit,588.19
D209021,O100441,W104,Delhivery,2026-01-30,2026-02-04,2026-02-10,Delivered,1450.07
D209022,O100202,W105,EcomExpress,2026-02-09,2026-02-12,2026-02-17,Delivered,1407.45
D209023,O104524,W113,EcomExpress,2026-06-06,2026-06-12,2026-06-13,Delivered,565.65
D209024,O105598,W108,EcomExpress,2026-05-07,2026-05-14,2026-05-18,Delivered,1154.91
D209025,O105248,W112,DHL,2026-03-21,2026-03-26,2026-03-24,Delayed,388.2
D209026,O100231,W119,,2026-07-02,2026-07-04,2026-07-03,Delivered,1129.31
D209027,O102031,W104,EcomExpress,2026-08-28,2026-09-04,2026-09-05,Delivered,1096.18
D209028,O106055,W100,FedEx,2026-01-08,2026-01-12,2026-01-12,Delivered,364.93
D209029,O105730,W113, ,2026-03-29,2026-04-02,2026-04-04,Delivered,1137.28
D209030,O108418,W105,DHL,2026-08-10,2026-08-14,2026-08-13,Delivered,74.79
D209031,O109698,W107,FedEx,2026-03-03,2026-03-07,2026-03-09,Delivered,1068.52
D209032,O107114,W100,DHL,2026-01-05,2026-01-10,2026-01-08,Delayed,232.32
D209033,O102632,W110,BlueDart,2026-03-15,2026-03-22,2026-03-21,In Transit,613.3
D209034,O104348,W117,EcomExpress,2026-06-26,2026-06-28,2026-07-01,In Transit,308.12
D209035,O104325,W109,BlueDart,2026-06-21,2026-06-28,2026-07-03,Delivered,301.56
D209036,O107326,W105,,2026-02-24,2026-02-26,2026-02-25,Delivered,730.33
D209037,O106381,W112,DHL,2026-05-09,2026-05-12,2026-05-17,Delivered,1410.11
D209038,O100490,W112,FedEx,2026-05-03,2026-05-05,2026-05-09,Delayed,838.39
D209039,O107159,W109,BlueDart,2026-03-20,2026-03-22,2026-03-27,Delivered,439.4
D209040,O105165,W116,FedEx,2026-06-15,2026-06-22,2026-06-24,Delivered,1332.02
D209041,O105084,W113,Delhivery,2026-06-20,2026-06-24,2026-06-27,Delivered,588.51
D209042,O109433,W115,BlueDart,2026-03-14,2026-03-21,2026-03-26,Delivered,120.63
D209043,O102220,W116,EcomExpress,2026-01-06,2026-01-13,2026-01-17,Delivered,1124.14
D209044,O108252,W112,EcomExpress,2026-05-07,2026-05-11,2026-05-12,Delayed,297.59
D209045,O101567,W116,Delhivery,2026-04-06,2026-04-08,2026-04-12,Delayed,1170.19
D209046,O109004,W119,DELHIVERY,2026-07-29,2026-07-31,2026-07-31,Delayed,1163.55
D209047,O103277,W113,,2026-06-22,2026-06-29,2026-07-01,Delivered,833.23
D209048,O100716,W109,Delhivery,2026-03-02,2026-03-06,2026-03-10,In Transit,871.49
D209049,O107651,W113,DHL,2026-03-04,2026-03-07,2026-03-13,Delayed,495.58
D209050,O103264,W102,BlueDart,2026-01-19,2026-01-23,2026-01-27,Delivered,143.88
D209051,O101583,W119,FedEx,2026-06-28,2026-06-30,2026-07-04,Delivered,165.34
D209052,O100114,W105,FedEx,2026-04-06,2026-04-09,2026-04-09,In Transit,433.75
D209053,O101160,W109,Delhivery,2026-04-16,2026-04-18,2026-04-18,In Transit,546.47
D209054,O100125,W113,EcomExpress,2026-01-22,2026-01-24,2026-01-28,Delivered,1434.07
D209055,O104216,W109,BlueDart,2026-06-23,2026-06-26,2026-06-25,Delivered,1488.96
D209056,O102416,W100,DHL,2026-04-10,2026-04-13,2026-04-11,Delivered,162.2
D209057,O108455,W104,EcomExpress,2026-01-08,2026-01-11,2026-01-11,Delivered,400.63
D209058,O109769,W116,FedEx,2026-08-10,2026-08-12,2026-08-15,Delivered,69.68
D209059,O106123,W113,FedEx,2026-09-08,2026-09-10,2026-09-16,In Transit,940.81
D209060,O104863,W107,BlueDart,2026-04-23,2026-04-26,2026-04-25,Delivered,1083.72
D209061,O109927,W107,bluedart,2026-01-08,2026-01-12,2026-01-13,Delivered,395.13
D209062,O105272,W105,DHL,2026-04-26,2026-04-28,2026-05-03,Delayed,255.21
D209063,O109487,W109,Delhivery,2026-01-28,2026-02-03,2026-02-08,Delivered,107.66
D209064,O103507,W114,DHL,2026-04-27,2026-05-04,2026-05-04,Delivered,1045.27
D209065,O101366,W116,FedEx,2026-05-29,2026-06-03,2026-06-07,Delivered,711.69
D209066,O100134,W113,FedEx,2026-01-10,2026-01-12,2026-01-10,Delivered,1230.11
D209067,O107154,W114,DHL,2026-02-23,2026-03-01,2026-03-01,Delivered,1058.2
D209068,O105996,W105,EcomExpress,2026-08-09,2026-08-11,2026-08-12,Delivered,1068.65
D209069,O102751,W110,Delhivery,2026-09-01,2026-09-06,2026-09-12,Delivered,804.27
D209070,O107666,W100,Delhivery,2026-08-26,2026-08-31,2026-08-29,Delivered,1125.24
D209071,O102983,W107,BlueDart,2026-07-25,2026-07-29,2026-08-02,In Transit,980.09
D209072,O103485,W112,Delhivery,2026-03-14,2026-03-16,2026-03-16,In Transit,491.03
D209073,O107515,W119,BlueDart,2026-02-03,2026-02-06,2026-02-07,In Transit,1452.2
D209074,O107946,W118,Delhivery,2026-03-04,2026-03-11,2026-03-10,In Transit,947.06
D209075,O106389,W105,Delhivery,2026-01-09,2026-01-13,2026-01-19,Delivered,1389.98
D209076,O106214,W113,FedEx,2026-06-18,2026-06-23,2026-06-22,Delivered,1444.63
D209077,O102108,W107,Delhivery,2026-01-07,2026-01-09,2026-01-10,In Transit,543.52
D209078,O101852,W110,FedEx,2026-09-08,2026-09-13,2026-09-17,Delivered,1346.29
D209079,O107573,W118,BlueDart,2026-02-21,2026-02-26,2026-02-27,In Transit,701.7
D209080,O100368,W100,DHL,2026-08-23,2026-08-26,2026-08-31,In Transit,1347.08
D209081,O108623,W113,EcomExpress,2026-01-18,2026-01-22,2026-01-25,In Transit,977.02
D209082,O100766,W114,DHL,2026-07-01,2026-07-06,2026-07-07,Delivered,450.96
D209083,O105692,W106,FedEx,2026-09-06,2026-09-10,2026-09-09,Delivered,1343.12
D209084,O105999,W108,FedEx,2026-05-31,2026-06-05,2026-06-03,In Transit,1194.94
D209085,O102552,W109,Delhivery,2026-06-06,2026-06-09,2026-06-13,Delayed,473.99
D209086,O104679,W111,FedEx,2026-06-28,2026-07-01,2026-07-06,In Transit,444.49
D209087,O103768,W113,BlueDart,2026-05-23,2026-05-27,2026-05-29,Delivered,1286.16
D209088,O104618,W102,FedEx,2026-01-13,2026-01-20,2026-01-19,Delivered,847.46
D209089,O103656,W108,DHL,2026-08-12,2026-08-14,2026-08-16,Delivered,551.96
D209090,O106071,W104,Delhivery,2026-03-01,2026-03-06,2026-03-11,Delivered,540.11
D209091,O104013,W119,BlueDart,2026-06-08,2026-06-15,2026-06-19,Delivered,1099.49
D209092,O101683,W110,BlueDart,2026-05-07,2026-05-14,2026-05-18,Delivered,1224.72
D209093,O109251,W116,EcomExpress,2026-08-21,2026-08-28,2026-09-01,Delivered,934.85
D209094,O108190,W107,BlueDart,2026-08-11,2026-08-16,2026-08-19,Delivered,530.42
D209095,O105934,W100,Delhivery,2026-08-30,2026-09-01,2026-09-02,Delivered,688.02
D209096,O102665,W111,EcomExpress,2026-04-17,2026-04-23,2026-04-26,Delivered,577.9
D209097,O109223,W118,Delhivery,2026-06-06,2026-06-11,2026-06-11,Delivered,939.96
D209098,O105784,W108,EcomExpress,2026-05-06,2026-05-12,2026-05-10,Delivered,1412.79
D209099,O101449,W104,EcomExpress,2026-03-01,2026-03-07,2026-03-12,Delivered,969.99
D209100,O106935,W102,EcomExpress,2026-06-12,2026-06-17,2026-06-16,Delivered,1384.86
D209101,O103802,W100,Delhivery,2026-07-10,2026-07-14,2026-07-16,Delivered,1461.5
D209102,O103477,W111,Delhivery,2026-07-31,2026-08-02,2026-08-07,Delivered,996.28
D209103,O109093,W116,EcomExpress,2026-09-11,2026-09-17,2026-09-20,In Transit,748.2
D209104,O105442,W119,Delhivery,2026-08-06,2026-08-10,2026-08-15,Delivered,1448.65
D209105,O108382,W105,FedEx,2026-06-11,2026-06-17,2026-06-15,Delivered,1186.17
D209106,O101839,W113,FedEx,2026-08-25,2026-09-01,2026-08-30,Delayed,1433.91
D209107,O101656,W103,DHL,2026-03-25,2026-03-29,2026-04-01,Delivered,920.43
D209108,O105278,W112,FedEx,2026-07-13,2026-07-15,2026-07-19,Delayed,1248.01
D209109,O101295,W115,EcomExpress,2026-04-03,2026-04-09,2026-04-12,Delivered,290.14
D209110,O101470,W106,DHL,2026-07-29,2026-08-05,2026-08-03,Delivered,450.08
D209111,O109535,W109,Delhivery,2026-04-27,2026-05-02,2026-05-02,In Transit,1375.31
D209112,O100864,W103,DHL,2026-03-26,2026-03-30,2026-03-28,Delivered,466.35
D209113,O108675,W114,EcomExpress,2026-09-01,2026-09-08,2026-09-06,Delivered,567.67
D209114,O103588,W110,EcomExpress,2026-04-22,2026-04-24,2026-04-24,Delivered,1064.65
D209115,O100586,W100, BlueDart ,2026-03-27,2026-04-02,2026-04-06,Delayed,651.27
D209116,O108908,W103,FedEx,2026-05-16,2026-05-19,2026-05-20,Delayed,1371.5
D209117,O104124,W112,FedEx,2026-04-27,2026-04-30,2026-04-29,In Transit,355.12
D209118,O105209,W100,DHL,2026-09-08,2026-09-15,2026-09-21,In Transit,899.12
D209119,O104825,W102,DHL,2026-01-22,2026-01-29,2026-01-30,Delayed,644.22
D209120,O100247,W119,FedEx,2026-04-08,2026-04-11,2026-04-15,Delayed,769.61
D209121,O109064,W110,EcomExpress,2026-02-10,2026-02-14,2026-02-16,Delivered,1083.76
D209122,O103095,W104,Delhivery,2026-01-21,2026-01-24,2026-01-28,Delivered,767.02
D209123,O103892,W116,EcomExpress,2026-06-17,2026-06-21,2026-06-23,In Transit,1179.36
D209124,O105637,W111,Delhivery,2026-07-29,2026-07-31,2026-07-31,Delayed,233.02
D209125,O101733,W113,BlueDart,2026-07-27,2026-08-01,2026-08-06,Delivered,468.77
D209126,O102492,W109,DHL,2026-06-14,2026-06-18,2026-06-24,In Transit,1317.68
D209127,O102754,W102,BlueDart,2026-02-25,2026-02-28,2026-03-05,In Transit,412.31
D209128,O104650,W112,EcomExpress,2026-05-16,2026-05-20,2026-05-22,Delivered,91.07
D209129,O101137,W103,DHL,2026-02-02,2026-02-09,2026-02-13,Delivered,706.72
D209130,O109388,W111,BlueDart,2026-04-30,2026-05-03,2026-05-06,Delayed,539.45
D209131,O104612,W107,Delhivery,2026-06-07,2026-06-10,2026-06-16,Delayed,586.89
D209132,O109467,W108, BlueDart ,2026-04-08,2026-04-10,2026-04-10,Delayed,566.19
D209133,O109413,W118,BlueDart,2026-01-11,2026-01-16,2026-01-22,Delivered,409.32
D209134,O107949,W103,EcomExpress,2026-08-18,2026-08-22,2026-08-24,Delayed,1181.32
D209135,O109957,W102,DHL,2026-07-23,2026-07-26,2026-07-27,Delivered,121.94
D209136,O106848,W104,DHL,2026-04-29,2026-05-02,2026-05-01,In Transit,783.12
D209137,O104251,W104,BlueDart,2026-03-18,2026-03-20,2026-03-22,Delivered,799.91
D209138,O107284,W112,BlueDart,2026-08-16,2026-08-20,2026-08-18,In Transit,122.41
D209139,O107243,W117,EcomExpress,2026-07-16,2026-07-20,2026-07-26,In Transit,59.56
D209140,O103429,W117,Delhivery,2026-02-13,2026-02-20,2026-02-21,Delayed,797.98
D209141,O102817,W105,EcomExpress,2026-08-09,2026-08-12,2026-08-18,Delivered,1226.35
D209142,O102808,W100,Delhivery,2026-01-18,2026-01-25,2026-01-31,Delayed,317.34
D209143,O108882,W110,BlueDart,2026-07-01,2026-07-05,2026-07-07,Delivered,102.84
D209144,O109443,W103,BlueDart,2026-02-14,2026-02-17,2026-02-17,Delivered,540.67
D209145,O107473,W110, ,2026-02-22,2026-02-25,2026-02-24,Delivered,625.02
D209146,O104604,W106,,2026-08-30,2026-09-04,2026-09-03,Delivered,595.56
D209147,O105877,W104,FedEx,2026-01-04,2026-01-06,2026-01-09,Delivered,1434.42
D209148,O107362,W107,EcomExpress,2026-03-23,2026-03-30,2026-04-01,Delayed,167.49
D209149,O101679,W113,EcomExpress,2026-05-18,2026-05-23,2026-05-23,Delivered,653.63
D209150,O104062,W109,BlueDart,2026-04-06,2026-04-11,2026-04-17,Lost,442.74
D209151,O106996,W101,Delhivery,2026-05-02,2026-05-04,2026-05-06,Delivered,720.23
D209152,O101095,W105,EcomExpress,2026-08-08,2026-08-10,2026-08-16,Delivered,545.11
D209153,O101343,W101,FedEx,2026-05-04,2026-05-09,2026-05-09,Delivered,216.35
D209154,O103902,W112,FedEx,2026-08-15,2026-08-18,2026-08-23,Delivered,567.45
D209155,O105741,W100,EcomExpress,2026-05-09,2026-05-13,2026-05-19,Delivered,1240.74
D209156,O108451,W108,FedEx,2026-04-21,2026-04-25,2026-04-24,Lost,742.88
D209157,O107519,W115,EcomExpress,2026-08-25,2026-08-27,2026-08-29,Delayed,1253.72
D209158,O108890,W118,EcomExpress,2026-05-08,2026-05-14,2026-05-17,Delivered,636.61
D209159,O105492,W107,,2026-01-24,2026-01-28,2026-01-27,Delivered,286.47
D209160,O100269,W111,,2026-02-04,2026-02-10,2026-02-09,Delivered,1148.58
D209161,O102016,W108,BlueDart,2026-04-22,2026-04-26,2026-04-26,Delivered,1221.45
D209162,O108518,W109,FedEx,2026-02-08,2026-02-15,2026-02-19,Delivered,1049.3
D209163,O100705,W103,FedEx,2026-05-15,2026-05-17,2026-05-23,Delivered,635.99
D209164,O107904,W108,FedEx,2026-04-09,2026-04-11,2026-04-09,Delivered,1126.66
D209165,O106030,W116,EcomExpress,2026-05-28,2026-06-01,2026-06-05,Delayed,930.56
D209166,O106249,W103,EcomExpress,2026-02-08,2026-02-10,2026-02-15,Delayed,1215.14
D209167,O103550,W114,BlueDart,2026-04-07,2026-04-10,2026-04-16,Delayed,874.61
D209168,O105250,W101,DHL,2026-06-26,2026-07-03,2026-07-02,Delayed,1327.44
D209169,O108805,W100,EcomExpress,2026-09-04,2026-09-07,2026-09-09,Delivered,535.09
D209170,O109172,W103,EcomExpress,2026-03-03,2026-03-08,2026-03-14,Delivered,1105.39
D209171,O108564,W109,,2026-08-12,2026-08-15,2026-08-14,Delivered,619.29
D209172,O100657,W105,FedEx,2026-03-15,2026-03-20,2026-03-20,Delivered,836.5
D209173,O107343,W108,EcomExpress,2026-07-31,2026-08-02,2026-08-08,Delivered,691.65
D209174,O100365,W103,FedEx,2026-03-05,2026-03-11,2026-03-10,Delivered,1351.77
D209175,O106337,W117,BlueDart,2026-02-03,2026-02-07,2026-02-09,Delayed,1370.04
D209176,O106770,W112,BlueDart,2026-02-25,2026-03-04,2026-03-08,Delivered,685.58
D209177,O108891,W100,DHL,2026-05-27,2026-06-01,2026-06-02,Delivered,701.66
D209178,O106502,W119,BlueDart,2026-08-25,2026-08-30,2026-09-03,Delivered,838.09
D209179,O108703,W109,DHL,2026-07-15,2026-07-19,2026-07-18,Delayed,269.91
D209180,O109958,W109,DHL,2026-03-29,2026-04-02,2026-04-08,Delivered,1332.32
D209181,O100694,W105,DHL,2026-01-13,2026-01-15,2026-01-15,Delivered,1106.33
D209182,O105112,W112,EcomExpress,2026-08-16,2026-08-20,2026-08-21,Delivered,685.3
D209183,O105827,W109,DHL,2026-04-15,2026-04-20,2026-04-23,In Transit,137.51
D209184,O103173,W117,Delhivery,2026-05-11,2026-05-14,2026-05-15,Delivered,637.79
D209185,O108129,W112,EcomExpress,2026-08-25,2026-08-27,2026-08-25,Delivered,89.15
D209186,O108138,W115,Delhivery,2026-09-04,2026-09-10,2026-09-08,Delivered,225.99
D209187,O103854,W104,Delhivery,2026-04-28,2026-04-30,2026-05-06,Delivered,1316.63
D209188,O108461,W103,EcomExpress,2026-06-26,2026-07-01,2026-07-03,Delivered,534.73
D209189,O104194,W114,BlueDart,2026-06-09,2026-06-16,2026-06-21,Delivered,1431.77
D209190,O108493,W118,Delhivery,2026-03-03,2026-03-05,2026-03-03,In Transit,324.71
D209191,O109858,W106,Delhivery,2026-05-24,2026-05-26,2026-05-25,Delivered,840.31
D209192,O107725,W101,DHL,2026-06-15,2026-06-19,2026-06-25,Delivered,1042.9
D209193,O104734,W108,DHL,2026-06-28,2026-07-01,2026-07-07,Delayed,1204.87
D209194,O100435,W108,Delhivery,2026-08-02,2026-08-05,2026-08-10,Delayed,194.31
D209195,O107056,W108,DHL,2026-06-06,2026-06-12,2026-06-17,Delivered,947.52
D209196,O101580,W108,DHL,2026-08-20,2026-08-27,2026-08-25,Delivered,602.31
D209197,O102645,W105,FedEx,2026-04-10,2026-04-17,2026-04-19,Delivered,173.45
D209198,O108481,W101,DHL,2026-02-02,2026-02-08,2026-02-11,Delayed,501.89
D209199,O104853,W112,BlueDart,2026-02-20,2026-02-27,2026-02-25,Delivered,1087.08
D209200,O108771,W102,BlueDart,2026-07-22,2026-07-27,2026-07-25,Delivered,560.17
D209201,O104699,W105,DHL,2026-06-17,2026-06-23,2026-06-26,Delivered,444.41
D209202,O101572,W106,BlueDart,2026-04-01,2026-04-08,2026-04-06,Delayed,1004.19
D209203,O108739,W104,DHL,2026-07-27,2026-08-03,2026-08-03,Delivered,1345.2
D209204,O100491,W114,EcomExpress,2026-07-26,2026-07-30,2026-08-01,Delayed,362.13
D209205,O106716,W106,FedEx,2026-04-29,2026-05-05,2026-05-09,In Transit,1154.91
D209206,O105871,W101,Delhivery,2026-08-31,2026-09-04,2026-09-10,Delivered,1443.66
D209207,O102361,W105,FedEx,2026-01-10,2026-01-17,2026-01-22,Delayed,80.3
D209208,O109526,W102,DHL,2026-01-08,2026-01-14,2026-01-13,Delivered,514.29
D209209,O107215,W106,DHL,2026-05-18,2026-05-22,2026-05-24,Delivered,1491.52
D209210,O109675,W113,DHL,2026-04-25,2026-04-27,2026-04-27,Delayed,1384.59
D209211,O102190,W113,EcomExpress,2026-04-10,2026-04-15,2026-04-19,Delivered,773.48
D209212,O104993,W114,BlueDart,2026-01-24,2026-01-30,2026-01-28,Delayed,1067.56
D209213,O108526,W114,EcomExpress,2026-03-05,2026-03-11,2026-03-15,Delivered,646.88
D209214,O106130,W113,DHL,2026-06-02,2026-06-05,2026-06-06,Lost,555.93
D209215,O107381,W105,FedEx,2026-07-07,2026-07-09,2026-07-11,In Transit,1340.38
D209216,O103410,W105,BlueDart,2026-08-31,2026-09-05,2026-09-03,Delivered,664.47
D209217,O105867,W114,Delhivery,2026-02-23,2026-02-26,2026-02-26,Delivered,1147.24
D209218,O106123,W117,FedEx,2026-07-27,2026-08-03,2026-08-09,Delivered,1183.87
D209219,O102883,W112,DHL,2026-07-11,2026-07-17,2026-07-23,Delivered,1466.23
D209220,O105492,W113,EcomExpress,2026-08-10,2026-08-16,2026-08-14,Delivered,780.58
D209221,O105983,W117,FedEx,2026-01-06,2026-01-13,2026-01-13,Delivered,296.39
D209222,O104971,W106,EcomExpress,2026-01-25,2026-01-27,2026-01-27,Delayed,936.89
D209223,O100359,W113,EcomExpress,2026-05-16,2026-05-23,2026-05-24,Delivered,113.65
D209224,O100840,W107,Delhivery,2026-02-05,2026-02-12,2026-02-15,In Transit,740.63
D209225,O105932,W117,BlueDart,2026-01-20,2026-01-24,2026-01-23,Delivered,1298.1
D209226,O107444,W111,Delhivery,2026-03-08,2026-03-10,2026-03-16,Delayed,1185.85
D209227,O102037,W106,BlueDart,2026-05-25,2026-05-29,2026-05-28,Delivered,145.93
D209228,O109541,W109,FedEx,2026-05-26,2026-05-30,2026-06-05,Delivered,810.18
D209229,O106473,W105,BlueDart,2026-07-25,2026-07-28,2026-08-01,Delivered,104.04
D209230,O106785,W113,FedEx,2026-04-05,2026-04-10,2026-04-09,Delivered,1189.91
D209231,O101323,W119,DHL,2026-03-29,2026-04-05,2026-04-10,In Transit,1404.37
D209232,O107845,W113,EcomExpress,2026-08-10,2026-08-13,2026-08-17,In Transit,436.18
D209233,O104344,W115,DHL,2026-02-03,2026-02-06,2026-02-07,Delivered,1095.59
D209234,O104829,W117,Delhivery,2026-08-28,2026-09-02,2026-09-03,In Transit,677.16
D209235,O104138,W115,BlueDart,2026-04-16,2026-04-23,2026-04-23,Delivered,494.75
D209236,O109467,W106,BlueDart,2026-05-15,2026-05-19,2026-05-24,Delivered,634.53
D209237,O109084,W110,Delhivery,2026-07-13,2026-07-19,2026-07-22,Delayed,108.63
D209238,O104370,W109,EcomExpress,2026-01-18,2026-01-21,2026-01-21,Delivered,282.03
D209239,O105460,W116,DHL,2026-08-23,2026-08-30,2026-09-03,Delayed,372.25
D209240,O106765,W109,DHL,2026-04-22,2026-04-26,2026-04-25,Delayed,475.81
D209241,O109755,W110,EcomExpress,2026-08-11,2026-08-15,2026-08-20,In Transit,437.28
D209242,O108048,W101,EcomExpress,2026-04-14,2026-04-18,2026-04-17,Delivered,593.65
D209243,O106795,W105,DHL,2026-02-10,2026-02-12,2026-02-11,In Transit,1219.26
D209244,O103602,W106,DHL,2026-05-15,2026-05-18,2026-05-23,Delivered,655.56
D209245,O105950,W110,EcomExpress,2026-04-10,2026-04-14,2026-04-18,Delayed,475.77
D209246,O108140,W113,BlueDart,2026-02-17,2026-02-22,2026-02-27,Delivered,1203.65
D209247,O100022,W101,BlueDart,2026-02-13,2026-02-20,2026-02-26,Delivered,1382.54
D209248,O105105,W101,BlueDart,2026-04-08,2026-04-13,2026-04-19,Delivered,541.49
D209249,O109109,W119,BlueDart,2026-08-20,2026-08-26,2026-08-25,Delayed,1246.47
D209250,O100807,W118,Delhivery,2026-03-10,2026-03-12,2026-03-18,Delivered,1450.22
D209251,O107248,W104,DHL,2026-03-19,2026-03-25,2026-03-31,Delivered,540.44
D209252,O103554,W107,BlueDart,2026-04-14,2026-04-21,2026-04-27,Delivered,201.15
D209253,O105137,W114,Delhivery,2026-01-04,2026-01-07,2026-01-05,Delivered,663.04
D209254,O107957,W114,Delhivery,2026-06-06,2026-06-11,2026-06-11,Delivered,257.86
D209255,O100220,W110,Delhivery,2026-06-23,2026-06-26,2026-06-30,Delivered,351.86
D209256,O107238,W119,EcomExpress,2026-01-04,2026-01-06,2026-01-05,Delivered,988.65
D209257,O102588,W112,DHL,2026-04-28,2026-05-02,2026-05-02,In Transit,772.3
D209258,O109405,W116,EcomExpress,2026-01-02,2026-01-07,2026-01-09,Delivered,1086.07
D209259,O108211,W110,DHL,2026-04-28,2026-04-30,2026-05-06,Delivered,652.04
D209260,O105747,W114,DHL,2026-05-22,2026-05-28,2026-05-30,Delayed,1499.87
D209261,O109077,W115,EcomExpress,2026-02-27,2026-03-03,2026-03-01,Delivered,902.71
D209262,O102001,W118,BlueDart,2026-02-11,2026-02-15,2026-02-15,In Transit,515.52
D209263,O105513,W117,delhivery,2026-07-25,2026-07-30,2026-07-31,In Transit,362.24
D209264,O106417,W108,FedEx,2026-05-27,2026-06-03,2026-06-09,Lost,486.98
D209265,O107911,W100,EcomExpress,2026-09-08,2026-09-11,2026-09-11,Delivered,399.82
D209266,O103735,W118,Delhivery,2026-07-31,2026-08-02,2026-08-01,Delayed,768.31
D209267,O102566,W106,Delhivery,2026-05-11,2026-05-16,2026-05-17,Delayed,1266.63
D209268,O109490,W102,BlueDart,2026-04-05,2026-04-12,2026-04-13,Delivered,643.5
D209269,O104674,W114,DHL,2026-09-02,2026-09-04,2026-09-10,Delivered,514.63
D209270,O101578,W107,FedEx,2026-04-12,2026-04-19,2026-04-20,Delayed,761.74
D209271,O106313,W113,Delhivery,2026-07-28,2026-08-02,2026-08-05,Delivered,592.58
D209272,O109729,W108,BlueDart,2026-02-19,2026-02-23,2026-02-21,Delivered,113.75
D209273,O109549,W106,Delhivery,2026-04-15,2026-04-21,2026-04-23,Delivered,543.28
D209274,O100015,W110,FedEx,2026-04-30,2026-05-03,2026-05-04,In Transit,527.32
D209275,O103832,W106,Delhivery,2026-09-01,2026-09-07,2026-09-08,Delivered,1074.38
D209276,O105502,W107,BlueDart,2026-03-09,2026-03-11,2026-03-13,Delivered,303.0
D209277,O108841,W119,BlueDart,2026-03-24,2026-03-30,2026-03-30,Delivered,150.19
D209278,O101343,W101,EcomExpress,2026-09-07,2026-09-12,2026-09-16,Delivered,119.71
D209279,O102315,W105,DHL,2026-02-22,2026-03-01,2026-03-01,Delivered,211.98
D209280,O101598,W113,DHL,2026-02-08,2026-02-15,2026-02-21,Delayed,82.7
D209281,O102165,W106,BlueDart,2026-07-06,2026-07-12,2026-07-18,Delivered,1167.7
D209282,O100369,W115,BlueDart,2026-06-26,2026-06-30,2026-06-29,Delivered,1433.98
D209283,O100936,W111,BlueDart,2026-04-17,2026-04-20,2026-04-19,Delivered,259.29
D209284,O107105,W110,Delhivery,2026-04-05,2026-04-11,2026-04-12,Delayed,192.4
D209285,O101598,W107,BlueDart,2026-07-06,2026-07-11,2026-07-17,Delayed,941.71
D209286,O106375,W112,FedEx,2026-09-15,2026-09-20,2026-09-23,Delayed,543.15
D209287,O104994,W104,BlueDart,2026-05-08,2026-05-15,2026-05-21,Delivered,926.99
D209288,O108632,W108,EcomExpress,2026-01-18,2026-01-24,2026-01-24,Delivered,1098.65
D209289,O102840,W119,EcomExpress,2026-03-31,2026-04-07,2026-04-10,Delivered,1427.43
D209290,O109469,W105,BlueDart,2026-02-15,2026-02-19,2026-02-20,Delayed,1343.55
D209291,O104257,W103,BlueDart,2026-04-13,2026-04-17,2026-04-15,Delivered,205.81
D209292,O107795,W101,BlueDart,2026-07-23,2026-07-28,2026-07-31,Delivered,118.28
D209293,O107649,W116,EcomExpress,2026-09-07,2026-09-12,2026-09-12,Delivered,140.22
D209294,O106689,W103,EcomExpress,2026-02-02,2026-02-09,2026-02-12,Delivered,1016.98
D209295,O102182,W100,DHL,2026-07-28,2026-08-03,2026-08-05,Delivered,699.31
D209296,O104212,W118,Delhivery,2026-01-27,2026-01-29,2026-02-04,Delivered,404.42
D209297,O104956,W110, ,2026-05-03,2026-05-08,2026-05-14,Delivered,630.29
D209298,O103364,W108,DHL,2026-05-06,2026-05-13,2026-05-16,Delivered,1201.56
D209299,O101688,W112,BlueDart,2026-09-15,2026-09-21,2026-09-19,Delivered,847.94
D209300,O102481,W114,EcomExpress,2026-06-09,2026-06-12,2026-06-13,Delivered,1146.06
D209301,O105826,W116,DHL,2026-02-07,2026-02-14,2026-02-15,Delayed,1349.67
D209302,O109204,W117,FedEx,2026-08-31,2026-09-07,2026-09-07,In Transit,998.05
D209303,O107043,W112,Delhivery,2026-08-21,2026-08-23,2026-08-22,Delivered,315.2
D209304,O106431,W103,,2026-07-26,2026-08-02,2026-07-31,Delivered,335.33
D209305,O105756,W111,FedEx,2026-01-07,2026-01-11,2026-01-16,Delivered,427.56
D209306,O108534,W106,FedEx,2026-03-21,2026-03-27,2026-03-30,Delivered,172.42
D209307,O102793,W104,EcomExpress,2026-09-10,2026-09-17,2026-09-21,Delivered,1316.64
D209308,O106209,W101,EcomExpress,2026-06-08,2026-06-15,2026-06-21,Delayed,678.55
D209309,O106877,W107,Delhivery,2026-01-08,2026-01-14,2026-01-19,In Transit,443.64
D209310,O108587,W106,DHL,2026-08-30,2026-09-05,2026-09-03,Delivered,52.32
D209311,O105646,W117,EcomExpress,2026-03-23,2026-03-28,2026-03-26,Delivered,1495.22
D209312,O105068,W112,FedEx,2026-07-31,2026-08-05,2026-08-06,Delayed,1251.25
D209313,O105489,W113,BlueDart,2026-05-09,2026-05-11,2026-05-15,Delivered,1487.2
D209314,O106720,W109,EcomExpress,2026-02-06,2026-02-12,2026-02-14,Delayed,315.2
D209315,O105213,W112,BlueDart,2026-01-02,2026-01-05,2026-01-10,Delivered,81.48
D209316,O107412,W115,EcomExpress,2026-06-23,2026-06-26,2026-06-26,Delivered,596.02
D209317,O108518,W112,DHL,2026-01-16,2026-01-20,2026-01-18,Delivered,434.78
D209318,O104166,W117,BlueDart,2026-05-08,2026-05-14,2026-05-14,In Transit,1485.82
D209319,O109998,W114, FedEx ,2026-02-15,2026-02-18,2026-02-16,Delivered,107.34
D209320,O101493,W107,Delhivery,2026-08-02,2026-08-06,2026-08-05,Delivered,204.61
D209321,O102556,W102,Delhivery,2026-09-04,2026-09-06,2026-09-11,Delivered,152.75
D209322,O107924,W114,BlueDart,2026-02-08,2026-02-14,2026-02-13,Delayed,1269.66
D209323,O101627,W108,FedEx,2026-03-30,2026-04-05,2026-04-06,Delivered,664.48
D209324,O107962,W100,FedEx,2026-05-05,2026-05-10,2026-05-11,Delivered,773.01
D209325,O102719,W117,,2026-08-16,2026-08-18,2026-08-22,Delivered,433.41
D209326,O108117,W115,DHL,2026-04-24,2026-04-30,2026-04-28,Delayed,250.87
D209327,O107420,W107,BlueDart,2026-06-18,2026-06-20,2026-06-26,Delivered,1055.89
D209328,O100164,W116,DHL,2026-04-25,2026-04-28,2026-05-01,Delivered,1391.54
D209329,O105785,W106,BlueDart,2026-01-30,2026-02-06,2026-02-11,In Transit,1253.14
D209330,O108453,W118,EcomExpress,2026-03-21,2026-03-24,2026-03-26,Delivered,1119.33
D209331,O107987,W116,FedEx,2026-04-05,2026-04-08,2026-04-12,Delivered,601.51
D209332,O104299,W109,EcomExpress,2026-08-18,2026-08-22,2026-08-21,Delivered,1396.29
D209333,O104512,W106,Delhivery,2026-02-19,2026-02-26,2026-03-01,Delivered,1393.09
D209334,O109434,W109,BlueDart,2026-05-21,2026-05-25,2026-05-29,Delayed,995.99
D209335,O107773,W105,Delhivery,2026-08-06,2026-08-09,2026-08-08,Delivered,630.29
D209336,O103390,W106,FedEx,2026-06-28,2026-07-03,2026-07-08,Delivered,1090.11
D209337,O101734,W103,DHL,2026-05-08,2026-05-11,2026-05-16,Delivered,861.21
D209338,O104764,W105,BlueDart,2026-06-12,2026-06-19,2026-06-18,Lost,553.23
D209339,O104336,W118,BlueDart,2026-05-06,2026-05-11,2026-05-10,Lost,849.0
D209340,O107713,W101,FedEx,2026-08-04,2026-08-07,2026-08-09,Delivered,340.31
D209341,O101096,W107,DHL,2026-03-18,2026-03-21,2026-03-20,Delivered,1018.81
D209342,O101443,W103,DHL,2026-05-05,2026-05-09,2026-05-15,Delivered,1368.24
D209343,O106073,W116,BlueDart,2026-03-31,2026-04-03,2026-04-05,Delivered,818.99
D209344,O105754,W113,FedEx,2026-01-22,2026-01-24,2026-01-26,Delivered,516.63
D209345,O104073,W112,DHL,2026-08-13,2026-08-16,2026-08-16,Delivered,1446.23
D209346,O101654,W108,Delhivery,2026-03-27,2026-03-30,2026-03-29,Delivered,974.09
D209347,O101307,W113,BlueDart,2026-06-03,2026-06-05,2026-06-09,Delivered,804.75
D209348,O102486,W102,DHL,2026-08-01,2026-08-05,2026-08-05,In Transit,638.25
D209349,O108678,W113,DHL,2026-02-20,2026-02-25,2026-03-03,Delivered,844.3
D209350,O109701,W102,BlueDart,2026-02-13,2026-02-20,2026-02-21,Delayed,769.06
D209351,O100266,W101,FedEx,2026-06-24,2026-06-27,2026-07-01,Delivered,1232.69
D209352,O101124,W100,EcomExpress,2026-08-10,2026-08-14,2026-08-20,Delayed,1350.5
D209353,O107623,W115,DHL,2026-03-23,2026-03-26,2026-03-25,Delivered,1188.99
D209354,O102076,W119, BlueDart ,2026-04-29,2026-05-04,2026-05-08,Delayed,524.06
D209355,O109290,W102,Delhivery,2026-01-27,2026-02-01,2026-01-31,Delivered,934.59
D209356,O102797,W115,DHL,2026-07-19,2026-07-22,2026-07-21,Delivered,1393.38
D209357,O100684,W107,FedEx,2026-09-13,2026-09-19,2026-09-22,In Transit,1406.23
D209358,O102276,W118,Delhivery,2026-01-16,2026-01-21,2026-01-27,Delayed,-500.0
D209359,O106637,W106,DHL,2026-02-03,2026-02-10,2026-02-13,Lost,499.21
D209360,O100396,W116,FedEx,2026-05-24,2026-05-28,2026-05-29,In Transit,989.37
D209361,O106942,W103,FedEx,2026-07-17,2026-07-22,2026-07-20,Delayed,854.95
D209362,O104144,W114,Delhivery,2026-09-09,2026-09-12,2026-09-12,Delivered,731.41
D209363,O100624,W101,FedEx,2026-01-20,2026-01-24,2026-01-27,Delivered,1488.02
D209364,O101857,W111,EcomExpress,2026-02-13,2026-02-20,2026-02-21,Delivered,552.94
D209365,O101970,W107,,2026-05-22,2026-05-25,2026-05-28,Delivered,383.49
D209366,O104329,W109,Delhivery,2026-02-09,2026-02-12,2026-02-15,Delivered,860.87
D209367,O100204,W112,BlueDart,2026-03-19,2026-03-24,2026-03-24,Delivered,172.95
D209368,O101211,W101,FedEx,2026-01-01,2026-01-04,2026-01-09,Delivered,1114.9
D209369,O101045,W118,EcomExpress,2026-05-11,2026-05-13,2026-05-13,Delayed,53.28
D209370,O105681,W101,DHL,2026-05-31,2026-06-06,2026-06-08,Delivered,305.13
D209371,O107744,W109,Delhivery,2026-08-13,2026-08-20,2026-08-25,Delivered,1476.33
D209372,O105488,W114,Delhivery,2026-02-23,2026-02-27,2026-03-01,Delivered,254.51
D209373,O105406,W116,BlueDart,2026-03-23,2026-03-30,2026-04-01,Delivered,102.45
D209374,O109315,W103,Delhivery,2026-01-20,2026-01-27,2026-02-02,Delivered,385.12
D209375,O102137,W117,EcomExpress,2026-04-14,2026-04-20,2026-04-19,Delivered,421.37
D209376,O103607,W111,Delhivery,2026-08-03,2026-08-06,2026-08-10,Delivered,185.27
D209377,O105542,W107,EcomExpress,2026-03-07,2026-03-11,2026-03-09,Delivered,452.52
D209378,O104609,W109,DHL,2026-05-26,2026-05-31,2026-06-03,Delivered,758.29
D209379,O103788,W114, ,2026-08-17,2026-08-20,2026-08-18,Delayed,662.11
D209380,O107930,W116,BlueDart,2026-06-07,2026-06-13,2026-06-13,Delivered,167.18
D209381,O101501,W118,FedEx,2026-09-15,2026-09-22,2026-09-26,Delivered,514.89
D209382,O106125,W115,DHL,2026-06-18,2026-06-20,2026-06-20,Delayed,1041.85
D209383,O103350,W108,EcomExpress,2026-07-26,2026-07-30,2026-08-02,Delivered,669.11
D209384,O104931,W105,,2026-04-06,2026-04-11,2026-04-14,Delayed,473.9
D209385,O104025,W102,DHL,2026-04-20,2026-04-27,2026-04-25,Delivered,244.81
D209386,O104359,W106,DHL,2026-08-18,2026-08-24,2026-08-22,Delivered,586.76
D209387,O109307,W118,DHL,2026-08-06,2026-08-08,2026-08-10,In Transit,1177.12
D209388,O103955,W108,DHL,2026-02-05,2026-02-11,2026-02-11,Delayed,646.43
D209389,O102696,W105,,2026-09-03,2026-09-09,2026-09-08,Delivered,760.13
D209390,O109390,W103,BlueDart,2026-04-24,2026-04-27,2026-05-02,Delivered,1131.71
D209391,O107225,W108,Delhivery,2026-03-08,2026-03-15,2026-03-19,Delivered,256.41
D209392,O109123,W101,,2026-08-20,2026-08-22,2026-08-27,Delayed,1333.23
D209393,O109188,W114,Delhivery,2026-08-24,2026-08-30,2026-09-02,Delayed,1321.73
D209394,O103114,W103,,2026-07-28,2026-07-31,2026-08-05,Delivered,645.31
D209395,O105631,W115,Delhivery,2026-01-13,2026-01-19,2026-01-20,Delivered,1086.81
D209396,O107703,W110,BlueDart,2026-08-01,2026-08-07,2026-08-13,Delivered,764.77
D209397,O109299,W108,DHL,2026-04-07,2026-04-14,2026-04-16,Delivered,174.09
D209398,O101073,W109,EcomExpress,2026-06-19,2026-06-21,2026-06-21,Delivered,230.6
D209399,O104781,W115,Delhivery,2026-02-03,2026-02-09,2026-02-09,Delivered,118.27
D209400,O104687,W101,,2026-05-03,2026-05-09,2026-05-10,Lost,106.81
D209401,O107915,W107,FedEx,2026-07-28,2026-07-31,2026-08-06,Delivered,1453.62
D209402,O105197,W118,Delhivery,2026-01-26,2026-02-02,2026-02-02,Delivered,268.1
D209403,O108057,W106,BlueDart,2026-08-07,2026-08-13,2026-08-15,Delivered,263.3
D209404,O101468,W114,EcomExpress,2026-07-04,2026-07-09,2026-07-13,Delayed,1130.69
D209405,O104565,W103,BlueDart,2026-08-31,2026-09-04,2026-09-04,Delayed,926.67
D209406,O102692,W109,DHL,2026-05-30,2026-06-04,2026-06-08,Delivered,1297.89
D209407,O101496,W115,FedEx,2026-02-08,2026-02-15,2026-02-16,Delivered,1114.58
D209408,O107089,W113,FedEx,2026-07-31,2026-08-03,2026-08-03,Delivered,1059.6
D209409,O108041,W114,FedEx,2026-05-09,2026-05-16,2026-05-17,Delivered,961.6
D209410,O103315,W102,BlueDart,2026-04-23,2026-04-25,2026-04-29,Delivered,271.2
D209411,O104805,W111,BlueDart,2026-08-01,2026-08-08,2026-08-12,Delivered,1095.94
D209412,O107813,W119,DHL,2026-07-27,2026-07-30,2026-07-29,Delivered,959.41
D209413,O109304,W109,EcomExpress,2026-05-05,2026-05-08,2026-05-13,Delivered,865.69
D209414,O104820,W111,FedEx,2026-05-07,2026-05-14,2026-05-19,Delivered,1133.73
D209415,O101441,W115,DHL,2026-09-01,2026-09-03,2026-09-02,Delivered,231.51
D209416,O103710,W117,EcomExpress,2026-07-10,2026-07-12,2026-07-18,Delivered,1126.2
D209417,O101427,W103,DHL,2026-08-02,2026-08-04,2026-08-08,Delayed,1317.84
D209418,O101685,W104,EcomExpress,2026-02-13,2026-02-16,2026-02-19,Delivered,312.64
D209419,O100493,W110,EcomExpress,2026-05-20,2026-05-22,2026-05-26,In Transit,1064.34
D209420,O108453,W104,EcomExpress,2026-07-01,2026-07-06,2026-07-12,Delivered,1342.97
D209421,O100565,W105,DHL,2026-04-24,2026-04-27,2026-05-02,Delivered,231.08
D209422,O104951,W102,BlueDart,2026-06-25,2026-07-02,2026-07-05,Delivered,1088.55
D209423,O102045,W101,,2026-09-04,2026-09-06,2026-09-09,Delivered,993.32
D209424,O101472,W102,Delhivery,2026-08-20,2026-08-25,2026-08-23,Delivered,369.53
D209425,O101290,W107,BlueDart,2026-09-04,2026-09-06,2026-09-05,Delivered,476.42
D209426,O109997,W101,DHL,2026-09-11,2026-09-17,2026-09-20,Delivered,1459.27
D209427,O104280,W112,Delhivery,2026-07-05,2026-07-09,2026-07-13,Delivered,601.66
D209428,O100028,W108,Delhivery,2026-03-12,2026-03-16,2026-03-21,Delivered,1446.97
D209429,O109355,W100,ecomexpress,2026-05-22,2026-05-29,2026-05-30,In Transit,504.37
D209430,O101910,W109,Delhivery,2026-06-23,2026-06-25,2026-06-25,Delivered,178.62
D209431,O101863,W106,Delhivery,2026-04-30,2026-05-06,2026-05-10,Delivered,1223.85
D209432,O105026,W118,EcomExpress,2026-07-31,2026-08-05,2026-08-06,Delivered,1320.17
D209433,O108552,W101,BlueDart,2026-02-07,2026-02-10,2026-02-14,Delivered,360.45
D209434,O106819,W117,Delhivery,2026-04-09,2026-04-15,2026-04-20,Delivered,670.55
D209435,O104776,W108,EcomExpress,2026-08-14,2026-08-16,2026-08-16,Delayed,533.11
D209436,O103444,W113,Delhivery,2026-05-30,2026-06-03,2026-06-04,Delivered,1362.71
D209437,O108897,W109,Delhivery,2026-06-09,2026-06-16,2026-06-15,Delivered,468.21
D209438,O103325,W106,Delhivery,2026-03-27,2026-03-31,2026-04-05,Delivered,1049.99
D209439,O109468,W107,Delhivery,2026-04-08,2026-04-14,2026-04-17,Delivered,1002.96
D209440,O101261,W104,FedEx,2026-07-13,2026-07-16,2026-07-14,Delivered,510.61
D209441,O107207,W109,bluedart,2026-01-20,2026-01-24,2026-01-23,Delivered,608.83
D209442,O109682,W110,Delhivery,2026-05-25,2026-05-31,2026-06-02,Delivered,563.72
D209443,O108292,W115,BlueDart,2026-03-08,2026-03-15,2026-03-21,Delivered,543.7
D209444,O109270,W103,Delhivery,2026-05-18,2026-05-25,2026-05-28,Lost,576.76
D209445,O106312,W119,Delhivery,2026-05-17,2026-05-19,2026-05-24,Delayed,481.53
D209446,O109886,W101,Delhivery,2026-06-16,2026-06-21,2026-06-25,Delivered,1080.14
D209447,O105605,W112,BlueDart,2026-01-03,2026-01-05,2026-01-09,Delivered,725.68
D209448,O108422,W116,DHL,2026-04-04,2026-04-09,2026-04-15,Delayed,216.85
D209449,O107389,W107,FedEx,2026-06-29,2026-07-05,2026-07-09,Delayed,1309.74
D209450,O102925,W107,EcomExpress,2026-07-19,2026-07-26,2026-07-30,Delivered,786.4
D209451,O109682,W109,DHL,2026-09-12,2026-09-16,2026-09-21,Delivered,379.97
D209452,O101860,W108,DHL,2026-02-01,2026-02-03,2026-02-09,In Transit,1415.62
D209453,O103733,W106,BlueDart,2026-03-21,2026-03-26,2026-04-01,In Transit,190.75
D209454,O106482,W115,DHL,2026-03-03,2026-03-09,2026-03-14,In Transit,425.3
D209455,O100733,W118,DHL,2026-09-03,2026-09-05,2026-09-09,Delivered,547.54
D209456,O104997,W115,Delhivery,2026-03-30,2026-04-01,2026-04-07,Delayed,667.1
D209457,O108421,W109,FedEx,2026-06-20,2026-06-22,2026-06-23,Delivered,1099.82
D209458,O104803,W117,FedEx,2026-02-06,2026-02-12,2026-02-17,Delivered,1388.87
D209459,O103795,W113,BlueDart,2026-07-23,2026-07-28,2026-07-30,Delivered,664.28
D209460,O103319,W117,FedEx,2026-02-25,2026-03-03,2026-03-08,Delayed,412.65
D209461,O104941,W109,DHL,2026-01-02,2026-01-07,2026-01-13,Delayed,670.08
D209462,O102412,W111,,2026-04-30,2026-05-05,2026-05-03,Delivered,575.61
D209463,O101981,W111,FedEx,2026-08-13,2026-08-19,2026-08-23,Delivered,1127.31
D209464,O104457,W102,Delhivery,2026-07-30,2026-08-01,2026-07-30,In Transit,308.81
D209465,O105712,W113,BlueDart,2026-04-17,2026-04-23,2026-04-28,In Transit,1244.19
D209466,O100957,W100,Delhivery,2026-03-24,2026-03-27,2026-03-25,Delayed,1466.82
D209467,O100527,W109,FedEx,2026-05-30,2026-06-05,2026-06-03,Delivered,675.32
D209468,O105982,W115,BlueDart,2026-01-02,2026-01-04,2026-01-09,Delayed,1191.58
D209469,O105844,W117,DHL,2026-04-25,2026-04-29,2026-05-03,Delivered,1309.11
D209470,O108043,W110,BlueDart,2026-01-16,2026-01-18,2026-01-22,Delivered,351.22
D209471,O108149,W105,EcomExpress,2026-06-05,2026-06-11,2026-06-12,In Transit,573.12
D209472,O107884,W102,FedEx,2026-04-20,2026-04-24,2026-04-25,Delayed,807.4
D209473,O103263,W113,BlueDart,2026-09-09,2026-09-11,2026-09-15,Delivered,340.41
D209474,O100438,W118,DHL,2026-05-11,2026-05-15,2026-05-14,Delivered,161.94
D209475,O106163,W110,EcomExpress,2026-02-16,2026-02-22,2026-02-22,Delivered,1115.78
D209476,O101627,W106,EcomExpress,2026-03-22,2026-03-24,2026-03-23,Delivered,102.75
D209477,O106771,W105,BlueDart,2026-08-12,2026-08-15,2026-08-19,Delivered,610.6
D209478,O107952,W109,BlueDart,2026-01-05,2026-01-08,2026-01-14,In Transit,1467.31
D209479,O109425,W108,BlueDart,2026-07-12,2026-07-17,2026-07-19,Delayed,537.93
D209480,O107798,W112, ,2026-06-13,2026-06-18,2026-06-16,Delivered,98.45
D209481,O109078,W103,EcomExpress,2026-06-13,2026-06-20,2026-06-24,In Transit,1161.58
D209482,O107573,W112,DHL,2026-03-03,2026-03-09,2026-03-09,In Transit,56.48
D209483,O109829,W109,FedEx,2026-01-08,2026-01-12,2026-01-14,Delivered,297.81
D209484,O106526,W115,DHL,2026-07-31,2026-08-05,2026-08-09,In Transit,56.23
D209485,O101781,W104,FedEx,2026-02-22,2026-02-24,2026-02-23,Delivered,308.68
D209486,O104025,W105,EcomExpress,2026-08-25,2026-08-27,2026-08-28,Delayed,1454.88
D209487,O100506,W118,FedEx,2026-01-02,2026-01-05,2026-01-05,Delivered,388.26
D209488,O103389,W109,DHL,2026-09-11,2026-09-15,2026-09-21,Delivered,654.11
D209489,O109601,W117,EcomExpress,2026-09-15,2026-09-17,2026-09-16,Delivered,975.34
D209490,O109750,W111,Delhivery,2026-04-16,2026-04-18,2026-04-19,Delivered,838.31
D209491,O100652,W114,EcomExpress,2026-04-16,2026-04-19,2026-04-19,Delivered,281.23
D209492,O104906,W117, FedEx ,2026-02-10,2026-02-14,2026-02-14,Delivered,194.85
D209493,O101770,W111,BlueDart,2026-05-01,2026-05-08,2026-05-09,Delivered,666.19
D209494,O100506,W118,FedEx,2026-03-07,2026-03-09,2026-03-10,Delayed,688.02
D209495,O106511,W105,EcomExpress,2026-06-05,2026-06-08,2026-06-08,Delivered,-500.0
D209496,O101344,W114,,2026-01-17,2026-01-22,2026-01-22,Delayed,376.33
D209497,O105333,W102,BlueDart,2026-03-27,2026-03-30,2026-04-04,Delivered,687.61
D209498,O108890,W106,BlueDart,2026-08-30,2026-09-02,2026-09-04,Delivered,1430.98
D209499,O106149,W113,DHL,2026-07-07,2026-07-12,2026-07-17,Delivered,179.74
D200952,O100378,W104,DHL,2026-05-29,2026-06-02,2026-05-31,In Transit,1034.98
D206599,O107833,W113,FedEx,2026-07-06,2026-07-10,2026-07-12,Delivered,302.59
D204220,O105323,W119,BlueDart,2026-05-25,2026-05-31,2026-06-01,Delivered,219.62
D202554,O102536,W109,BlueDart,2026-06-02,2026-06-08,2026-06-09,In Transit,687.73
D204519,O107209,W111,DHL,2026-08-24,2026-08-31,2026-09-02,Delivered,1371.8
D201557,O109097,W111,FedEx,2026-08-27,2026-08-30,2026-08-28,Delivered,584.22
D207945,O108545,W107,EcomExpress,2026-04-05,2026-04-11,2026-04-10,Delivered,98.08
D204667,O106298,W102,EcomExpress,2026-04-25,2026-05-01,2026-05-04,Delivered,861.0
D207697,O104996,W118,FedEx,2026-09-04,2026-09-11,2026-09-13,In Transit,233.09
D208928,O107840,W106,BlueDart,2026-05-11,2026-05-15,2026-05-17,Delivered,368.63
D204104,O100172,W108,BlueDart,2026-07-10,2026-07-16,2026-07-21,In Transit,730.51
D200416,O108145,W115,Delhivery,2026-01-12,2026-01-14,2026-01-18,Delivered,620.73
D201277,O106665,W112,FedEx,2026-02-26,2026-03-03,2026-03-04,In Transit,969.59
D208870,O100997,W118,EcomExpress,2026-08-31,2026-09-07,2026-09-07,Delivered,280.17
D208205,O108515,W102,FedEx,2026-08-24,2026-08-29,2026-08-29,Delivered,989.49
D204756,O109133,W114,EcomExpress,2026-08-30,2026-09-05,2026-09-03,In Transit,455.8
D202543,O105489,W118,FedEx,2026-08-23,2026-08-27,2026-08-30,Delivered,712.12
D202075,O100646,W102,ecomexpress,2026-03-29,2026-03-31,2026-04-01,Delivered,1470.84
D207185,O106618,W101,FedEx,2026-07-26,2026-08-01,2026-07-31,Delivered,280.66
D200586,O102950,W107,EcomExpress,2026-06-27,2026-07-04,2026-07-10,Delayed,1275.02
D204830,O107966,W118,Delhivery,2026-09-03,2026-09-05,2026-09-07,In Transit,1007.25
D208504,O107901,W101,Delhivery,2026-02-12,2026-02-19,2026-02-22,Delivered,64.78
D202025,O102479,W114,FedEx,2026-07-25,2026-07-28,2026-07-30,Delivered,1057.0
D203352,O101980,W100,BlueDart,2026-01-04,2026-01-08,2026-01-14,Delivered,1108.4
D203715,O104725,W110,BlueDart,2026-01-03,2026-01-06,2026-01-10,Delivered,975.7
D205300,O102924,W101,DHL,2026-08-18,2026-08-20,2026-08-24,Delivered,1160.3
D203910,O108442,W103,BlueDart,2026-01-03,2026-01-08,2026-01-11,Delayed,235.16
D208875,O102453,W114,BlueDart,2026-02-18,2026-02-20,2026-02-22,Delivered,1186.76
D203424,O103995,W113,EcomExpress,2026-06-07,2026-06-12,2026-06-13,Delivered,453.89
D202592,O105174,W119,DHL,2026-01-09,2026-01-11,2026-01-12,Delivered,798.1
D208054,O103456,W105,FedEx,2026-04-06,2026-04-12,2026-04-10,Delivered,1165.56
D206472,O109570,W108,Delhivery,2026-01-31,2026-02-02,2026-02-08,In Transit,1057.74
D202231,O108128,W105,FedEx,2026-05-03,2026-05-10,2026-05-11,Delivered,1328.4
D208582,O105597,W103,BlueDart,2026-02-06,2026-02-08,2026-02-09,Delayed,949.32
D208257,O108069,W116,Delhivery,2026-06-20,2026-06-23,2026-06-27,Delivered,1482.36
D208773,O108287,W119, ,2026-05-20,2026-05-23,2026-05-22,Delivered,128.58
D205283,O105400,W105,DHL,2026-05-14,2026-05-19,2026-05-23,Delivered,1047.59
D206409,O101208,W110,FedEx,2026-06-16,2026-06-19,2026-06-17,Delivered,748.64
D200360,O109911,W117,Delhivery,2026-05-09,2026-05-14,2026-05-17,Delivered,619.62
D205896,O100408,W100,Delhivery,2026-07-26,2026-08-02,2026-08-03,Delayed,691.11
D208590,O109392,W117,Delhivery,2026-07-11,2026-07-16,2026-07-21,Delivered,1452.56
D201880,O105000,W101,Delhivery,2026-02-21,2026-02-25,2026-03-02,Delivered,888.06
D204867,O104532,W118,FedEx,2026-07-29,2026-08-02,2026-08-05,Delivered,1032.52
D201162,O102109,W106,Delhivery,2026-06-30,2026-07-02,2026-06-30,Delivered,991.76
D200567,O107423,W108,delhivery,2026-05-21,2026-05-23,2026-05-29,Delivered,425.93
D207586,O103873,W119,,2026-08-14,2026-08-17,2026-08-22,Delayed,1496.25
D201020,O100385,W103,DHL,2026-07-14,2026-07-16,2026-07-14,Delivered,536.07
D205824,O104939,W114,Delhivery,2026-03-27,2026-04-03,2026-04-03,Delivered,1023.63
D202531,O101251,W102,Delhivery,2026-02-14,2026-02-20,2026-02-24,Delayed,1292.84
D201561,O106165,W106,BlueDart,2026-06-10,2026-06-14,2026-06-15,Delivered,964.65
D202002,O104449,W104,DHL,2026-06-30,2026-07-04,2026-07-05,Delivered,1146.63
D202707,O102004,W107,FedEx,2026-06-02,2026-06-09,2026-06-08,Delivered,82.95
D206597,O106047,W117,EcomExpress,2026-03-03,2026-03-08,2026-03-11,Delivered,1035.16
D206608,O107181,W111,Delhivery,2026-08-11,2026-08-14,2026-08-16,Delivered,360.75
D204270,O106506,W107,FedEx,2026-02-10,2026-02-12,2026-02-14,Delivered,1408.02
D201516,O109890,W104,DHL,2026-01-08,2026-01-13,2026-01-16,In Transit,585.99
D203194,O105330,W101,Delhivery,2026-08-29,2026-09-03,2026-09-06,Delivered,305.42
D207061,O107034,W106,BlueDart,2026-02-03,2026-02-05,2026-02-11,Delivered,772.39
D200346,O105692,W114,Delhivery,2026-06-16,2026-06-19,2026-06-23,Delayed,1351.81
D201543,O102353,W103,FedEx,2026-04-23,2026-04-26,2026-04-26,Delayed,544.52
D203128,O100808,W101,EcomExpress,2026-08-19,2026-08-24,2026-08-29,Delivered,646.44
D200321,O101920,W119,DHL,2026-07-04,2026-07-07,2026-07-06,In Transit,1331.47
D202088,O104596,W112,Delhivery,2026-04-11,2026-04-15,2026-04-13,Delivered,675.79
D202107,O103158,W101,DHL,2026-03-27,2026-04-01,2026-04-02,In Transit,1478.16
D204273,O104290,W113,EcomExpress,2026-07-09,2026-07-14,2026-07-13,Delivered,627.71
D203723,O106319,W115,FedEx,2026-08-29,2026-09-02,2026-09-06,In Transit,550.26
D205497,O103100,W109,DHL,2026-05-31,2026-06-02,2026-06-01,In Transit,1458.31
D200003,O107522,W107,EcomExpress,2026-05-05,2026-05-07,2026-05-10,Delayed,163.69
D203002,O102801,W108,Delhivery,2026-06-25,2026-06-27,2026-06-25,Delayed,256.79
D200683,O103200,W105,EcomExpress,2026-01-31,2026-02-02,2026-02-03,In Transit,1160.63
