product_id,warehouse_id,stock_available,reorder_level,daily_demand,last_restock_date,supplier
P1002,W119,577,178,149.23,2026-08-16,Supplier_C
P1365,W103,870,194,134.89,2026-03-15,Supplier_D
P1241,W100,696,172,17.88,2026-04-19,Supplier_A
P1331,W116,169,289,53.96,2026-07-28,Supplier_A
P1064,W117,281,239,119.88,2026-09-05,Supplier_A
P1169,W117,804,240,59.75,2026-06-15,Supplier_B
P1225,W118,156,270,55.22,2026-08-09,Supplier_D
P1374,W111,897,164,60.15,2026-08-21,Supplier_B
P1467,W102,519,282,109.33,2026-07-30,
P1095,W118,849,58,117.83,2026-07-09,Supplier_A
P1181,W108,678,200,74.94,2026-05-29,Supplier_A
P1311,W102,921,247,108.52,2026-07-23,Supplier_C
P1238,W107,-15,256,85.62,2026-04-25,Supplier_B
P1057,W110,604,197,114.33,2026-08-19,Supplier_A
P1343,W101,968,141,17.57,2026-08-30,Supplier_D
P1372,W109,497,204,128.02,2026-06-28,Supplier_D
P1277,W118,793,99,109.29,2026-06-21,Supplier_C
P1153,W106,360,79,104.56,2026-08-16,Supplier_C
P1176,W100,318,225,132.3,2026-02-26,Supplier_C
P1423,W107,885,81,149.05,2026-02-11,Supplier_A
P1255,W116,13,143,107.91,2026-09-04,Supplier_B
P1268,W105,288,239,124.05,2026-03-09,Supplier_A
P1134,W103,442,247,54.37,2026-05-25,Supplier_C
P1484,W100,269,80,79.25,2026-02-28,Supplier_B
P1393,W109,22,258,6.96,2026-08-16,Supplier_D
P1363,W102,281,106,147.69,2026-01-10,Supplier_D
P1373,W118,416,141,131.18,2026-08-10,Supplier_A
P1159,W107,358,113,74.13,2026-04-12,Supplier_B
P1492,W101,695,88,71.9,2026-04-22,Supplier_A
P1246,W101,851,213,107.08,2026-09-02,Supplier_C
P1172,W109,743,125,56.06,2026-08-22,Supplier_A
P1044,W112,333,208,58.12,2026-05-14,
P1145,W113,722,192,16.88,2026-08-16,Supplier_B
P1229,W116,639,52,59.8,2026-03-20,
P1411,W118,30,297,5.62,2026-07-30,Supplier_C
P1176,W106,964,188,82.02,2026-08-15,Supplier_B
P1014,W113,62,134,30.91,2026-04-19,Supplier_B
P1272,W114,132,242,20.22,2026-03-26,Supplier_B
P1228,W109,632,290,126.55,2026-07-17,Supplier_B
P1319,W112,86,84,111.26,2026-02-26,Supplier_A
P1160,W111,321,92,39.94,2026-04-30,Supplier_B
P1129,W103,219,73,101.69,2026-08-02,Supplier_C
P1146,W115,883,287,73.22,2026-02-03,Supplier_D
P1108,W119,645,51,79.58,2026-06-22,Supplier_A
P1262,W115,283,201,7.76,2026-04-24,Supplier_B
P1349,W100,514,295,54.36,2026-07-24,
P1381,W105,822,78,123.36,2026-06-07,Supplier_B
P1434,W102,263,82,73.75,2026-01-25,Supplier_D
P1083,W111,456,60,18.56,2026-09-05,Supplier_D
P1119,W106,112,142,33.24,2026-07-20,Supplier_C
P1034,W101,544,69,32.83,2026-03-10,Supplier_D
P1053,W119,138,65,80.64,2026-01-24,Supplier_A
P1179,W108,294,108,80.47,2026-04-01,Supplier_D
P1169,W112,619,178,61.96,2026-03-21,Supplier_B
P1373,W106,607,171,58.48,2026-01-15,Supplier_B
P1159,W100,349,187,91.77,2026-09-04,Supplier_D
P1168,W101,705,274,75.81,2026-06-07,Supplier_C
P1212,W107,668,257,93.4,2026-06-14,Supplier_B
P1254,W115,535,156,42.1,2026-07-29,Supplier_C
P1186,W116,452,150,17.13,2026-04-03,Supplier_A
P1078,W106,375,66,76.04,2026-05-23, Supplier_D 
P1138,W106,199,280,54.63,2026-02-15,Supplier_B
P1246,W116,3,117,53.73,2026-05-06,Supplier_C
P1165,W117,27,121,40.83,2026-03-15,Supplier_A
P1130,W115,508,158,130.45,2026-05-24,Supplier_D
P1212,W112,346,71,28.0,2026-06-25,Supplier_C
P1330,W111,702,91,58.11,2026-02-25,Supplier_D
P1369,W112,70,64,1.44,2026-03-08,Supplier_D
P1386,W103,986,244,106.12,2026-05-03,Supplier_D
P1307,W103,582,294,114.38,2026-02-07,Supplier_C
P1326,W107,767,57,38.17,2026-05-27,Supplier_B
P1443,W105,305,271,130.08,2026-02-12,Supplier_D
P1437,W113,281,83,15.59,2026-05-19,Supplier_A
P1422,W100,211,152,53.39,2026-03-28,Supplier_C
P1050,W107,643,94,56.85,2026-02-11,Supplier_D
P1162,W112,182,89,65.28,2026-06-29,Supplier_D
P1413,W102,259,159,106.82,2026-03-17,Supplier_A
P1095,W106,650,276,105.87,2026-06-25,Supplier_D
P1150,W114,968,207,23.77,2026-05-11,Supplier_C
P1289,W113,725,209,27.18,2026-06-25,Supplier_D
P1157,W114,694,95,51.75,2026-03-02,Supplier_C
P1463,W109,597,186,110.07,2026-05-09,Supplier_D
P1340,W109,382,212,10.86,2026-04-23,Supplier_B
P1266,W101,996,152,34.55,2026-06-06,Supplier_D
P1104,W105,477,280,95.28,2026-04-22,Supplier_C
P1305,W117,389,264,88.56,2026-03-17,Supplier_D
P1375,W114,887,168,65.2,2026-06-26,Supplier_D
P1041,W106,613,79,86.16,2026-02-01,Supplier_A
P1192,W119,263,269,112.53,2026-01-29,Supplier_D
P1281,W115,203,188,47.6,2026-07-15,Supplier_B
P1140,W103,31,187,117.29,2026-03-06,Supplier_D
P1411,W113,621,80,132.95,2026-01-19,Supplier_D
P1397,W110,359,171,95.1,2026-06-28,Supplier_A
P1007,W117,83,297,54.92,2026-02-05,Supplier_A
P1485,W106,6,136,128.38,2026-01-31,Supplier_C
P1021,W101,154,52,136.39,2026-04-09,Supplier_B
P1103,W102,698,147,46.52,2026-05-09,Supplier_A
P1126,W108,495,168,12.76,2026-02-08,
P1282,W102,446,253,8.34,2026-07-04,Supplier_D
P1362,W110,61,212,46.47,2026-06-05,Supplier_A
P1239,W119,97,211,34.28,2026-03-12,Supplier_D
P1355,W115,287,249,50.17,2026-04-07,Supplier_A
P1322,W111,364,159,62.67,2026-05-25,
P1212,W119,671,245,136.47,2026-05-26, 
P1162,W116,552,298,77.67,2026-03-19,Supplier_C
P1245,W105,423,253,106.32,2026-05-07,Supplier_A
P1370,W115,899,185,118.02,2026-06-30,Supplier_B
P1022,W118,996,270,107.95,2026-03-11,Supplier_D
P1389,W109,511,116,67.64,2026-08-15,Supplier_B
P1260,W115,174,146,122.16,2026-02-01,Supplier_C
P1409,W117,953,188,73.59,2026-08-03,Supplier_D
P1204,W103,145,236,145.39,2026-01-06,Supplier_C
P1002,W114,960,112,136.19,2026-08-17,Supplier_D
P1374,W104,854,275,42.24,2026-09-04,supplier_c
P1046,W109,660,157,13.98,2026-02-08,Supplier_B
P1418,W109,144,145,98.41,2026-05-21,Supplier_A
P1320,W115,8,263,29.74,2026-09-03,Supplier_B
P1258,W115,902,62,101.0,2026-07-22,Supplier_C
P1247,W112,151,136,5.85,2026-05-30,Supplier_B
P1062,W111,69,169,84.07,2026-03-15,
P1028,W116,16,54,40.38,2026-04-29,Supplier_A
P1351,W102,728,57,108.59,2026-07-22,Supplier_A
P1217,W100,538,183,27.25,2026-02-24,Supplier_A
P1237,W106,838,112,57.41,2026-09-10,Supplier_C
P1003,W103,68,53,100.82,2026-01-24,Supplier_C
P1221,W109,617,77,50.18,2026-05-01,Supplier_A
P1272,W117,630,67,50.17,2026-03-09,Supplier_A
P1330,W108,927,228,65.45,2026-06-09,Supplier_A
P1080,W118,14,297,9.59,2026-03-30,Supplier_D
P1061,W102,317,202,40.85,2026-04-04,Supplier_A
P1491,W113,455,92,94.75,2026-04-27,Supplier_C
P1145,W119,376,158,125.68,2026-05-25,Supplier_A
P1348,W104,25,275,99.93,2026-02-05,Supplier_A
P1450,W113,739,155,74.64,2026-08-24,Supplier_C
P1348,W116,372,221,91.48,2026-08-23, 
P1290,W119,614,99,25.47,2026-03-19,
P1047,W100,124,78,23.62,2026-02-10,Supplier_D
P1182,W109,162,255,85.85,2026-02-23,Supplier_C
P1243,W118,309,292,36.99,2026-08-23,Supplier_A
P1092,W100,622,270,1.18,2026-01-31,Supplier_A
P1291,W101,897,267,149.73,2026-01-19,Supplier_D
P1399,W112,673,120,9.94,2026-07-06,supplier_c
P1393,W104,814,71,57.6,2026-03-25,Supplier_C
P1171,W107,363,117,27.82,2026-05-28,Supplier_C
P1256,W107,876,100,81.47,2026-06-10,Supplier_A
P1186,W118,830,224,60.06,2026-07-21,Supplier_B
P1187,W115,901,170,123.34,2026-01-07,Supplier_D
P1301,W118,70,111,55.2,2026-01-13,Supplier_A
P1374,W106,248,209,112.31,2026-02-18,Supplier_D
P1000,W113,813,171,96.74,2026-03-23,Supplier_D
P1014,W119,23,298,121.01,2026-08-30,Supplier_A
P1329,W116,395,62,46.69,2026-03-03,Supplier_A
P1475,W114,418,77,111.85,2026-09-04,Supplier_B
P1362,W112,280,236,128.13,2026-03-29,Supplier_B
P1316,W116,436,114,98.23,2026-01-20,Supplier_B
P1061,W103,742,268,141.55,2026-05-28,Supplier_D
P1336,W113,823,143,8.76,2026-01-09,Supplier_D
P1215,W117,377,170,70.71,2026-03-22,Supplier_A
P1344,W115,943,210,11.11,2026-08-16,Supplier_B
P1315,W106,958,205,96.9,2026-01-18,Supplier_D
P1169,W114,120,158,60.2,2026-05-19,Supplier_B
P1244,W118,708,111,53.54,2026-04-11,Supplier_A
P1356,W107,293,126,133.36,2026-02-16,Supplier_D
P1164,W101,504,238,109.58,2026-06-29,Supplier_B
P1362,W112,820,136,133.89,2026-03-29,Supplier_B
P1032,W114,471,127,38.69,2026-03-01,Supplier_B
P1174,W116,491,204,70.1,2026-02-17,Supplier_C
P1219,W103,905,248,145.48,2026-09-08,Supplier_D
P1305,W111,120,176,144.13,2026-03-04,Supplier_C
P1396,W100,826,165,48.37,2026-08-30,Supplier_A
P1413,W101,887,157,47.78,2026-08-02,Supplier_B
P1351,W108,866,154,59.94,2026-04-04,Supplier_D
P1499,W110,891,285,105.46,2026-06-26,Supplier_D
P1366,W103,770,288,110.75,2026-07-25,Supplier_A
P1005,W116,571,251,47.2,2026-02-16,Supplier_D
P1018,W107,69,92,52.31,2026-07-08,Supplier_D
P1223,W118,783,250,74.02,2026-07-28,Supplier_B
P1185,W104,583,118,56.18,2026-05-04,Supplier_A
P1376,W105,968,217,136.27,2026-08-05,Supplier_D
P1304,W106,475,200,136.1,2026-07-24,Supplier_B
P1148,W118,865,238,16.09,2026-05-20,Supplier_C
P1453,W104,204,266,121.99,2026-07-17,Supplier_A
P1238,W108,302,131,62.7,2026-06-23,Supplier_C
P1043,W107,159,55,132.49,2026-01-10,Supplier_C
P1165,W102,26,165,55.38,2026-05-26,Supplier_C
P1255,W117,98,139,43.64,2026-06-15,Supplier_C
P1178,W104,566,129,28.21,2026-07-12,Supplier_C
P1491,W108,248,50,132.19,2026-07-18,Supplier_B
P1385,W108,235,136,138.75,2026-01-03,Supplier_D
P1003,W107,350,202,26.63,2026-08-01,Supplier_A
P1125,W116,193,144,8.16,2026-03-23,Supplier_A
P1048,W109,693,237,136.75,2026-06-29,Supplier_D
P1108,W105,27,198,32.04,2026-04-27,Supplier_D
P1173,W101,464,144,105.33,2026-07-17,Supplier_A
P1434,W106,927,183,129.75,2026-09-07,Supplier_C
P1082,W116,158,186,123.11,2026-06-08,Supplier_A
P1062,W110,357,119,16.75,2026-03-29,Supplier_D
P1361,W104,226,98,56.78,2026-02-04,Supplier_B
P1253,W109,585,279,63.04,2026-08-29,Supplier_D
P1460,W106,732,100,24.75,2026-02-09,Supplier_A
P1004,W110,812,191,50.12,2026-02-07,
P1365,W103,871,246,43.73,2026-04-14,Supplier_C
P1332,W105,851,147,100.25,2026-07-30,Supplier_C
P1084,W110,351,104,135.2,2026-04-30,Supplier_D
P1231,W114,853,258,145.86,2026-06-29,Supplier_A
P1200,W109,19,141,107.74,2026-05-28,Supplier_A
P1285,W106,455,171,1.57,2026-04-08,Supplier_C
P1389,W114,693,269,128.18,2026-03-02,Supplier_D
P1123,W109,775,291,142.87,2026-04-30,Supplier_C
P1123,W115,767,146,41.0,2026-05-05, Supplier_C 
P1082,W102,308,196,140.58,2026-03-02,Supplier_A
P1137,W103,310,153,144.96,2026-02-17,Supplier_D
P1028,W112,480,69,94.8,2026-03-14,Supplier_D
P1421,W111,649,230,69.26,2026-09-08,Supplier_D
P1425,W105,699,273,104.24,2026-01-27,Supplier_D
P1485,W100,758,86,97.38,2026-08-12,Supplier_A
P1315,W107,856,84,23.13,2026-05-27,Supplier_A
P1402,W110,607,179,10.79,2026-06-13,Supplier_B
P1498,W106,632,299,142.47,2026-06-08,Supplier_D
P1028,W119,434,68,5.88,2026-09-03,Supplier_C
P1180,W118,840,82,119.05,2026-04-15,Supplier_C
P1404,W107,638,78,55.27,2026-01-11,Supplier_C
P1243,W104,680,75,132.1,2026-05-23,Supplier_B
P1351,W113,575,281,71.69,2026-08-31,Supplier_D
P1203,W103,254,276,71.77,2026-02-15,Supplier_C
P1388,W104,680,117,69.61,2026-01-10,Supplier_B
P1160,W118,575,112,102.49,2026-05-03, Supplier_A 
P1316,W110,153,110,113.91,2026-01-21,Supplier_D
P1213,W113,585,178,142.53,2026-04-18,Supplier_B
P1044,W110,532,54,60.65,2026-04-26,Supplier_D
P1179,W114,724,76,46.21,2026-09-01,Supplier_B
P1253,W115,836,79,20.64,2026-03-01,Supplier_C
P1413,W114,583,172,103.09,2026-07-27,Supplier_C
P1369,W102,250,147,59.82,2026-02-06,Supplier_B
P1441,W105,243,146,46.03,2026-06-21,Supplier_D
P1345,W107,324,283,18.89,2026-01-01,Supplier_C
P1143,W104,536,154,128.28,2026-03-24, 
P1061,W108,813,60,135.49,2026-08-25,Supplier_D
P1094,W102,905,110,64.02,2026-07-24,Supplier_B
P1241,W110,308,160,60.52,2026-08-13,Supplier_A
P1181,W105,894,244,50.93,2026-01-27,Supplier_A
P1245,W101,313,280,86.46,2026-08-08,Supplier_A
P1238,W113,865,191,134.11,2026-05-12,Supplier_D
P1301,W101,873,171,75.3,2026-05-25,Supplier_B
P1373,W116,26,136,15.97,2026-01-04,Supplier_A
P1019,W105,871,237,10.9,2026-04-18,Supplier_D
P1087,W112,104,257,20.79,2026-01-16,Supplier_D
P1240,W108,452,271,77.5,2026-06-13,Supplier_B
P1338,W110,870,71,114.39,2026-09-04,Supplier_C
P1441,W110,525,182,84.21,2026-08-14,Supplier_A
P1126,W104,585,148,119.17,2026-08-06,Supplier_A
P1482,W102,428,117,2.46,2026-02-14,Supplier_B
P1479,W102,125,177,149.02,2026-05-29,Supplier_A
P1223,W106,295,67,29.54,2026-01-07, 
P1428,W110,613,115,75.27,2026-07-16,Supplier_A
P1027,W108,574,133,19.52,2026-03-20,Supplier_A
P1015,W108,330,269,98.64,2026-07-20,Supplier_D
P1404,W107,872,205,22.98,2026-01-12,Supplier_C
P1259,W106,537,235,26.17,2026-01-23,Supplier_B
P1245,W116,153,292,75.68,2026-06-26,Supplier_D
P1145,W110,509,286,13.42,2026-05-26,Supplier_A
P1066,W104,35,292,8.0,2026-03-21,Supplier_D
P1495,W103,828,289,89.08,2026-08-01,Supplier_C
P1219,W100,191,268,3.6,2026-04-21,Supplier_B
P1486,W110,141,158,10.93,2026-06-27,Supplier_D
P1220,W112,158,68,138.46,2026-09-08,
P1144,W110,262,111,119.21,2026-05-24,Supplier_B
P1241,W108,42,173,86.03,2026-01-20,Supplier_A
P1084,W112,1,83,44.26,2026-09-15,Supplier_D
P1247,W115,559,111,140.8,2026-06-22,Supplier_B
P1154,W109,340,277,85.65,2026-02-24,Supplier_A
P1105,W110,142,150,45.95,2026-08-15,Supplier_C
P1090,W115,996,122,77.19,2026-06-07,Supplier_A
P1022,W103,606,143,134.87,2026-05-16,Supplier_A
P1025,W113,487,287,51.68,2026-06-02, 
P1299,W103,812,202,48.69,2026-05-29,Supplier_D
P1092,W108,920,113,122.37,2026-02-08,Supplier_A
P1323,W117,296,159,93.06,2026-05-05,Supplier_D
P1494,W100,919,234,120.86,2026-03-08,Supplier_C
P1178,W118,249,247,67.38,2026-06-11,Supplier_C
P1191,W101,749,211,36.24,2026-04-03,Supplier_C
P1330,W116,693,117,87.31,2026-05-06,Supplier_A
P1387,W110,434,63,81.16,2026-06-29,Supplier_B
P1174,W110,430,187,22.54,2026-06-25,SUPPLIER_A
P1429,W117,562,57,11.22,2026-03-16,Supplier_B
P1443,W111,794,91,138.79,2026-07-20,
P1157,W118,863,253,56.6,2026-04-27,
P1280,W116,696,296,81.48,2026-08-24,Supplier_B
P1091,W115,680,183,32.64,2026-04-16,Supplier_C
P1134,W104,965,252,57.35,2026-05-06,Supplier_D
P1188,W106,35,171,23.38,2026-01-31,Supplier_C
P1114,W111,558,96,53.91,2026-07-16,Supplier_B
P1258,W108,204,170,36.13,2026-02-21,Supplier_C
P1280,W115,7,266,14.29,2026-09-11,Supplier_C
P1151,W106,159,185,124.76,2026-09-03,Supplier_D
P1430,W104,726,112,91.74,2026-01-23,
P1155,W112,873,267,81.89,2026-05-25,Supplier_B
P1390,W119,436,294,103.83,2026-04-17,Supplier_B
P1137,W118,417,192,113.11,2026-02-14,Supplier_C
P1168,W111,694,54,4.82,2026-01-28,Supplier_D
P1388,W103,48,182,108.42,2026-01-06,Supplier_C
P1144,W118,269,130,130.13,2026-07-23,Supplier_D
P1052,W116,622,116,24.53,2026-04-21,Supplier_D
P1117,W109,125,134,135.42,2026-02-25,Supplier_C
P1129,W100,214,246,70.82,2026-01-02,Supplier_A
P1205,W103,71,262,27.49,2026-06-11,Supplier_D
P1244,W113,714,53,69.92,2026-06-30,Supplier_B
P1446,W117,3,199,17.45,2026-01-15,Supplier_A
P1029,W107,385,87,56.21,2026-08-25,Supplier_A
P1278,W101,249,208,75.97,2026-07-26,Supplier_B
P1131,W105,821,106,74.6,2026-03-05,Supplier_A
P1161,W105,379,216,16.13,2026-05-11,Supplier_C
P1420,W116,515,143,33.9,2026-01-03,SUPPLIER_B
P1097,W104,607,198,50.73,2026-05-15,Supplier_A
P1394,W104,884,253,136.58,2026-08-08,Supplier_A
P1207,W119,155,103,93.58,2026-08-28,Supplier_D
P1474,W108,487,233,7.24,2026-02-27,Supplier_C
P1125,W104,420,199,128.58,2026-08-11,Supplier_C
P1054,W116,568,218,95.46,2026-01-31,Supplier_C
P1188,W112,107,83,54.66,2026-09-04,Supplier_B
P1427,W118,277,178,28.88,2026-05-04,Supplier_A
P1089,W107,293,81,52.67,2026-04-26,Supplier_D
P1007,W112,149,118,21.77,2026-03-16,Supplier_A
P1334,W107,278,246,145.53,2026-02-24,Supplier_C
P1309,W103,332,193,88.84,2026-01-30,Supplier_C
P1488,W103,671,145,108.14,2026-04-04,Supplier_C
P1064,W111,894,236,113.62,2026-01-28,Supplier_D
P1291,W104,711,77,121.79,2026-01-24,Supplier_B
P1228,W115,456,292,115.93,2026-02-25,Supplier_A
P1475,W115,26,287,74.56,2026-03-01, Supplier_A 
P1325,W105,566,296,81.5,2026-05-23,Supplier_A
P1029,W105,331,198,66.79,2026-03-12,Supplier_B
P1432,W103,34,146,82.32,2026-03-01,Supplier_B
P1391,W119,207,165,53.72,2026-07-15,Supplier_A
P1188,W109,729,210,80.83,2026-06-28,Supplier_C
P1449,W117,681,163,102.26,2026-01-12,Supplier_C
P1125,W103,882,115,79.78,2026-05-24,Supplier_A
P1345,W101,18,249,142.94,2026-08-25,Supplier_A
P1428,W110,747,53,4.02,2026-04-09,Supplier_B
P1224,W114,237,276,126.49,2026-04-23,Supplier_D
P1304,W118,836,173,48.31,2026-07-17,Supplier_C
P1305,W111,97,75,43.2,2026-05-12,Supplier_D
P1364,W114,897,297,85.88,2026-07-20,Supplier_A
P1463,W119,369,200,23.02,2026-01-06,Supplier_D
P1482,W118,358,284,97.77,2026-08-04,Supplier_D
P1497,W114,121,126,19.22,2026-02-27,Supplier_D
P1388,W104,80,283,130.83,2026-01-08,Supplier_B
P1382,W100,710,187,125.8,2026-08-07,Supplier_D
P1216,W107,418,53,89.99,2026-01-19,
P1349,W101,549,296,18.26,2026-04-24,Supplier_A
P1225,W116,9,108,54.23,2026-04-30,Supplier_C
P1491,W107,275,292,119.64,2026-03-21,Supplier_D
P1347,W117,76,50,138.1,2026-03-17,Supplier_A
P1217,W105,979,142,139.52,2026-04-18,Supplier_B
P1437,W118,264,131,100.58,2026-03-26,Supplier_B
P1478,W109,586,75,110.95,2026-04-04,Supplier_D
P1236,W107,354,136,78.32,2026-05-03, Supplier_B 
P1104,W111,778,271,84.47,2026-07-11,Supplier_C
P1227,W115,750,239,106.96,2026-04-19,Supplier_C
P1020,W118,39,224,97.68,2026-08-23,Supplier_A
P1441,W103,388,200,56.81,2026-06-12,Supplier_B
P1153,W118,576,107,111.61,2026-06-16,Supplier_A
P1391,W118,238,127,8.64,2026-09-12,Supplier_A
P1437,W111,144,158,141.01,2026-03-11,Supplier_B
P1335,W118,84,286,136.61,2026-08-27, 
P1164,W115,988,216,77.42,2026-01-20,Supplier_D
P1416,W115,147,207,84.79,2026-06-20,Supplier_A
P1039,W105,230,230,9.57,2026-03-09,Supplier_B
P1017,W112,425,281,133.86,2026-06-12,Supplier_A
P1037,W112,568,166,64.22,2026-01-15,Supplier_D
P1105,W104,156,173,93.16,2026-02-03,Supplier_B
P1216,W113,359,122,30.94,2026-08-16,Supplier_D
P1133,W106,267,229,2.34,2026-03-19,Supplier_B
P1180,W103,701,67,145.87,2026-01-24,Supplier_C
P1085,W104,192,170,117.07,2026-07-29,
P1478,W109,346,63,85.07,2026-07-25,Supplier_A
P1169,W117,916,211,66.1,2026-07-04,Supplier_D
P1196,W109,598,242,112.36,2026-08-14,Supplier_B
P1020,W111,764,137,70.59,2026-09-12,Supplier_B
P1073,W100,124,263,123.39,2026-07-27,Supplier_B
P1214,W113,841,133,19.33,2026-09-07,
P1100,W109,650,257,3.69,2026-08-27,Supplier_D
P1277,W107,996,111,27.63,2026-08-30,Supplier_A
P1119,W112,171,167,56.12,2026-03-04,Supplier_C
P1276,W103,832,272,149.51,2026-04-08,Supplier_A
P1006,W111,777,212,4.51,2026-01-06,Supplier_A
P1384,W110,926,168,133.52,2026-05-11,Supplier_C
P1264,W115,395,74,43.46,2026-09-15,Supplier_A
P1088,W105,975,75,132.86,2026-04-18,supplier_a
P1037,W111,539,271,23.78,2026-09-12,Supplier_C
P1005,W115,610,256,117.4,2026-03-09,Supplier_C
P1079,W105,173,148,144.22,2026-01-01,Supplier_C
P1178,W107,873,110,8.38,2026-01-21,Supplier_D
P1171,W114,11,90,81.07,2026-07-20,Supplier_A
P1207,W101,83,169,73.83,2026-08-06,Supplier_B
P1200,W117,903,205,90.4,2026-04-19,Supplier_A
P1326,W111,300,255,121.24,2026-03-08,Supplier_B
P1047,W118,300,92,45.75,2026-06-21,Supplier_B
P1351,W118,985,210,15.06,2026-08-07,Supplier_C
P1077,W113,21,241,77.38,2026-07-12,Supplier_A
P1499,W110,887,160,59.26,2026-07-01,Supplier_A
P1427,W110,707,236,123.32,2026-08-13,Supplier_D
P1272,W113,3,278,124.84,2026-06-08,Supplier_C
P1452,W103,854,118,38.29,2026-09-14,Supplier_D
P1202,W115,933,141,124.54,2026-05-05,Supplier_A
P1324,W114,674,246,85.48,2026-07-25,Supplier_A
P1477,W105,246,278,103.78,2026-08-27,Supplier_D
P1415,W114,558,168,97.98,2026-01-10,Supplier_C
P1429,W116,692,213,32.07,2026-08-09,Supplier_C
P1216,W116,23,193,48.78,2026-02-03,
P1467,W119,232,188,67.78,2026-09-11,Supplier_C
P1459,W119,520,192,51.36,2026-07-03,Supplier_B
P1418,W119,772,132,97.65,2026-01-05,Supplier_A
P1325,W118,979,103,55.44,2026-01-02,Supplier_C
P1262,W115,815,272,7.75,2026-04-22,Supplier_A
P1276,W101,228,210,73.95,2026-02-09,Supplier_A
P1217,W105,398,138,126.02,2026-06-02,Supplier_A
P1102,W114,710,249,60.12,2026-01-29,Supplier_D
P1022,W116,578,298,42.26,2026-05-12,Supplier_A
P1160,W118,520,165,27.85,2026-04-15,
P1350,W116,310,52,25.55,2026-01-02,Supplier_A
P1139,W103,30,206,27.27,2026-02-15,Supplier_A
P1037,W106,751,173,147.44,2026-07-01,Supplier_D
P1133,W117,732,281,125.8,2026-04-15,Supplier_B
P1459,W115,984,259,2.07,2026-02-05,Supplier_C
P1454,W108,705,210,128.05,2026-06-30,Supplier_B
P1084,W104,697,216,109.47,2026-01-04,Supplier_A
P1380,W111,89,57,3.91,2026-01-06,Supplier_B
P1294,W109,315,156,61.42,2026-07-04,Supplier_C
P1397,W118,334,217,23.95,2026-04-18,Supplier_B
P1344,W117,896,125,70.23,2026-07-09,Supplier_A
P1181,W106,357,135,47.57,2026-04-08,Supplier_C
P1047,W102,120,246,31.93,2026-06-04,Supplier_C
P1438,W119,260,68,94.65,2026-06-14,Supplier_D
P1150,W104,441,140,18.04,2026-05-31,Supplier_D
P1214,W106,361,257,149.37,2026-04-05,Supplier_A
P1384,W107,324,207,124.26,2026-06-19,Supplier_C
P1215,W119,968,57,19.36,2026-06-18,Supplier_B
P1089,W106,634,93,40.04,2026-07-23,Supplier_B
P1061,W119,814,134,68.76,2026-02-05,Supplier_B
P1439,W114,597,51,128.32,2026-05-22,Supplier_D
P1374,W118,665,158,7.71,2026-02-02,Supplier_D
P1420,W109,777,117,103.37,2026-08-15,Supplier_C
P1322,W102,575,75,100.64,2026-06-04,Supplier_C
P1386,W113,275,270,22.71,2026-04-22,Supplier_C
P1142,W112,419,142,140.55,2026-08-20,Supplier_D
P1143,W105,766,93,52.5,2026-07-19,Supplier_A
P1483,W109,594,192,56.94,2026-01-15,Supplier_B
P1047,W119,568,81,40.71,2026-02-20,Supplier_D
P1210,W111,397,202,46.03,2026-04-12,Supplier_A
P1353,W102,934,221,97.85,2026-04-06,Supplier_D
P1049,W102,679,114,55.34,2026-07-03,Supplier_C
P1090,W112,507,130,52.61,2026-09-02,Supplier_C
P1146,W119,443,150,114.63,2026-03-02,Supplier_D
P1104,W117,121,66,56.37,2026-07-16,Supplier_C
P1275,W110,178,61,92.23,2026-07-01,Supplier_D
P1032,W111,202,63,22.16,2026-04-29,Supplier_C
P1265,W104,531,185,118.03,2026-07-07,Supplier_A
P1443,W115,747,140,33.97,2026-03-18,Supplier_D
P1454,W113,533,214,22.6,2026-05-14, Supplier_B 
P1329,W114,335,64,128.62,2026-07-28,Supplier_A
P1231,W103,713,227,94.11,2026-04-08,Supplier_A
P1162,W117,9,103,82.84,2026-08-07,Supplier_C
P1128,W103,86,152,125.68,2026-01-27, Supplier_D 
P1251,W116,430,284,5.14,2026-05-14,Supplier_A
P1078,W115,401,155,123.8,2026-04-05,Supplier_B
P1433,W101,32,284,64.34,2026-06-17,Supplier_B
P1106,W119,204,89,39.25,2026-01-11,Supplier_C
P1069,W117,9,54,27.31,2026-05-13,Supplier_B
P1259,W110,712,169,6.6,2026-01-04,Supplier_B
P1339,W119,312,217,49.88,2026-02-05,Supplier_D
P1058,W108,902,299,103.85,2026-05-04,Supplier_A
P1323,W119,731,132,84.53,2026-06-10,Supplier_B
P1469,W119,923,293,111.72,2026-02-10,Supplier_D
P1430,W108,969,109,42.8,2026-05-29,Supplier_C
P1331,W103,895,248,137.26,2026-05-01,Supplier_C
P1230,W103,29,272,122.99,2026-04-06,Supplier_B
P1305,W112,563,166,111.15,2026-05-24,Supplier_B
P1339,W105,276,113,85.98,2026-06-07,Supplier_D
P1400,W104,883,262,84.44,2026-07-05,Supplier_A
P1451,W104,685,195,123.26,2026-09-12,Supplier_D
P1485,W112,586,111,101.0,2026-06-09,Supplier_B
P1471,W118,799,169,25.38,2026-04-30,Supplier_C
P1181,W107,28,82,90.03,2026-06-09,Supplier_B
P1130,W106,976,245,56.24,2026-04-04,Supplier_C
P1141,W111,665,168,79.59,2026-06-11,Supplier_B
P1461,W106,392,283,99.51,2026-07-01,Supplier_B
P1135,W109,435,231,113.16,2026-02-08,Supplier_B
P1244,W105,808,199,135.75,2026-03-22,Supplier_C
P1455,W104,615,136,116.09,2026-03-21,Supplier_C
P1111,W113,572,52,9.68,2026-07-26,Supplier_A
P1375,W106,786,219,22.33,2026-06-20,Supplier_D
P1217,W118,407,189,31.72,2026-03-14,Supplier_C
P1367,W109,477,50,101.13,2026-04-24,Supplier_C
P1426,W113,881,94,17.45,2026-09-14,Supplier_D
P1060,W111,803,133,61.5,2026-03-24,Supplier_C
P1105,W106,998,237,121.14,2026-02-22,Supplier_A
P1298,W102,206,226,104.5,2026-01-26,Supplier_B
P1197,W110,253,129,9.15,2026-08-11,Supplier_C
P1219,W116,597,289,36.43,2026-03-20,Supplier_C
P1227,W105,294,145,83.93,2026-07-15,Supplier_A
P1221,W115,313,178,11.02,2026-06-27,Supplier_C
P1481,W111,797,231,62.47,2026-03-11,Supplier_D
P1056,W118,342,195,133.55,2026-02-20,Supplier_A
P1024,W104,13,255,92.2,2026-01-22,Supplier_C
P1310,W105,667,99,64.16,2026-01-21,Supplier_C
P1481,W114,481,85,129.0,2026-08-23,Supplier_B
P1301,W119,536,299,14.95,2026-04-25,Supplier_A
P1314,W102,380,286,101.87,2026-06-22,Supplier_C
P1108,W115,423,273,58.37,2026-01-17,Supplier_B
P1249,W103,468,241,78.76,2026-02-09,Supplier_D
P1409,W102,507,233,3.26,2026-04-14,Supplier_B
P1421,W117,221,238,94.2,2026-04-04,Supplier_B
P1093,W106,695,272,148.57,2026-06-30,Supplier_A
P1052,W114,418,260,15.51,2026-08-25,Supplier_B
P1399,W108,941,84,147.1,2026-01-12,Supplier_D
P1018,W114,292,83,10.2,2026-06-05,Supplier_A
P1382,W119,886,85,20.25,2026-05-27,Supplier_D
P1011,W119,776,264,85.66,2026-02-13,Supplier_B
P1284,W118,971,71,133.82,2026-05-13,Supplier_D
P1168,W107,981,245,17.57,2026-03-15,Supplier_D
P1457,W113,26,131,141.47,2026-03-18,Supplier_D
P1008,W118,595,263,39.28,2026-05-23,Supplier_A
P1014,W108,61,280,43.45,2026-04-18,Supplier_D
P1394,W118,673,89,13.48,2026-01-10, Supplier_A 
P1173,W101,647,262,42.7,2026-04-04,Supplier_B
P1480,W104,76,105,72.7,2026-06-23,Supplier_D
P1248,W109,459,124,46.7,2026-06-16,Supplier_D
P1290,W118,990,179,76.35,2026-07-06,Supplier_A
P1128,W112,437,253,59.32,2026-06-16,Supplier_A
P1104,W118,992,84,16.96,2026-08-16,Supplier_D
P1085,W100,717,244,49.66,2026-04-17,Supplier_C
P1117,W102,12,186,56.83,2026-04-23,
P1186,W117,747,120,116.57,2026-09-08,Supplier_B
P1108,W119,478,116,56.49,2026-05-17,Supplier_B
P1330,W118,165,264,46.98,2026-03-28,Supplier_A
P1060,W114,174,113,65.54,2026-07-24,Supplier_D
P1258,W114,232,297,141.7,2026-01-04,Supplier_D
P1398,W118,136,271,33.14,2026-07-03,Supplier_D
P1451,W107,802,64,33.25,2026-07-01,Supplier_D
P1352,W112,99,276,147.33,2026-01-23,Supplier_C
P1431,W110,475,297,20.87,2026-03-11,Supplier_A
P1165,W101,95,269,31.73,2026-07-21,Supplier_C
P1313,W105,579,109,67.85,2026-03-22,Supplier_A
P1027,W107,809,179,149.01,2026-07-11,Supplier_C
P1387,W103,240,180,141.81,2026-02-26,Supplier_D
P1221,W109,20,65,20.57,2026-05-17,Supplier_C
P1373,W119,184,187,33.59,2026-05-02,Supplier_A
P1214,W105,822,228,111.55,2026-06-12,Supplier_A
P1288,W116,181,284,8.07,2026-04-22,Supplier_A
P1076,W112,161,176,137.42,2026-07-04, 
P1130,W103,176,212,22.04,2026-06-13,Supplier_B
P1333,W105,146,72,29.6,2026-07-28,Supplier_C
P1160,W100,889,271,11.75,2026-03-04,Supplier_C
P1394,W114,119,75,143.18,2026-08-27,Supplier_A
P1356,W109,524,239,99.79,2026-03-24,supplier_c
P1115,W119,999,200,142.85,2026-01-08,supplier_c
P1020,W102,510,51,2.08,2026-08-30,Supplier_D
P1011,W100,875,76,136.87,2026-02-01,
P1339,W106,310,289,93.58,2026-05-07,Supplier_A
P1304,W110,476,220,60.54,2026-08-11,Supplier_C
P1134,W111,44,114,144.74,2026-09-06,Supplier_D
P1495,W105,534,289,81.14,2026-09-15,
P1242,W113,924,116,112.35,2026-04-15,Supplier_B
P1095,W115,320,95,26.43,2026-08-31,Supplier_A
P1315,W119,362,178,113.19,2026-04-10,Supplier_B
P1402,W117,358,177,129.33,2026-07-19,Supplier_C
P1483,W107,28,200,135.19,2026-04-23,Supplier_B
P1163,W117,476,117,17.75,2026-01-25,Supplier_D
P1383,W111,508,100,53.57,2026-02-19,Supplier_B
P1480,W114,876,143,47.57,2026-06-26,Supplier_A
P1128,W106,848,50,121.54,2026-04-04,Supplier_B
P1127,W111,165,50,20.34,2026-08-30,Supplier_C
P1245,W109,796,257,89.99,2026-09-05,Supplier_B
P1421,W107,452,101,127.82,2026-04-13,Supplier_C
P1447,W119,-6,153,19.68,2026-08-28,Supplier_A
P1319,W111,319,165,133.29,2026-05-25,Supplier_D
P1170,W117,872,124,99.7,2026-02-17,Supplier_D
P1482,W115,113,182,98.57,2026-03-04,Supplier_D
P1221,W116,0,171,41.78,2026-06-04,Supplier_C
P1381,W104,388,273,20.72,2026-05-21,Supplier_C
P1016,W104,270,153,90.2,2026-09-11,Supplier_B
P1347,W104,353,147,98.59,2026-01-09,Supplier_A
P1077,W112,931,286,5.38,2026-07-02,Supplier_B
P1448,W119,863,132,102.96,2026-03-18,Supplier_A
P1422,W118,374,103,1.66,2026-02-21,Supplier_D
P1145,W112,920,214,93.55,2026-05-26,Supplier_D
P1145,W119,641,174,115.26,2026-05-29,
P1153,W108,717,170,98.89,2026-01-26,Supplier_D
P1013,W101,20,241,101.13,2026-01-12,Supplier_B
P1118,W113,13,88,48.51,2026-02-01, 
P1229,W107,702,237,17.96,2026-03-27,supplier_d
P1226,W107,568,189,74.21,2026-06-25,Supplier_A
P1204,W102,203,219,15.27,2026-06-14,Supplier_B
P1423,W110,347,263,3.4,2026-08-22,Supplier_D
P1227,W104,487,290,86.33,2026-03-20,Supplier_C
P1305,W107,906,150,11.45,2026-06-15,Supplier_A
P1020,W101,503,54,140.66,2026-08-26,Supplier_B
P1446,W119,78,121,61.25,2026-04-12,Supplier_B
P1398,W100,506,288,70.28,2026-02-26,Supplier_D
P1424,W112,981,115,133.29,2026-04-19,Supplier_B
P1208,W109,295,114,95.12,2026-01-12,Supplier_B
P1323,W108,945,245,5.25,2026-04-02,Supplier_A
P1350,W112,927,80,146.85,2026-03-22,Supplier_D
P1220,W104,111,196,13.01,2026-01-16,Supplier_C
P1257,W110,691,295,14.77,2026-04-29,Supplier_A
P1335,W112,201,87,63.92,2026-08-20,Supplier_A
P1401,W119,246,118,103.68,2026-05-06,Supplier_D
P1189,W112,135,85,52.18,2026-06-27,Supplier_C
P1045,W110,665,124,71.84,2026-06-04,Supplier_A
P1061,W113,948,173,87.48,2026-01-22, 
P1099,W113,846,106,21.19,2026-07-07,Supplier_C
P1053,W116,435,171,20.27,2026-04-30,Supplier_C
P1059,W116,136,94,86.86,2026-04-13,Supplier_D
P1016,W105,244,276,17.9,2026-05-10,Supplier_B
P1354,W113,450,73,91.06,2026-01-01,Supplier_A
P1069,W118,151,188,3.55,2026-02-19,Supplier_B
P1014,W108,416,109,101.09,2026-08-02,Supplier_D
P1355,W109,463,206,99.38,2026-05-23,Supplier_D
P1423,W102,553,84,50.0,2026-08-24,Supplier_D
P1049,W110,555,106,139.56,2026-07-04,Supplier_C
P1450,W107,129,267,100.0,2026-02-01,Supplier_A
P1344,W102,601,220,35.24,2026-08-02,Supplier_B
P1187,W113,655,188,70.37,2026-01-17,Supplier_D
P1128,W106,425,272,48.3,2026-04-28,Supplier_C
P1067,W107,515,225,135.51,2026-04-12,Supplier_C
P1377,W110,664,132,129.35,2026-09-13,Supplier_C
P1141,W103,921,110,81.57,2026-02-05,Supplier_D
P1186,W119,444,271,103.99,2026-07-14,Supplier_C
P1028,W107,173,271,35.74,2026-06-30,Supplier_D
P1415,W119,673,238,21.75,2026-06-13,Supplier_D
P1061,W105,566,56,73.13,2026-02-06,Supplier_C
P1300,W103,883,267,65.5,2026-01-11,Supplier_D
P1303,W112,501,120,98.31,2026-03-08,Supplier_D
P1489,W117,729,174,12.36,2026-02-05,Supplier_B
P1151,W113,658,73,75.82,2026-05-28,Supplier_A
P1440,W117,233,241,134.92,2026-07-25,Supplier_B
P1498,W116,333,258,110.5,2026-06-15,Supplier_C
P1127,W113,870,270,40.43,2026-05-14,Supplier_D
P1306,W114,534,250,31.56,2026-02-23,Supplier_C
P1139,W106,459,68,19.72,2026-04-16,Supplier_B
P1397,W100,547,176,126.13,2026-03-30,
P1235,W105,378,53,63.24,2026-03-27,Supplier_D
P1016,W104,661,119,26.62,2026-01-12,supplier_b
P1188,W101,279,197,10.1,2026-07-20,Supplier_D
P1271,W108,565,296,78.56,2026-02-04,Supplier_A
P1281,W117,354,269,104.81,2026-06-30,Supplier_A
P1202,W100,960,156,45.47,2026-03-29,Supplier_A
P1417,W113,14,234,16.03,2026-06-12,Supplier_B
P1043,W114,177,295,117.46,2026-01-16,Supplier_B
P1132,W103,616,237,115.88,2026-02-10,Supplier_D
P1256,W109,226,115,67.51,2026-02-10,Supplier_B
P1486,W115,782,211,16.91,2026-08-13,Supplier_B
P1115,W112,106,112,16.63,2026-09-04,Supplier_A
P1124,W107,585,253,37.14,2026-08-15,
P1356,W102,27,133,72.63,2026-06-10,Supplier_D
P1284,W111,859,117,16.58,2026-01-11,Supplier_D
P1327,W103,169,266,44.81,2026-06-03,
P1221,W100,458,94,50.13,2026-08-27,Supplier_B
P1225,W114,332,149,124.87,2026-01-17,Supplier_B
P1035,W103,995,74,137.65,2026-01-06,Supplier_B
P1444,W104,603,227,99.32,2026-07-24,Supplier_C
P1048,W112,465,132,45.88,2026-04-04,Supplier_D
P1441,W100,752,119,100.43,2026-03-13,Supplier_B
P1288,W105,410,113,122.23,2026-06-15,Supplier_A
P1273,W106,47,279,72.06,2026-01-23,Supplier_B
P1068,W101,22,102,126.1,2026-02-08,Supplier_A
P1161,W118,22,178,119.33,2026-08-20,Supplier_A
P1370,W116,364,64,36.01,2026-09-10,Supplier_A
P1361,W114,239,230,32.12,2026-06-20,Supplier_D
P1013,W119,546,296,80.74,2026-02-09,Supplier_A
P1283,W119,570,241,81.8,2026-08-27,Supplier_C
P1332,W107,29,73,85.5,2026-05-25,Supplier_C
P1194,W103,83,70,72.89,2026-01-20,Supplier_C
P1143,W103,883,299,27.65,2026-04-02, Supplier_B 
P1038,W101,342,189,97.47,2026-04-12,Supplier_D
P1182,W114,892,240,67.68,2026-04-24,Supplier_C
P1396,W117,908,245,119.52,2026-07-29,Supplier_B
P1438,W115,407,265,119.29,2026-01-09,Supplier_C
P1048,W115,224,148,31.38,2026-06-07,Supplier_A
P1241,W113,15,266,9.59,2026-05-24,Supplier_B
P1315,W100,481,240,137.88,2026-09-06,Supplier_D
P1205,W108,200,175,117.05,2026-01-10,Supplier_C
P1464,W117,625,225,7.11,2026-08-26,Supplier_D
P1319,W110,541,203,129.09,2026-01-10,Supplier_D
P1313,W107,197,236,105.44,2026-08-03,Supplier_B
P1078,W108,287,80,33.83,2026-08-10,Supplier_A
P1036,W108,2,172,58.81,2026-01-27,Supplier_C
P1329,W100,336,263,119.31,2026-07-03,Supplier_C
P1138,W101,55,247,102.37,2026-09-10,Supplier_A
P1177,W114,607,195,9.37,2026-07-14,Supplier_C
P1497,W117,19,111,136.73,2026-06-14,Supplier_A
P1192,W105,677,296,104.44,2026-03-07,Supplier_B
P1466,W111,623,235,23.02,2026-08-30,Supplier_C
P1049,W105,624,196,102.86,2026-04-16,Supplier_B
P1350,W117,804,56,89.05,2026-05-07,Supplier_B
P1289,W103,766,269,33.63,2026-02-06,Supplier_D
P1175,W109,28,187,23.96,2026-02-18,Supplier_A
P1058,W101,299,59,25.15,2026-03-23,Supplier_A
P1418,W106,700,284,29.89,2026-06-16,Supplier_A
P1403,W100,811,230,118.24,2026-09-15,Supplier_A
P1046,W117,958,203,40.65,2026-03-23,Supplier_D
P1463,W117,829,100,23.26,2026-03-13,Supplier_B
P1175,W104,815,217,82.58,2026-02-13,Supplier_D
P1209,W108,336,118,81.47,2026-08-18,Supplier_A
P1274,W119,492,291,147.35,2026-01-05,Supplier_A
P1499,W113,469,121,106.4,2026-02-26,Supplier_C
P1084,W118,93,56,24.35,2026-08-10,Supplier_C
P1481,W118,838,63,22.13,2026-03-21,Supplier_B
P1127,W108,410,171,123.23,2026-05-30,Supplier_C
P1419,W105,138,241,136.3,2026-05-11,Supplier_D
P1481,W112,410,167,61.17,2026-05-18,Supplier_B
P1401,W102,657,279,52.64,2026-06-26,Supplier_B
P1315,W109,9,246,80.49,2026-02-06,Supplier_B
P1446,W117,215,169,138.99,2026-07-22,Supplier_C
P1178,W103,722,149,149.49,2026-07-30,Supplier_D
P1339,W113,57,204,70.83,2026-02-12,Supplier_B
P1033,W117,13,150,83.89,2026-04-21,Supplier_B
P1110,W114,290,192,54.78,2026-09-08,Supplier_A
P1233,W114,906,56,13.54,2026-01-08,Supplier_B
P1137,W100,990,80,54.13,2026-05-05,Supplier_A
P1397,W104,769,129,43.58,2026-05-14,Supplier_B
P1362,W111,222,173,31.68,2026-01-16,Supplier_C
P1029,W118,93,223,25.57,2026-05-25,Supplier_B
P1039,W104,290,246,119.09,2026-09-01,Supplier_C
P1363,W101,75,231,65.75,2026-06-15,Supplier_A
P1124,W100,934,173,4.27,2026-04-26,Supplier_D
P1169,W105,524,53,77.76,2026-03-04,Supplier_D
P1373,W108,60,255,69.99,2026-06-12,Supplier_A
P1469,W114,186,176,7.31,2026-01-23,Supplier_A
P1465,W106,777,150,68.74,2026-03-13,Supplier_A
P1356,W112,336,102,56.76,2026-08-22,Supplier_A
P1426,W114,66,152,98.27,2026-05-30,Supplier_B
P1364,W107,302,172,78.43,2026-05-04,Supplier_C
P1445,W111,24,263,51.29,2026-05-05,Supplier_B
P1443,W103,300,53,96.04,2026-03-01,Supplier_D
P1322,W118,846,54,43.78,2026-02-21,Supplier_C
P1435,W111,805,85,89.49,2026-07-14,Supplier_C
P1321,W106,43,164,103.29,2026-06-30,Supplier_A
P1494,W111,216,171,87.93,2026-05-23,supplier_d
P1092,W115,530,193,39.29,2026-06-11,Supplier_C
P1440,W103,361,59,30.46,2026-05-24,Supplier_C
P1489,W105,131,67,33.43,2026-01-13,Supplier_D
P1081,W109,38,76,78.31,2026-07-30,Supplier_A
P1173,W104,273,79,18.72,2026-03-10,
P1347,W105,145,246,24.56,2026-01-29,Supplier_B
P1353,W102,780,70,19.24,2026-06-11,Supplier_C
P1042,W104,811,189,14.67,2026-03-09,Supplier_B
P1480,W102,453,159,142.55,2026-09-11,Supplier_D
P1115,W112,581,246,47.31,2026-06-21,
P1228,W119,859,211,40.55,2026-09-14,Supplier_A
P1069,W109,851,257,37.77,2026-07-22,Supplier_D
P1403,W112,711,194,137.41,2026-01-31,Supplier_C
P1160,W108,88,69,31.04,2026-08-18,
P1153,W114,857,148,103.94,2026-03-22,Supplier_C
P1174,W106,88,292,90.19,2026-07-01,Supplier_A
P1351,W106,636,235,80.66,2026-02-01,Supplier_B
P1424,W106,463,149,2.96,2026-04-08,Supplier_B
P1344,W118,110,76,105.13,2026-04-08,Supplier_B
P1316,W118,903,62,20.02,2026-04-23,Supplier_C
P1159,W110,386,169,24.68,2026-01-12,Supplier_A
P1432,W111,287,217,115.86,2026-03-17,Supplier_A
P1190,W114,27,184,46.51,2026-01-26,Supplier_A
P1351,W117,857,80,37.78,2026-08-02,Supplier_D
P1321,W105,13,93,97.02,2026-04-06,Supplier_B
P1320,W118,82,138,63.48,2026-03-14,Supplier_A
P1305,W113,773,198,37.96,2026-01-07,Supplier_D
P1213,W108,367,261,25.19,2026-06-14,
P1248,W118,914,217,114.49,2026-04-20,Supplier_C
P1449,W100,438,143,121.53,2026-05-25,Supplier_C
P1233,W108,6,211,17.62,2026-06-22,Supplier_B
P1418,W101,462,277,77.41,2026-03-24,Supplier_A
P1201,W107,719,247,140.21,2026-02-27,Supplier_A
P1227,W100,151,188,120.83,2026-04-16,Supplier_C
P1478,W112,772,70,72.1,2026-05-09,
P1309,W113,905,147,82.56,2026-08-28,
P1225,W112,267,234,14.45,2026-06-12,Supplier_D
P1255,W112,884,92,54.3,2026-08-17,Supplier_D
P1257,W118,476,103,134.62,2026-06-13,Supplier_B
P1238,W116,437,279,53.8,2026-03-18,Supplier_B
P1410,W112,0,89,22.54,2026-04-25,Supplier_A
P1409,W102,82,297,72.19,2026-03-16,
P1197,W101,27,278,121.13,2026-07-13,Supplier_D
P1359,W106,28,256,1.89,2026-07-12,Supplier_C
P1170,W104,561,81,122.98,2026-02-13,Supplier_C
P1098,W113,928,189,14.36,2026-01-17,Supplier_B
P1219,W113,815,266,85.44,2026-04-18,Supplier_B
P1341,W106,484,263,23.4,2026-03-21,
P1413,W111,333,123,81.99,2026-02-27,Supplier_A
P1237,W104,982,131,141.18,2026-03-02,Supplier_B
P1231,W111,354,60,23.5,2026-07-31,Supplier_A
P1113,W101,925,135,87.12,2026-03-30,Supplier_D
P1374,W100,164,291,94.11,2026-01-04,Supplier_C
P1004,W104,595,207,135.62,2026-06-13,Supplier_D
P1454,W116,143,266,48.7,2026-01-23,Supplier_B
P1275,W101,838,267,81.97,2026-03-07,Supplier_D
P1453,W102,367,107,145.37,2026-07-10,Supplier_C
P1294,W107,15,109,116.06,2026-06-13,Supplier_C
P1281,W111,216,57,111.79,2026-02-03,Supplier_A
P1289,W115,739,76,60.89,2026-05-05,Supplier_B
P1392,W104,631,123,52.31,2026-01-25,Supplier_A
P1439,W114,887,142,91.92,2026-07-20,Supplier_C
P1217,W107,212,102,53.15,2026-03-30,Supplier_D
P1054,W113,727,201,136.23,2026-06-02,Supplier_C
P1011,W117,268,152,89.61,2026-04-03,Supplier_B
P1215,W109,523,88,104.78,2026-07-28,Supplier_B
P1447,W103,956,290,119.18,2026-05-29,Supplier_D
P1023,W115,387,260,46.01,2026-09-13,Supplier_B
P1174,W110,181,135,128.63,2026-09-09,Supplier_A
P1033,W111,979,56,80.39,2026-01-09,Supplier_B
P1196,W106,252,135,84.38,2026-09-01,Supplier_A
P1449,W102,235,98,88.14,2026-01-11,Supplier_C
P1184,W119,252,98,109.63,2026-04-22,Supplier_C
P1107,W106,269,65,93.35,2026-05-30,Supplier_D
P1123,W105,755,236,83.36,2026-06-22,Supplier_C
P1355,W104,982,210,121.04,2026-07-13,Supplier_A
P1380,W107,941,66,128.8,2026-03-31,Supplier_D
P1194,W119,572,259,82.23,2026-02-06,Supplier_B
P1483,W103,376,78,127.9,2026-07-02,Supplier_A
P1145,W116,961,167,8.09,2026-07-03,Supplier_B
P1266,W106,823,261,83.3,2026-06-19,supplier_d
P1350,W103,764,178,3.3,2026-03-11,Supplier_D
P1193,W113,278,176,148.75,2026-09-06,Supplier_B
P1159,W119,423,168,46.77,2026-05-12,Supplier_B
P1446,W101,345,146,66.01,2026-03-20,Supplier_B
P1050,W117,9,251,15.7,2026-02-26,Supplier_B
P1060,W119,574,265,17.16,2026-07-24,Supplier_B
P1400,W111,472,61,34.42,2026-02-22,Supplier_D
P1180,W104,851,153,16.28,2026-07-02,Supplier_D
P1088,W110,30,224,136.07,2026-09-06,Supplier_B
P1226,W119,371,211,42.34,2026-07-01,Supplier_B
P1396,W101,908,175,45.24,2026-06-05,Supplier_B
P1002,W105,811,242,48.69,2026-02-28,Supplier_B
P1377,W115,437,206,49.16,2026-01-08,Supplier_B
P1332,W108,44,298,69.96,2026-05-09,Supplier_C
P1296,W111,352,111,35.21,2026-06-15,Supplier_D
P1210,W117,59,67,96.06,2026-05-16,Supplier_C
P1196,W116,220,276,89.32,2026-01-26,Supplier_C
P1245,W113,565,267,9.71,2026-08-11,Supplier_A
P1324,W119,510,210,134.08,2026-06-14,Supplier_D
P1125,W106,870,186,126.38,2026-06-04,Supplier_B
P1173,W114,553,74,143.32,2026-09-12,Supplier_B
P1484,W119,601,219,53.07,2026-03-17,Supplier_D
P1020,W100,362,117,48.02,2026-03-17,Supplier_D
P1136,W102,629,117,71.35,2026-06-03,Supplier_A
P1126,W106,208,60,57.26,2026-01-29,Supplier_D
P1449,W102,784,189,34.63,2026-09-14,Supplier_A
P1180,W112,549,58,48.18,2026-07-18,Supplier_A
P1155,W105,75,151,113.31,2026-08-07,Supplier_A
P1092,W111,884,200,114.78,2026-07-26,Supplier_D
P1217,W102,97,149,71.89,2026-02-07,Supplier_D
P1256,W111,831,148,67.4,2026-02-25,Supplier_D
P1282,W103,130,246,2.25,2026-08-16,Supplier_C
P1053,W100,958,209,105.03,2026-01-30,Supplier_D
P1170,W112,260,202,44.27,2026-01-07,Supplier_A
P1170,W106,715,191,52.7,2026-08-13,Supplier_C
P1266,W111,524,296,100.18,2026-05-18,Supplier_A
P1346,W105,516,100,114.86,2026-01-07,Supplier_A
P1417,W110,944,128,87.21,2026-01-07,Supplier_B
P1039,W104,634,228,83.5,2026-08-01, Supplier_D 
P1224,W107,785,222,120.78,2026-02-16,Supplier_C
P1379,W100,234,120,13.51,2026-01-21,Supplier_B
P1119,W116,83,99,48.18,2026-03-20,Supplier_D
P1202,W102,889,261,80.85,2026-01-17,Supplier_A
P1442,W104,89,278,3.82,2026-04-08,Supplier_A
P1223,W108,300,141,120.85,2026-02-28,Supplier_D
P1263,W107,843,205,10.67,2026-07-11,Supplier_B
P1038,W117,316,125,25.56,2026-07-09,Supplier_A
P1425,W111,837,237,141.76,2026-08-10,Supplier_C
P1337,W107,44,150,125.27,2026-08-26,Supplier_B
P1298,W114,261,118,44.0,2026-08-25,Supplier_D
P1227,W101,955,195,76.13,2026-06-12,SUPPLIER_C
P1204,W106,857,279,24.33,2026-04-06,supplier_b
P1363,W114,31,99,67.48,2026-02-28,Supplier_D
P1357,W105,746,280,37.69,2026-07-30,Supplier_C
P1299,W108,164,57,84.11,2026-04-11,Supplier_C
P1161,W117,998,73,125.69,2026-07-08,Supplier_A
P1356,W111,665,171,18.0,2026-03-22,Supplier_C
P1027,W117,765,258,133.29,2026-05-12,Supplier_B
P1396,W112,384,192,25.52,2026-05-24,Supplier_C
P1052,W109,404,66,69.0,2026-06-04,Supplier_D
P1117,W114,807,206,91.89,2026-07-01,Supplier_A
P1035,W112,924,159,93.74,2026-01-15,Supplier_B
P1126,W114,74,250,149.21,2026-08-19,Supplier_B
P1231,W104,626,66,55.24,2026-08-11,Supplier_A
P1060,W101,20,164,95.3,2026-06-15,supplier_a
P1071,W112,456,252,12.49,2026-06-06,Supplier_C
P1182,W118,7,102,136.11,2026-08-22,Supplier_D
P1130,W102,442,270,28.49,2026-02-19,Supplier_A
P1061,W103,622,215,143.19,2026-06-12,Supplier_D
P1166,W107,519,138,68.03,2026-07-10,Supplier_D
P1107,W114,315,83,82.96,2026-05-04,Supplier_D
P1123,W110,615,260,23.96,2026-08-27,Supplier_B
P1042,W102,286,202,113.7,2026-09-09,Supplier_A
P1104,W110,410,103,146.97,2026-07-05,Supplier_D
P1366,W102,100,87,95.5,2026-03-02,Supplier_D
P1136,W107,497,289,45.96,2026-06-07,Supplier_A
P1480,W113,749,123,21.79,2026-03-10,Supplier_A
P1290,W115,298,156,147.13,2026-06-13,Supplier_A
P1361,W103,438,271,141.64,2026-09-14,Supplier_C
P1379,W116,203,185,23.25,2026-01-11,Supplier_B
P1213,W103,221,57,138.89,2026-09-12,Supplier_B
P1124,W115,278,109,86.51,2026-06-01,Supplier_D
P1220,W119,491,174,125.23,2026-03-16,Supplier_A
P1427,W101,231,284,119.89,2026-03-23,Supplier_A
P1275,W112,6,282,91.13,2026-02-28,Supplier_D
P1066,W107,975,213,15.4,2026-03-24,Supplier_A
P1055,W114,582,278,131.78,2026-01-01,Supplier_C
P1027,W115,945,203,2.4,2026-04-09,Supplier_D
P1183,W110,22,222,67.96,2026-08-29,Supplier_C
P1229,W110,831,123,95.2,2026-04-20,Supplier_B
P1144,W105,3,237,118.57,2026-07-31,Supplier_D
P1352,W100,5,85,124.48,2026-01-07,Supplier_A
P1297,W106,233,219,67.58,2026-01-06,Supplier_C
P1498,W107,84,208,47.5,2026-02-24,Supplier_C
P1286,W100,411,57,111.44,2026-06-04,Supplier_A
P1384,W101,108,299,137.93,2026-06-14,Supplier_D
P1334,W104,885,237,92.11,2026-04-06,Supplier_B
P1272,W115,291,202,28.42,2026-05-04,Supplier_D
P1431,W101,687,228,130.61,2026-04-01,Supplier_B
P1145,W105,254,281,38.15,2026-05-06,Supplier_D
P1380,W104,6,87,123.79,2026-03-09,Supplier_C
P1247,W113,128,53,64.88,2026-02-25,Supplier_C
P1345,W105,745,173,45.49,2026-05-28,Supplier_D
P1023,W103,449,92,110.94,2026-03-10,
P1316,W118,212,93,37.9,2026-01-18,Supplier_D
P1209,W110,789,115,31.24,2026-05-16,Supplier_D
P1031,W116,115,194,141.71,2026-02-21,Supplier_C
P1082,W105,729,265,28.78,2026-09-07,SUPPLIER_C
P1419,W112,856,121,63.18,2026-04-19,Supplier_D
P1302,W101,332,72,74.64,2026-06-17,Supplier_C
P1233,W114,152,52,57.65,2026-04-23,Supplier_D
P1114,W104,2,234,55.1,2026-05-30,Supplier_A
P1271,W118,959,188,43.99,2026-04-09,Supplier_C
P1122,W117,338,249,59.14,2026-01-08,Supplier_C
P1222,W105,22,237,139.11,2026-09-05,Supplier_D
P1237,W118,204,140,149.9,2026-02-06,Supplier_D
P1435,W105,350,119,60.73,2026-06-05,Supplier_A
P1016,W104,630,213,7.09,2026-07-30,Supplier_C
P1107,W111,843,197,123.75,2026-08-09,Supplier_A
P1112,W117,3,70,105.7,2026-01-06,Supplier_C
P1433,W100,588,260,99.23,2026-01-14,Supplier_C
P1368,W112,980,247,69.02,2026-05-05,Supplier_C
P1079,W108,567,137,39.44,2026-06-19,Supplier_C
P1369,W112,650,120,56.08,2026-02-26,Supplier_A
P1273,W101,881,70,133.2,2026-05-18,Supplier_C
P1336,W101,759,106,130.37,2026-01-27,Supplier_B
P1212,W113,714,161,149.35,2026-04-17,Supplier_D
P1341,W116,7,171,129.85,2026-04-22,Supplier_C
P1125,W101,194,79,17.96,2026-04-30,Supplier_D
P1345,W113,833,65,96.68,2026-02-19,Supplier_B
P1090,W101,446,278,72.54,2026-05-07,Supplier_B
P1363,W104,582,139,125.19,2026-04-10,Supplier_B
P1212,W113,316,294,109.65,2026-07-15,Supplier_C
P1355,W113,909,54,45.99,2026-01-19,Supplier_D
P1271,W113,11,60,116.48,2026-07-02,Supplier_D
P1198,W108,184,284,111.58,2026-08-31,Supplier_D
P1202,W113,20,53,80.35,2026-03-17,Supplier_B
P1170,W108,237,111,123.03,2026-01-27,Supplier_A
P1235,W107,159,58,27.93,2026-08-19,Supplier_A
P1448,W119,434,259,48.72,2026-04-14,Supplier_C
P1001,W104,800,197,74.68,2026-02-15,Supplier_A
P1493,W107,826,158,124.92,2026-02-06,Supplier_C
P1186,W111,174,74,134.42,2026-07-04,supplier_b
P1376,W101,490,254,3.9,2026-07-31,Supplier_A
P1326,W111,951,70,7.85,2026-09-08,Supplier_B
P1249,W112,694,217,131.37,2026-07-31,Supplier_C
P1164,W116,823,107,7.87,2026-03-31,Supplier_D
P1181,W106,546,127,139.47,2026-05-02,Supplier_A
P1343,W103,464,95,78.62,2026-09-15,Supplier_A
P1225,W112,764,100,78.91,2026-08-07,Supplier_D
P1079,W105,288,290,21.17,2026-07-03,Supplier_C
P1067,W101,682,50,54.52,2026-03-09,Supplier_A
P1085,W117,13,287,124.27,2026-07-27,Supplier_D
P1359,W100,594,185,106.04,2026-04-30,Supplier_D
P1213,W108,510,271,1.66,2026-01-14,Supplier_B
P1373,W118,135,78,82.51,2026-02-19,Supplier_D
P1427,W102,6,142,59.0,2026-07-12,Supplier_A
P1280,W113,134,205,1.0,2026-02-09,Supplier_A
P1079,W107,830,267,125.66,2026-09-15,Supplier_A
P1252,W117,465,82,110.87,2026-01-29,Supplier_D
P1240,W115,700,186,77.06,2026-04-07,Supplier_D
P1377,W108,289,288,38.32,2026-01-18,Supplier_C
P1003,W118,699,80,46.15,2026-04-21,Supplier_D
P1375,W115,717,173,2.55,2026-08-13,Supplier_B
P1460,W117,933,83,131.38,2026-05-21,Supplier_D
P1443,W115,285,239,86.84,2026-03-22,Supplier_D
P1255,W118,670,160,130.32,2026-07-23,Supplier_B
P1157,W101,796,107,20.64,2026-04-19,Supplier_D
P1032,W111,84,173,131.69,2026-05-25,Supplier_B
P1265,W118,18,64,15.25,2026-01-04,Supplier_D
P1032,W110,379,289,57.18,2026-07-01,Supplier_C
P1461,W117,676,238,26.68,2026-05-31,Supplier_C
P1328,W105,99,234,59.04,2026-09-10,Supplier_C
P1468,W100,872,161,98.44,2026-07-03,Supplier_D
P1204,W118,960,52,84.85,2026-07-10,Supplier_D
P1390,W114,284,241,106.56,2026-02-07,Supplier_C
P1124,W118,452,185,22.14,2026-06-20,Supplier_A
P1345,W103,85,257,30.5,2026-07-25,Supplier_D
P1053,W101,449,124,93.98,2026-04-26,Supplier_A
P1461,W117,29,54,34.43,2026-03-22,Supplier_D
P1420,W103,947,209,88.75,2026-04-06,Supplier_A
P1108,W117,35,235,101.64,2026-02-06,Supplier_C
P1296,W118,646,113,97.96,2026-02-04,Supplier_A
P1461,W119,307,274,91.79,2026-03-25,Supplier_C
P1242,W107,919,54,119.34,2026-01-04,Supplier_D
P1076,W115,956,74,146.56,2026-02-04,Supplier_B
P1497,W109,63,123,140.14,2026-02-13,Supplier_B
P1025,W105,625,247,37.13,2026-08-28,Supplier_C
P1388,W112,547,144,43.75,2026-08-29,Supplier_B
P1441,W105,648,124,37.01,2026-01-15,Supplier_D
P1479,W119,132,230,111.93,2026-02-11,Supplier_A
P1467,W103,866,192,148.03,2026-04-06,
P1218,W104,226,180,147.53,2026-09-07,Supplier_B
P1170,W105,80,291,132.39,2026-08-26,
P1311,W105,888,249,129.3,2026-03-01,Supplier_D
P1400,W106,762,216,72.4,2026-08-22,Supplier_B
P1264,W102,483,139,114.34,2026-06-22,Supplier_C
P1426,W113,470,287,107.99,2026-07-27,
P1312,W106,810,68,42.11,2026-09-12,SUPPLIER_B
P1272,W106,777,75,35.9,2026-06-18,Supplier_D
P1280,W119,694,87,107.11,2026-08-13,Supplier_D
P1041,W114,206,254,9.72,2026-07-23,Supplier_B
P1392,W114,14,237,127.05,2026-08-12,Supplier_D
P1201,W107,875,164,48.39,2026-03-04,Supplier_A
P1451,W104,668,146,83.87,2026-03-21,Supplier_D
P1450,W108,31,89,146.28,2026-02-11,Supplier_D
P1306,W100,733,130,99.37,2026-08-19,Supplier_C
P1444,W102,738,138,11.14,2026-09-08,Supplier_A
P1023,W110,97,154,113.24,2026-05-25,Supplier_B
P1451,W100,295,75,43.51,2026-05-13,Supplier_B
P1036,W107,153,166,72.75,2026-06-09,Supplier_C
P1371,W102,357,191,85.59,2026-02-25,Supplier_C
P1384,W100,78,76,89.74,2026-06-26,Supplier_B
P1208,W103,132,157,97.76,2026-07-13,Supplier_B
P1078,W109,66,88,99.86,2026-07-04,Supplier_C
P1221,W114,280,184,20.77,2026-08-19,Supplier_C
P1043,W104,449,91,138.96,2026-05-27,Supplier_A
P1009,W104,999,103,134.94,2026-04-20,Supplier_A
P1423,W115,919,285,111.89,2026-09-04,Supplier_D
P1207,W102,236,220,33.87,2026-06-21,Supplier_B
P1271,W104,43,246,85.21,2026-04-05,Supplier_D
P1128,W108,992,263,80.77,2026-05-31,Supplier_C
P1068,W116,296,147,120.34,2026-02-08,Supplier_C
P1060,W114,919,85,103.07,2026-04-21,Supplier_A
P1028,W115,630,74,40.29,2026-03-16,Supplier_C
P1324,W101,775,133,101.04,2026-03-01,Supplier_D
P1465,W102,23,154,77.29,2026-01-08,Supplier_B
P1214,W101,208,173,77.81,2026-02-18,Supplier_B
P1197,W106,333,75,121.34,2026-04-03,Supplier_A
P1318,W107,595,189,28.87,2026-07-07,Supplier_C
P1391,W110,469,57,135.29,2026-06-30,Supplier_D
P1161,W102,888,199,123.91,2026-09-15,Supplier_C
P1054,W119,234,273,94.09,2026-05-20,Supplier_D
P1484,W101,494,70,51.63,2026-05-21,Supplier_B
P1344,W105,592,270,17.66,2026-06-12,Supplier_C
P1487,W115,1,71,103.38,2026-08-18,Supplier_B
P1227,W111,510,176,95.36,2026-04-07,
P1083,W115,109,280,63.54,2026-06-16,Supplier_A
P1281,W103,72,126,92.79,2026-03-27,Supplier_B
P1246,W104,917,66,104.45,2026-07-19,Supplier_C
P1463,W100,364,180,20.03,2026-05-15,Supplier_D
P1419,W112,413,84,84.52,2026-01-18,Supplier_A
P1262,W119,61,156,140.43,2026-08-17,Supplier_B
P1328,W103,589,282,86.78,2026-02-25,Supplier_A
P1416,W116,976,137,104.23,2026-06-05,Supplier_C
P1185,W118,28,102,1.84,2026-02-12,Supplier_B
P1239,W104,502,248,41.74,2026-04-12,Supplier_A
P1373,W100,702,283,30.97,2026-02-25,Supplier_B
P1408,W107,559,274,142.18,2026-01-22,Supplier_A
P1383,W115,124,244,31.61,2026-05-16,Supplier_B
P1405,W119,477,133,37.95,2026-08-09,Supplier_B
P1161,W107,252,213,149.1,2026-07-10,Supplier_A
P1296,W112,975,152,20.14,2026-03-15,Supplier_B
P1014,W100,675,116,24.71,2026-09-13,Supplier_A
P1064,W105,196,157,75.78,2026-06-09,Supplier_D
P1220,W110,843,278,145.32,2026-01-29,Supplier_A
P1071,W118,47,256,136.48,2026-05-15,Supplier_C
P1226,W117,886,61,24.44,2026-07-02,Supplier_B
P1057,W106,259,73,101.99,2026-08-10,Supplier_D
P1381,W113,362,281,125.74,2026-05-09,Supplier_A
P1312,W104,893,227,54.26,2026-06-14,Supplier_D
P1285,W103,605,291,12.54,2026-05-24,Supplier_D
P1301,W116,947,132,93.62,2026-04-19,Supplier_D
P1292,W102,529,261,19.7,2026-02-04,Supplier_B
P1014,W111,692,55,25.75,2026-04-02,Supplier_B
P1419,W104,960,172,71.26,2026-01-29,Supplier_A
P1168,W101,963,51,81.33,2026-05-02,Supplier_A
P1385,W113,394,209,107.35,2026-04-01,Supplier_D
P1291,W106,913,283,138.69,2026-08-05,Supplier_C
P1408,W114,706,268,140.81,2026-06-13,Supplier_D
P1400,W107,142,233,73.14,2026-02-20,Supplier_D
P1271,W109,620,263,60.65,2026-03-20,Supplier_A
P1152,W104,386,137,87.56,2026-05-11,Supplier_A
P1494,W103,485,138,139.12,2026-08-19,Supplier_A
P1111,W106,679,185,126.48,2026-04-05,Supplier_B
P1340,W112,147,119,87.35,2026-03-09,Supplier_C
P1225,W115,306,62,59.77,2026-07-27,Supplier_B
P1267,W115,568,86,114.38,2026-04-25,Supplier_B
P1420,W106,478,254,44.28,2026-04-10,Supplier_C
P1205,W113,135,116,63.47,2026-08-19,Supplier_B
P1224,W105,702,82,121.21,2026-01-17,Supplier_A
P1068,W102,955,142,71.36,2026-01-18,Supplier_D
P1463,W118,753,123,114.48,2026-06-28,Supplier_D
P1096,W116,822,291,16.67,2026-03-04,Supplier_C
P1137,W114,278,68,54.91,2026-02-05,Supplier_C
P1393,W110,14,177,33.5,2026-04-22,Supplier_A
P1461,W100,929,186,23.31,2026-02-12,Supplier_A
P1034,W114,574,131,14.65,2026-04-05,Supplier_C
P1249,W100,39,65,65.85,2026-03-16,Supplier_D
P1468,W106,507,254,42.53,2026-03-21,Supplier_A
P1497,W105,110,118,137.02,2026-08-14,Supplier_C
P1312,W116,605,299,93.9,2026-08-10,Supplier_C
P1410,W114,938,75,69.65,2026-02-20,Supplier_A
P1438,W101,14,220,128.23,2026-06-29,Supplier_B
P1365,W111,141,66,68.66,2026-05-11,Supplier_C
P1196,W113,429,161,23.38,2026-03-19,Supplier_A
P1088,W118,549,233,141.43,2026-06-27,Supplier_C
P1259,W103,509,299,58.08,2026-02-13,Supplier_C
P1184,W111,589,137,5.9,2026-02-14,Supplier_C
P1188,W101,962,178,51.12,2026-08-31,Supplier_D
P1336,W108,499,98,71.89,2026-06-01,Supplier_C
P1469,W102,696,235,4.8,2026-04-03,Supplier_B
P1320,W114,813,198,73.22,2026-03-22,Supplier_B
P1174,W116,869,254,22.72,2026-05-03,Supplier_A
P1389,W118,675,210,53.05,2026-03-03,Supplier_A
P1302,W116,577,127,40.57,2026-06-18,Supplier_B
P1285,W101,564,62,110.44,2026-04-21,Supplier_C
P1231,W115,227,72,73.16,2026-02-14,Supplier_D
P1300,W110,6,162,123.69,2026-04-22,Supplier_A
P1026,W104,298,134,90.77,2026-03-29,Supplier_D
P1010,W106,574,126,115.31,2026-09-05,Supplier_A
P1145,W118,316,221,44.44,2026-06-29,Supplier_A
P1414,W112,161,129,141.27,2026-09-09,Supplier_D
P1318,W119,67,179,137.58,2026-01-14,Supplier_C
P1443,W106,191,191,17.4,2026-04-13,Supplier_C
P1069,W110,649,179,111.66,2026-05-30,Supplier_C
P1411,W116,2,177,128.14,2026-01-15,Supplier_A
P1050,W105,278,182,130.17,2026-08-15,Supplier_D
P1495,W111,413,206,17.04,2026-03-02,Supplier_A
P1001,W102,457,143,78.76,2026-02-17,Supplier_B
P1035,W106,123,135,130.51,2026-05-18,Supplier_C
P1489,W109,470,161,129.71,2026-07-09,Supplier_C
P1392,W105,608,230,138.59,2026-06-07,Supplier_C
P1326,W111,646,298,40.1,2026-04-28,Supplier_D
P1278,W113,887,133,126.07,2026-07-25,Supplier_A
P1454,W114,431,121,112.4,2026-03-16,Supplier_A
P1435,W113,349,239,68.33,2026-08-14,Supplier_D
P1236,W109,783,183,112.81,2026-05-17,Supplier_C
P1289,W109,110,152,78.4,2026-02-24,Supplier_B
P1447,W111,961,179,144.13,2026-08-26,Supplier_C
P1438,W105,383,187,102.23,2026-04-08,Supplier_D
P1106,W113,272,210,112.73,2026-03-01,Supplier_A
P1485,W107,554,132,124.68,2026-09-03,Supplier_A
P1445,W107,20,72,21.52,2026-06-10,Supplier_A
P1062,W111,467,235,46.54,2026-03-11,Supplier_B
P1295,W117,533,86,133.86,2026-09-03,Supplier_C
P1380,W116,277,53,117.1,2026-08-10,Supplier_D
P1285,W100,430,89,51.19,2026-05-29,Supplier_A
P1479,W107,604,218,18.13,2026-03-25,supplier_a
P1082,W103,150,285,98.86,2026-05-10,Supplier_B
P1186,W102,200,58,120.54,2026-07-19,Supplier_A
P1425,W100,956,135,67.23,2026-06-12,Supplier_D
P1298,W105,979,260,16.94,2026-03-05,Supplier_C
P1083,W104,704,269,147.81,2026-03-20,Supplier_B
P1134,W102,747,204,6.12,2026-07-26,Supplier_A
P1098,W119,327,203,105.08,2026-02-03,Supplier_B
P1098,W100,879,230,87.2,2026-09-07,Supplier_B
P1257,W109,128,220,90.02,2026-06-30,Supplier_C
P1257,W118,615,142,11.28,2026-07-24,Supplier_C
P1085,W114,45,274,100.1,2026-03-18,Supplier_C
P1328,W119,849,86,36.33,2026-08-19,Supplier_D
P1034,W108,27,296,73.73,2026-05-26,Supplier_A
P1226,W105,368,280,125.43,2026-03-24,Supplier_C
P1070,W101,40,206,134.67,2026-01-26,Supplier_A
P1403,W108,902,182,106.9,2026-01-28,Supplier_C
P1093,W105,437,172,12.26,2026-04-25,Supplier_A
P1435,W112,773,94,10.02,2026-03-03,Supplier_A
P1013,W110,312,152,9.06,2026-07-20,Supplier_A
P1147,W117,463,187,12.46,2026-03-04,Supplier_D
P1283,W108,697,155,47.99,2026-01-22,Supplier_C
P1492,W116,17,196,15.45,2026-03-12,Supplier_D
P1493,W119,49,299,138.84,2026-02-11,Supplier_B
P1402,W102,327,268,80.06,2026-02-25,Supplier_A
P1084,W106,566,217,9.52,2026-02-24,Supplier_A
P1159,W101,942,69,85.35,2026-02-21,Supplier_D
P1245,W113,0,73,73.3,2026-09-08,Supplier_A
P1205,W108,987,184,71.18,2026-01-18,Supplier_C
P1103,W109,574,237,78.86,2026-06-03,Supplier_A
P1173,W115,533,260,51.14,2026-01-11,Supplier_A
P1137,W111,197,157,7.37,2026-05-29,Supplier_A
P1228,W102,851,197,35.81,2026-09-12,Supplier_D
P1010,W101,27,100,77.6,2026-08-29,Supplier_B
P1133,W114,974,180,99.76,2026-04-28,Supplier_B
P1039,W100,186,68,121.95,2026-09-01, Supplier_A 
P1066,W115,303,50,90.18,2026-06-03,Supplier_C
P1259,W115,362,139,9.25,2026-01-26,Supplier_B
P1464,W100,134,247,59.25,2026-07-11,Supplier_D
P1045,W115,170,244,30.68,2026-03-11,Supplier_D
P1495,W112,320,115,145.73,2026-03-02,Supplier_B
P1354,W108,659,290,90.27,2026-08-26,Supplier_D
P1163,W105,68,273,80.43,2026-01-02,Supplier_A
P1156,W101,715,192,95.18,2026-03-07,Supplier_B
P1077,W104,324,290,65.74,2026-01-24,Supplier_D
P1227,W117,874,249,72.51,2026-09-13,Supplier_A
P1105,W119,94,208,132.81,2026-05-04,Supplier_B
P1066,W114,3,97,45.22,2026-09-05,Supplier_B
P1004,W112,354,105,105.99,2026-01-29,Supplier_D
P1465,W118,254,188,1.75,2026-02-10,Supplier_A
P1025,W108,284,218,16.87,2026-08-02,
P1069,W110,774,105,129.68,2026-04-27,Supplier_A
P1136,W111,506,279,111.97,2026-03-05,Supplier_D
P1206,W116,699,52,124.58,2026-08-05,Supplier_B
P1382,W102,923,286,40.87,2026-03-08,Supplier_D
P1300,W119,748,143,133.35,2026-06-11,Supplier_A
P1210,W118,832,52,148.17,2026-02-03,Supplier_D
P1286,W104,161,171,16.84,2026-01-27,Supplier_D
P1105,W108,540,82,36.94,2026-08-20,Supplier_C
P1362,W103,938,258,8.27,2026-09-03,Supplier_B
P1139,W109,874,221,63.42,2026-02-27,Supplier_C
P1117,W119,563,189,56.56,2026-07-22,Supplier_C
P1263,W100,231,297,61.62,2026-09-11,Supplier_B
P1014,W102,594,85,96.56,2026-08-11,Supplier_B
P1114,W114,672,101,80.23,2026-09-08,Supplier_C
P1322,W107,950,53,27.6,2026-05-12,Supplier_D
P1109,W116,28,182,66.19,2026-02-03,Supplier_C
P1201,W100,616,285,110.16,2026-07-26,Supplier_D
P1369,W106,307,56,66.79,2026-07-16,
P1021,W107,556,184,43.55,2026-01-27,Supplier_D
P1069,W109,26,180,34.95,2026-07-27,Supplier_B
P1476,W104,895,114,35.75,2026-05-17,Supplier_C
P1366,W109,938,75,64.13,2026-06-23,Supplier_C
P1463,W101,829,121,16.72,2026-05-27,Supplier_B
P1243,W113,104,83,44.71,2026-06-09,
P1074,W102,758,258,15.11,2026-05-17,Supplier_C
P1312,W118,634,152,82.14,2026-03-11,Supplier_D
P1083,W109,202,192,141.96,2026-05-27,Supplier_B
P1063,W108,526,151,62.31,2026-06-24,
P1197,W117,373,191,77.06,2026-01-30,Supplier_C
P1152,W104,772,66,98.67,2026-05-20,Supplier_B
P1096,W102,642,261,14.34,2026-07-26,Supplier_B
P1166,W109,846,161,81.77,2026-05-30,supplier_b
P1232,W104,5,134,77.15,2026-07-01,
P1000,W116,107,233,112.77,2026-04-24,Supplier_D
P1167,W110,596,52,111.48,2026-09-15,Supplier_D
P1446,W113,806,68,136.22,2026-08-05,Supplier_A
P1204,W117,419,252,15.95,2026-05-30,Supplier_D
P1005,W102,749,189,8.54,2026-06-11,Supplier_A
P1305,W103,134,186,73.66,2026-02-24, Supplier_C 
P1156,W101,322,295,40.17,2026-03-30,Supplier_B
P1291,W115,728,80,147.44,2026-08-02,Supplier_D
P1398,W109,280,64,52.29,2026-06-18,Supplier_A
P1218,W101,119,123,109.93,2026-04-01,Supplier_D
P1445,W107,390,207,58.24,2026-09-10,Supplier_A
P1036,W101,821,119,33.95,2026-08-01,Supplier_D
P1344,W112,554,208,20.98,2026-08-04,Supplier_A
P1090,W100,183,78,62.25,2026-08-16,Supplier_C
P1055,W105,104,166,64.75,2026-05-02,Supplier_D
P1158,W115,354,97,13.36,2026-02-25,Supplier_A
P1291,W116,997,162,57.61,2026-06-25,Supplier_D
P1495,W101,625,211,14.59,2026-07-08,Supplier_D
P1099,W114,885,83,14.17,2026-03-30,Supplier_B
P1302,W101,741,259,55.89,2026-06-11,Supplier_D
P1069,W114,171,72,82.69,2026-05-19,Supplier_C
P1297,W103,12,217,79.33,2026-02-17,Supplier_A
P1311,W119,721,95,82.23,2026-08-27,Supplier_D
P1307,W104,624,93,143.63,2026-04-19,Supplier_C
P1392,W117,796,208,1.45,2026-04-04,Supplier_C
P1009,W116,211,79,59.93,2026-02-15,Supplier_B
P1232,W102,286,58,67.72,2026-02-10,Supplier_C
P1215,W113,393,55,31.48,2026-03-19,Supplier_A
P1325,W112,332,258,1.67,2026-07-14,Supplier_B
P1391,W101,814,189,39.96,2026-02-25,Supplier_C
P1005,W115,941,54,65.1,2026-07-31,Supplier_B
P1026,W107,908,236,146.93,2026-07-09,Supplier_B
P1173,W104,254,193,145.57,2026-01-13,Supplier_D
P1210,W104,816,109,116.31,2026-07-20,Supplier_B
P1073,W119,518,230,23.74,2026-04-20,Supplier_C
P1335,W113,388,95,79.22,2026-06-02,Supplier_C
P1170,W103,829,50,72.22,2026-06-16,Supplier_B
P1151,W116,400,252,133.49,2026-06-24,Supplier_C
P1482,W116,727,129,136.92,2026-08-02,Supplier_B
P1262,W100,979,59,107.72,2026-09-09,Supplier_A
P1136,W112,860,185,96.91,2026-09-06,
P1404,W103,805,292,6.17,2026-02-02,Supplier_D
P1253,W112,980,243,96.75,2026-01-01,Supplier_D
P1412,W110,416,271,143.5,2026-05-28,Supplier_A
P1095,W119,194,57,71.67,2026-07-08,Supplier_D
P1307,W106,340,280,141.08,2026-07-12,Supplier_D
P1125,W105,117,277,148.03,2026-04-04,Supplier_B
P1122,W100,788,162,91.76,2026-08-11,Supplier_B
P1481,W119,953,283,88.01,2026-05-01,Supplier_C
P1139,W115,357,138,34.72,2026-06-04, Supplier_B 
P1033,W116,327,225,56.33,2026-04-01,Supplier_B
P1044,W105,441,232,125.62,2026-06-05,Supplier_B
P1446,W104,598,293,48.64,2026-04-04,Supplier_B
P1385,W108,550,279,123.88,2026-04-16,Supplier_D
P1283,W112,523,183,53.35,2026-07-04,Supplier_A
P1481,W117,189,213,149.72,2026-04-05,Supplier_D
P1231,W119,233,272,141.7,2026-08-31,Supplier_A
P1339,W102,668,239,112.98,2026-01-06,Supplier_A
P1437,W105,625,286,28.93,2026-01-09,Supplier_C
P1103,W113,241,229,136.97,2026-06-19,Supplier_D
P1434,W108,227,136,108.98,2026-03-11,Supplier_B
P1128,W116,251,223,114.6,2026-06-28,Supplier_A
P1352,W105,139,89,25.38,2026-02-12,Supplier_B
P1461,W103,355,113,21.35,2026-04-18,Supplier_C
P1269,W104,676,225,55.73,2026-07-21,Supplier_A
P1102,W106,757,128,80.04,2026-04-04,Supplier_B
P1195,W100,648,124,7.3,2026-09-01,Supplier_A
P1046,W109,209,155,96.85,2026-04-01,Supplier_C
P1175,W117,210,200,6.23,2026-06-17,Supplier_D
P1487,W114,31,262,60.32,2026-07-26,Supplier_B
P1484,W114,15,271,79.65,2026-03-02,Supplier_A
P1400,W101,586,205,18.59,2026-04-05,Supplier_B
P1029,W103,974,111,101.46,2026-02-20,Supplier_B
P1092,W114,671,166,17.32,2026-02-03,Supplier_A
P1286,W107,613,215,98.42,2026-05-12,Supplier_A
P1443,W104,563,188,33.8,2026-01-06,
P1008,W113,259,87,121.66,2026-05-20,Supplier_A
P1261,W101,181,170,124.34,2026-09-14,Supplier_B
P1101,W115,481,265,13.25,2026-08-28,Supplier_C
P1098,W119,868,181,83.04,2026-05-13,Supplier_B
P1472,W115,448,217,42.52,2026-03-21,Supplier_A
P1445,W100,238,262,65.48,2026-07-31, Supplier_C 
P1441,W100,135,240,52.61,2026-02-28,Supplier_A
P1233,W117,450,265,125.56,2026-06-27,Supplier_B
P1273,W102,186,272,105.41,2026-06-09,Supplier_C
P1020,W113,187,284,42.07,2026-08-28,Supplier_B
P1010,W101,229,162,9.41,2026-03-01,Supplier_D
P1189,W113,995,237,77.47,2026-03-29,Supplier_D
P1389,W115,136,297,46.47,2026-02-05,Supplier_C
P1333,W100,946,266,37.45,2026-07-12,Supplier_D
P1349,W115,56,77,104.47,2026-03-06,Supplier_A
P1371,W104,755,144,52.48,2026-08-30,Supplier_A
P1112,W100,774,115,148.55,2026-07-11,Supplier_D
P1266,W106,53,87,125.89,2026-08-21,Supplier_D
P1226,W105,137,230,122.6,2026-04-09,Supplier_D
P1311,W105,673,145,28.57,2026-05-04,Supplier_D
P1007,W109,633,193,12.99,2026-04-05,Supplier_C
P1210,W109,716,191,118.57,2026-01-17,Supplier_D
P1305,W113,433,175,95.68,2026-01-13,Supplier_A
P1139,W101,270,101,92.53,2026-08-04,Supplier_C
P1042,W114,17,109,87.94,2026-02-18,Supplier_C
P1191,W106,583,273,50.19,2026-02-27,Supplier_C
P1120,W109,17,276,15.48,2026-04-25,Supplier_C
P1179,W100,362,107,23.13,2026-08-11,Supplier_C
P1427,W103,111,150,63.22,2026-06-26,Supplier_A
P1362,W106,270,122,122.14,2026-03-21,Supplier_D
P1295,W105,656,287,53.94,2026-08-29,Supplier_C
P1273,W108,9,205,33.55,2026-05-26,Supplier_C
P1110,W119,196,82,127.23,2026-01-06,Supplier_B
P1027,W106,333,294,105.9,2026-03-28,Supplier_B
P1306,W116,211,268,124.13,2026-04-10,Supplier_D
P1055,W108,164,279,117.95,2026-04-29,Supplier_D
P1356,W110,4,217,99.31,2026-07-03,Supplier_B
P1226,W114,162,272,99.85,2026-03-23,Supplier_C
P1022,W118,950,298,78.28,2026-05-03,Supplier_A
P1010,W112,965,123,1.77,2026-06-13,Supplier_C
P1369,W113,666,298,101.49,2026-05-10,Supplier_C
P1120,W112,324,222,53.15,2026-07-11,Supplier_C
P1424,W105,805,66,89.18,2026-08-10,Supplier_B
P1497,W113,931,67,74.06,2026-05-01,Supplier_C
P1224,W113,184,121,14.93,2026-04-20,Supplier_B
P1423,W119,975,127,53.45,2026-06-07,Supplier_B
P1064,W119,861,196,46.07,2026-07-20,Supplier_D
P1346,W107,667,114,27.96,2026-02-01,Supplier_A
P1387,W102,568,118,107.36,2026-08-19,Supplier_B
P1176,W115,869,250,122.6,2026-05-28,Supplier_D
P1392,W114,28,238,65.9,2026-02-06,
P1098,W101,85,132,62.49,2026-07-21,Supplier_A
P1260,W102,849,268,99.96,2026-03-05,Supplier_D
P1026,W111,836,85,136.8,2026-06-12,Supplier_B
P1189,W100,536,139,123.21,2026-06-17,Supplier_D
P1262,W100,847,122,108.27,2026-06-15,Supplier_C
P1471,W112,120,251,126.91,2026-08-12,Supplier_D
P1462,W104,533,226,125.85,2026-02-22,Supplier_D
P1289,W102,637,54,10.25,2026-04-10,Supplier_B
P1226,W101,118,289,14.16,2026-08-08,Supplier_D
P1321,W106,545,60,18.81,2026-01-27,Supplier_B
P1338,W100,197,246,44.3,2026-06-09,supplier_b
P1368,W100,604,266,32.27,2026-08-30,Supplier_D
P1024,W112,440,124,89.92,2026-06-15,Supplier_B
P1436,W114,558,72,73.4,2026-03-01,Supplier_D
P1373,W103,622,125,84.11,2026-01-04,Supplier_D
P1237,W102,713,116,120.75,2026-05-29,Supplier_B
P1473,W112,711,103,57.68,2026-04-05,Supplier_D
P1217,W117,405,161,41.27,2026-05-18,Supplier_A
P1479,W109,776,263,113.41,2026-03-12,Supplier_A
P1001,W117,578,289,108.31,2026-06-14,Supplier_C
P1474,W112,292,299,80.57,2026-05-14,Supplier_C
P1168,W104,244,142,30.2,2026-07-21,Supplier_D
P1424,W117,182,89,19.22,2026-07-11,Supplier_D
P1246,W100,689,122,127.59,2026-04-18,
P1019,W109,822,78,84.25,2026-04-13,Supplier_D
P1361,W109,156,243,125.32,2026-05-06,Supplier_D
P1039,W107,532,218,37.8,2026-06-23,Supplier_D
P1028,W101,358,295,92.12,2026-09-02,Supplier_B
P1499,W119,862,213,13.19,2026-02-17,Supplier_D
P1490,W115,278,148,23.72,2026-08-18,
P1125,W101,29,130,77.35,2026-08-10,Supplier_B
P1098,W103,410,266,147.38,2026-07-04,Supplier_B
P1450,W102,5,187,84.33,2026-04-09,Supplier_C
P1478,W109,400,253,55.89,2026-05-19,Supplier_D
P1106,W114,920,150,100.94,2026-05-19,Supplier_D
P1078,W115,882,235,5.18,2026-01-12,Supplier_D
P1493,W107,490,251,7.62,2026-05-19,Supplier_A
P1345,W115,11,247,141.62,2026-08-20,Supplier_B
P1264,W113,931,246,27.89,2026-08-26,Supplier_A
P1476,W102,205,151,111.05,2026-03-17,Supplier_C
P1005,W110,924,177,23.64,2026-08-29,Supplier_D
P1307,W111,555,212,12.75,2026-08-20,Supplier_D
P1140,W112,468,165,97.67,2026-03-20,Supplier_C
P1224,W109,610,219,106.33,2026-01-13,Supplier_B
P1219,W110,576,246,128.59,2026-03-13,Supplier_D
P1456,W105,535,224,96.49,2026-09-12,Supplier_C
P1329,W112,41,131,9.15,2026-08-23,Supplier_D
P1312,W113,974,283,135.84,2026-02-07,Supplier_A
P1473,W112,472,212,113.39,2026-06-02,Supplier_A
P1216,W102,319,63,19.95,2026-01-01,Supplier_B
P1006,W118,409,163,135.54,2026-01-13,Supplier_B
P1039,W101,954,129,79.97,2026-05-26,Supplier_B
P1315,W100,51,276,31.68,2026-07-12,Supplier_B
P1345,W105,768,161,43.64,2026-05-12,Supplier_C
P1409,W104,445,64,114.48,2026-01-27,Supplier_C
P1119,W118,818,173,59.63,2026-09-12,Supplier_D
P1045,W112,301,174,3.62,2026-02-21,Supplier_A
P1161,W109,568,92,67.98,2026-08-31,Supplier_B
P1485,W113,806,235,15.95,2026-05-01,Supplier_D
P1162,W118,559,166,49.39,2026-08-10,Supplier_C
P1182,W109,720,64,8.2,2026-02-26,Supplier_A
P1405,W111,854,149,1.3,2026-06-22,
P1291,W103,131,242,50.45,2026-08-19,Supplier_D
P1447,W117,95,201,144.43,2026-06-25,Supplier_D
P1062,W106,626,72,22.12,2026-03-18,Supplier_C
P1002,W108,158,241,26.99,2026-05-19,Supplier_A
P1138,W105,657,76,1.05,2026-07-06,Supplier_C
P1033,W118,159,166,29.4,2026-03-24,Supplier_C
P1035,W110,883,184,63.43,2026-02-28,Supplier_C
P1161,W106,474,101,144.01,2026-07-19,Supplier_A
P1313,W113,582,206,99.46,2026-05-30,Supplier_A
P1269,W112,537,275,103.82,2026-03-26,Supplier_C
P1444,W104,332,261,5.85,2026-01-18,Supplier_A
P1381,W112,503,98,95.0,2026-02-17,
P1362,W116,265,287,77.27,2026-02-26,Supplier_D
P1296,W118,320,105,16.06,2026-01-26,Supplier_C
P1118,W100,195,64,117.86,2026-03-28,Supplier_D
P1124,W111,913,63,37.68,2026-06-16,Supplier_C
P1340,W108,874,168,81.47,2026-05-10,Supplier_C
P1388,W103,500,81,110.55,2026-06-13,Supplier_B
P1194,W118,572,139,23.38,2026-03-10,Supplier_C
P1029,W112,265,132,36.98,2026-02-12,Supplier_C
P1320,W118,21,76,133.02,2026-02-11,Supplier_C
P1330,W115,280,196,127.26,2026-03-12,Supplier_C
P1212,W100,821,271,91.54,2026-02-27,Supplier_D
P1272,W103,58,55,18.95,2026-07-06,Supplier_A
P1431,W111,463,58,13.3,2026-06-09,Supplier_D
P1221,W106,482,58,5.65,2026-08-05,Supplier_D
P1303,W108,689,63,116.75,2026-05-06,Supplier_D
P1079,W114,977,266,23.49,2026-04-07,Supplier_D
P1390,W112,28,238,115.47,2026-05-07,Supplier_B
P1480,W102,881,97,2.39,2026-02-24,Supplier_C
P1491,W110,972,182,143.91,2026-08-31,Supplier_D
P1197,W114,854,248,75.82,2026-05-10,Supplier_C
P1286,W105,740,151,8.23,2026-03-17,Supplier_D
P1238,W100,324,248,16.98,2026-08-13,Supplier_C
P1262,W110,889,136,97.06,2026-08-04,Supplier_C
P1208,W104,63,147,65.18,2026-01-24,Supplier_A
P1215,W107,730,215,68.45,2026-02-21,Supplier_B
P1351,W102,416,126,18.45,2026-08-28,Supplier_D
P1198,W119,204,128,108.58,2026-08-28,Supplier_D
P1136,W105,760,64,119.34,2026-01-14,Supplier_C
P1012,W112,176,114,14.35,2026-07-12,Supplier_D
P1367,W118,670,239,74.09,2026-01-27,Supplier_C
P1468,W112,599,277,97.44,2026-06-18,Supplier_C
P1186,W118,216,101,137.68,2026-04-28,Supplier_D
P1130,W110,18,119,62.55,2026-04-11,Supplier_D
P1328,W116,427,263,103.47,2026-08-28,Supplier_B
P1289,W103,592,212,116.3,2026-02-01,Supplier_A
P1162,W110,266,234,1.97,2026-03-05,Supplier_B
P1245,W102,787,146,118.08,2026-05-01,Supplier_C
P1335,W107,511,61,94.02,2026-07-14,Supplier_C
P1390,W102,987,254,30.24,2026-04-27,Supplier_B
P1485,W104,261,127,81.8,2026-07-28,Supplier_C
P1171,W109,680,69,27.57,2026-06-23,Supplier_C
P1163,W114,610,248,9.61,2026-02-02,Supplier_D
P1165,W102,963,136,18.02,2026-05-13,Supplier_B
P1297,W102,651,194,35.08,2026-04-21,Supplier_B
P1253,W114,213,65,95.81,2026-07-28,Supplier_B
P1025,W107,736,197,29.29,2026-05-09,Supplier_C
P1341,W112,392,55,143.71,2026-08-09,Supplier_C
P1424,W117,679,116,65.16,2026-04-05,Supplier_A
P1052,W119,597,77,57.58,2026-07-15,Supplier_D
P1474,W119,607,69,129.32,2026-01-29,Supplier_B
P1065,W106,458,283,113.7,2026-06-26,Supplier_A
P1138,W117,92,234,128.48,2026-06-09,Supplier_A
P1465,W113,487,261,60.65,2026-06-24,Supplier_D
P1152,W118,258,138,6.75,2026-04-03,Supplier_A
P1172,W119,44,240,94.8,2026-02-08,
P1086,W106,839,298,3.92,2026-01-21,Supplier_C
P1260,W119,261,262,83.61,2026-03-27,Supplier_C
P1018,W111,505,55,35.78,2026-07-22,Supplier_A
P1426,W118,443,281,87.81,2026-08-31,Supplier_B
P1462,W112,860,211,30.06,2026-03-05,Supplier_C
P1255,W106,453,272,101.16,2026-04-06,Supplier_D
P1180,W116,208,80,115.17,2026-06-13,Supplier_A
P1293,W108,548,162,82.95,2026-05-21,Supplier_C
P1405,W106,272,252,69.1,2026-01-06,Supplier_A
P1074,W100,853,55,117.45,2026-06-01,Supplier_D
P1003,W105,691,51,71.07,2026-09-11,Supplier_A
P1168,W117,285,173,128.21,2026-08-01,Supplier_C
P1481,W111,433,154,24.77,2026-01-30,supplier_d
P1463,W119,743,217,56.47,2026-05-07,Supplier_D
P1197,W108,22,78,139.93,2026-01-14,Supplier_A
P1066,W117,819,137,149.93,2026-08-13,Supplier_A
P1271,W107,344,136,43.37,2026-05-07,Supplier_C
P1375,W106,19,93,129.03,2026-06-18,Supplier_A
P1495,W115,325,215,138.54,2026-05-23,Supplier_D
P1329,W109,200,221,115.25,2026-08-04,Supplier_B
P1333,W102,942,143,80.87,2026-01-25,Supplier_A
P1378,W107,195,287,125.21,2026-01-08,Supplier_A
P1355,W109,427,293,118.97,2026-09-07,Supplier_D
P1471,W106,350,148,95.75,2026-08-24,Supplier_B
P1384,W108,697,251,57.93,2026-05-11,Supplier_D
P1118,W111,489,268,56.66,2026-01-31,Supplier_C
P1337,W100,220,100,103.57,2026-08-30,Supplier_A
P1267,W116,631,62,134.35,2026-08-12,Supplier_C
P1099,W116,910,234,37.94,2026-06-29,Supplier_A
P1387,W108,667,74,44.33,2026-07-15,Supplier_C
P1189,W105,250,114,128.07,2026-05-19,Supplier_D
P1359,W110,380,209,135.33,2026-05-13,Supplier_C
P1398,W116,888,210,139.13,2026-03-19,Supplier_A
P1030,W105,648,186,98.65,2026-06-10,Supplier_C
P1436,W116,313,111,118.1,2026-06-23,Supplier_C
P1098,W117,875,259,94.83,2026-04-29, Supplier_D 
P1408,W116,828,115,104.69,2026-05-07,Supplier_A
P1360,W108,567,138,103.1,2026-05-10,Supplier_D
P1309,W110,617,258,136.17,2026-09-15,Supplier_B
P1150,W109,663,55,74.42,2026-07-15,Supplier_B
P1413,W110,311,189,113.67,2026-06-13,Supplier_D
P1447,W103,317,87,4.37,2026-06-07,Supplier_C
P1422,W109,11,62,6.24,2026-07-28,Supplier_C
P1089,W110,477,81,116.34,2026-01-31,Supplier_B
P1410,W107,970,260,83.27,2026-01-03,Supplier_B
P1253,W102,397,298,149.7,2026-03-06,Supplier_C
P1213,W103,339,240,81.76,2026-04-01,Supplier_B
P1104,W106,475,50,55.92,2026-01-08,Supplier_A
P1333,W101,199,236,89.39,2026-08-15,Supplier_A
P1480,W118,657,297,140.05,2026-08-05,Supplier_B
P1043,W104,421,81,38.51,2026-05-21,Supplier_D
P1359,W107,345,286,64.34,2026-07-19,Supplier_C
P1184,W112,916,108,146.12,2026-07-05,Supplier_A
P1260,W111,288,241,33.33,2026-04-14,
P1160,W116,159,86,37.09,2026-02-05,SUPPLIER_A
P1230,W101,467,203,10.89,2026-09-12,Supplier_D
P1403,W109,118,213,56.5,2026-07-11,Supplier_A
P1382,W105,373,221,66.79,2026-06-23,Supplier_D
P1423,W111,987,150,90.51,2026-08-03,Supplier_B
P1370,W116,498,120,78.84,2026-03-10,Supplier_A
P1427,W115,713,294,73.59,2026-08-31,Supplier_B
P1173,W117,437,219,27.93,2026-05-16,Supplier_B
P1020,W103,930,140,105.56,2026-03-07,Supplier_A
P1415,W112,322,190,72.38,2026-04-21,Supplier_A
P1372,W105,877,229,144.43,2026-04-29,Supplier_C
P1182,W101,371,128,32.56,2026-06-03,Supplier_B
P1431,W113,910,295,9.65,2026-03-04,Supplier_D
P1370,W101,383,72,42.92,2026-03-20,Supplier_A
P1256,W106,781,66,37.6,2026-05-04,Supplier_A
P1464,W109,961,111,97.81,2026-05-28,Supplier_C
P1073,W101,818,138,149.59,2026-05-02,Supplier_B
P1388,W114,797,293,132.4,2026-08-29,Supplier_C
P1114,W112,578,284,111.22,2026-01-12,Supplier_A
P1027,W100,224,110,114.95,2026-05-04, Supplier_C 
P1177,W102,938,126,52.32,2026-08-25,
P1293,W106,430,298,123.75,2026-06-24,Supplier_A
P1164,W103,549,117,66.94,2026-04-06,Supplier_C
P1419,W104,551,178,28.36,2026-07-20,Supplier_C
P1367,W114,586,289,23.79,2026-08-02,Supplier_A
P1211,W103,845,214,58.64,2026-07-11,Supplier_B
P1415,W119,532,274,7.02,2026-09-02,Supplier_D
P1472,W117,450,127,98.66,2026-07-02,Supplier_D
P1160,W118,889,263,104.8,2026-04-27,Supplier_A
P1165,W101,822,127,78.8,2026-02-03,
P1444,W103,390,52,22.49,2026-07-15,Supplier_C
P1218,W106,607,220,83.16,2026-02-23,Supplier_B
P1174,W106,108,184,39.18,2026-04-07,Supplier_A
P1421,W108,441,245,48.76,2026-05-15,Supplier_A
P1257,W119,497,172,86.94,2026-07-14,Supplier_D
P1278,W113,327,111,14.76,2026-04-29,Supplier_C
P1409,W102,9,268,16.67,2026-05-01,Supplier_C
P1181,W118,795,189,119.62,2026-03-07,Supplier_B
P1000,W115,743,144,28.67,2026-09-05,Supplier_B
P1261,W106,281,237,60.19,2026-07-20,Supplier_D
P1399,W100,990,154,5.71,2026-07-23,Supplier_D
P1255,W116,84,137,99.43,2026-02-15,Supplier_A
P1096,W112,7,98,68.45,2026-07-12,Supplier_B
P1248,W118,595,68,77.08,2026-04-22,Supplier_A
P1495,W105,909,285,121.45,2026-09-14,Supplier_B
P1328,W109,471,269,90.06,2026-05-24,Supplier_B
P1104,W104,368,82,60.02,2026-02-23,Supplier_C
P1044,W108,822,179,38.33,2026-03-03,Supplier_A
P1436,W110,984,147,71.23,2026-08-23, 
P1260,W116,292,111,146.71,2026-03-19,Supplier_A
P1220,W112,355,196,82.58,2026-03-18,Supplier_B
P1094,W115,427,299,121.34,2026-06-23,Supplier_D
P1330,W114,103,227,53.11,2026-03-02,Supplier_B
P1000,W112,96,258,50.65,2026-03-31,Supplier_A
P1166,W110,440,156,101.2,2026-06-16,Supplier_C
P1359,W105,611,149,17.44,2026-09-04,Supplier_B
P1414,W116,388,186,69.86,2026-06-06,Supplier_C
P1408,W117,632,171,100.83,2026-03-02,Supplier_C
P1014,W113,603,211,106.43,2026-06-28,Supplier_C
P1302,W104,199,299,10.84,2026-04-17,Supplier_C
P1119,W110,327,118,73.67,2026-04-02,Supplier_A
P1358,W118,28,287,65.69,2026-06-07,Supplier_C
P1116,W111,757,201,138.89,2026-08-10,Supplier_C
P1013,W112,351,246,27.83,2026-01-27,Supplier_C
P1381,W119,234,109,85.6,2026-07-13,Supplier_D
P1042,W119,500,284,57.63,2026-04-27,Supplier_D
P1263,W105,730,254,78.8,2026-02-25,Supplier_C
P1330,W108,855,280,147.8,2026-01-03,Supplier_B
P1437,W116,228,99,144.69,2026-06-19,Supplier_C
P1235,W112,992,286,90.35,2026-06-29,Supplier_B
P1289,W116,922,83,64.08,2026-05-20,Supplier_D
P1424,W118,485,107,43.38,2026-03-30,Supplier_A
P1085,W102,55,177,63.82,2026-01-18,Supplier_B
P1183,W102,883,233,115.86,2026-07-20,Supplier_C
P1236,W104,438,62,129.9,2026-01-02,Supplier_B
P1403,W104,159,196,125.25,2026-05-08,Supplier_C
P1237,W102,441,247,142.4,2026-07-22,Supplier_D
P1202,W108,480,177,10.74,2026-01-28,Supplier_A
P1181,W104,45,61,56.33,2026-01-29,Supplier_D
P1227,W102,21,134,40.29,2026-09-06,Supplier_B
P1492,W119,451,140,107.69,2026-05-13,Supplier_C
P1357,W116,444,52,116.84,2026-04-20,Supplier_D
P1169,W112,513,218,89.47,2026-06-23,Supplier_C
P1399,W116,97,296,77.8,2026-01-04,Supplier_B
P1425,W106,536,68,52.07,2026-07-25,Supplier_D
P1488,W119,356,244,75.55,2026-02-20,Supplier_C
P1094,W101,852,62,15.52,2026-09-07,Supplier_B
P1112,W105,45,275,96.0,2026-08-21,Supplier_D
P1164,W118,220,178,50.15,2026-04-03,Supplier_A
P1312,W119,894,196,143.46,2026-04-15,Supplier_D
P1404,W118,143,236,12.43,2026-03-10,Supplier_C
P1073,W103,248,178,87.64,2026-01-17,Supplier_B
P1284,W112,875,131,129.58,2026-08-22,Supplier_D
P1450,W103,426,227,132.12,2026-06-29,Supplier_D
P1420,W103,672,198,139.13,2026-02-07,Supplier_B
P1235,W115,128,174,61.95,2026-02-27,Supplier_A
P1429,W104,25,73,15.98,2026-05-03,Supplier_A
P1181,W105,30,294,135.69,2026-06-03,Supplier_D
P1145,W106,137,67,71.46,2026-08-09,Supplier_C
P1443,W100,293,201,85.58,2026-06-23,Supplier_B
P1216,W117,139,156,93.15,2026-08-19,Supplier_B
P1229,W105,169,275,11.86,2026-08-03,Supplier_B
P1043,W119,402,111,135.13,2026-02-27,Supplier_A
P1293,W112,147,200,78.28,2026-01-07,Supplier_C
P1481,W112,294,237,67.48,2026-05-05,Supplier_B
P1016,W109,811,52,94.08,2026-04-06,Supplier_B
P1130,W100,940,71,49.45,2026-02-01,Supplier_D
P1110,W105,845,86,51.92,2026-03-12,Supplier_B
P1197,W101,496,161,84.69,2026-03-25,Supplier_B
P1245,W118,727,279,144.91,2026-05-13,Supplier_B
P1232,W108,797,244,65.97,2026-01-02,Supplier_B
P1143,W112,633,157,115.26,2026-02-20,Supplier_B
P1331,W106,851,226,63.44,2026-09-07,Supplier_D
P1081,W107,807,125,138.9,2026-04-24,Supplier_C
P1035,W102,871,55,101.9,2026-03-24,Supplier_D
P1116,W106,885,60,51.73,2026-02-12,
P1029,W100,887,89,103.37,2026-06-13,Supplier_D
P1253,W104,870,109,22.42,2026-06-14,Supplier_C
P1341,W110,929,228,134.66,2026-06-07,Supplier_B
P1061,W119,27,90,62.64,2026-04-18,Supplier_C
P1069,W119,110,145,125.93,2026-02-03,Supplier_B
P1264,W106,425,164,106.08,2026-03-15,Supplier_A
P1321,W111,518,294,41.94,2026-05-14,Supplier_D
P1178,W112,724,183,20.6,2026-07-28,Supplier_C
P1284,W101,443,257,32.34,2026-09-08,Supplier_D
P1422,W104,347,154,65.58,2026-05-09,Supplier_A
P1259,W119,377,134,74.66,2026-01-05,
P1254,W102,870,149,20.45,2026-01-03,Supplier_B
P1080,W108,268,66,36.45,2026-05-28,Supplier_B
P1247,W119,879,182,89.76,2026-01-04,Supplier_B
P1424,W108,466,275,37.96,2026-06-03,Supplier_A
P1183,W118,403,191,129.75,2026-05-05,Supplier_B
P1225,W101,954,267,17.88,2026-08-18,Supplier_A
P1230,W100,55,139,30.52,2026-02-21,Supplier_C
P1161,W116,1,104,64.5,2026-05-26,Supplier_A
P1071,W105,662,246,133.77,2026-02-05,Supplier_A
P1270,W103,804,211,21.83,2026-03-01,Supplier_B
P1057,W113,820,97,61.12,2026-07-11,Supplier_D
P1082,W114,423,267,25.29,2026-08-28,Supplier_B
P1412,W110,982,216,144.88,2026-04-25,Supplier_C
P1431,W103,690,119,86.04,2026-08-03,Supplier_B
P1041,W116,376,211,91.33,2026-01-26,Supplier_C
P1102,W118,304,178,108.07,2026-07-31,Supplier_C
P1352,W111,922,171,48.43,2026-04-29,Supplier_B
P1152,W112,157,115,78.63,2026-05-16,supplier_a
P1199,W107,545,165,68.89,2026-01-21,Supplier_C
P1068,W117,842,181,58.45,2026-07-10,Supplier_A
P1260,W107,291,259,75.29,2026-02-10,Supplier_D
P1286,W117,812,61,149.38,2026-04-14,Supplier_A
P1090,W100,314,121,43.09,2026-01-19,Supplier_D
P1101,W110,531,106,132.97,2026-01-24,Supplier_D
P1350,W103,909,168,115.55,2026-06-28,Supplier_A
P1010,W114,597,256,13.65,2026-08-25,Supplier_D
P1195,W115,17,90,133.01,2026-04-06,Supplier_B
P1108,W108,113,194,135.83,2026-04-30,Supplier_C
P1426,W107,763,90,64.53,2026-07-11,SUPPLIER_A
P1101,W117,233,284,62.68,2026-04-16,
P1385,W104,149,226,136.61,2026-04-06,Supplier_D
P1475,W117,780,124,111.66,2026-08-20,Supplier_D
P1308,W111,778,297,33.48,2026-02-28,Supplier_B
P1266,W115,776,95,132.0,2026-03-29,Supplier_C
P1156,W115,191,51,113.78,2026-04-27,Supplier_A
P1142,W101,149,218,61.28,2026-04-23,Supplier_D
P1202,W101,122,118,18.84,2026-03-05,Supplier_B
P1280,W101,319,264,70.7,2026-07-29,Supplier_D
P1180,W114,17,204,131.97,2026-09-06,Supplier_B
P1427,W109,668,99,100.84,2026-03-02,
P1496,W109,750,85,129.43,2026-08-03,Supplier_B
P1236,W100,395,291,94.27,2026-03-12,Supplier_B
P1268,W108,237,274,101.95,2026-08-01,Supplier_A
P1441,W117,507,89,112.38,2026-02-03,Supplier_A
P1195,W102,40,91,28.19,2026-08-28,Supplier_D
P1339,W109,311,206,1.77,2026-06-20,Supplier_B
P1028,W115,863,210,22.61,2026-06-07,
P1174,W108,323,125,126.82,2026-02-17,Supplier_B
P1380,W114,937,225,101.99,2026-05-28,Supplier_B
P1404,W109,745,155,9.84,2026-05-31,Supplier_A
P1035,W115,230,230,80.47,2026-03-08,Supplier_A
P1212,W100,90,112,64.5,2026-05-07,Supplier_B
P1008,W109,389,121,31.68,2026-04-23,
P1095,W106,426,250,127.53,2026-06-26,Supplier_B
P1238,W108,479,70,70.61,2026-03-21,Supplier_C
P1031,W116,749,268,65.81,2026-02-20,Supplier_C
P1170,W111,703,97,48.1,2026-06-11,Supplier_C
P1273,W115,77,75,50.31,2026-07-27,Supplier_B
P1263,W113,719,271,63.72,2026-01-26,Supplier_D
P1374,W113,45,175,97.41,2026-03-14,Supplier_C
P1361,W111,648,69,117.09,2026-04-22,Supplier_A
P1278,W117,81,268,28.79,2026-03-28,Supplier_B
P1367,W109,448,111,64.52,2026-06-04,Supplier_C
P1456,W104,444,237,147.8,2026-09-11,Supplier_B
P1142,W112,159,212,121.73,2026-06-06,Supplier_C
P1428,W116,203,61,59.67,2026-07-22,Supplier_B
P1359,W119,16,246,75.69,2026-09-03,Supplier_A
P1131,W102,890,51,149.89,2026-03-09,Supplier_A
P1301,W108,864,52,71.83,2026-09-10,Supplier_B
P1096,W116,479,189,43.45,2026-02-13,Supplier_A
P1037,W107,3,152,18.34,2026-06-29,Supplier_D
P1246,W101,688,105,90.54,2026-07-01,Supplier_B
P1330,W118,101,59,79.5,2026-02-06,Supplier_D
P1197,W118,518,71,109.13,2026-04-28,Supplier_C
P1073,W100,634,230,32.16,2026-08-28,Supplier_A
P1393,W113,789,65,82.54,2026-01-28,Supplier_B
P1386,W112,13,295,55.22,2026-04-17,Supplier_A
P1362,W114,681,284,113.18,2026-06-29,Supplier_B
P1274,W107,973,69,34.22,2026-08-20,Supplier_B
P1120,W112,59,297,94.18,2026-08-23,Supplier_B
P1239,W107,137,223,89.53,2026-01-09,Supplier_C
P1448,W107,176,179,39.54,2026-09-11,Supplier_A
P1300,W101,14,86,52.26,2026-05-29,Supplier_D
P1165,W110,560,161,12.11,2026-02-21,Supplier_A
P1112,W107,174,194,112.83,2026-08-23,Supplier_D
P1378,W109,786,194,75.24,2026-08-03,Supplier_A
P1356,W107,802,277,129.67,2026-08-30,
P1185,W111,33,99,149.17,2026-04-25,Supplier_A
P1104,W118,122,195,131.58,2026-04-21,Supplier_C
P1115,W103,557,142,29.14,2026-08-11,Supplier_D
P1448,W102,687,188,100.27,2026-04-23,Supplier_A
P1262,W101,121,66,143.02,2026-06-04,Supplier_B
P1066,W114,893,265,49.71,2026-06-18,Supplier_A
P1261,W100,729,254,50.9,2026-09-09,Supplier_C
P1130,W112,840,184,42.4,2026-04-05,Supplier_C
P1384,W100,534,245,123.52,2026-01-16,Supplier_D
P1035,W118,246,226,76.0,2026-03-09,Supplier_A
P1359,W100,738,173,31.32,2026-01-27,Supplier_D
P1079,W118,803,296,114.82,2026-04-16,Supplier_C
P1086,W101,768,172,34.71,2026-06-12,Supplier_C
P1426,W100,439,242,101.41,2026-03-25,Supplier_D
P1160,W118,888,197,91.97,2026-03-04,Supplier_D
P1002,W112,608,248,81.66,2026-02-01,Supplier_A
P1430,W109,9,118,94.69,2026-06-04,Supplier_C
P1273,W118,305,219,44.16,2026-02-19,Supplier_D
P1261,W106,782,101,22.41,2026-03-02,Supplier_D
P1330,W107,873,222,31.15,2026-05-13,Supplier_A
P1267,W100,713,237,7.69,2026-08-02,Supplier_D
P1161,W101,475,241,115.31,2026-02-15,Supplier_A
P1241,W114,287,68,75.47,2026-05-05,Supplier_C
P1219,W100,699,117,95.1,2026-04-27,Supplier_B
P1075,W118,93,249,131.79,2026-05-05,Supplier_D
P1408,W113,612,161,35.76,2026-02-07,Supplier_A
P1283,W119,499,154,134.22,2026-04-19,Supplier_D
P1283,W115,886,114,27.97,2026-08-09,Supplier_C
P1310,W106,487,140,50.05,2026-04-12,Supplier_D
P1083,W107,713,279,66.47,2026-05-28,Supplier_D
P1330,W109,762,229,56.24,2026-03-11,Supplier_A
P1099,W113,196,75,80.96,2026-04-21,Supplier_B
P1437,W101,259,197,24.41,2026-06-15,Supplier_C
P1485,W117,391,243,26.85,2026-03-10,Supplier_A
P1222,W109,928,90,81.59,2026-05-23,SUPPLIER_D
P1353,W110,292,195,88.48,2026-04-11,Supplier_B
P1344,W118,962,194,131.87,2026-09-07,Supplier_C
P1036,W106,102,247,6.01,2026-02-27,Supplier_C
P1304,W117,574,98,9.89,2026-01-23,Supplier_B
P1414,W113,585,161,41.04,2026-05-23,Supplier_A
P1331,W112,844,135,2.92,2026-02-20,Supplier_B
P1374,W116,841,242,64.9,2026-08-26, 
P1214,W111,720,265,138.68,2026-07-23,Supplier_D
P1489,W101,574,256,106.86,2026-04-06,Supplier_C
P1222,W105,972,171,106.1,2026-06-20,Supplier_D
P1199,W109,546,125,82.51,2026-02-23,Supplier_A
P1305,W113,974,121,146.19,2026-01-04,
P1152,W115,745,107,50.61,2026-05-08,Supplier_C
P1015,W117,229,274,67.46,2026-01-04,Supplier_A
P1090,W114,679,274,11.42,2026-02-06,Supplier_A
P1077,W111,11,61,60.87,2026-07-30,Supplier_B
P1160,W100,674,160,103.17,2026-05-21,Supplier_B
P1204,W107,29,124,90.64,2026-01-22,Supplier_D
P1259,W105,744,98,17.75,2026-05-17,Supplier_A
P1212,W105,285,190,59.84,2026-01-14,Supplier_D
P1346,W117,140,299,141.48,2026-04-27,Supplier_C
P1369,W112,492,286,15.14,2026-08-28,Supplier_A
P1115,W112,950,251,94.66,2026-07-24,Supplier_A
P1222,W108,540,148,117.15,2026-03-08,Supplier_C
P1211,W114,542,164,104.51,2026-03-01,Supplier_C
P1112,W111,405,62,105.68,2026-02-26,Supplier_C
P1058,W112,504,217,93.44,2026-01-11,Supplier_B
P1315,W119,274,268,100.06,2026-08-12,Supplier_D
P1479,W103,724,74,147.74,2026-01-19,Supplier_D
P1473,W113,866,110,26.78,2026-05-22,Supplier_D
P1351,W109,465,154,149.94,2026-05-06,Supplier_C
P1132,W109,936,56,98.3,2026-09-15,Supplier_C
P1166,W104,463,214,10.22,2026-02-10,Supplier_D
P1464,W118,659,235,52.41,2026-02-25, Supplier_D 
P1155,W105,477,211,129.42,2026-06-05,Supplier_D
P1391,W110,453,165,70.12,2026-03-17,Supplier_B
P1320,W118,384,164,69.52,2026-02-05,Supplier_B
P1378,W115,0,208,12.16,2026-02-27,Supplier_B
P1442,W106,267,227,33.21,2026-03-28,Supplier_A
P1047,W101,94,277,65.25,2026-01-01,Supplier_D
P1282,W118,478,262,55.25,2026-07-12,Supplier_A
P1440,W105,481,295,119.35,2026-03-17,Supplier_C
P1464,W103,227,63,51.64,2026-05-10,Supplier_B
P1013,W102,847,71,101.71,2026-05-28,Supplier_D
P1478,W110,379,197,121.15,2026-02-02,
P1194,W115,501,187,12.62,2026-06-11,Supplier_D
P1493,W106,67,70,126.62,2026-01-11,Supplier_B
P1232,W102,271,261,17.57,2026-02-05,Supplier_B
P1245,W111,897,242,97.19,2026-08-02,Supplier_B
P1314,W105,227,250,66.94,2026-08-03,Supplier_C
P1149,W109,226,233,10.86,2026-05-30,Supplier_C
P1476,W110,350,57,64.49,2026-02-10,Supplier_B
P1388,W119,332,102,44.97,2026-06-24,Supplier_D
P1037,W101,608,120,93.26,2026-01-10,Supplier_C
P1051,W108,818,218,20.3,2026-07-08,Supplier_B
P1223,W100,884,241,139.1,2026-09-11,Supplier_B
P1075,W109,505,172,10.36,2026-06-19,Supplier_A
P1307,W107,182,88,45.83,2026-07-17,Supplier_B
P1319,W119,746,229,17.0,2026-02-14,SUPPLIER_C
P1130,W100,762,141,29.38,2026-02-07,Supplier_B
P1241,W119,533,63,17.99,2026-04-28,Supplier_A
P1053,W110,548,200,45.05,2026-05-10,Supplier_A
P1037,W101,408,75,126.34,2026-04-24,Supplier_D
P1051,W102,407,111,91.82,2026-02-09,Supplier_D
P1104,W119,318,240,39.0,2026-06-23, Supplier_B 
P1302,W104,160,152,24.62,2026-04-25,Supplier_C
P1375,W114,140,166,7.55,2026-04-05,Supplier_A
P1383,W119,830,150,76.02,2026-04-24,Supplier_B
P1409,W119,779,116,147.02,2026-02-18,Supplier_B
P1193,W111,689,269,27.91,2026-05-13,Supplier_B
P1451,W116,965,236,1.92,2026-04-29,Supplier_D
P1269,W112,703,275,100.69,2026-03-10,Supplier_C
P1335,W107,211,170,50.92,2026-03-21,Supplier_C
P1309,W102,873,260,31.09,2026-03-22,Supplier_D
P1243,W102,240,99,43.42,2026-04-17,Supplier_D
P1457,W114,472,91,89.78,2026-07-07,supplier_a
P1344,W106,980,63,104.42,2026-07-25,Supplier_D
P1449,W118,25,199,62.89,2026-05-05,Supplier_C
P1324,W100,789,138,77.51,2026-05-22,Supplier_C
P1086,W119,483,219,8.63,2026-09-02,Supplier_D
P1388,W112,3,225,97.94,2026-03-27,Supplier_A
P1024,W110,373,113,136.24,2026-08-08,Supplier_C
P1228,W102,298,93,41.21,2026-03-27,Supplier_B
P1323,W105,572,254,6.98,2026-05-19,Supplier_C
P1227,W112,822,295,141.52,2026-08-16,Supplier_D
P1105,W115,556,284,20.28,2026-02-23,Supplier_B
P1489,W101,231,261,109.26,2026-04-30,Supplier_D
P1001,W106,177,249,139.76,2026-02-18,Supplier_C
P1495,W113,552,296,23.3,2026-08-04,Supplier_D
P1028,W114,342,211,2.31,2026-06-12,Supplier_C
P1464,W116,436,123,16.26,2026-03-27,Supplier_C
P1248,W115,63,164,33.33,2026-08-16,Supplier_A
P1405,W112,358,55,135.11,2026-08-15,Supplier_C
P1249,W100,604,121,98.82,2026-04-12,Supplier_A
P1209,W103,880,240,105.41,2026-01-03,Supplier_B
P1304,W102,577,192,5.89,2026-09-01,Supplier_D
P1155,W117,978,270,76.88,2026-03-11,Supplier_D
P1105,W104,471,288,108.9,2026-05-10,Supplier_C
P1270,W102,56,143,3.76,2026-01-06,Supplier_A
P1139,W119,87,234,50.63,2026-04-30, Supplier_B 
P1263,W118,391,50,83.4,2026-07-22,Supplier_D
P1038,W109,766,216,75.31,2026-05-27,Supplier_C
P1348,W107,336,204,95.51,2026-01-21,Supplier_D
P1245,W100,408,224,117.42,2026-01-07,Supplier_A
P1428,W115,562,99,136.06,2026-03-26,Supplier_B
P1158,W101,181,228,100.67,2026-07-01,Supplier_A
P1285,W113,350,91,66.95,2026-05-28,Supplier_C
P1293,W106,574,270,119.26,2026-01-05,Supplier_D
P1189,W111,708,268,135.75,2026-08-09,Supplier_A
P1217,W110,638,69,142.07,2026-05-18,Supplier_D
P1273,W107,55,136,60.02,2026-07-15,Supplier_C
P1465,W111,313,53,122.49,2026-08-21,Supplier_B
P1015,W111,726,294,82.76,2026-08-05,Supplier_D
P1180,W109,448,68,104.27,2026-07-07,Supplier_D
P1017,W116,875,96,60.24,2026-02-03,Supplier_D
P1143,W113,408,240,55.91,2026-09-09,Supplier_C
P1283,W110,258,241,64.84,2026-03-16,Supplier_A
P1382,W103,851,149,84.25,2026-09-05,Supplier_B
P1187,W116,693,140,23.83,2026-09-13,Supplier_A
P1194,W101,392,137,84.6,2026-06-10,Supplier_B
P1130,W118,851,113,72.14,2026-04-23,Supplier_A
P1269,W119,393,223,104.36,2026-03-22,Supplier_D
P1206,W104,905,204,36.7,2026-02-27,Supplier_B
P1276,W118,1,71,140.07,2026-03-09,Supplier_D
P1040,W110,782,148,24.14,2026-04-15,Supplier_A
P1081,W103,337,277,37.9,2026-07-16,Supplier_A
P1239,W117,357,247,15.79,2026-06-16,Supplier_C
P1422,W113,852,183,8.33,2026-06-20,Supplier_B
P1210,W113,523,91,108.76,2026-08-11,SUPPLIER_D
P1480,W106,225,115,93.38,2026-05-30,supplier_c
P1231,W107,30,100,115.57,2026-05-13,Supplier_D
P1100,W101,326,113,120.77,2026-02-25,Supplier_C
P1332,W111,752,247,111.72,2026-05-14,Supplier_C
P1210,W114,98,83,52.79,2026-04-11,Supplier_B
P1376,W102,356,91,28.85,2026-01-03,Supplier_B
P1204,W107,387,79,75.26,2026-01-16,Supplier_D
P1040,W105,494,270,73.86,2026-02-07,Supplier_A
P1448,W102,736,240,95.8,2026-07-08,Supplier_D
P1289,W114,488,181,50.72,2026-01-01,Supplier_B
P1136,W113,16,269,18.41,2026-04-22,Supplier_D
P1007,W102,199,221,63.02,2026-04-04,Supplier_B
P1297,W105,139,106,23.98,2026-05-11,Supplier_C
P1219,W113,783,258,93.68,2026-01-07,Supplier_C
P1338,W109,202,115,18.94,2026-05-02,Supplier_A
P1387,W118,640,226,135.87,2026-01-25,Supplier_C
P1055,W116,808,291,133.5,2026-03-26,Supplier_B
P1383,W114,811,81,17.94,2026-03-12,Supplier_B
P1486,W102,178,57,133.46,2026-04-25,Supplier_B
P1320,W119,37,70,30.31,2026-06-08,Supplier_D
P1454,W110,292,265,59.5,2026-04-14,Supplier_A
P1312,W109,27,250,142.85,2026-07-17,Supplier_D
P1294,W100,954,253,139.8,2026-05-20,Supplier_D
P1052,W113,511,162,144.75,2026-06-03,Supplier_D
P1444,W110,590,250,129.99,2026-07-09,SUPPLIER_C
P1459,W114,647,247,22.35,2026-07-16,Supplier_A
P1247,W102,328,200,115.43,2026-08-06,Supplier_C
P1303,W102,437,276,56.93,2026-04-13,Supplier_C
P1498,W101,821,180,83.09,2026-01-12,Supplier_A
P1444,W105,988,283,82.37,2026-01-23,Supplier_A
P1146,W112,903,52,66.5,2026-07-13,SUPPLIER_A
P1107,W112,55,261,140.77,2026-08-07,Supplier_C
P1370,W109,128,88,1.08,2026-06-10,Supplier_B
P1113,W114,465,213,23.56,2026-01-28,Supplier_A
P1361,W100,453,156,116.31,2026-05-27,Supplier_D
P1460,W118,699,297,120.21,2026-05-19,Supplier_B
P1422,W104,423,265,31.46,2026-01-10,Supplier_A
P1232,W117,218,64,116.84,2026-07-20,Supplier_D
P1090,W118,663,272,47.18,2026-07-28, 
P1492,W105,23,143,98.54,2026-06-04,Supplier_C
P1250,W106,810,75,44.81,2026-06-09,Supplier_B
P1281,W102,769,95,100.43,2026-07-28,Supplier_A
P1334,W100,825,260,126.0,2026-07-08,Supplier_C
P1343,W111,305,192,90.13,2026-02-04,Supplier_D
P1306,W104,838,246,26.19,2026-06-19,Supplier_A
P1434,W113,935,184,15.69,2026-08-26,Supplier_D
P1261,W105,425,89,60.71,2026-02-18,Supplier_D
P1391,W102,762,140,137.06,2026-09-06,Supplier_C
P1219,W102,27,255,108.14,2026-03-19,Supplier_C
P1181,W111,649,216,103.33,2026-04-29,Supplier_B
P1468,W116,743,160,143.92,2026-01-26,Supplier_D
P1341,W110,267,136,73.11,2026-01-07,Supplier_A
P1074,W105,510,269,128.32,2026-03-12,Supplier_C
P1304,W105,866,259,41.81,2026-09-15,Supplier_B
P1269,W105,770,223,70.95,2026-04-14,Supplier_D
P1170,W112,102,129,26.57,2026-05-23,Supplier_D
P1057,W109,840,67,52.42,2026-03-06,Supplier_C
P1342,W115,899,198,85.45,2026-05-17,Supplier_A
P1148,W108,372,228,80.25,2026-06-01,Supplier_C
P1188,W110,99,85,86.44,2026-06-19,Supplier_A
P1322,W116,978,118,7.18,2026-06-17,Supplier_B
P1271,W111,16,125,139.87,2026-01-22,Supplier_D
P1420,W109,577,111,13.27,2026-09-01,supplier_d
P1080,W103,291,70,111.33,2026-06-08,Supplier_A
P1341,W106,30,94,13.75,2026-03-29,Supplier_B
P1326,W110,45,204,38.83,2026-03-14,Supplier_D
P1403,W117,452,88,117.46,2026-01-11, Supplier_C 
P1290,W117,570,71,21.32,2026-04-11,
P1284,W110,64,77,2.35,2026-09-07,Supplier_B
P1222,W105,931,148,41.8,2026-05-21,Supplier_B
P1233,W101,747,219,66.02,2026-05-18,SUPPLIER_A
P1385,W109,174,63,8.57,2026-01-16,Supplier_A
P1299,W112,292,131,145.78,2026-01-27,Supplier_D
P1372,W100,139,74,36.05,2026-01-06,Supplier_D
P1216,W103,303,180,85.56,2026-02-03,Supplier_B
P1391,W116,323,205,75.33,2026-01-02,Supplier_B
P1312,W113,565,94,87.87,2026-06-18,Supplier_D
P1221,W112,486,283,19.44,2026-08-10,Supplier_D
P1125,W109,966,137,49.28,2026-09-05,Supplier_D
P1310,W117,624,236,77.58,2026-08-31,Supplier_C
P1046,W117,778,293,52.76,2026-01-26,Supplier_B
P1444,W110,371,218,128.63,2026-04-25,Supplier_C
P1185,W118,689,260,101.74,2026-08-10,Supplier_C
P1274,W116,324,294,37.89,2026-05-12,Supplier_C
P1298,W108,668,131,22.71,2026-07-12,supplier_c
P1067,W107,706,229,49.53,2026-06-05,Supplier_D
P1264,W118,105,86,4.01,2026-06-04,
P1106,W117,688,112,135.72,2026-03-10,Supplier_A
P1232,W101,715,273,47.3,2026-03-20,Supplier_A
P1125,W112,109,77,140.32,2026-02-28,Supplier_B
P1033,W109,582,198,4.16,2026-07-26,
P1478,W115,442,182,127.41,2026-07-28,Supplier_C
P1001,W103,726,91,142.21,2026-03-28,SUPPLIER_C
P1122,W106,90,279,22.71,2026-09-14,Supplier_D
P1045,W112,352,154,89.44,2026-08-10,SUPPLIER_A
P1109,W111,938,75,79.59,2026-09-07,Supplier_C
P1254,W107,267,278,96.19,2026-08-21,Supplier_B
P1051,W108,163,289,123.53,2026-04-30,Supplier_A
P1217,W115,364,113,95.73,2026-05-31,Supplier_B
P1208,W104,763,178,42.64,2026-09-14,Supplier_D
P1154,W108,319,179,53.02,2026-06-13,Supplier_B
P1061,W100,77,247,93.66,2026-08-10,Supplier_B
P1309,W105,679,231,103.55,2026-04-07,Supplier_C
P1422,W103,348,186,142.88,2026-07-04,Supplier_A
P1408,W106,935,61,60.97,2026-08-31,Supplier_B
P1394,W100,546,91,52.99,2026-03-06,Supplier_B
P1443,W108,158,59,121.72,2026-03-07,Supplier_A
P1034,W114,23,243,43.92,2026-04-13,Supplier_A
P1163,W103,629,83,82.13,2026-02-13,Supplier_D
P1016,W119,750,83,47.98,2026-06-11,Supplier_B
P1022,W106,647,188,97.24,2026-03-06,Supplier_A
P1174,W108,380,75,136.91,2026-07-26,Supplier_D
P1013,W115,207,150,106.25,2026-01-18,Supplier_D
P1473,W106,295,64,107.93,2026-07-04,
P1331,W105,230,149,138.42,2026-08-23,Supplier_B
P1029,W113,439,88,84.32,2026-05-27,Supplier_D
P1308,W112,255,116,2.13,2026-02-05,Supplier_B
P1375,W103,540,250,123.75,2026-06-10,Supplier_C
P1405,W114,377,271,136.62,2026-08-23,Supplier_B
P1282,W108,536,154,52.17,2026-06-13,
P1178,W116,265,100,51.15,2026-03-03,Supplier_C
P1200,W111,410,217,134.96,2026-01-13,
P1004,W108,579,147,71.96,2026-01-19,Supplier_A
P1091,W106,462,72,16.51,2026-02-09,Supplier_A
P1367,W105,836,164,131.13,2026-07-08,Supplier_D
P1327,W106,486,148,97.03,2026-06-07,Supplier_C
P1219,W107,912,216,58.61,2026-06-07,
P1470,W116,287,250,76.63,2026-08-24,Supplier_D
P1275,W105,532,280,59.13,2026-07-04,Supplier_B
P1228,W101,853,139,20.33,2026-02-02,Supplier_A
P1093,W111,718,57,20.43,2026-04-02,Supplier_B
P1301,W106,566,64,57.15,2026-05-14,Supplier_B
P1298,W105,162,252,77.48,2026-07-10,Supplier_B
P1466,W109,105,79,13.8,2026-09-09,Supplier_B
P1491,W100,721,247,122.7,2026-05-01,Supplier_C
P1176,W106,889,294,118.29,2026-09-02,Supplier_D
P1451,W111,431,132,87.05,2026-05-18,Supplier_B
P1020,W103,351,189,17.03,2026-01-20,Supplier_B
P1352,W118,599,190,89.58,2026-01-30,Supplier_D
P1329,W104,772,296,137.95,2026-03-17,Supplier_B
P1066,W110,919,263,18.31,2026-01-03,Supplier_B
P1333,W113,642,266,22.93,2026-04-25,Supplier_C
P1303,W111,764,234,69.14,2026-03-28,Supplier_B
P1034,W119,76,296,51.09,2026-09-11,Supplier_A
P1187,W101,622,228,34.1,2026-01-27,Supplier_B
P1275,W107,681,91,124.41,2026-08-15,
P1171,W110,16,185,134.52,2026-07-16,Supplier_D
P1232,W100,819,75,120.37,2026-02-04,Supplier_B
P1377,W109,352,220,140.32,2026-09-03,Supplier_D
P1169,W105,149,268,101.97,2026-05-01,Supplier_C
P1204,W107,848,63,102.3,2026-03-18,Supplier_A
P1016,W103,336,174,73.01,2026-03-10,Supplier_C
P1027,W118,400,194,7.08,2026-07-11,Supplier_B
P1136,W114,702,213,8.51,2026-01-30,Supplier_A
P1132,W118,1,279,97.13,2026-02-23,Supplier_C
P1373,W110,39,110,145.03,2026-07-08,Supplier_A
P1165,W101,681,275,140.24,2026-07-04,Supplier_A
P1017,W105,577,53,109.6,2026-08-20,Supplier_D
P1275,W106,850,110,61.31,2026-04-28,Supplier_D
P1190,W112,794,167,55.02,2026-03-23,Supplier_C
P1178,W106,678,129,70.33,2026-04-02,Supplier_D
P1264,W105,813,244,14.22,2026-03-16,Supplier_B
P1112,W108,760,189,68.13,2026-04-05,Supplier_B
P1480,W102,121,272,27.9,2026-05-05,Supplier_B
P1401,W110,217,282,110.42,2026-03-11,Supplier_A
P1080,W102,742,117,56.18,2026-07-25,Supplier_D
P1375,W107,521,198,142.49,2026-01-19,Supplier_B
P1409,W109,375,150,75.09,2026-02-16,Supplier_C
P1252,W108,763,224,84.82,2026-08-21,Supplier_B
P1363,W110,823,262,131.0,2026-07-03,Supplier_C
P1456,W102,930,133,33.54,2026-05-27,Supplier_D
P1149,W109,141,146,53.27,2026-03-15,Supplier_C
P1074,W109,331,223,78.31,2026-07-21,Supplier_B
P1464,W104,542,58,92.54,2026-04-16,Supplier_A
P1249,W118,540,206,52.19,2026-03-27,Supplier_B
P1067,W100,397,167,129.96,2026-01-31,Supplier_D
P1419,W117,723,262,37.41,2026-02-10,Supplier_D
P1337,W104,234,184,39.95,2026-03-11,Supplier_D
P1155,W111,483,169,45.96,2026-05-20,Supplier_A
P1397,W111,859,229,28.67,2026-03-18,Supplier_D
P1269,W111,442,292,15.75,2026-04-17,Supplier_A
P1301,W103,498,285,86.22,2026-06-09,Supplier_A
P1187,W114,159,296,149.13,2026-04-07,Supplier_C
P1450,W111,727,143,38.65,2026-01-20,Supplier_D
P1330,W110,355,151,8.4,2026-08-03,Supplier_A
P1108,W104,126,299,19.41,2026-02-10,Supplier_A
P1370,W106,238,112,97.49,2026-05-19,Supplier_B
P1197,W116,257,79,86.05,2026-06-19,Supplier_A
P1226,W101,790,59,124.45,2026-07-27,Supplier_B
P1351,W113,377,295,36.48,2026-09-05,Supplier_A
P1136,W105,405,222,138.98,2026-03-15,
P1116,W100,302,64,4.07,2026-08-13,Supplier_A
P1078,W118,865,228,100.94,2026-06-29,Supplier_D
P1289,W104,798,103,41.11,2026-09-03,Supplier_A
P1390,W113,343,191,134.11,2026-04-11,Supplier_D
P1239,W110,688,278,16.18,2026-01-12,Supplier_D
P1241,W112,149,235,77.62,2026-03-10,Supplier_D
P1040,W113,101,187,6.86,2026-04-18,Supplier_D
P1248,W107,542,101,76.97,2026-05-29,Supplier_B
P1237,W115,367,292,147.6,2026-05-30,Supplier_A
P1446,W102,90,50,105.49,2026-09-03,
P1324,W103,427,226,92.16,2026-08-15,Supplier_B
P1464,W113,227,164,80.77,2026-02-10,Supplier_B
P1159,W102,218,149,91.53,2026-05-18,Supplier_C
P1336,W112,612,132,146.26,2026-07-21,Supplier_C
P1326,W110,399,232,32.58,2026-08-30,Supplier_D
P1022,W108,885,234,54.2,2026-04-30,Supplier_C
P1202,W114,933,86,129.13,2026-04-16,Supplier_D
P1309,W101,337,109,69.42,2026-01-25,Supplier_B
P1020,W113,204,295,52.77,2026-03-20,Supplier_A
P1461,W112,165,84,62.31,2026-03-04,Supplier_C
P1329,W106,960,190,32.65,2026-05-05,Supplier_B
P1375,W112,505,203,30.11,2026-08-15,Supplier_A
P1205,W109,839,99,139.8,2026-01-21,Supplier_B
P1293,W116,922,236,14.6,2026-02-27,Supplier_A
P1492,W109,553,125,105.64,2026-04-19,Supplier_C
P1069,W112,132,83,133.54,2026-03-22,Supplier_B
P1088,W112,156,180,61.94,2026-09-06,Supplier_B
P1309,W109,818,284,47.3,2026-05-15,Supplier_D
P1470,W104,269,224,75.25,2026-01-06,Supplier_D
P1199,W107,720,139,94.57,2026-04-10,Supplier_C
P1209,W104,327,63,100.69,2026-03-01,Supplier_B
P1308,W114,386,67,107.71,2026-08-12,Supplier_B
P1218,W105,295,189,97.48,2026-05-28,Supplier_B
P1449,W115,394,120,53.13,2026-09-02,Supplier_A
P1207,W113,377,265,136.31,2026-05-18,Supplier_A
P1393,W106,194,87,1.73,2026-05-04,Supplier_A
P1151,W114,641,119,129.41,2026-05-14,Supplier_A
P1276,W104,682,292,49.39,2026-02-13,Supplier_A
P1228,W114,165,97,1.3,2026-02-26,Supplier_B
P1370,W108,675,226,86.17,2026-07-04,Supplier_A
P1498,W117,468,94,46.38,2026-08-17,Supplier_D
P1263,W119,854,124,39.36,2026-08-08,Supplier_C
P1222,W114,309,60,39.23,2026-07-10,Supplier_C
P1250,W112,513,205,147.69,2026-02-12,Supplier_C
P1331,W119,48,190,108.86,2026-07-11,Supplier_A
P1360,W110,626,140,128.04,2026-02-01,Supplier_A
P1498,W116,495,172,62.8,2026-03-14,Supplier_A
P1162,W103,349,216,139.12,2026-02-19,Supplier_A
P1126,W117,313,111,118.23,2026-07-25,Supplier_D
P1177,W107,838,111,138.58,2026-05-14,Supplier_D
P1446,W114,659,90,121.24,2026-06-24,Supplier_C
P1122,W115,8,174,17.51,2026-03-13,Supplier_D
P1032,W117,512,73,55.37,2026-02-14,Supplier_C
P1110,W110,633,186,52.37,2026-06-05,Supplier_C
P1043,W105,774,128,77.7,2026-03-01,Supplier_A
P1317,W105,686,189,122.0,2026-07-06,Supplier_C
P1180,W118,0,209,67.21,2026-02-13,Supplier_D
P1406,W101,194,191,65.08,2026-09-01,Supplier_C
P1020,W111,910,115,40.9,2026-07-29,Supplier_D
P1170,W117,898,93,23.45,2026-05-06,Supplier_C
P1107,W105,550,176,69.09,2026-07-29,Supplier_C
P1313,W112,174,237,36.8,2026-02-15,Supplier_B
P1394,W111,334,193,28.33,2026-01-14,Supplier_A
P1402,W114,21,296,126.65,2026-06-29,
P1203,W116,715,77,3.92,2026-06-04,Supplier_B
P1033,W103,762,244,147.72,2026-01-05,Supplier_B
P1184,W108,873,255,116.05,2026-04-25,Supplier_A
P1466,W113,978,51,109.61,2026-02-01,supplier_b
P1352,W115,861,130,120.26,2026-04-10,Supplier_C
P1197,W118,50,248,104.29,2026-03-15,Supplier_D
P1070,W100,509,86,142.59,2026-07-03,Supplier_D
P1445,W118,471,178,125.38,2026-04-24,Supplier_D
P1341,W111,15,234,53.89,2026-07-09,Supplier_A
P1393,W105,440,268,90.25,2026-06-15,Supplier_A
P1062,W103,446,206,103.75,2026-06-18,Supplier_D
P1135,W113,929,112,45.97,2026-07-04,Supplier_A
P1164,W112,353,223,27.91,2026-04-11,Supplier_C
P1456,W106,630,126,142.64,2026-08-18,Supplier_C
P1036,W102,268,103,132.25,2026-04-03,Supplier_D
P1463,W100,105,155,123.19,2026-01-06,
P1089,W110,10,267,95.92,2026-06-16,Supplier_A
P1294,W110,883,229,48.77,2026-07-31,Supplier_A
P1477,W113,718,179,81.6,2026-01-09,Supplier_C
P1460,W117,302,264,114.53,2026-01-02,Supplier_C
P1165,W111,786,104,83.89,2026-08-02,SUPPLIER_D
P1158,W114,831,184,36.75,2026-05-31,Supplier_A
P1108,W109,173,189,10.77,2026-03-13,Supplier_C
P1085,W109,387,124,123.94,2026-01-02,Supplier_A
P1117,W107,521,269,77.0,2026-03-30,Supplier_D
P1229,W111,510,169,20.28,2026-03-14,Supplier_C
P1413,W106,842,93,74.28,2026-07-05,Supplier_A
P1178,W110,700,95,26.04,2026-09-09,Supplier_D
P1346,W112,217,55,47.97,2026-05-07,Supplier_D
P1276,W113,5,120,117.84,2026-08-01,Supplier_A
P1225,W109,759,291,94.9,2026-08-26,Supplier_C
P1188,W100,490,195,64.66,2026-01-25,Supplier_A
P1250,W116,167,177,84.86,2026-08-17,Supplier_B
P1186,W106,393,267,76.84,2026-02-14,Supplier_A
P1235,W100,775,156,137.15,2026-01-22,Supplier_D
P1265,W110,640,248,7.35,2026-07-19,Supplier_B
P1041,W118,447,215,122.54,2026-01-12,Supplier_A
P1091,W105,984,220,70.87,2026-02-21,Supplier_B
P1002,W103,617,248,23.9,2026-02-13,Supplier_A
P1489,W117,929,229,11.68,2026-04-30,Supplier_B
P1394,W113,907,274,125.46,2026-01-03,Supplier_B
P1158,W108,987,242,63.06,2026-04-25,Supplier_D
P1144,W106,940,285,104.69,2026-03-11,Supplier_D
P1127,W102,17,233,141.64,2026-03-25,Supplier_C
P1281,W104,110,133,70.64,2026-04-19,Supplier_B
P1204,W101,885,132,44.43,2026-03-23,Supplier_C
P1286,W109,937,115,8.88,2026-05-08,Supplier_D
P1168,W114,580,186,125.32,2026-07-01,Supplier_A
P1110,W106,104,140,119.71,2026-06-06,Supplier_D
P1195,W101,829,185,46.79,2026-04-25,Supplier_D
P1269,W110,11,242,11.86,2026-04-12,Supplier_A
P1052,W111,209,82,144.77,2026-09-10,Supplier_A
P1160,W106,950,120,19.45,2026-05-13,Supplier_A
P1497,W105,926,205,56.22,2026-06-13,Supplier_A
P1489,W116,559,248,76.62,2026-04-17,Supplier_C
P1459,W113,399,163,70.96,2026-08-09,Supplier_A
P1324,W119,576,165,66.29,2026-06-21,Supplier_C
P1494,W109,592,131,35.37,2026-07-24,Supplier_A
P1191,W104,752,280,44.61,2026-01-20,Supplier_C
P1457,W100,912,116,36.54,2026-03-12,Supplier_D
P1137,W101,858,56,57.82,2026-07-19,Supplier_D
P1117,W105,292,89,74.46,2026-09-01,Supplier_B
P1309,W118,500,102,5.49,2026-06-09,Supplier_D
P1119,W117,155,166,97.32,2026-02-21,Supplier_C
P1099,W115,482,74,99.23,2026-03-30,Supplier_D
P1311,W116,438,213,114.14,2026-02-11,Supplier_C
P1343,W112,449,147,86.94,2026-07-22,Supplier_B
P1226,W111,618,290,40.75,2026-04-23,Supplier_C
P1120,W110,533,237,113.93,2026-03-26,Supplier_B
P1459,W110,689,125,41.04,2026-05-09,Supplier_C
P1067,W101,33,211,34.47,2026-06-10,Supplier_D
P1386,W117,27,165,68.47,2026-07-15,Supplier_A
P1326,W110,613,220,118.37,2026-04-06,Supplier_D
P1371,W111,851,297,28.13,2026-03-27,Supplier_A
P1193,W110,272,143,4.9,2026-04-27,Supplier_D
P1034,W104,271,64,81.96,2026-09-07,Supplier_D
P1342,W119,971,51,37.15,2026-03-15,Supplier_C
P1235,W118,921,67,83.96,2026-05-23,Supplier_D
P1228,W110,796,76,33.27,2026-05-15,Supplier_B
P1197,W115,86,212,44.83,2026-04-22,Supplier_A
P1148,W108,241,278,70.83,2026-08-07,Supplier_A
P1220,W104,808,113,52.24,2026-01-26,Supplier_A
P1247,W104,385,129,69.23,2026-07-14,Supplier_C
P1031,W104,900,168,21.47,2026-01-28,Supplier_C
P1332,W106,131,215,7.02,2026-08-23,Supplier_C
P1402,W114,307,170,143.48,2026-04-08,Supplier_B
P1155,W114,755,170,129.89,2026-02-10,Supplier_A
P1185,W113,762,226,85.5,2026-01-03,Supplier_C
P1039,W109,183,260,82.54,2026-06-29,Supplier_A
P1043,W101,313,264,37.7,2026-02-18,Supplier_C
P1154,W116,-18,86,106.12,2026-06-30,Supplier_C
P1416,W110,986,88,31.06,2026-01-16,Supplier_A
P1392,W100,676,200,137.14,2026-08-24, Supplier_A 
P1215,W113,757,226,99.49,2026-02-05,Supplier_A
P1014,W111,176,182,33.02,2026-01-31,Supplier_B
P1301,W115,388,283,79.42,2026-02-09,Supplier_C
P1488,W112,705,267,133.15,2026-07-31,Supplier_D
P1302,W104,271,89,20.83,2026-07-09,Supplier_B
P1444,W109,873,78,78.24,2026-04-13,Supplier_D
P1081,W111,891,203,7.65,2026-06-24,Supplier_C
P1459,W116,858,293,131.96,2026-07-05,Supplier_D
P1357,W118,899,251,33.36,2026-02-02,Supplier_A
P1419,W108,506,56,133.36,2026-07-06,Supplier_B
P1026,W110,282,247,73.5,2026-04-13,Supplier_C
P1458,W104,542,251,78.96,2026-03-21,Supplier_B
P1043,W117,390,187,62.21,2026-02-01,Supplier_A
P1271,W105,134,157,140.93,2026-03-29,Supplier_D
P1097,W106,568,284,94.04,2026-04-27,Supplier_A
P1002,W112,410,162,122.22,2026-07-10,Supplier_A
P1048,W110,849,65,52.91,2026-05-02,Supplier_C
P1386,W103,218,64,85.91,2026-05-20,Supplier_C
P1049,W104,4,199,20.17,2026-03-19,Supplier_A
P1269,W109,916,133,56.5,2026-05-21,Supplier_A
P1018,W110,986,157,32.64,2026-06-19,Supplier_C
P1435,W104,877,178,26.23,2026-01-05,Supplier_A
P1215,W107,984,185,43.43,2026-02-10,Supplier_C
P1159,W119,806,223,71.75,2026-06-13,Supplier_C
P1060,W106,366,147,8.95,2026-03-29,SUPPLIER_B
P1235,W119,858,150,137.13,2026-01-08,Supplier_A
P1350,W106,169,226,131.82,2026-01-28,Supplier_C
P1156,W112,427,71,34.48,2026-08-02,Supplier_C
P1215,W119,402,259,26.01,2026-05-15,Supplier_C
P1006,W112,917,147,145.26,2026-07-29,Supplier_D
P1199,W104,330,277,62.64,2026-03-04,Supplier_D
P1193,W112,183,269,72.11,2026-06-10,Supplier_C
P1069,W118,386,136,129.24,2026-08-17,Supplier_A
P1050,W104,146,128,48.49,2026-08-22,Supplier_B
P1290,W110,137,225,49.92,2026-04-19,Supplier_B
P1495,W118,123,131,56.99,2026-04-05,Supplier_A
P1435,W107,558,104,6.2,2026-05-18,Supplier_C
P1022,W113,452,128,80.91,2026-07-26,Supplier_B
P1397,W114,766,127,133.29,2026-07-24,Supplier_A
P1244,W109,142,203,6.9,2026-05-17,Supplier_C
P1068,W105,991,251,85.15,2026-03-29,Supplier_C
P1044,W112,140,194,118.07,2026-08-10,Supplier_C
P1038,W113,388,65,31.25,2026-04-13,Supplier_D
P1262,W108,853,137,59.84,2026-07-30,Supplier_B
P1336,W109,235,121,49.41,2026-01-06,Supplier_A
P1333,W100,259,256,16.55,2026-02-22,Supplier_D
P1021,W112,38,71,108.61,2026-04-05,Supplier_A
P1202,W113,484,87,64.25,2026-08-04,Supplier_B
P1412,W118,744,51,12.81,2026-07-13,Supplier_D
P1136,W101,118,208,121.83,2026-04-09,Supplier_B
P1216,W105,571,82,89.13,2026-01-28,Supplier_A
P1338,W103,681,207,130.99,2026-01-18,Supplier_D
P1214,W108,841,222,33.46,2026-06-13,Supplier_C
P1296,W110,549,70,89.43,2026-06-09,SUPPLIER_B
P1454,W108,732,76,6.02,2026-08-17,Supplier_D
P1151,W116,928,141,84.25,2026-07-26,Supplier_B
P1056,W107,625,159,23.81,2026-05-24,Supplier_A
P1054,W101,18,252,78.62,2026-03-28,Supplier_D
P1351,W115,282,175,95.33,2026-05-28,Supplier_C
P1203,W100,845,259,144.75,2026-05-20,Supplier_A
P1096,W104,667,74,138.4,2026-06-07,Supplier_C
P1228,W112,131,228,27.25,2026-03-14,Supplier_B
P1403,W110,784,76,11.99,2026-04-02,Supplier_C
P1228,W116,58,136,81.42,2026-02-16,Supplier_B
P1152,W114,757,255,14.43,2026-04-09,Supplier_B
P1478,W103,9,249,37.03,2026-03-21,Supplier_A
P1000,W102,676,229,25.05,2026-06-22,Supplier_A
P1249,W119,804,89,84.05,2026-07-06,Supplier_A
P1240,W101,691,75,17.24,2026-02-12,Supplier_C
P1135,W105,327,233,145.44,2026-03-23,Supplier_B
P1076,W100,958,155,18.28,2026-07-12,Supplier_B
P1116,W111,466,187,135.02,2026-07-22,Supplier_B
P1335,W102,184,282,140.12,2026-02-03,Supplier_B
P1039,W116,882,197,144.88,2026-09-05,Supplier_A
P1074,W106,313,149,74.31,2026-04-04,Supplier_B
P1178,W100,5,245,106.62,2026-08-13,Supplier_C
P1431,W104,944,274,33.91,2026-03-22,Supplier_D
P1147,W102,419,76,25.07,2026-08-23,Supplier_A
P1356,W101,267,152,12.49,2026-04-05,Supplier_B
P1356,W107,162,253,136.41,2026-02-27,Supplier_B
P1335,W104,193,91,38.1,2026-05-03,Supplier_B
P1078,W111,27,218,111.33,2026-08-11,Supplier_B
P1215,W107,288,82,85.65,2026-01-12,Supplier_A
P1113,W104,877,160,25.19,2026-07-21,Supplier_D
P1018,W103,322,145,87.16,2026-08-08,Supplier_D
P1346,W101,499,112,137.75,2026-01-10,
P1494,W113,291,63,72.21,2026-03-28,Supplier_D
P1437,W107,607,289,56.22,2026-03-08,Supplier_C
P1337,W112,862,96,16.77,2026-07-25,Supplier_A
P1394,W111,563,213,57.29,2026-04-28,Supplier_B
P1389,W112,356,293,139.51,2026-02-07,Supplier_B
P1376,W118,277,245,36.08,2026-07-30,Supplier_B
P1337,W101,167,88,143.28,2026-07-02,Supplier_B
P1006,W112,622,249,53.32,2026-01-25,Supplier_A
P1154,W119,582,122,56.95,2026-03-01,Supplier_B
P1086,W103,715,157,85.74,2026-04-03,Supplier_C
P1097,W113,721,177,121.23,2026-05-21,Supplier_D
P1268,W114,747,136,140.76,2026-01-31,Supplier_C
P1176,W114,726,242,70.11,2026-06-01,Supplier_B
P1238,W105,214,260,13.08,2026-01-06,Supplier_B
P1255,W100,472,172,72.69,2026-04-17,Supplier_A
P1172,W109,956,152,89.03,2026-06-09,Supplier_B
P1384,W102,356,143,39.53,2026-02-19,Supplier_D
P1216,W101,215,149,109.65,2026-09-03,Supplier_C
P1249,W110,273,204,90.2,2026-08-02,Supplier_D
P1138,W105,429,65,27.55,2026-01-03,Supplier_B
P1153,W116,393,53,58.75,2026-09-07,Supplier_A
P1317,W118,310,101,82.52,2026-02-28,Supplier_B
P1351,W118,391,261,18.35,2026-04-13,Supplier_B
P1396,W105,327,175,29.11,2026-09-13,Supplier_D
P1059,W109,18,200,8.03,2026-09-02,Supplier_D
P1462,W109,199,209,119.53,2026-09-03,Supplier_D
P1248,W109,447,296,114.76,2026-04-21,Supplier_C
P1401,W100,602,186,116.49,2026-07-13,Supplier_C
P1466,W114,165,75,105.24,2026-06-02,Supplier_D
P1049,W101,615,166,108.36,2026-01-12,Supplier_D
P1380,W118,293,108,102.44,2026-05-15,Supplier_B
P1255,W117,896,58,149.72,2026-08-27,Supplier_D
P1355,W104,652,116,104.44,2026-01-16,Supplier_A
P1231,W107,750,161,109.7,2026-05-20,Supplier_C
P1073,W105,329,114,17.12,2026-03-19,Supplier_B
P1365,W114,-15,70,85.94,2026-01-23,Supplier_A
P1241,W106,685,186,6.7,2026-08-05,Supplier_C
P1489,W116,641,125,88.97,2026-07-26,Supplier_B
P1358,W113,532,66,85.68,2026-06-02,Supplier_C
P1361,W113,21,294,58.37,2026-09-10,Supplier_C
P1415,W110,683,115,21.1,2026-08-03,Supplier_C
P1145,W102,187,211,2.06,2026-04-07,Supplier_D
P1313,W109,750,89,10.98,2026-07-06,Supplier_D
P1295,W102,540,114,26.79,2026-05-18,Supplier_C
P1377,W108,822,264,61.59,2026-05-08,Supplier_B
P1472,W101,630,195,67.98,2026-01-08,Supplier_D
P1354,W104,880,70,5.53,2026-02-08,Supplier_B
P1433,W106,717,258,110.74,2026-03-18,Supplier_A
P1367,W118,465,298,41.79,2026-03-08,Supplier_C
P1467,W114,218,96,17.61,2026-07-18,Supplier_C
P1098,W111,619,245,92.1,2026-06-04,Supplier_D
P1408,W109,504,91,86.39,2026-03-02,Supplier_A
P1071,W100,842,238,98.51,2026-06-16,Supplier_B
P1423,W110,20,240,40.79,2026-05-05,Supplier_C
P1183,W113,978,97,58.46,2026-06-15,Supplier_C
P1246,W117,121,297,106.97,2026-05-09,Supplier_C
P1211,W117,375,158,15.61,2026-04-12,Supplier_C
P1275,W108,667,116,121.27,2026-03-04,Supplier_B
P1351,W113,488,50,117.3,2026-08-30,Supplier_B
P1314,W108,421,162,82.28,2026-01-07,Supplier_B
P1152,W119,808,168,68.55,2026-06-27,Supplier_C
P1335,W100,244,123,55.85,2026-01-21,Supplier_C
P1120,W113,663,198,148.79,2026-03-25,Supplier_C
P1031,W112,434,98,43.31,2026-03-17,Supplier_A
P1046,W112,343,220,32.63,2026-02-03,Supplier_D
P1251,W115,491,169,129.22,2026-07-28,Supplier_D
P1391,W115,54,276,115.13,2026-03-13,Supplier_A
P1065,W103,33,220,116.03,2026-07-11,Supplier_A
P1077,W119,16,188,61.58,2026-04-24,Supplier_A
P1139,W106,660,189,32.29,2026-03-30,Supplier_C
P1461,W106,95,296,44.72,2026-04-03,Supplier_C
P1230,W109,491,262,81.37,2026-05-21,supplier_c
P1271,W115,997,289,17.76,2026-01-05,Supplier_A
P1064,W100,444,222,21.01,2026-05-31,Supplier_D
P1050,W109,699,249,22.53,2026-01-09,Supplier_C
P1413,W109,668,298,15.67,2026-09-12,Supplier_B
P1383,W108,0,261,104.33,2026-05-31,Supplier_D
P1487,W111,955,235,111.7,2026-04-12,Supplier_D
P1373,W102,628,216,52.37,2026-05-05, 
P1147,W106,511,244,23.63,2026-05-16,Supplier_B
P1305,W100,521,120,61.88,2026-02-10,Supplier_C
P1358,W101,576,168,5.4,2026-07-28,Supplier_D
P1328,W100,145,74,27.23,2026-03-13,Supplier_A
P1371,W111,899,294,63.81,2026-05-05,
P1408,W104,454,199,17.42,2026-03-16,Supplier_D
P1394,W107,462,167,77.9,2026-06-14, Supplier_C 
P1278,W100,938,180,54.49,2026-03-10,Supplier_C
P1492,W105,972,61,136.45,2026-09-13,Supplier_B
P1042,W104,269,287,142.61,2026-05-22,Supplier_A
P1482,W113,578,219,77.21,2026-06-07,Supplier_A
P1130,W117,566,149,2.43,2026-01-14,Supplier_B
P1494,W109,12,91,100.48,2026-03-13,Supplier_B
P1396,W110,203,107,95.75,2026-02-27,Supplier_C
P1260,W118,118,69,80.11,2026-04-11,Supplier_B
P1083,W103,802,186,3.81,2026-04-18,Supplier_C
P1218,W115,948,267,64.51,2026-03-11,Supplier_D
P1479,W105,582,83,88.72,2026-03-19,Supplier_D
P1343,W110,46,287,115.19,2026-09-03,Supplier_C
P1362,W102,523,275,109.27,2026-08-05,Supplier_A
P1101,W115,945,243,102.71,2026-01-11,Supplier_C
P1337,W113,890,190,64.95,2026-04-16,Supplier_B
P1283,W117,654,205,60.32,2026-04-03,Supplier_A
P1051,W100,20,183,120.07,2026-03-05,Supplier_C
P1146,W104,439,207,142.27,2026-02-22,Supplier_D
P1047,W109,23,133,109.3,2026-07-30,Supplier_A
P1457,W103,846,265,129.92,2026-06-17,Supplier_C
P1418,W102,306,202,42.44,2026-09-14,
P1488,W109,166,128,147.04,2026-01-20,Supplier_B
P1477,W112,987,210,91.8,2026-07-18,Supplier_C
P1182,W118,239,272,120.04,2026-05-13,Supplier_A
P1470,W109,4,185,27.72,2026-04-20,Supplier_C
P1453,W108,9,143,148.08,2026-07-10,Supplier_C
P1342,W112,612,144,100.83,2026-06-19,Supplier_D
P1248,W102,33,96,144.55,2026-02-02,Supplier_A
P1386,W113,629,62,84.48,2026-03-13,Supplier_C
P1434,W104,280,287,66.75,2026-08-06,Supplier_C
P1360,W108,354,279,128.66,2026-07-26,Supplier_D
P1205,W113,611,120,138.77,2026-05-01,Supplier_D
P1014,W118,947,183,102.43,2026-02-27,
P1162,W116,259,272,88.66,2026-01-16,Supplier_D
P1384,W119,506,134,21.94,2026-06-15,Supplier_D
P1204,W113,776,269,25.85,2026-05-06,Supplier_A
P1252,W104,214,298,98.61,2026-01-05,Supplier_A
P1185,W102,787,61,146.7,2026-08-20,Supplier_C
P1234,W102,132,244,89.25,2026-07-20,Supplier_B
P1032,W109,269,230,123.12,2026-01-15,Supplier_A
P1059,W104,17,294,2.36,2026-06-01,Supplier_C
P1395,W118,315,89,103.71,2026-07-12,Supplier_A
P1000,W101,460,186,6.97,2026-04-13,Supplier_D
P1415,W116,877,218,133.8,2026-06-11,Supplier_C
P1300,W113,346,77,1.28,2026-01-12,Supplier_A
P1153,W107,467,71,141.97,2026-09-12,supplier_c
P1477,W112,658,239,82.48,2026-08-31,Supplier_B
P1338,W103,265,297,47.07,2026-04-30,Supplier_C
P1001,W113,157,103,95.61,2026-02-25,Supplier_B
P1204,W106,473,67,89.67,2026-06-22,Supplier_A
P1123,W105,712,163,103.62,2026-05-01,Supplier_C
P1004,W112,733,233,51.33,2026-08-28,Supplier_D
P1122,W105,291,255,28.8,2026-08-24,Supplier_C
P1406,W117,967,286,36.54,2026-07-05,Supplier_B
P1367,W118,565,154,77.26,2026-05-03,Supplier_C
P1202,W106,297,187,81.41,2026-04-22,Supplier_A
P1364,W116,985,162,35.55,2026-06-29,Supplier_B
P1074,W110,22,119,8.66,2026-05-12,Supplier_A
P1370,W106,914,133,47.84,2026-01-23,Supplier_D
P1302,W114,0,126,32.29,2026-06-11,Supplier_A
P1129,W107,235,96,145.46,2026-05-05,Supplier_D
P1174,W114,397,189,30.11,2026-04-09,Supplier_D
P1336,W111,320,252,91.52,2026-03-28,Supplier_A
P1058,W110,565,220,115.27,2026-05-17,Supplier_A
P1489,W106,777,199,137.62,2026-05-07,Supplier_D
P1270,W116,867,228,1.41,2026-04-11,Supplier_C
P1050,W103,524,206,112.52,2026-06-17,Supplier_C
P1174,W105,172,235,94.03,2026-01-10,Supplier_A
P1312,W106,439,71,124.44,2026-07-21,Supplier_A
P1044,W111,483,164,32.0,2026-05-29,SUPPLIER_D
P1079,W103,156,197,17.85,2026-06-05,Supplier_D
P1334,W119,12,292,120.47,2026-05-05,Supplier_A
P1272,W105,728,166,143.89,2026-04-22,Supplier_A
P1490,W100,604,123,143.26,2026-01-11,Supplier_A
P1259,W102,259,273,38.85,2026-03-24,Supplier_D
P1387,W112,227,279,106.89,2026-06-15,Supplier_C
P1208,W102,753,92,86.04,2026-05-17,Supplier_C
P1099,W110,123,158,7.49,2026-09-13,Supplier_A
P1366,W116,340,264,104.46,2026-02-15,Supplier_D
P1270,W106,188,92,123.4,2026-04-01,Supplier_A
P1432,W103,503,174,86.92,2026-08-31,Supplier_C
P1344,W112,948,164,99.55,2026-01-03,Supplier_B
P1119,W119,625,82,131.14,2026-07-21,Supplier_A
P1381,W109,348,183,64.33,2026-07-13,Supplier_B
P1465,W105,103,167,101.9,2026-05-09,supplier_a
P1192,W107,1,126,111.53,2026-06-08,Supplier_D
P1196,W111,236,239,3.9,2026-07-06,Supplier_C
P1392,W100,912,216,55.45,2026-07-28,Supplier_C
P1270,W116,309,181,52.93,2026-09-05,Supplier_B
P1225,W105,593,270,74.45,2026-07-12,Supplier_D
P1300,W103,637,282,16.7,2026-03-29,Supplier_B
P1130,W104,838,127,46.33,2026-07-23,Supplier_D
P1123,W114,146,225,70.7,2026-09-14,Supplier_A
P1356,W111,121,69,34.02,2026-07-02,Supplier_C
P1286,W109,640,264,19.8,2026-06-11,Supplier_B
P1264,W117,298,195,53.28,2026-02-26,Supplier_D
P1138,W111,531,127,120.8,2026-03-17,Supplier_B
P1198,W100,919,133,72.13,2026-09-03,Supplier_B
P1009,W103,305,108,5.59,2026-01-28,Supplier_A
P1098,W105,926,118,121.36,2026-02-18,Supplier_C
P1245,W119,266,80,31.22,2026-02-22,Supplier_A
P1345,W119,7,238,17.82,2026-04-15,Supplier_C
P1423,W105,653,192,128.65,2026-08-04,Supplier_D
P1446,W112,683,58,108.28,2026-01-29,Supplier_A
P1355,W100,69,145,81.09,2026-07-22,Supplier_C
P1374,W114,771,61,110.56,2026-04-26,Supplier_D
P1104,W108,602,239,116.57,2026-09-12,Supplier_A
P1431,W102,824,112,22.47,2026-01-07,Supplier_C
P1237,W119,940,293,96.43,2026-06-14,Supplier_C
P1093,W103,33,148,5.37,2026-06-22,Supplier_D
P1270,W105,94,258,5.47,2026-06-07,Supplier_B
P1303,W110,261,115,108.43,2026-07-02,Supplier_B
P1476,W116,495,77,56.54,2026-07-29,Supplier_D
P1308,W105,218,100,12.2,2026-06-22,Supplier_A
P1005,W118,966,128,46.39,2026-02-23,Supplier_B
P1442,W112,10,176,138.39,2026-06-21,Supplier_D
P1032,W100,542,224,27.54,2026-05-20,Supplier_D
P1480,W103,225,134,14.39,2026-02-15,Supplier_B
P1362,W107,238,274,76.19,2026-05-23,Supplier_C
P1432,W108,953,167,51.57,2026-04-01,Supplier_C
P1390,W103,429,210,116.65,2026-04-23,Supplier_A
P1326,W111,517,124,85.23,2026-08-03,Supplier_D
P1218,W118,6,209,71.75,2026-02-08,Supplier_A
P1086,W112,483,126,77.06,2026-06-06,
P1488,W113,233,209,1.31,2026-06-11,Supplier_D
P1249,W118,207,247,18.17,2026-01-11,Supplier_A
P1202,W119,394,94,17.97,2026-06-06,
P1463,W112,143,258,121.95,2026-03-05,Supplier_D
P1300,W106,902,128,123.74,2026-04-26,Supplier_B
P1100,W108,846,250,97.86,2026-03-29,Supplier_B
P1296,W102,775,56,119.01,2026-03-21,Supplier_A
P1069,W111,663,136,149.87,2026-07-01,Supplier_D
P1062,W119,137,179,117.76,2026-02-02,Supplier_D
P1000,W108,-16,194,137.32,2026-05-17,Supplier_A
P1230,W117,-15,177,49.26,2026-01-18,Supplier_C
P1495,W113,546,249,31.14,2026-02-13,Supplier_A
P1478,W100,744,245,136.9,2026-01-05,Supplier_B
P1172,W113,371,127,98.98,2026-02-25,Supplier_A
P1218,W116,264,78,134.7,2026-03-04,Supplier_B
P1251,W111,156,179,72.47,2026-01-13,Supplier_D
P1001,W105,901,120,62.08,2026-06-26,Supplier_D
P1173,W118,328,220,36.93,2026-01-18,Supplier_C
P1101,W112,961,192,66.16,2026-06-04,Supplier_C
P1351,W100,-5,83,55.84,2026-06-07,Supplier_A
P1322,W115,196,143,85.2,2026-03-29,Supplier_D
P1342,W110,301,249,3.64,2026-02-22,Supplier_D
P1062,W106,724,54,39.26,2026-08-03,Supplier_B
P1043,W109,928,153,26.73,2026-06-06,Supplier_A
P1117,W115,28,224,89.64,2026-06-12,Supplier_A
P1234,W117,792,160,93.94,2026-01-18,Supplier_C
P1349,W101,845,170,76.17,2026-02-25,Supplier_A
P1041,W114,524,281,132.23,2026-01-18,Supplier_C
P1057,W112,9,67,133.31,2026-07-23,Supplier_A
P1456,W112,796,117,141.93,2026-04-26,Supplier_D
P1187,W110,681,65,137.36,2026-06-19,Supplier_B
P1358,W102,777,150,130.02,2026-07-02,Supplier_C
P1390,W112,439,133,21.88,2026-02-21,Supplier_D
P1196,W104,2,216,41.92,2026-09-09,Supplier_B
P1047,W112,621,238,141.8,2026-03-15,Supplier_B
P1330,W117,724,143,124.93,2026-07-24,Supplier_A
P1305,W111,246,219,109.76,2026-04-08,
P1315,W117,820,197,141.03,2026-05-30,
P1148,W100,120,260,67.21,2026-05-20,Supplier_A
P1272,W106,405,84,149.9,2026-07-02,Supplier_D
P1433,W118,324,59,16.16,2026-06-13,Supplier_C
P1170,W119,737,71,53.0,2026-08-02,Supplier_A
P1471,W114,882,220,105.29,2026-07-10,
P1291,W108,655,269,101.85,2026-03-23,Supplier_A
P1413,W104,699,189,71.4,2026-05-29,Supplier_A
P1073,W116,760,183,147.82,2026-09-10,Supplier_D
P1269,W100,353,157,47.16,2026-08-02,Supplier_A
P1404,W105,396,211,34.4,2026-03-11,Supplier_C
P1071,W104,494,71,142.0,2026-06-11,Supplier_D
P1487,W109,786,200,122.82,2026-05-10,Supplier_C
P1306,W119,616,87,5.68,2026-07-02,Supplier_D
P1319,W119,859,291,20.24,2026-09-13,Supplier_B
P1005,W115,948,172,60.73,2026-03-10,Supplier_D
P1029,W117,359,201,139.75,2026-03-18,Supplier_C
P1477,W104,661,153,125.74,2026-01-25,Supplier_C
P1055,W107,974,260,81.4,2026-07-09,Supplier_D
P1495,W102,895,133,78.31,2026-01-23,supplier_d
P1101,W116,11,171,40.98,2026-03-03,Supplier_B
P1065,W116,165,281,69.74,2026-02-13,Supplier_D
P1319,W101,982,79,80.02,2026-07-16,Supplier_D
P1214,W117,465,270,52.93,2026-01-12,Supplier_B
P1168,W103,550,73,47.08,2026-01-12,Supplier_A
P1336,W105,841,154,111.07,2026-03-13,Supplier_A
P1355,W118,129,160,27.88,2026-08-08,Supplier_A
P1327,W109,644,87,78.18,2026-06-04,Supplier_C
P1414,W109,892,240,107.42,2026-08-12,Supplier_A
P1320,W113,768,240,119.2,2026-09-01,SUPPLIER_C
P1388,W106,810,73,12.92,2026-08-23,Supplier_D
P1048,W105,173,95,131.47,2026-09-11,Supplier_A
P1162,W118,787,196,8.48,2026-08-10,Supplier_A
P1037,W118,123,145,135.49,2026-03-04,
P1122,W111,696,274,54.38,2026-04-01,Supplier_C
P1126,W108,514,248,125.14,2026-01-25,Supplier_C
P1303,W101,800,118,114.17,2026-03-09,Supplier_A
P1316,W107,146,140,147.61,2026-08-27,Supplier_A
P1154,W110,792,162,38.47,2026-07-25,Supplier_B
P1119,W108,407,244,77.45,2026-05-07,Supplier_A
P1303,W117,362,71,133.17,2026-08-14,Supplier_C
P1067,W100,21,224,113.66,2026-08-17,Supplier_B
P1361,W111,10,139,71.36,2026-06-24,Supplier_B
P1100,W111,270,156,96.56,2026-06-27,Supplier_D
P1195,W116,115,169,112.21,2026-07-04,Supplier_B
P1201,W105,460,260,94.1,2026-08-15,Supplier_C
P1338,W117,841,236,139.86,2026-06-02,Supplier_D
P1244,W107,707,95,111.4,2026-04-29,supplier_d
P1373,W114,839,225,118.05,2026-02-23,Supplier_C
P1024,W104,606,81,77.61,2026-04-07,Supplier_D
P1377,W117,932,259,29.98,2026-07-16,Supplier_A
P1481,W113,383,170,42.13,2026-07-15,Supplier_B
P1247,W116,442,247,13.17,2026-08-16,Supplier_A
P1241,W116,306,236,133.39,2026-02-17,Supplier_A
P1175,W112,106,58,64.57,2026-02-16,Supplier_B
P1479,W103,30,76,146.83,2026-07-24,Supplier_B
P1096,W106,795,208,83.5,2026-03-26,Supplier_D
P1090,W112,6,245,32.15,2026-07-03,Supplier_D
P1256,W104,423,184,113.84,2026-04-14,Supplier_C
P1269,W104,562,287,15.45,2026-06-21,Supplier_A
P1291,W118,897,287,137.36,2026-04-02,Supplier_C
P1269,W100,749,263,36.79,2026-03-11,Supplier_A
P1243,W118,111,297,122.66,2026-04-27,Supplier_B
P1272,W112,426,162,21.17,2026-07-23,Supplier_C
P1469,W113,453,77,21.87,2026-03-27,Supplier_C
P1225,W119,821,187,12.5,2026-02-11,Supplier_B
P1423,W116,21,208,12.93,2026-09-01,Supplier_A
P1461,W107,850,95,34.55,2026-04-13,Supplier_D
P1478,W101,544,193,113.3,2026-08-28,Supplier_D
P1135,W116,711,59,142.75,2026-06-24,Supplier_A
P1005,W110,391,252,102.98,2026-05-08,Supplier_C
P1401,W113,412,59,114.5,2026-08-21,Supplier_B
P1252,W104,66,219,1.19,2026-03-09,Supplier_C
P1419,W117,537,276,16.59,2026-09-02,Supplier_B
P1340,W109,873,197,115.87,2026-07-01,Supplier_C
P1074,W113,851,285,125.66,2026-02-20,Supplier_C
P1216,W111,699,172,42.83,2026-04-21,Supplier_A
P1165,W102,946,133,1.14,2026-02-09,
P1215,W115,238,57,69.51,2026-06-17,Supplier_A
P1448,W109,531,81,110.23,2026-07-14,Supplier_A
P1347,W108,739,162,3.99,2026-03-15,Supplier_B
P1464,W111,294,62,140.25,2026-01-12,Supplier_C
P1353,W114,523,228,19.33,2026-08-30,Supplier_D
P1037,W106,811,260,92.85,2026-02-07,Supplier_D
P1361,W116,788,59,107.42,2026-04-16,Supplier_B
P1353,W108,838,169,115.66,2026-05-09,Supplier_C
P1136,W106,422,83,52.58,2026-09-01,Supplier_A
P1098,W108,178,212,84.46,2026-08-27,Supplier_B
P1095,W117,895,75,49.09,2026-06-22,Supplier_D
P1238,W108,377,74,148.12,2026-06-03,Supplier_C
P1420,W106,736,213,140.87,2026-01-27,Supplier_C
P1010,W100,24,170,104.5,2026-08-16,Supplier_D
P1185,W117,677,277,37.85,2026-05-14,Supplier_A
P1033,W112,265,64,49.59,2026-06-26,Supplier_A
P1465,W106,483,200,17.16,2026-05-07,Supplier_C
P1062,W108,119,71,80.68,2026-04-19,Supplier_B
P1457,W118,952,203,103.4,2026-05-21,Supplier_D
P1173,W104,226,95,60.87,2026-02-13,Supplier_D
P1372,W103,253,138,116.25,2026-02-22,Supplier_B
P1283,W119,197,82,118.61,2026-04-05,Supplier_B
P1452,W112,461,156,1.51,2026-04-22,Supplier_B
P1133,W118,347,73,47.05,2026-07-28,Supplier_C
P1138,W117,118,225,120.07,2026-06-03,
P1113,W117,797,258,21.45,2026-07-28,Supplier_D
P1410,W116,291,242,111.1,2026-04-03,Supplier_A
P1066,W108,83,224,43.42,2026-06-15,Supplier_D
P1220,W117,292,112,55.82,2026-01-26,Supplier_D
P1015,W116,713,90,4.76,2026-07-12,Supplier_B
P1488,W106,122,140,121.5,2026-07-24,Supplier_A
P1276,W105,987,274,28.98,2026-08-22,Supplier_B
P1198,W103,819,232,38.6,2026-03-21,Supplier_D
P1170,W106,164,56,129.93,2026-01-04,Supplier_A
P1328,W106,495,59,57.73,2026-07-23,
P1017,W106,768,98,124.01,2026-05-17,Supplier_D
P1279,W108,726,115,103.06,2026-08-24,Supplier_D
P1398,W108,642,165,38.69,2026-06-07,Supplier_C
P1330,W117,389,71,32.86,2026-01-03,Supplier_C
P1410,W105,230,198,43.35,2026-06-24,Supplier_B
P1031,W114,540,275,138.28,2026-07-09,Supplier_A
P1007,W114,-13,216,90.02,2026-01-09,Supplier_D
P1204,W118,17,138,137.76,2026-04-25,Supplier_D
P1472,W103,4,183,146.85,2026-09-01,Supplier_A
P1108,W119,299,130,61.33,2026-06-11,Supplier_D
P1361,W101,119,279,70.02,2026-01-07,Supplier_D
P1210,W118,23,220,112.3,2026-03-05,Supplier_C
P1294,W116,295,66,78.95,2026-07-29,Supplier_C
P1447,W114,487,158,129.54,2026-01-01,Supplier_C
P1463,W109,361,219,32.45,2026-06-15,Supplier_D
P1457,W107,213,276,14.61,2026-07-06,Supplier_B
P1092,W106,20,178,148.22,2026-09-08,Supplier_A
P1388,W113,389,149,97.22,2026-01-23,Supplier_D
P1483,W114,100,205,139.22,2026-05-23,Supplier_D
P1212,W102,394,287,16.36,2026-09-03,Supplier_B
P1449,W107,343,69,43.53,2026-08-17,Supplier_A
P1150,W119,414,224,59.5,2026-02-02,Supplier_B
P1154,W108,732,87,64.12,2026-03-09,Supplier_C
P1316,W110,946,56,58.3,2026-04-29,Supplier_B
P1156,W110,364,62,138.07,2026-09-03,Supplier_B
P1128,W116,762,229,147.15,2026-04-01,Supplier_B
P1119,W112,501,294,23.06,2026-08-29,Supplier_C
P1428,W110,566,144,101.24,2026-05-02,
P1266,W116,482,182,67.78,2026-07-05,Supplier_A
P1263,W117,449,261,50.14,2026-09-08,Supplier_B
P1459,W113,411,82,134.32,2026-07-25,Supplier_B
P1404,W104,266,277,14.27,2026-07-03,Supplier_A
P1279,W113,355,107,65.53,2026-08-11,Supplier_B
P1203,W113,988,78,41.86,2026-05-10,Supplier_C
P1321,W108,788,128,115.12,2026-03-19,Supplier_D
P1357,W100,125,69,11.57,2026-07-31,Supplier_D
P1287,W118,698,76,90.94,2026-06-27,Supplier_C
P1042,W104,74,293,104.22,2026-04-19,Supplier_B
P1099,W114,300,206,25.92,2026-02-01,Supplier_A
P1456,W117,502,205,85.33,2026-06-10,Supplier_D
P1298,W115,521,169,61.81,2026-05-26,Supplier_D
P1000,W117,972,280,60.56,2026-08-30,Supplier_B
P1372,W113,525,294,143.59,2026-02-11,Supplier_C
P1495,W110,106,290,29.74,2026-09-12,Supplier_A
P1304,W109,208,192,105.06,2026-08-13,Supplier_C
P1114,W113,752,217,146.03,2026-05-10,Supplier_A
P1233,W105,172,184,135.56,2026-02-19,Supplier_B
P1461,W116,29,166,132.63,2026-08-05,
P1145,W104,573,157,5.49,2026-08-05,Supplier_C
P1248,W109,393,103,83.08,2026-09-07,Supplier_C
P1498,W102,447,122,127.39,2026-05-25,Supplier_A
P1109,W100,484,170,138.31,2026-05-23,Supplier_C
P1339,W117,713,108,148.98,2026-07-21,Supplier_C
P1119,W111,433,185,2.39,2026-03-02,Supplier_C
P1189,W106,349,155,52.49,2026-06-22,Supplier_B
P1212,W110,320,195,14.42,2026-02-22,Supplier_D
P1056,W116,359,163,57.12,2026-08-10,Supplier_C
P1040,W103,707,146,36.41,2026-01-08,Supplier_B
P1384,W106,517,197,83.76,2026-01-09,Supplier_A
P1217,W106,55,132,104.15,2026-01-07,Supplier_C
P1121,W118,82,280,56.55,2026-05-11,Supplier_C
P1328,W118,696,111,135.37,2026-05-26,Supplier_C
P1454,W105,-11,280,42.65,2026-04-15,SUPPLIER_C
P1262,W112,10,233,65.54,2026-07-06,Supplier_C
P1078,W116,669,216,90.87,2026-04-27,Supplier_A
P1271,W100,348,55,105.95,2026-06-25,Supplier_D
P1433,W110,459,276,86.58,2026-02-24,Supplier_B
P1128,W109,198,198,12.27,2026-01-01,Supplier_C
P1053,W108,643,122,111.44,2026-01-25,Supplier_A
P1344,W116,488,190,5.76,2026-08-02,Supplier_B
P1380,W115,773,204,24.11,2026-08-30,Supplier_C
P1394,W107,217,67,86.23,2026-01-18,Supplier_D
P1171,W119,443,270,53.67,2026-08-17,Supplier_B
P1382,W117,737,224,94.84,2026-08-10,Supplier_C
P1024,W114,170,132,83.8,2026-01-13,Supplier_B
P1460,W113,765,143,98.4,2026-05-07,Supplier_C
P1199,W117,9,237,66.76,2026-05-16,Supplier_D
P1321,W110,851,97,121.42,2026-07-07,Supplier_C
P1477,W112,693,203,139.86,2026-04-24,Supplier_D
P1340,W110,551,85,1.0,2026-01-10,Supplier_D
P1288,W103,124,233,49.19,2026-01-17,Supplier_D
P1386,W112,88,122,78.19,2026-08-23,Supplier_C
P1273,W119,275,138,141.4,2026-04-07,Supplier_D
P1039,W103,104,165,47.86,2026-05-24,Supplier_D
P1275,W117,898,299,77.8,2026-02-14,Supplier_D
P1367,W105,876,287,17.11,2026-07-04,Supplier_C
P1156,W115,820,235,87.52,2026-03-21,Supplier_A
P1104,W104,527,216,3.38,2026-09-03,Supplier_B
P1353,W112,468,142,110.17,2026-05-22,Supplier_B
P1388,W111,988,98,33.96,2026-03-20,Supplier_C
P1041,W103,766,86,49.07,2026-02-13,Supplier_B
P1007,W110,942,223,107.06,2026-03-14,Supplier_C
P1122,W102,853,97,71.16,2026-03-04,Supplier_C
P1437,W108,212,189,33.66,2026-05-06,Supplier_B
P1459,W111,842,132,45.6,2026-04-13,Supplier_C
P1199,W106,48,253,138.2,2026-01-31,Supplier_A
P1149,W101,221,297,25.54,2026-06-01,Supplier_B
P1433,W102,492,54,149.0,2026-05-04,Supplier_A
P1128,W117,171,124,49.95,2026-01-29,Supplier_B
P1263,W115,599,248,46.04,2026-03-03,Supplier_A
P1424,W113,589,105,127.4,2026-01-29,Supplier_D
P1161,W110,46,278,12.63,2026-09-09,Supplier_D
P1156,W116,356,105,11.98,2026-06-30,Supplier_D
P1382,W109,726,87,134.39,2026-04-07,Supplier_B
P1450,W104,307,204,90.87,2026-08-21,Supplier_D
P1257,W101,267,255,102.46,2026-06-02,Supplier_D
P1344,W109,16,168,127.93,2026-02-24,Supplier_C
P1316,W117,650,53,108.09,2026-03-31,Supplier_D
P1218,W110,848,291,63.43,2026-08-02,Supplier_C
P1465,W119,786,126,49.12,2026-01-10,Supplier_A
P1234,W111,982,97,59.04,2026-01-13,Supplier_D
P1213,W118,10,135,5.98,2026-03-24,Supplier_B
P1167,W110,20,243,29.75,2026-08-05,Supplier_C
P1037,W111,958,128,63.77,2026-08-13,Supplier_D
P1083,W110,107,136,137.68,2026-05-17,Supplier_D
P1353,W115,512,163,13.12,2026-06-25,
P1331,W101,396,171,1.09,2026-07-17,Supplier_B
P1317,W112,834,86,23.25,2026-02-07,Supplier_D
P1014,W110,672,281,20.63,2026-05-12,Supplier_C
P1212,W101,45,111,114.09,2026-03-08,Supplier_A
P1035,W102,636,194,98.96,2026-01-16,
P1049,W119,837,62,138.81,2026-07-16,Supplier_A
P1379,W118,550,123,43.76,2026-03-19,
P1423,W111,391,193,4.84,2026-05-31,Supplier_C
P1092,W111,146,222,56.68,2026-08-22,Supplier_A
P1390,W116,840,152,127.52,2026-09-15,Supplier_D
P1455,W108,18,145,109.65,2026-03-08,Supplier_D
P1469,W102,418,97,119.04,2026-01-16,Supplier_C
P1463,W108,510,116,66.35,2026-03-24,Supplier_B
P1111,W106,666,232,27.48,2026-03-15,Supplier_C
P1094,W113,888,237,147.97,2026-06-28,Supplier_B
P1370,W105,885,59,8.79,2026-04-10,Supplier_B
P1182,W110,194,217,72.62,2026-08-08,Supplier_D
P1154,W119,351,93,146.61,2026-06-28,Supplier_C
P1153,W109,847,187,36.35,2026-06-12,Supplier_B
P1156,W117,628,77,118.47,2026-03-18,Supplier_A
P1023,W119,531,134,99.78,2026-03-21,Supplier_D
P1028,W108,15,276,76.61,2026-01-12,Supplier_C
P1382,W104,535,103,138.17,2026-06-10,Supplier_B
P1313,W101,942,125,102.8,2026-04-07,Supplier_A
P1344,W117,803,296,48.4,2026-05-27,Supplier_A
P1032,W114,743,290,133.35,2026-02-01,Supplier_D
P1405,W112,329,192,40.41,2026-04-30,Supplier_B
P1216,W109,227,209,42.83,2026-01-05,Supplier_C
P1102,W105,864,139,27.59,2026-03-31,Supplier_A
P1088,W111,964,165,69.02,2026-06-30,Supplier_A
P1487,W110,2,245,70.96,2026-02-22,Supplier_D
P1194,W113,116,252,90.91,2026-06-26,Supplier_C
P1076,W117,105,228,130.6,2026-08-27,Supplier_D
P1070,W119,755,196,38.71,2026-03-01,supplier_d
P1355,W106,668,140,116.33,2026-07-20,Supplier_D
P1108,W105,527,165,100.4,2026-02-02,Supplier_A
P1227,W109,284,205,114.29,2026-06-23,Supplier_C
P1103,W101,232,215,131.78,2026-06-02,Supplier_C
P1017,W115,790,81,49.56,2026-07-29,Supplier_C
P1244,W113,340,236,73.19,2026-08-23,Supplier_A
P1347,W105,542,237,130.65,2026-03-19,Supplier_B
P1226,W101,477,189,107.05,2026-04-08,Supplier_A
P1170,W100,831,204,23.13,2026-01-08,Supplier_B
P1473,W104,632,182,111.62,2026-05-28,Supplier_B
P1179,W110,971,123,19.96,2026-06-05,Supplier_A
P1365,W118,599,215,107.53,2026-02-24,Supplier_C
P1247,W105,3,88,147.03,2026-07-07,Supplier_C
P1393,W100,234,295,2.34,2026-01-20,Supplier_A
P1408,W104,295,229,49.79,2026-08-16,Supplier_D
P1260,W107,266,207,63.04,2026-02-05,Supplier_C
P1321,W108,934,131,52.53,2026-02-09,Supplier_C
P1441,W110,702,96,89.4,2026-04-17,Supplier_C
P1216,W104,907,284,7.82,2026-09-15,Supplier_D
P1195,W105,612,261,103.89,2026-04-13,Supplier_D
P1264,W101,159,199,77.53,2026-06-26,Supplier_D
P1325,W100,244,110,65.22,2026-02-04,Supplier_D
P1482,W116,451,165,64.98,2026-05-14,Supplier_C
P1400,W105,472,201,75.99,2026-08-12,Supplier_A
P1116,W112,23,206,70.36,2026-05-07,Supplier_A
P1021,W115,720,114,128.54,2026-07-04,Supplier_B
P1410,W118,631,104,21.93,2026-05-29,Supplier_A
P1453,W104,619,55,121.93,2026-08-25,Supplier_C
P1105,W117,762,129,30.49,2026-07-24,Supplier_A
P1323,W107,439,293,17.5,2026-07-08,Supplier_C
P1334,W119,784,242,46.38,2026-05-22,Supplier_D
P1323,W115,914,231,8.46,2026-06-15,Supplier_B
P1300,W106,413,227,21.93,2026-06-03,Supplier_C
P1184,W106,513,110,11.99,2026-08-23,Supplier_B
P1498,W113,600,237,97.3,2026-07-29,Supplier_D
P1485,W103,98,108,133.69,2026-04-02,Supplier_C
P1184,W109,170,267,58.56,2026-01-01,Supplier_B
P1156,W114,901,93,141.64,2026-08-06,Supplier_C
P1255,W102,148,276,101.94,2026-04-29,Supplier_A
P1164,W117,312,204,108.07,2026-05-26,Supplier_A
P1028,W111,215,151,145.62,2026-07-19,Supplier_A
P1207,W101,908,118,43.52,2026-09-06,Supplier_C
P1396,W117,660,76,109.27,2026-04-19,Supplier_B
P1270,W107,482,228,84.54,2026-08-22,Supplier_C
P1396,W118,24,156,135.11,2026-01-09,Supplier_B
P1389,W112,320,70,85.11,2026-04-05,Supplier_B
P1298,W113,491,134,84.5,2026-02-25,Supplier_C
P1110,W115,93,81,43.8,2026-09-02,Supplier_B
P1391,W117,863,276,94.1,2026-07-20,Supplier_D
P1465,W111,501,218,41.67,2026-03-03,Supplier_D
P1270,W107,464,203,78.11,2026-09-02,Supplier_B
P1268,W113,168,120,114.85,2026-05-13,Supplier_C
P1203,W109,173,166,82.71,2026-04-13,Supplier_C
P1129,W111,798,268,18.53,2026-03-12,Supplier_B
P1485,W111,260,84,28.65,2026-08-04,Supplier_B
P1139,W101,132,83,81.8,2026-06-05,Supplier_B
P1263,W109,477,234,36.51,2026-02-12,Supplier_B
P1499,W115,935,249,139.94,2026-09-04,Supplier_A
P1214,W113,2,269,140.45,2026-03-23,Supplier_B
P1055,W117,133,71,89.49,2026-04-05,Supplier_B
P1006,W114,522,239,120.92,2026-07-04,Supplier_D
P1064,W114,139,168,49.59,2026-07-05,Supplier_B
P1380,W106,994,247,33.84,2026-03-03,Supplier_B
P1105,W108,22,278,43.75,2026-05-30,Supplier_A
P1267,W108,131,196,110.24,2026-06-28,Supplier_B
P1485,W115,56,67,93.06,2026-06-18,Supplier_B
P1458,W115,9,245,140.85,2026-01-12,Supplier_C
P1373,W103,23,136,109.32,2026-03-05,Supplier_B
P1391,W111,398,282,132.01,2026-04-03,Supplier_A
P1479,W106,5,202,27.74,2026-01-08,Supplier_C
P1196,W115,417,294,111.74,2026-02-17,Supplier_A
P1243,W105,182,286,26.26,2026-01-06,Supplier_C
P1480,W107,26,98,138.37,2026-02-25,Supplier_A
P1450,W114,270,104,123.31,2026-01-29,Supplier_A
P1321,W100,538,126,16.79,2026-03-29,Supplier_D
P1019,W115,896,240,74.13,2026-07-13,Supplier_C
P1319,W108,542,253,27.93,2026-05-06,Supplier_D
P1094,W103,859,154,28.67,2026-01-21,Supplier_B
P1377,W113,604,82,120.45,2026-01-07,Supplier_D
P1465,W117,99,227,102.07,2026-02-22,Supplier_C
P1263,W110,539,167,119.53,2026-01-16,Supplier_B
P1004,W111,526,231,74.63,2026-08-18,Supplier_C
P1237,W106,240,218,124.11,2026-04-30,Supplier_A
P1493,W109,181,263,67.25,2026-05-20,Supplier_D
P1195,W118,520,79,15.33,2026-05-07,Supplier_B
P1043,W103,869,215,20.92,2026-06-06,Supplier_C
P1354,W119,632,84,23.3,2026-01-01,Supplier_D
P1183,W110,952,151,101.39,2026-04-19,Supplier_B
P1277,W104,240,77,144.18,2026-01-19,Supplier_B
P1251,W101,391,193,79.65,2026-08-05,Supplier_D
P1475,W114,636,216,55.49,2026-01-01,Supplier_A
P1191,W101,635,191,107.75,2026-08-20,Supplier_D
P1153,W105,815,101,149.44,2026-09-01,SUPPLIER_D
P1489,W111,458,83,92.87,2026-02-03,Supplier_C
P1350,W102,415,140,10.76,2026-08-25,Supplier_A
P1253,W113,979,224,26.09,2026-04-01,Supplier_C
P1223,W106,588,265,56.79,2026-09-06,Supplier_C
P1265,W103,437,107,112.23,2026-01-25,Supplier_D
P1350,W100,228,61,8.21,2026-04-08,Supplier_C
P1057,W103,266,224,111.09,2026-05-14,Supplier_C
P1154,W112,874,119,108.37,2026-06-10,Supplier_B
P1166,W102,943,247,75.75,2026-01-29,Supplier_B
P1037,W112,577,244,86.69,2026-07-10,Supplier_A
P1377,W112,241,243,22.87,2026-09-15,Supplier_A
P1373,W102,595,278,102.89,2026-03-28,Supplier_A
P1104,W114,766,72,90.3,2026-01-23,Supplier_C
P1395,W112,29,163,124.16,2026-03-29,Supplier_D
P1167,W112,73,280,125.65,2026-05-09,Supplier_D
P1283,W114,291,238,66.81,2026-05-10,Supplier_C
P1258,W102,391,275,67.65,2026-07-24,Supplier_A
P1248,W100,236,116,124.27,2026-05-26,Supplier_A
P1168,W103,544,107,52.51,2026-04-17,Supplier_B
P1289,W115,242,86,136.11,2026-08-30,Supplier_A
P1110,W103,16,158,62.32,2026-05-29,Supplier_B
P1413,W119,44,206,142.49,2026-04-03,Supplier_C
P1157,W119,730,177,139.45,2026-03-18,Supplier_D
P1063,W108,105,140,33.0,2026-06-16,Supplier_D
P1197,W103,626,214,54.73,2026-09-09,Supplier_C
P1002,W111,487,99,132.41,2026-09-09,
P1466,W100,284,238,89.89,2026-04-24,Supplier_C
P1146,W101,852,242,105.34,2026-01-05,Supplier_A
P1163,W103,143,106,33.07,2026-06-08,Supplier_C
P1431,W107,932,69,90.78,2026-03-09, Supplier_A 
P1390,W109,799,63,45.75,2026-02-23,Supplier_C
P1475,W103,627,74,87.07,2026-05-21,Supplier_C
P1217,W105,0,187,36.76,2026-06-14,Supplier_C
P1064,W108,140,192,3.74,2026-04-15,Supplier_A
P1336,W104,877,118,23.87,2026-03-24,
P1279,W114,173,51,18.4,2026-04-11,
P1246,W111,759,90,116.85,2026-05-03, Supplier_D 
P1244,W100,364,186,76.8,2026-03-28,Supplier_A
P1101,W102,19,193,94.1,2026-02-16,Supplier_B
P1418,W106,193,151,83.83,2026-04-21,Supplier_A
P1184,W111,897,256,65.79,2026-01-19,Supplier_B
P1231,W109,274,63,85.25,2026-02-05,Supplier_C
P1390,W103,938,82,139.01,2026-04-22,Supplier_D
P1305,W112,980,243,9.48,2026-07-16,Supplier_D
P1477,W109,139,166,121.46,2026-03-25,Supplier_D
P1249,W104,453,208,57.21,2026-03-11,Supplier_A
P1324,W115,458,189,114.0,2026-07-23,Supplier_D
P1447,W106,220,177,148.19,2026-08-27,Supplier_B
P1166,W100,180,267,4.3,2026-03-30,Supplier_C
P1144,W107,390,54,8.04,2026-05-07,Supplier_C
P1144,W102,876,231,79.86,2026-06-25,Supplier_D
P1189,W117,685,253,33.25,2026-08-04,Supplier_A
P1100,W102,609,270,145.9,2026-02-21,Supplier_A
P1050,W106,47,230,12.22,2026-02-02,Supplier_D
P1477,W104,306,121,137.65,2026-05-28,Supplier_B
P1069,W108,23,65,15.31,2026-04-09,Supplier_A
P1342,W102,842,171,107.38,2026-07-30,Supplier_A
P1304,W112,27,127,107.73,2026-02-20,Supplier_B
P1287,W116,381,61,86.55,2026-05-25,Supplier_A
P1371,W111,564,289,65.65,2026-09-09,Supplier_A
P1316,W114,208,137,66.65,2026-06-17,Supplier_C
P1065,W117,889,209,137.8,2026-07-18,Supplier_A
P1480,W115,28,271,46.6,2026-03-12,Supplier_B
P1186,W112,189,154,113.47,2026-08-18,Supplier_D
P1418,W119,614,280,25.97,2026-03-18,Supplier_C
P1493,W110,267,293,141.96,2026-05-07,Supplier_B
P1105,W103,954,252,149.74,2026-07-02,Supplier_B
P1255,W107,62,51,106.09,2026-06-23,Supplier_A
P1014,W100,50,285,103.02,2026-04-18,Supplier_B
P1274,W113,814,257,103.99,2026-02-06,Supplier_C
P1331,W104,288,277,113.87,2026-05-12,Supplier_A
P1419,W113,906,164,93.19,2026-05-30,Supplier_C
P1031,W113,617,106,93.58,2026-06-07,Supplier_A
P1324,W100,975,176,62.93,2026-07-19,Supplier_B
P1235,W112,735,255,54.01,2026-01-22,
P1464,W100,932,297,76.1,2026-06-03, 
P1137,W113,777,187,83.38,2026-04-13,Supplier_A
P1342,W103,411,76,2.69,2026-06-21,Supplier_D
P1347,W115,562,249,20.9,2026-07-20,Supplier_D
P1001,W117,734,152,46.51,2026-04-13,Supplier_D
P1190,W101,142,286,120.08,2026-05-26,Supplier_D
P1194,W104,756,246,131.64,2026-09-08,Supplier_B
P1117,W119,547,259,146.98,2026-02-20,Supplier_B
P1388,W108,363,238,107.33,2026-08-09,Supplier_B
P1269,W107,416,178,107.46,2026-01-30,Supplier_A
P1180,W115,634,281,50.61,2026-02-24,Supplier_D
P1366,W115,404,65,76.13,2026-08-30,Supplier_D
P1251,W111,701,237,35.69,2026-08-23,Supplier_D
P1395,W117,132,264,136.29,2026-02-14,Supplier_A
P1414,W115,687,116,107.04,2026-01-30,Supplier_D
P1492,W105,498,176,60.6,2026-08-10,Supplier_D
P1493,W109,396,100,106.62,2026-07-20,Supplier_A
P1475,W105,584,75,148.84,2026-07-07,Supplier_B
P1144,W111,625,56,89.03,2026-05-14,Supplier_A
P1105,W119,610,54,90.41,2026-01-21,Supplier_C
P1146,W112,612,167,94.4,2026-07-22,
P1362,W113,752,133,113.53,2026-07-05,Supplier_A
P1337,W115,727,232,126.8,2026-01-14,Supplier_C
P1061,W110,620,215,73.36,2026-01-27,Supplier_C
P1015,W119,1,77,138.63,2026-03-16,Supplier_C
P1250,W103,823,86,148.2,2026-04-12,Supplier_D
P1137,W115,460,222,55.0,2026-07-09,Supplier_A
P1278,W108,943,237,2.39,2026-07-26,Supplier_B
P1036,W102,296,110,121.58,2026-06-05,Supplier_D
P1458,W109,475,139,54.29,2026-02-12,Supplier_B
P1474,W110,898,276,64.76,2026-06-02,Supplier_C
P1427,W119,937,230,50.49,2026-01-18,Supplier_C
P1461,W107,976,240,65.81,2026-08-30,Supplier_B
P1034,W111,985,218,117.07,2026-08-21,
P1112,W110,357,52,99.36,2026-02-26,Supplier_B
P1466,W101,874,264,89.92,2026-05-10,Supplier_C
P1430,W119,887,80,129.06,2026-03-15,Supplier_C
P1430,W112,86,57,133.05,2026-02-11,Supplier_B
P1328,W101,502,137,25.63,2026-01-12,Supplier_A
P1108,W105,919,159,50.74,2026-06-12,Supplier_B
P1138,W118,764,250,52.93,2026-06-07,Supplier_D
P1025,W117,870,127,74.78,2026-05-06,Supplier_C
P1373,W110,221,204,100.11,2026-06-19,Supplier_D
P1020,W109,718,296,88.73,2026-02-13,Supplier_B
P1213,W102,64,222,28.14,2026-04-08,Supplier_B
P1122,W118,571,167,33.76,2026-08-15,Supplier_A
P1108,W119,24,166,97.18,2026-02-21,Supplier_B
P1344,W116,6,62,125.91,2026-04-30,Supplier_A
P1388,W114,388,197,119.36,2026-05-14,Supplier_C
P1362,W115,5,108,111.88,2026-09-09,Supplier_D
P1208,W105,415,169,27.54,2026-03-18,Supplier_B
P1096,W110,540,266,71.14,2026-03-20,Supplier_B
P1419,W112,815,126,52.01,2026-02-22,Supplier_D
P1164,W107,144,51,9.86,2026-01-31,Supplier_D
P1022,W107,122,194,106.85,2026-01-22,Supplier_C
P1070,W107,89,165,22.95,2026-08-14,Supplier_A
P1360,W107,575,166,39.75,2026-08-17,Supplier_D
P1407,W114,625,104,144.86,2026-07-10,Supplier_D
P1341,W113,697,254,127.24,2026-06-15,supplier_a
P1146,W107,534,111,3.13,2026-02-13,Supplier_A
P1178,W119,72,156,36.77,2026-03-31,Supplier_D
P1292,W104,73,267,80.52,2026-03-18,Supplier_B
P1133,W104,486,207,93.51,2026-03-02,Supplier_D
P1430,W109,97,57,76.5,2026-08-25,Supplier_D
P1136,W117,476,130,66.04,2026-08-11,Supplier_B
P1388,W118,406,232,24.7,2026-08-08,Supplier_D
P1006,W101,926,197,123.69,2026-01-30,Supplier_B
P1095,W104,827,276,101.86,2026-04-27,Supplier_B
P1103,W116,93,264,130.23,2026-05-01,Supplier_C
P1066,W118,414,130,133.89,2026-05-14,Supplier_D
P1165,W100,796,53,91.28,2026-09-09,Supplier_C
P1157,W108,527,163,95.21,2026-08-09,Supplier_B
P1354,W110,166,245,106.13,2026-03-18,
P1049,W111,453,287,93.18,2026-07-29,Supplier_D
P1425,W106,15,151,81.91,2026-05-21,Supplier_C
P1279,W107,152,297,72.82,2026-08-05,Supplier_C
P1116,W111,480,69,129.5,2026-02-12,Supplier_D
P1436,W110,253,211,59.74,2026-07-22,Supplier_A
P1439,W102,123,79,42.63,2026-03-02,Supplier_C
P1274,W104,184,142,36.85,2026-06-19,Supplier_C
P1146,W111,640,153,131.4,2026-01-27,Supplier_B
P1136,W110,195,171,122.51,2026-02-04,Supplier_C
P1266,W112,119,103,43.64,2026-07-30,Supplier_B
P1396,W101,79,108,29.12,2026-01-12,Supplier_B
P1493,W110,921,190,104.84,2026-06-22,Supplier_B
P1395,W110,478,222,49.45,2026-01-07,Supplier_D
P1361,W107,498,262,52.29,2026-05-02,Supplier_C
P1459,W108,531,137,130.37,2026-06-17,Supplier_C
P1257,W113,994,226,27.83,2026-01-18,Supplier_C
P1273,W114,738,168,71.84,2026-01-07,Supplier_B
P1248,W100,27,63,128.72,2026-09-13,Supplier_A
P1372,W110,81,93,145.98,2026-07-27,Supplier_A
P1127,W109,573,205,92.84,2026-02-05,Supplier_C
P1483,W108,503,125,76.51,2026-02-19,Supplier_A
P1449,W108,649,117,15.07,2026-05-11,Supplier_D
P1425,W101,190,207,83.54,2026-01-12,Supplier_D
P1142,W103,0,53,27.61,2026-08-26,Supplier_B
P1084,W118,331,142,148.9,2026-08-09,Supplier_B
P1154,W105,555,117,24.51,2026-08-20,Supplier_C
P1183,W112,936,242,84.89,2026-01-11,Supplier_C
P1092,W100,534,99,81.94,2026-04-29,Supplier_B
P1461,W112,225,148,130.51,2026-06-04,Supplier_B
P1096,W105,449,239,90.22,2026-08-26,Supplier_C
P1463,W118,246,152,9.01,2026-01-11,Supplier_B
P1344,W106,362,91,40.34,2026-01-18,Supplier_A
P1078,W111,940,290,61.18,2026-03-09,Supplier_C
P1257,W112,442,160,27.84,2026-07-22,Supplier_D
P1063,W101,231,56,102.78,2026-04-08,Supplier_B
P1332,W100,253,293,97.87,2026-09-05,Supplier_A
P1480,W114,857,204,61.58,2026-06-03, 
P1338,W100,112,196,1.07,2026-07-29,Supplier_B
P1024,W119,190,272,103.62,2026-05-25,Supplier_B
P1170,W110,393,155,147.48,2026-07-12,Supplier_C
P1197,W101,162,77,96.96,2026-03-19,Supplier_B
P1162,W115,939,276,86.19,2026-03-11,Supplier_A
P1269,W114,687,83,23.99,2026-06-27,Supplier_C
P1321,W106,75,294,142.19,2026-01-23,Supplier_D
P1270,W108,339,293,71.62,2026-08-18,Supplier_B
P1065,W114,542,226,121.99,2026-05-14,Supplier_B
P1479,W103,573,117,17.45,2026-08-23,Supplier_A
P1483,W110,270,80,4.31,2026-08-11,Supplier_C
P1097,W111,743,157,141.68,2026-03-27,Supplier_C
P1163,W101,767,76,21.09,2026-02-17,Supplier_B
P1473,W105,859,263,141.17,2026-05-05,Supplier_D
P1114,W103,87,122,4.31,2026-04-21,Supplier_A
P1024,W119,295,51,48.64,2026-06-13,Supplier_C
P1176,W118,900,108,113.5,2026-04-28,Supplier_C
P1062,W104,966,201,45.76,2026-01-07,Supplier_B
P1048,W113,344,294,139.82,2026-02-08,Supplier_C
P1453,W108,895,99,7.56,2026-07-21,Supplier_C
P1421,W113,925,103,140.73,2026-05-11,Supplier_B
P1135,W109,253,88,90.24,2026-08-15,Supplier_B
P1496,W114,728,266,130.62,2026-02-01,Supplier_B
P1131,W112,806,140,42.18,2026-08-15,Supplier_D
P1373,W104,601,112,11.13,2026-02-03,Supplier_D
P1455,W100,145,77,28.08,2026-03-07,Supplier_B
P1491,W109,134,241,115.33,2026-07-05,SUPPLIER_B
P1359,W100,592,222,114.36,2026-09-05,Supplier_A
P1140,W105,899,185,29.03,2026-06-17,
P1040,W103,596,257,10.33,2026-03-03,Supplier_B
P1003,W110,526,112,20.35,2026-02-22,SUPPLIER_D
P1494,W104,70,210,64.79,2026-08-23,Supplier_D
P1070,W114,964,210,137.77,2026-02-09,Supplier_B
P1423,W112,351,228,126.61,2026-05-10,Supplier_C
P1115,W110,292,109,7.41,2026-06-01,Supplier_A
P1431,W117,470,220,85.6,2026-01-13,Supplier_A
P1400,W117,1,92,92.25,2026-04-09,Supplier_D
P1163,W114,51,275,19.3,2026-05-27,Supplier_B
P1323,W109,630,136,110.25,2026-04-02,Supplier_B
P1200,W116,7,199,128.8,2026-08-22,supplier_d
P1485,W102,430,211,114.94,2026-06-13,Supplier_D
P1172,W113,292,291,125.47,2026-07-27,Supplier_A
P1429,W118,415,208,22.42,2026-08-15,Supplier_D
P1366,W107,510,200,101.26,2026-04-14,Supplier_A
P1207,W118,955,266,75.65,2026-02-27,
P1324,W114,420,196,11.86,2026-02-24,Supplier_B
P1164,W102,722,149,61.03,2026-01-25,
P1325,W119,792,297,26.69,2026-03-05,Supplier_B
P1205,W106,349,195,44.89,2026-08-27,Supplier_A
P1054,W100,663,57,75.9,2026-07-16,Supplier_D
P1450,W118,835,98,38.45,2026-07-17,Supplier_D
P1141,W102,760,195,1.93,2026-01-02,Supplier_C
P1074,W106,551,284,99.36,2026-04-04,Supplier_C
P1264,W102,72,194,10.65,2026-08-14,Supplier_B
P1305,W108,536,155,122.94,2026-02-16,Supplier_B
P1389,W103,261,81,9.6,2026-03-09,Supplier_C
P1483,W119,546,261,99.24,2026-08-01,Supplier_D
P1352,W104,318,131,103.43,2026-02-08,Supplier_A
P1179,W112,990,181,69.96,2026-06-26,Supplier_C
P1438,W116,732,268,138.65,2026-05-22,Supplier_B
P1494,W100,661,252,17.93,2026-01-19,Supplier_B
P1434,W115,3,69,49.6,2026-07-07,Supplier_D
P1254,W102,919,242,147.24,2026-07-25,Supplier_C
P1278,W105,436,146,93.0,2026-02-12,Supplier_B
P1339,W116,446,226,136.79,2026-01-03,Supplier_B
P1237,W114,803,172,90.14,2026-04-28,Supplier_B
P1432,W111,900,120,31.02,2026-04-14,Supplier_A
P1278,W118,8,226,128.37,2026-06-02,Supplier_D
P1362,W110,764,71,84.75,2026-03-04,Supplier_D
P1121,W103,186,192,144.27,2026-01-30,Supplier_B
P1187,W109,75,166,133.39,2026-01-31,Supplier_C
P1017,W114,997,70,29.56,2026-05-05,Supplier_A
P1258,W103,218,231,15.75,2026-04-08,Supplier_A
P1385,W115,238,164,147.71,2026-06-09,Supplier_D
P1185,W118,426,112,4.76,2026-06-24,Supplier_A
P1184,W108,402,270,136.6,2026-04-18,Supplier_D
P1105,W108,521,183,63.19,2026-04-07,Supplier_B
P1272,W111,486,259,115.91,2026-02-26,Supplier_B
P1133,W101,560,197,48.68,2026-09-01,Supplier_A
P1357,W103,688,212,131.13,2026-06-08,Supplier_D
P1356,W109,612,97,138.34,2026-03-08,Supplier_A
P1283,W108,250,246,148.09,2026-03-15,Supplier_C
P1462,W106,257,132,15.62,2026-02-17,Supplier_B
P1060,W106,892,248,102.0,2026-08-10,Supplier_A
P1243,W119,622,227,55.08,2026-07-05,Supplier_D
P1408,W111,253,226,111.94,2026-09-14,Supplier_B
P1139,W104,818,197,68.01,2026-02-19,Supplier_B
P1308,W113,773,139,149.85,2026-02-13,Supplier_A
P1324,W110,471,283,18.56,2026-07-04,Supplier_B
P1473,W115,646,68,70.42,2026-09-02,Supplier_C
P1174,W104,5,207,95.21,2026-02-16,Supplier_B
P1259,W110,797,95,30.49,2026-04-12,Supplier_C
P1447,W109,567,206,48.46,2026-07-18,supplier_c
P1424,W116,665,175,140.63,2026-08-16,Supplier_B
P1228,W115,342,104,67.58,2026-06-24,Supplier_C
P1333,W113,109,116,51.74,2026-05-07,Supplier_C
P1296,W110,150,133,52.85,2026-08-15,Supplier_A
P1499,W117,615,279,8.22,2026-03-16,Supplier_B
P1161,W106,864,94,59.84,2026-01-31,
P1334,W113,457,71,145.33,2026-07-19,Supplier_A
P1475,W111,582,247,144.67,2026-05-04,Supplier_C
P1494,W117,539,185,144.85,2026-07-15, 
P1206,W108,333,271,129.4,2026-03-10,Supplier_D
P1194,W108,653,290,119.15,2026-05-14,Supplier_D
P1141,W100,334,182,142.25,2026-02-08,Supplier_C
P1481,W106,956,143,27.92,2026-09-10,Supplier_B
P1336,W108,980,153,71.09,2026-04-06,Supplier_B
P1350,W116,432,56,66.96,2026-09-10,Supplier_A
P1062,W113,225,261,105.86,2026-02-23,Supplier_B
P1038,W104,110,88,104.5,2026-04-22,Supplier_B
P1131,W118,688,233,67.6,2026-02-04,Supplier_A
P1434,W107,593,258,95.42,2026-02-17,
P1052,W115,41,54,140.65,2026-06-17,Supplier_D
P1374,W110,522,282,48.16,2026-03-28,Supplier_B
P1366,W111,651,196,69.89,2026-06-17,Supplier_C
P1495,W118,816,236,29.16,2026-01-26,Supplier_D
P1275,W116,283,210,148.6,2026-05-30,Supplier_B
P1195,W119,212,210,53.6,2026-04-19,Supplier_B
P1463,W102,378,99,76.48,2026-05-23,Supplier_B
P1233,W107,40,271,23.67,2026-04-05,Supplier_C
P1264,W108,450,257,46.33,2026-02-17,Supplier_D
P1071,W105,735,297,65.14,2026-03-02,Supplier_D
P1330,W105,259,277,61.28,2026-03-23,Supplier_B
P1161,W110,770,208,127.83,2026-02-18,Supplier_A
P1420,W105,338,172,75.92,2026-04-04,Supplier_B
P1324,W119,767,159,94.96,2026-03-28,Supplier_B
P1226,W105,695,51,29.63,2026-02-18, 
P1099,W100,871,67,73.86,2026-05-13,Supplier_D
P1151,W114,290,277,50.13,2026-06-29,Supplier_B
P1391,W117,349,98,60.34,2026-06-09,Supplier_C
P1195,W110,587,262,104.91,2026-08-28,Supplier_A
P1153,W111,825,134,38.53,2026-01-23,Supplier_D
P1346,W119,466,162,107.94,2026-06-13,Supplier_D
P1044,W107,18,116,42.15,2026-05-25,Supplier_B
P1346,W100,635,271,18.63,2026-05-08,Supplier_B
P1010,W104,721,183,101.59,2026-04-18,Supplier_A
P1251,W109,741,71,84.69,2026-04-01,Supplier_A
P1422,W110,224,167,40.01,2026-02-17,Supplier_A
P1126,W111,769,111,67.86,2026-03-20,Supplier_A
P1315,W110,457,212,143.41,2026-06-14,Supplier_A
P1230,W117,18,236,126.38,2026-07-03,Supplier_A
P1004,W101,-10,83,76.46,2026-05-31,Supplier_B
P1008,W104,805,215,33.47,2026-04-09,Supplier_A
P1247,W107,581,74,7.9,2026-03-14,Supplier_A
P1469,W104,883,125,87.29,2026-05-22,Supplier_C
P1170,W113,557,212,57.27,2026-05-30,Supplier_B
P1024,W101,737,198,122.52,2026-04-21,Supplier_B
P1082,W111,826,298,71.14,2026-04-04,Supplier_D
P1258,W100,588,202,125.78,2026-03-31, 
P1014,W105,110,209,112.96,2026-01-31,Supplier_C
P1085,W114,860,111,43.75,2026-08-27,Supplier_A
P1489,W116,454,177,143.23,2026-02-26,Supplier_A
P1245,W110,515,241,130.84,2026-01-13,Supplier_C
P1419,W111,707,205,136.25,2026-06-19,Supplier_D
P1026,W101,786,216,8.88,2026-01-16,Supplier_C
P1314,W109,341,85,124.25,2026-05-19,Supplier_A
P1332,W107,843,260,144.89,2026-01-27,Supplier_C
P1127,W108,956,108,54.67,2026-02-12,Supplier_B
P1204,W111,262,68,25.46,2026-07-27,Supplier_D
P1391,W110,837,245,144.0,2026-08-25,Supplier_B
P1008,W108,598,296,103.46,2026-03-24,Supplier_A
P1456,W118,304,117,147.01,2026-05-05,Supplier_D
P1105,W114,736,288,16.6,2026-04-20,Supplier_C
P1414,W114,406,198,16.7,2026-07-25,Supplier_B
P1499,W113,486,81,106.53,2026-05-06,Supplier_C
P1437,W113,628,279,33.25,2026-07-10,Supplier_A
P1136,W110,201,248,142.23,2026-02-21,Supplier_B
P1313,W113,189,244,7.15,2026-01-23,Supplier_C
P1497,W102,559,149,24.79,2026-08-26,Supplier_B
P1399,W115,29,275,144.34,2026-04-22,Supplier_C
P1272,W113,507,295,127.66,2026-07-11,Supplier_B
P1264,W105,528,220,125.14,2026-02-02,Supplier_A
P1288,W111,801,198,66.42,2026-06-12,Supplier_D
P1338,W116,361,76,8.85,2026-04-22,Supplier_B
P1226,W102,495,269,80.13,2026-05-28,Supplier_B
P1258,W103,748,216,7.28,2026-04-19,Supplier_A
P1486,W119,78,164,129.01,2026-07-05,Supplier_A
P1417,W101,81,205,147.15,2026-08-06,Supplier_D
P1448,W112,596,283,87.26,2026-09-02,Supplier_B
P1341,W119,903,102,94.49,2026-05-27,Supplier_A
P1124,W103,569,218,12.27,2026-02-06,Supplier_A
P1430,W109,458,200,140.8,2026-06-26,Supplier_C
P1273,W114,491,182,67.59,2026-05-28,Supplier_B
P1010,W101,207,135,142.08,2026-01-04,Supplier_B
P1308,W104,885,244,80.12,2026-06-04,Supplier_B
P1313,W113,440,66,18.31,2026-08-03,Supplier_A
P1323,W106,567,191,47.16,2026-02-18,Supplier_B
P1424,W109,29,51,60.38,2026-08-16,Supplier_C
P1026,W110,500,108,52.67,2026-05-22,SUPPLIER_D
P1211,W117,211,67,97.47,2026-07-08, Supplier_D 
P1198,W107,113,151,110.06,2026-06-13,Supplier_C
P1046,W102,471,63,88.45,2026-07-29,Supplier_C
P1147,W114,275,281,101.99,2026-04-11,Supplier_B
P1268,W113,679,202,36.96,2026-09-08,Supplier_B
P1071,W115,596,287,94.24,2026-01-20,Supplier_B
P1160,W103,23,94,6.36,2026-03-03,Supplier_A
P1495,W115,501,178,50.44,2026-09-06,Supplier_C
P1117,W111,17,264,98.29,2026-02-19,Supplier_A
P1370,W109,112,190,73.7,2026-06-16,Supplier_A
P1247,W109,935,91,68.93,2026-02-15,Supplier_A
P1162,W110,196,107,107.45,2026-04-27,Supplier_D
P1042,W100,927,279,108.43,2026-01-05,Supplier_D
P1276,W100,557,201,2.48,2026-01-03,Supplier_A
P1375,W116,72,298,44.2,2026-07-22,Supplier_B
P1172,W107,24,84,42.64,2026-04-07,Supplier_B
P1138,W104,547,286,2.22,2026-06-01,Supplier_D
P1388,W105,385,119,75.06,2026-01-19,Supplier_B
P1310,W115,930,222,19.08,2026-08-03,Supplier_B
P1322,W105,923,153,112.99,2026-02-19,Supplier_C
P1349,W100,365,287,49.1,2026-03-31,Supplier_B
P1081,W106,162,218,32.94,2026-03-26,Supplier_B
P1060,W111,577,161,115.66,2026-07-13,Supplier_B
P1132,W105,970,162,61.17,2026-03-18,Supplier_A
P1461,W101,59,126,70.69,2026-04-27,Supplier_A
P1202,W115,424,68,84.22,2026-07-18,Supplier_C
P1458,W113,306,106,74.28,2026-02-26,Supplier_B
P1127,W116,941,140,3.0,2026-02-26,Supplier_A
P1425,W109,85,140,23.47,2026-07-07,Supplier_D
P1095,W114,46,111,87.89,2026-08-13,Supplier_B
P1292,W114,726,252,75.34,2026-08-27,Supplier_A
P1275,W114,57,156,120.8,2026-08-15,Supplier_A
P1207,W101,268,78,101.54,2026-07-28,Supplier_D
P1133,W111,403,74,85.89,2026-05-28,Supplier_C
P1098,W112,835,238,10.64,2026-03-09,Supplier_A
P1394,W113,761,218,1.47,2026-04-14,Supplier_A
P1127,W116,691,254,5.01,2026-08-28,Supplier_A
P1087,W116,595,242,117.61,2026-09-14,Supplier_A
P1089,W110,322,185,114.43,2026-06-11,Supplier_C
P1294,W107,852,89,84.4,2026-01-19,Supplier_C
P1103,W111,5,244,4.11,2026-08-20,Supplier_B
P1372,W101,467,250,80.68,2026-01-16,Supplier_A
P1307,W114,880,226,98.63,2026-06-07,Supplier_A
P1112,W119,747,61,117.18,2026-08-24,Supplier_A
P1451,W107,334,265,27.26,2026-07-11,Supplier_B
P1069,W112,950,201,98.2,2026-06-28,Supplier_A
P1291,W101,874,128,121.77,2026-03-22,Supplier_C
P1184,W107,887,92,129.82,2026-04-11,Supplier_A
P1438,W116,367,152,108.09,2026-01-05,Supplier_B
P1105,W100,410,280,98.09,2026-05-05,Supplier_B
P1347,W107,539,124,1.35,2026-04-17,Supplier_C
P1381,W108,987,153,44.84,2026-06-10,Supplier_C
P1059,W102,208,208,38.45,2026-01-11,
P1447,W109,404,288,28.94,2026-02-23,Supplier_C
P1198,W104,9,126,85.11,2026-04-02,Supplier_B
P1106,W116,991,121,113.46,2026-04-27,Supplier_B
P1099,W111,932,90,127.47,2026-03-27,Supplier_D
P1116,W115,538,125,120.31,2026-01-03,Supplier_C
P1130,W116,725,122,65.0,2026-01-26,Supplier_B
P1239,W104,15,71,112.72,2026-02-22,Supplier_B
P1205,W110,306,90,88.31,2026-03-01,Supplier_D
P1175,W109,258,128,25.07,2026-03-25,Supplier_C
P1485,W101,242,296,26.61,2026-05-17,Supplier_A
P1463,W117,427,174,5.92,2026-05-01,Supplier_D
P1072,W106,675,252,38.86,2026-05-24,Supplier_A
P1094,W108,995,269,14.0,2026-02-24,Supplier_A
P1494,W100,750,184,109.25,2026-07-01,Supplier_D
P1366,W118,265,124,30.17,2026-03-19,Supplier_B
P1379,W109,72,224,64.48,2026-03-13,Supplier_B
P1201,W108,774,296,44.82,2026-02-12,Supplier_D
P1418,W118,626,170,107.91,2026-03-27,Supplier_D
P1082,W103,422,186,125.82,2026-02-12,Supplier_A
P1130,W112,892,86,86.4,2026-07-09,Supplier_B
P1233,W112,157,51,68.21,2026-02-08,Supplier_A
P1480,W111,900,200,64.07,2026-02-22, Supplier_C 
P1477,W113,160,163,139.01,2026-01-23,Supplier_A
P1118,W101,202,156,67.13,2026-01-01,Supplier_A
P1432,W117,818,180,79.29,2026-06-25,Supplier_C
P1432,W117,928,182,100.79,2026-01-26,Supplier_A
P1226,W117,211,126,104.31,2026-07-18,Supplier_A
P1332,W102,119,69,147.71,2026-07-28,Supplier_B
P1110,W117,12,265,106.75,2026-07-10,
P1074,W109,721,122,133.98,2026-04-26,Supplier_C
P1120,W105,485,264,78.37,2026-06-25,Supplier_A
P1360,W105,999,106,96.74,2026-07-22,Supplier_C
P1082,W119,315,100,9.11,2026-02-18,Supplier_D
P1102,W100,634,225,63.06,2026-05-19,Supplier_B
P1243,W107,357,61,129.41,2026-01-30,Supplier_B
P1490,W100,442,112,129.89,2026-01-13,Supplier_D
P1114,W108,1,138,112.79,2026-02-20,
P1124,W101,744,74,53.57,2026-06-04,Supplier_C
P1304,W102,103,247,130.6,2026-06-29,Supplier_B
P1317,W108,28,176,29.89,2026-03-08,Supplier_A
P1119,W114,532,284,149.24,2026-07-20,Supplier_A
P1485,W111,986,198,91.21,2026-01-06,Supplier_B
P1160,W118,851,143,147.03,2026-07-26,Supplier_B
P1173,W106,767,104,17.69,2026-03-21,Supplier_D
P1427,W116,72,172,121.04,2026-02-14,Supplier_A
P1323,W102,896,269,39.67,2026-09-05,Supplier_C
P1124,W115,11,144,110.96,2026-06-07,Supplier_C
P1202,W114,304,255,97.3,2026-05-15,Supplier_A
P1072,W106,3,134,55.66,2026-09-09,Supplier_D
P1403,W103,525,195,86.85,2026-01-09,Supplier_D
P1441,W110,224,112,115.96,2026-09-04,Supplier_D
P1224,W109,241,243,46.65,2026-05-09,Supplier_B
P1381,W108,580,257,58.13,2026-06-20,Supplier_C
P1441,W114,562,163,24.11,2026-03-30,Supplier_B
P1091,W108,453,103,94.78,2026-03-13,
P1324,W104,509,156,73.4,2026-06-01,Supplier_B
P1042,W116,439,129,3.13,2026-05-16,Supplier_A
P1491,W115,-11,231,81.29,2026-08-15,Supplier_B
P1165,W115,293,289,112.41,2026-07-24,Supplier_B
P1121,W115,721,130,136.18,2026-04-28,Supplier_A
P1307,W118,706,119,56.6,2026-03-03,Supplier_A
P1425,W105,205,90,61.77,2026-07-13,Supplier_C
P1255,W101,472,98,18.37,2026-01-16,Supplier_D
P1076,W116,641,170,148.78,2026-01-25,Supplier_A
P1106,W116,895,256,16.64,2026-08-18,Supplier_A
P1167,W103,189,275,26.56,2026-07-22,Supplier_D
P1319,W113,9,153,95.77,2026-05-28,Supplier_A
P1212,W118,936,74,145.71,2026-02-12,Supplier_C
P1253,W102,563,85,79.32,2026-08-03,Supplier_A
P1076,W114,870,292,87.63,2026-06-16,Supplier_D
P1028,W115,625,151,135.73,2026-08-26,Supplier_C
P1400,W105,873,78,129.81,2026-01-14,Supplier_B
P1044,W118,895,233,28.76,2026-02-07,Supplier_B
P1209,W100,0,224,44.62,2026-06-28,Supplier_C
P1423,W106,661,269,27.92,2026-03-06,Supplier_D
P1175,W118,660,181,109.99,2026-06-28,Supplier_A
P1398,W105,169,99,85.21,2026-01-27,Supplier_B
P1105,W116,125,241,110.34,2026-08-02,Supplier_A
P1436,W101,636,262,100.97,2026-05-06,Supplier_A
P1045,W103,520,99,131.24,2026-06-22,Supplier_D
P1393,W114,961,281,13.15,2026-06-02,Supplier_D
P1016,W113,497,195,86.61,2026-02-26,Supplier_D
P1229,W111,516,273,42.55,2026-08-10,Supplier_A
P1169,W100,307,121,1.4,2026-08-16,Supplier_D
P1264,W100,703,155,46.63,2026-06-20,Supplier_B
P1423,W110,962,220,112.59,2026-04-24,Supplier_D
P1449,W100,198,207,124.68,2026-01-14,Supplier_D
P1200,W113,570,274,84.69,2026-05-22,Supplier_C
P1274,W117,810,79,71.05,2026-06-05,Supplier_A
P1106,W114,386,253,93.13,2026-06-10,Supplier_B
P1381,W106,310,265,137.07,2026-07-18,Supplier_C
P1385,W100,319,117,140.38,2026-08-27,Supplier_C
P1018,W111,17,50,3.26,2026-06-26,Supplier_B
P1485,W104,292,217,11.65,2026-02-02,Supplier_C
P1407,W102,106,207,108.45,2026-07-26,Supplier_A
P1374,W117,24,100,17.77,2026-05-05,Supplier_A
P1377,W116,59,227,110.72,2026-03-11, Supplier_C 
P1035,W101,65,145,73.03,2026-06-03,Supplier_C
P1000,W112,500,265,63.36,2026-04-18,Supplier_C
P1477,W107,133,247,57.69,2026-04-12,Supplier_C
P1455,W112,307,189,122.75,2026-06-13,Supplier_A
P1422,W107,433,96,69.42,2026-01-05,Supplier_D
P1218,W106,136,58,22.54,2026-06-30,Supplier_B
P1046,W115,132,185,2.45,2026-02-15,Supplier_A
P1065,W114,796,266,123.97,2026-02-28,Supplier_D
P1118,W105,844,136,46.8,2026-03-07,Supplier_A
P1374,W100,723,216,78.76,2026-08-26,Supplier_D
P1187,W104,257,87,122.49,2026-05-14,Supplier_D
P1048,W117,11,230,47.96,2026-02-21,Supplier_B
P1388,W101,788,99,46.78,2026-07-16,Supplier_D
P1381,W107,342,219,113.23,2026-03-15,Supplier_A
P1086,W112,635,187,131.36,2026-08-04,Supplier_A
P1318,W106,142,177,112.02,2026-07-08,Supplier_D
P1328,W102,585,60,148.93,2026-03-30,Supplier_A
P1375,W109,227,199,118.84,2026-01-13,Supplier_C
P1148,W113,930,60,31.69,2026-06-23,Supplier_D
P1466,W114,705,297,120.26,2026-08-07,Supplier_B
P1473,W105,524,50,1.27,2026-07-31,Supplier_A
P1241,W110,317,108,70.73,2026-01-04,Supplier_B
P1348,W106,4,184,81.04,2026-06-20,Supplier_D
P1406,W119,622,68,149.85,2026-04-10,Supplier_C
P1285,W108,190,218,50.52,2026-03-16,Supplier_C
P1292,W118,723,289,50.38,2026-02-02,Supplier_C
P1051,W104,846,201,110.21,2026-08-25,Supplier_D
P1028,W115,482,80,125.96,2026-05-20,Supplier_C
P1131,W116,19,72,56.45,2026-07-25,Supplier_D
P1030,W116,397,94,90.4,2026-07-11,Supplier_A
P1232,W108,519,111,132.9,2026-07-21,Supplier_D
P1414,W110,327,58,39.15,2026-04-16,Supplier_A
P1172,W106,170,163,138.96,2026-03-17,Supplier_A
P1137,W106,189,109,85.48,2026-07-10,Supplier_A
P1052,W113,355,223,16.02,2026-07-29,Supplier_B
P1147,W103,4,142,57.87,2026-01-24,Supplier_B
P1110,W119,694,220,93.88,2026-03-22,Supplier_B
P1486,W105,158,216,115.78,2026-08-16,Supplier_B
P1447,W105,600,104,19.77,2026-07-21,Supplier_C
P1272,W102,803,166,49.64,2026-02-16,Supplier_C
P1099,W104,726,192,58.39,2026-08-13,Supplier_C
P1354,W101,111,204,83.87,2026-07-31,Supplier_D
P1170,W106,992,209,19.24,2026-02-17,Supplier_B
P1156,W107,945,78,32.05,2026-04-24,Supplier_A
P1471,W102,5,147,44.33,2026-03-01,Supplier_B
P1131,W111,497,274,22.24,2026-01-12,Supplier_A
P1340,W103,285,50,49.1,2026-03-08,Supplier_C
P1241,W117,877,202,54.79,2026-01-21,Supplier_A
P1018,W114,-16,66,94.06,2026-09-13,Supplier_C
P1154,W114,515,223,130.71,2026-06-09,Supplier_D
P1435,W112,899,105,117.96,2026-01-17,Supplier_A
P1148,W111,788,153,121.84,2026-03-31,Supplier_C
P1162,W115,745,130,148.78,2026-04-30,Supplier_A
P1156,W103,317,230,93.08,2026-08-03,Supplier_C
P1096,W112,616,170,92.13,2026-06-20,Supplier_B
P1284,W104,689,133,131.14,2026-01-10,Supplier_D
P1087,W112,361,59,71.73,2026-01-22,Supplier_A
P1255,W109,210,282,114.31,2026-05-08,Supplier_B
P1378,W115,776,151,38.85,2026-02-02,Supplier_A
P1296,W110,344,243,125.66,2026-01-11,Supplier_D
P1081,W116,991,112,58.25,2026-06-11,Supplier_A
P1335,W103,505,156,142.43,2026-08-22,Supplier_C
P1336,W114,777,146,92.87,2026-03-23,Supplier_C
P1340,W114,119,102,3.63,2026-06-12,Supplier_A
P1029,W112,161,110,138.97,2026-05-19,Supplier_A
P1011,W102,443,135,22.32,2026-03-14,Supplier_D
P1096,W114,282,142,72.69,2026-04-05,Supplier_D
P1252,W109,-6,137,134.06,2026-01-10,
P1413,W110,417,90,73.88,2026-07-13,Supplier_A
P1088,W114,954,287,142.04,2026-07-02,Supplier_C
P1118,W106,797,176,69.02,2026-03-06,Supplier_D
P1185,W113,210,267,138.26,2026-01-28,Supplier_A
P1477,W111,24,112,133.94,2026-08-21,Supplier_A
P1166,W117,945,266,146.54,2026-09-13,Supplier_D
P1029,W108,594,293,70.24,2026-05-30,Supplier_B
P1429,W102,458,203,101.47,2026-07-19,Supplier_D
P1444,W111,293,203,129.3,2026-01-25,Supplier_A
P1435,W106,387,227,81.97,2026-04-03,Supplier_B
P1355,W106,180,139,127.43,2026-07-01,Supplier_D
P1056,W115,278,265,119.06,2026-07-28,Supplier_A
P1109,W116,802,212,67.71,2026-04-29,Supplier_C
P1334,W102,77,105,117.53,2026-09-01,Supplier_A
P1493,W110,409,250,135.96,2026-02-17,Supplier_A
P1114,W108,260,111,26.13,2026-02-15,Supplier_A
P1111,W117,462,291,51.46,2026-07-18,Supplier_C
P1369,W117,841,274,89.57,2026-01-28, Supplier_C 
P1424,W105,659,269,143.22,2026-08-13,Supplier_A
P1020,W100,680,201,103.0,2026-03-18,Supplier_D
P1108,W112,921,232,10.93,2026-08-15,Supplier_B
P1316,W102,928,114,55.15,2026-05-05,Supplier_B
P1087,W117,588,134,132.06,2026-03-30,Supplier_D
P1091,W104,343,257,28.53,2026-09-14, 
P1081,W112,333,50,42.65,2026-07-09,Supplier_C
P1488,W107,853,276,38.27,2026-07-10,Supplier_A
P1481,W100,101,171,132.78,2026-09-10,Supplier_C
P1095,W115,611,92,13.63,2026-08-25,Supplier_C
P1332,W101,91,177,28.62,2026-09-01,Supplier_C
P1251,W112,872,298,58.61,2026-05-17,Supplier_B
P1446,W106,70,229,116.85,2026-05-11,Supplier_B
P1296,W110,316,239,128.16,2026-01-01,Supplier_A
P1385,W117,364,283,12.86,2026-07-04,Supplier_A
P1055,W108,565,167,81.45,2026-03-26,Supplier_D
P1449,W102,97,267,23.0,2026-04-03,Supplier_B
P1268,W106,417,62,10.4,2026-08-02,Supplier_C
P1257,W108,827,54,37.31,2026-02-14,Supplier_C
P1312,W119,258,171,9.13,2026-03-06,Supplier_A
P1046,W114,544,73,142.8,2026-08-13,Supplier_A
P1046,W112,284,281,79.53,2026-03-17,Supplier_A
P1055,W101,196,50,46.87,2026-07-29,Supplier_C
P1137,W105,391,59,65.7,2026-01-04,Supplier_B
P1406,W112,475,225,146.79,2026-07-13,Supplier_C
P1320,W115,1,247,53.41,2026-06-23,Supplier_B
P1233,W113,325,170,39.67,2026-09-02,Supplier_A
P1333,W105,660,215,69.71,2026-08-11,supplier_a
P1326,W112,67,268,63.51,2026-03-23,Supplier_A
P1332,W117,591,75,30.3,2026-08-12,Supplier_A
P1206,W114,839,189,68.15,2026-08-29,Supplier_C
P1391,W100,448,297,67.84,2026-03-17,Supplier_A
P1400,W105,535,193,12.24,2026-04-02,Supplier_A
P1472,W107,612,230,43.48,2026-06-07,Supplier_B
P1040,W102,30,86,36.87,2026-02-23,Supplier_A
P1420,W104,716,132,142.49,2026-08-25,Supplier_B
P1482,W102,221,74,45.41,2026-09-14,Supplier_A
P1124,W109,527,134,105.71,2026-07-26,Supplier_B
P1241,W107,546,230,26.33,2026-01-23,Supplier_A
P1175,W115,218,85,27.19,2026-05-15,Supplier_C
P1475,W115,350,147,126.95,2026-03-28,Supplier_C
P1176,W102,13,232,131.96,2026-09-08,Supplier_A
P1405,W100,27,173,142.44,2026-03-24,Supplier_D
P1224,W109,206,177,14.16,2026-06-17,Supplier_B
P1323,W118,505,54,58.41,2026-07-22,Supplier_D
P1465,W107,49,126,138.81,2026-08-14,Supplier_C
P1420,W111,549,264,142.41,2026-03-21,Supplier_A
P1413,W112,93,190,44.99,2026-06-01,Supplier_D
P1207,W108,823,298,9.79,2026-03-04,Supplier_A
P1441,W117,492,196,94.28,2026-07-03,Supplier_A
P1274,W117,815,165,7.3,2026-05-28,Supplier_D
P1499,W103,74,79,40.44,2026-03-05,Supplier_B
P1140,W118,26,122,5.79,2026-07-06,Supplier_D
P1173,W102,889,218,81.58,2026-08-31,Supplier_A
P1218,W108,943,84,47.87,2026-02-05,Supplier_B
P1048,W110,247,295,50.22,2026-09-01,Supplier_A
P1337,W111,783,220,99.9,2026-08-12, 
P1301,W113,309,160,116.27,2026-03-29,Supplier_D
P1345,W116,570,152,39.57,2026-07-26, 
P1463,W106,16,257,36.37,2026-07-14,Supplier_C
P1445,W110,18,258,145.89,2026-08-25,Supplier_C
P1163,W101,173,242,104.02,2026-03-31,Supplier_D
P1478,W112,334,205,27.86,2026-03-12,Supplier_B
P1474,W103,817,182,58.8,2026-07-04,Supplier_B
P1236,W103,820,127,5.23,2026-09-06,Supplier_C
P1193,W109,423,208,92.04,2026-08-08,Supplier_D
P1358,W112,41,135,95.53,2026-06-28,Supplier_C
P1288,W106,410,98,105.19,2026-06-20,Supplier_B
P1001,W116,711,163,33.32,2026-06-22,SUPPLIER_A
P1109,W114,187,88,18.13,2026-02-03,Supplier_C
P1046,W110,481,105,99.03,2026-05-15,Supplier_B
P1022,W114,44,136,61.34,2026-08-09,Supplier_A
P1343,W109,938,115,90.59,2026-07-04,Supplier_C
P1194,W113,696,52,123.25,2026-04-28,Supplier_A
P1463,W103,701,205,3.38,2026-02-03,Supplier_C
P1133,W109,810,268,8.23,2026-05-18,Supplier_C
P1062,W101,313,102,83.22,2026-04-13,Supplier_A
P1144,W115,115,183,67.44,2026-01-30,Supplier_D
P1425,W103,295,87,93.62,2026-06-26,Supplier_C
P1023,W118,259,79,112.03,2026-04-28,Supplier_C
P1049,W109,670,249,30.61,2026-03-23,Supplier_B
P1219,W111,355,137,107.04,2026-02-22,Supplier_D
P1271,W116,23,178,113.41,2026-05-02,Supplier_B
P1334,W103,300,153,109.31,2026-02-24,Supplier_C
P1371,W113,637,139,87.21,2026-07-05,Supplier_A
P1074,W119,279,252,46.75,2026-05-08,Supplier_D
P1451,W109,8,284,21.37,2026-01-24,Supplier_A
P1404,W105,738,225,81.27,2026-06-17,Supplier_B
P1085,W107,184,107,50.79,2026-07-14,Supplier_D
P1459,W100,650,71,87.62,2026-07-08,Supplier_B
P1307,W103,684,199,5.28,2026-05-15,Supplier_C
P1043,W113,440,298,135.61,2026-04-17,Supplier_C
P1082,W102,610,140,125.04,2026-04-29,Supplier_B
P1083,W117,158,140,112.76,2026-09-15,Supplier_A
P1499,W100,216,275,115.58,2026-01-23,Supplier_A
P1449,W113,521,68,33.04,2026-08-06,Supplier_A
P1041,W118,878,226,21.14,2026-09-13,Supplier_D
P1433,W100,783,160,28.49,2026-02-25,Supplier_C
P1223,W119,259,163,7.68,2026-02-23,Supplier_A
P1373,W108,775,85,9.76,2026-09-10,Supplier_A
P1284,W103,580,142,60.8,2026-05-26,Supplier_B
P1020,W112,622,258,57.14,2026-03-30,Supplier_C
P1392,W112,49,261,15.33,2026-07-06,Supplier_A
P1015,W113,603,131,28.93,2026-02-12,Supplier_B
P1302,W119,88,249,147.79,2026-08-07,supplier_b
P1322,W114,508,206,71.76,2026-08-27,Supplier_C
P1060,W102,850,240,37.59,2026-06-18,Supplier_A
P1202,W117,802,208,89.17,2026-07-30,Supplier_A
P1143,W110,488,59,117.7,2026-07-13,Supplier_B
P1395,W100,900,282,82.07,2026-08-31,Supplier_B
P1132,W113,970,61,102.67,2026-02-21,Supplier_A
P1226,W118,647,173,30.35,2026-08-20,Supplier_B
P1175,W117,434,288,116.54,2026-07-06,Supplier_C
P1332,W102,396,235,94.21,2026-03-06,Supplier_A
P1117,W118,850,121,115.87,2026-06-03,Supplier_D
P1227,W118,987,162,49.81,2026-01-24,Supplier_D
P1014,W105,862,131,30.13,2026-08-22,Supplier_B
P1381,W108,369,179,59.22,2026-06-29,Supplier_B
P1482,W103,62,63,61.03,2026-07-12,Supplier_C
P1044,W111,263,256,75.31,2026-02-25,Supplier_C
P1146,W106,192,109,102.88,2026-05-07,Supplier_D
P1200,W100,259,155,4.06,2026-04-28,Supplier_D
P1387,W117,414,245,44.21,2026-05-21,Supplier_B
P1400,W112,694,173,38.97,2026-08-29,Supplier_A
P1171,W101,634,119,9.21,2026-05-14,Supplier_B
P1205,W102,870,269,49.85,2026-07-06,Supplier_A
P1053,W104,943,146,13.48,2026-01-22,Supplier_A
P1018,W112,78,59,60.18,2026-01-25,Supplier_A
P1253,W102,126,88,47.97,2026-06-02,Supplier_B
P1209,W103,466,88,25.03,2026-06-06,Supplier_D
P1402,W114,901,210,147.49,2026-02-02,Supplier_D
P1253,W110,495,65,1.19,2026-07-03,Supplier_A
P1100,W107,543,76,34.57,2026-01-29,Supplier_A
P1464,W116,58,221,147.94,2026-01-05,Supplier_D
P1164,W119,477,100,37.59,2026-08-08,Supplier_C
P1273,W119,112,285,147.72,2026-01-19,Supplier_A
P1401,W117,347,254,45.93,2026-04-10,Supplier_C
P1180,W101,934,200,17.46,2026-01-05,Supplier_C
P1060,W115,201,184,37.24,2026-09-13,Supplier_C
P1195,W116,891,231,27.21,2026-06-07,Supplier_A
P1275,W110,435,259,29.23,2026-05-03,Supplier_B
P1496,W118,260,147,52.06,2026-07-12,Supplier_C
P1486,W102,484,51,13.1,2026-04-30,Supplier_C
P1406,W104,7,184,112.89,2026-05-22,Supplier_C
P1397,W102,328,220,64.72,2026-07-24,Supplier_A
P1402,W101,602,222,92.1,2026-02-12,Supplier_C
P1081,W105,538,51,112.91,2026-06-15,Supplier_D
P1355,W119,895,231,51.24,2026-08-08,Supplier_A
P1134,W102,572,154,70.52,2026-06-13,Supplier_D
P1333,W118,867,96,87.49,2026-08-31,Supplier_C
P1018,W111,960,101,7.48,2026-04-09,Supplier_D
P1032,W102,831,279,34.84,2026-05-30,Supplier_A
P1081,W104,853,197,136.48,2026-01-16,Supplier_B
P1168,W116,682,175,128.72,2026-05-12,Supplier_D
P1246,W114,846,199,93.28,2026-07-21, Supplier_B 
P1410,W100,734,178,56.6,2026-05-08,Supplier_D
P1010,W106,494,285,96.25,2026-05-16,Supplier_C
P1351,W109,611,59,56.33,2026-02-06,Supplier_D
P1198,W119,659,275,84.67,2026-04-13,Supplier_C
P1155,W113,529,67,60.47,2026-09-01,Supplier_D
P1473,W104,4,107,50.62,2026-01-09,Supplier_C
P1104,W104,78,297,68.05,2026-08-15,Supplier_C
P1136,W104,228,112,41.19,2026-08-29,
P1307,W103,817,119,66.65,2026-01-15,Supplier_C
P1296,W102,732,244,108.67,2026-04-28,Supplier_D
P1043,W110,23,106,27.97,2026-04-08,Supplier_A
P1103,W108,229,73,31.99,2026-01-27,Supplier_C
P1250,W107,405,97,30.42,2026-02-14,Supplier_C
P1455,W113,827,238,118.12,2026-05-24,Supplier_A
P1386,W106,401,156,72.92,2026-02-03,Supplier_D
P1412,W117,785,205,84.21,2026-02-27,Supplier_B
P1436,W104,772,167,123.6,2026-03-18,Supplier_A
P1165,W116,710,163,102.74,2026-07-18,Supplier_D
P1457,W109,401,236,70.53,2026-01-29,Supplier_C
P1073,W106,329,122,20.74,2026-08-09,Supplier_D
P1348,W118,411,202,22.08,2026-01-23,Supplier_C
P1178,W112,937,209,45.35,2026-07-18,
P1335,W105,702,284,138.01,2026-03-27,Supplier_D
P1361,W112,260,77,144.98,2026-02-11,Supplier_A
P1223,W108,576,61,60.1,2026-08-31,Supplier_B
P1431,W118,20,79,109.78,2026-08-14,
P1216,W100,614,152,106.18,2026-08-03,Supplier_B
P1164,W112,646,181,56.2,2026-05-20,Supplier_D
P1487,W119,832,129,1.83,2026-07-24,Supplier_B
P1448,W111,11,109,62.69,2026-09-13,Supplier_A
P1495,W119,536,50,15.13,2026-01-11,SUPPLIER_B
P1367,W102,531,287,118.85,2026-06-25,Supplier_C
P1150,W108,775,181,38.5,2026-09-12,Supplier_B
P1230,W104,21,275,66.54,2026-06-02,Supplier_A
P1372,W117,634,272,6.47,2026-03-28,Supplier_A
P1052,W108,135,289,134.8,2026-01-01,Supplier_D
P1300,W105,427,103,140.44,2026-06-26,Supplier_B
P1233,W111,984,98,116.4,2026-01-17,Supplier_C
P1472,W112,967,297,2.34,2026-02-01,Supplier_A
P1234,W102,438,125,39.34,2026-01-20,Supplier_A
P1026,W105,5,180,48.0,2026-01-05,Supplier_B
P1382,W109,819,117,16.5,2026-01-19,Supplier_B
P1071,W112,931,53,91.34,2026-02-02,Supplier_A
P1158,W102,16,205,144.19,2026-03-19,Supplier_C
P1312,W104,886,110,147.24,2026-08-03,supplier_c
P1045,W116,89,81,25.23,2026-01-03,Supplier_A
P1155,W101,742,154,11.28,2026-07-24,Supplier_D
P1076,W110,664,145,4.58,2026-04-05,Supplier_C
P1002,W112,19,200,63.6,2026-02-01,Supplier_B
P1422,W100,113,266,15.36,2026-03-02,Supplier_A
P1452,W114,846,279,23.36,2026-03-04,Supplier_B
P1471,W104,37,223,65.8,2026-01-05,Supplier_A
P1457,W117,57,243,52.24,2026-07-16,
P1253,W102,366,219,70.68,2026-09-03,Supplier_B
P1129,W109,663,177,100.34,2026-01-03,Supplier_A
P1091,W119,271,201,1.9,2026-01-21,Supplier_D
P1182,W104,248,136,38.34,2026-01-28,Supplier_D
P1330,W100,254,296,33.18,2026-06-07,Supplier_C
P1475,W118,27,132,74.01,2026-03-25,Supplier_D
P1074,W101,504,252,90.29,2026-05-06,Supplier_C
P1353,W100,957,59,108.6,2026-03-18,Supplier_D
P1204,W102,928,149,86.73,2026-07-29,Supplier_A
P1361,W101,849,79,35.81,2026-07-31,Supplier_D
P1027,W109,634,60,113.9,2026-04-25,Supplier_D
P1377,W115,104,260,104.91,2026-05-24,Supplier_B
P1279,W109,667,174,149.25,2026-06-28,Supplier_B
P1230,W109,965,66,138.67,2026-07-25,Supplier_B
P1372,W118,148,228,22.98,2026-06-08,Supplier_C
P1103,W117,234,208,147.1,2026-06-23,Supplier_D
P1285,W101,5,175,41.21,2026-01-19,Supplier_B
P1167,W103,82,208,115.15,2026-05-16,Supplier_C
P1213,W112,904,82,25.5,2026-01-18,Supplier_D
P1478,W119,28,219,102.01,2026-09-03,
P1221,W114,569,130,59.11,2026-05-31,Supplier_A
P1006,W111,481,55,43.0,2026-03-17,Supplier_A
P1373,W108,258,65,108.57,2026-06-29,Supplier_A
P1235,W107,391,149,144.5,2026-03-14,SUPPLIER_B
P1396,W104,88,202,113.25,2026-03-06,Supplier_C
P1213,W113,176,117,106.27,2026-01-08,Supplier_B
P1172,W112,3,186,127.21,2026-03-27,Supplier_D
P1300,W118,428,185,83.47,2026-02-02,Supplier_D
P1444,W103,964,67,60.91,2026-04-27,Supplier_B
P1401,W115,291,253,148.54,2026-06-17,Supplier_C
P1393,W110,24,88,122.76,2026-03-08,Supplier_D
P1078,W111,564,263,47.16,2026-01-14,Supplier_B
P1360,W119,351,97,35.44,2026-08-30,Supplier_D
P1189,W106,430,295,40.57,2026-07-31,Supplier_B
P1254,W105,122,186,105.7,2026-05-15,Supplier_A
P1093,W101,308,229,14.33,2026-05-08,Supplier_D
P1042,W101,948,81,111.88,2026-06-25,Supplier_B
P1372,W104,187,196,80.57,2026-04-21,Supplier_D
P1426,W116,707,73,140.23,2026-03-19,Supplier_A
P1018,W100,11,146,70.02,2026-07-07,Supplier_C
P1471,W119,76,61,23.92,2026-08-04,Supplier_D
P1392,W116,867,172,122.53,2026-03-04,Supplier_A
P1427,W119,291,176,14.7,2026-04-14,Supplier_D
P1241,W107,356,256,6.66,2026-08-29,Supplier_C
P1087,W111,320,197,102.3,2026-01-21,Supplier_C
P1069,W115,508,136,73.79,2026-03-05,Supplier_C
P1482,W102,35,273,73.78,2026-06-25,Supplier_A
P1312,W119,386,262,85.99,2026-08-21,Supplier_B
P1351,W111,11,103,41.33,2026-09-03,
P1060,W114,429,84,82.39,2026-06-06,Supplier_D
P1308,W106,14,218,123.12,2026-06-09,Supplier_B
P1193,W107,330,153,128.29,2026-02-13,Supplier_B
P1165,W115,100,196,10.67,2026-08-04,Supplier_C
P1211,W107,314,288,26.01,2026-08-05,Supplier_D
P1188,W109,745,95,44.28,2026-03-19,Supplier_D
P1170,W101,633,251,12.03,2026-03-01,supplier_c
P1353,W117,524,295,5.69,2026-05-27,Supplier_D
P1058,W104,740,287,148.42,2026-06-16,Supplier_B
P1138,W113,481,50,81.25,2026-06-06,Supplier_D
P1336,W111,861,190,102.04,2026-05-18,Supplier_C
P1025,W109,602,113,86.75,2026-09-03,Supplier_D
P1264,W106,28,233,3.38,2026-02-10,Supplier_A
P1424,W113,867,296,98.93,2026-08-07,supplier_d
P1340,W107,856,62,43.64,2026-04-25,Supplier_D
P1085,W103,279,84,103.24,2026-08-04,Supplier_A
P1421,W116,840,286,93.45,2026-02-20,Supplier_B
P1330,W116,406,106,111.31,2026-09-10,Supplier_B
P1473,W115,175,235,54.0,2026-06-14,Supplier_D
P1201,W103,157,52,47.12,2026-07-12,Supplier_A
P1461,W115,632,224,60.75,2026-03-29,Supplier_D
P1130,W100,573,152,116.6,2026-07-24,Supplier_A
P1298,W102,608,198,89.31,2026-02-02,Supplier_D
P1317,W110,54,191,87.02,2026-05-13,Supplier_C
P1350,W113,21,198,34.85,2026-03-01,Supplier_D
P1188,W111,980,204,66.98,2026-07-07,Supplier_D
P1386,W113,690,253,144.27,2026-06-18,Supplier_C
P1376,W112,236,262,56.39,2026-01-16,Supplier_A
P1332,W115,509,57,80.83,2026-02-14,Supplier_B
P1423,W114,841,250,70.61,2026-06-01,Supplier_D
P1369,W106,933,215,105.52,2026-06-21,Supplier_B
P1298,W109,997,76,62.99,2026-08-22,Supplier_C
P1413,W110,13,223,45.3,2026-01-08,Supplier_C
P1465,W110,813,145,73.57,2026-01-07,Supplier_C
P1439,W100,-15,95,66.6,2026-05-25,Supplier_B
P1048,W105,475,243,97.86,2026-01-09,Supplier_C
P1063,W112,505,202,147.51,2026-02-18,Supplier_A
P1376,W102,521,279,84.13,2026-09-06,Supplier_D
P1424,W105,292,241,149.48,2026-04-08,Supplier_D
P1167,W118,975,227,96.31,2026-04-27,Supplier_B
P1239,W111,804,253,106.44,2026-08-23,Supplier_C
P1268,W111,541,260,24.53,2026-06-21,Supplier_A
P1065,W119,775,134,74.84,2026-02-16,Supplier_D
P1419,W115,2,161,52.91,2026-02-22,Supplier_A
P1339,W117,676,229,37.17,2026-03-29,Supplier_B
P1180,W116,165,297,92.06,2026-08-04,Supplier_D
P1285,W102,289,140,53.36,2026-02-09,Supplier_D
P1243,W118,197,99,41.86,2026-04-28,Supplier_D
P1370,W113,137,152,116.57,2026-03-03,Supplier_B
P1347,W118,905,142,48.6,2026-04-18,Supplier_A
P1038,W106,960,244,58.02,2026-06-23,Supplier_D
P1293,W100,752,129,63.85,2026-06-18,Supplier_D
P1029,W101,792,119,57.09,2026-08-18,Supplier_A
P1093,W115,2,213,14.0,2026-01-19,Supplier_B
P1023,W101,527,114,122.49,2026-02-16,Supplier_C
P1409,W101,356,196,27.36,2026-08-04,supplier_b
P1494,W114,244,245,114.71,2026-01-15,Supplier_B
P1307,W105,466,255,26.53,2026-02-19,Supplier_B
P1189,W101,559,240,79.96,2026-08-07,Supplier_D
P1217,W114,26,98,70.84,2026-02-14,Supplier_D
P1302,W110,303,121,63.54,2026-07-09,Supplier_B
P1440,W103,67,195,70.34,2026-06-02,Supplier_B
P1224,W114,65,286,101.67,2026-03-28,Supplier_B
P1435,W109,839,191,55.67,2026-06-27,Supplier_B
P1198,W103,357,208,108.1,2026-05-08,Supplier_A
P1142,W111,598,296,90.26,2026-06-16,Supplier_A
P1480,W105,443,249,28.95,2026-03-12,Supplier_A
P1101,W101,483,111,94.48,2026-07-04,Supplier_D
P1086,W112,879,183,113.69,2026-05-02,Supplier_B
P1435,W104,723,99,142.34,2026-08-19,Supplier_B
P1441,W101,461,106,132.28,2026-01-08,Supplier_D
P1388,W117,623,54,15.6,2026-06-03,Supplier_D
P1113,W102,972,214,67.07,2026-03-21,Supplier_C
P1364,W113,-10,62,138.07,2026-01-15,Supplier_C
P1493,W105,522,275,22.63,2026-07-18,Supplier_C
P1436,W114,11,273,101.02,2026-07-03,Supplier_A
P1055,W110,629,261,129.42,2026-06-15,Supplier_D
P1189,W110,606,197,142.49,2026-05-24,Supplier_B
P1159,W110,830,87,85.16,2026-05-21,Supplier_C
P1074,W112,268,275,92.31,2026-01-02,Supplier_B
P1243,W113,710,95,110.35,2026-01-07,Supplier_B
P1442,W107,24,128,59.79,2026-06-12,Supplier_B
P1207,W111,810,136,41.09,2026-03-21,Supplier_B
P1410,W107,444,113,131.49,2026-03-13,Supplier_B
P1292,W102,1,275,68.05,2026-03-01,Supplier_B
P1109,W114,649,161,136.19,2026-06-21,Supplier_A
P1176,W117,880,55,74.05,2026-06-06,
P1121,W113,812,86,143.69,2026-08-07,Supplier_C
P1321,W108,721,165,5.81,2026-04-07,Supplier_D
P1417,W105,852,295,25.55,2026-01-06,Supplier_B
P1083,W104,428,219,6.27,2026-05-01,Supplier_C
P1310,W102,101,228,116.98,2026-09-03,Supplier_D
P1175,W100,464,112,36.74,2026-09-02,Supplier_D
P1035,W116,635,90,26.83,2026-03-12,Supplier_C
P1301,W111,435,233,111.25,2026-06-23,Supplier_A
P1291,W110,184,56,18.37,2026-02-28,Supplier_C
P1265,W114,701,248,130.15,2026-09-14,Supplier_B
P1073,W113,110,178,74.94,2026-04-28,Supplier_B
P1348,W119,583,104,78.4,2026-04-10,Supplier_D
P1245,W101,982,213,53.64,2026-06-21,Supplier_D
P1440,W115,114,193,37.75,2026-05-05,Supplier_A
P1408,W106,965,88,149.26,2026-06-04,Supplier_D
P1319,W119,888,274,52.26,2026-02-10,Supplier_A
P1331,W117,830,228,64.94,2026-01-18,Supplier_D
P1438,W117,238,99,112.6,2026-04-02,Supplier_C
P1198,W110,105,111,129.87,2026-07-18,Supplier_D
P1138,W117,658,61,58.6,2026-04-26,Supplier_B
P1376,W116,162,105,8.18,2026-08-02,Supplier_C
P1311,W100,292,248,88.67,2026-05-28,Supplier_D
P1186,W104,231,137,108.68,2026-04-23,Supplier_A
P1303,W101,938,206,110.92,2026-07-08,Supplier_D
P1146,W117,492,108,30.81,2026-05-31,
P1326,W108,622,263,103.26,2026-05-13,Supplier_A
P1351,W111,703,290,149.89,2026-09-06,Supplier_C
P1366,W102,43,269,39.8,2026-01-07,Supplier_A
P1094,W109,407,162,60.28,2026-08-18,Supplier_B
P1407,W105,12,296,53.21,2026-06-23,Supplier_B
P1403,W109,394,265,37.62,2026-06-13,Supplier_C
P1136,W116,996,157,96.63,2026-05-29,Supplier_B
P1381,W117,188,226,30.15,2026-07-05,Supplier_A
P1206,W119,761,202,72.06,2026-04-08,
P1443,W107,252,205,98.03,2026-03-29,Supplier_A
P1039,W105,295,101,31.56,2026-03-21,Supplier_A
P1318,W101,179,270,138.81,2026-05-04,Supplier_D
P1000,W118,505,122,112.15,2026-05-20,Supplier_C
P1131,W110,642,203,110.65,2026-01-16,
P1285,W118,556,213,96.9,2026-03-03,Supplier_B
P1123,W101,615,110,88.32,2026-08-17,Supplier_A
P1387,W110,411,294,132.43,2026-01-18,Supplier_A
P1395,W104,2,188,133.2,2026-09-15,Supplier_A
P1393,W112,380,298,73.41,2026-06-14,
P1086,W114,107,167,97.43,2026-09-06,Supplier_B
P1344,W119,953,133,46.74,2026-06-06,Supplier_C
P1280,W104,364,71,47.2,2026-04-19,Supplier_A
P1428,W106,159,135,85.67,2026-03-15,Supplier_C
P1136,W114,525,206,74.88,2026-08-08,Supplier_A
P1463,W117,717,152,123.72,2026-09-12,Supplier_D
P1118,W109,637,240,128.17,2026-03-18,Supplier_C
P1404,W109,879,299,10.43,2026-03-23,Supplier_D
P1182,W119,867,276,105.44,2026-08-14,Supplier_D
P1385,W104,21,203,46.29,2026-06-30,Supplier_D
P1274,W102,761,79,125.55,2026-08-20,Supplier_B
P1059,W100,209,180,15.03,2026-07-12,Supplier_A
P1395,W117,329,184,14.09,2026-01-23,Supplier_C
P1393,W101,412,171,1.52,2026-08-27,Supplier_A
P1289,W116,126,217,84.85,2026-02-05,Supplier_C
P1059,W119,193,179,77.06,2026-01-24,Supplier_A
P1221,W116,496,235,87.65,2026-07-02,Supplier_B
P1360,W100,55,190,3.45,2026-03-04,Supplier_A
P1295,W110,143,232,74.76,2026-04-29,Supplier_B
P1189,W117,743,152,25.61,2026-02-25,Supplier_A
P1192,W115,242,199,137.76,2026-06-07,Supplier_C
P1435,W107,317,82,149.46,2026-08-12,Supplier_A
P1332,W104,393,263,48.34,2026-03-22,Supplier_C
P1200,W118,121,198,36.59,2026-04-23,Supplier_B
P1036,W118,270,222,61.86,2026-04-15,Supplier_A
P1347,W102,68,71,79.61,2026-09-14,Supplier_D
P1334,W106,227,287,44.93,2026-07-12,Supplier_B
P1013,W117,671,216,109.84,2026-04-21,Supplier_B
P1095,W119,180,174,108.75,2026-05-16,Supplier_C
P1070,W102,913,180,60.65,2026-07-03,Supplier_D
P1003,W102,804,113,78.06,2026-09-06,Supplier_D
P1285,W107,540,163,132.01,2026-03-28,Supplier_B
P1186,W119,-16,158,140.69,2026-04-25,Supplier_C
P1038,W116,52,107,147.62,2026-07-16, Supplier_B 
P1356,W102,543,116,127.54,2026-05-08,Supplier_D
P1335,W107,721,291,73.49,2026-07-12,Supplier_A
P1406,W114,27,106,116.98,2026-03-18,Supplier_B
P1264,W119,753,218,104.18,2026-06-19,Supplier_D
P1400,W117,181,68,55.74,2026-09-15,Supplier_D
P1036,W104,220,243,3.1,2026-05-28,Supplier_D
P1119,W106,876,291,45.01,2026-02-07, Supplier_C 
P1067,W119,328,208,46.21,2026-02-24,Supplier_C
P1320,W119,444,202,8.6,2026-05-13,Supplier_B
P1227,W116,179,286,24.69,2026-07-10,Supplier_C
P1298,W112,864,151,105.82,2026-09-07,Supplier_A
P1075,W116,726,204,24.42,2026-07-04,Supplier_A
P1236,W101,12,264,75.99,2026-08-24,Supplier_D
P1408,W112,511,193,85.71,2026-04-25,Supplier_C
P1279,W116,9,134,22.62,2026-07-29,Supplier_D
P1494,W103,891,109,87.67,2026-01-16, Supplier_B 
P1008,W107,244,94,115.55,2026-07-07,Supplier_A
P1456,W109,408,79,9.93,2026-01-25,Supplier_C
P1229,W114,174,163,21.51,2026-08-23,Supplier_B
P1085,W116,812,92,116.65,2026-06-04,
P1093,W102,729,186,101.64,2026-06-10,Supplier_C
P1092,W107,310,282,75.27,2026-02-19,Supplier_A
P1298,W118,775,229,50.36,2026-03-05,Supplier_B
P1111,W109,194,181,65.79,2026-06-20,Supplier_D
P1353,W113,380,296,87.77,2026-04-02,Supplier_A
P1083,W119,447,279,45.29,2026-05-31,Supplier_B
P1080,W101,334,61,134.44,2026-08-25,Supplier_B
P1406,W104,671,235,18.12,2026-02-08,Supplier_B
P1314,W108,166,129,40.69,2026-08-14,Supplier_A
P1313,W100,933,91,87.12,2026-02-13,Supplier_A
P1023,W103,829,209,82.88,2026-01-10,Supplier_C
P1266,W106,125,95,108.46,2026-01-20,Supplier_C
P1445,W100,303,72,9.13,2026-01-13,Supplier_C
P1027,W105,304,177,75.82,2026-04-12,Supplier_A
P1073,W106,68,202,63.16,2026-01-01,Supplier_A
P1121,W113,167,159,118.72,2026-01-27,Supplier_B
P1147,W109,627,198,119.0,2026-05-06,Supplier_A
P1172,W109,20,297,88.08,2026-06-24,SUPPLIER_D
P1401,W114,60,90,110.05,2026-03-10,Supplier_D
P1200,W119,777,225,119.76,2026-09-01,Supplier_B
P1262,W101,234,234,129.71,2026-06-16,Supplier_C
P1157,W115,945,265,148.41,2026-02-20,Supplier_A
P1453,W116,488,66,87.83,2026-08-26,Supplier_B
P1062,W103,31,91,21.91,2026-03-30,Supplier_A
P1247,W107,461,172,36.58,2026-07-21,Supplier_B
P1452,W117,228,245,144.2,2026-04-24,Supplier_D
P1024,W104,523,203,32.03,2026-03-07,Supplier_D
P1100,W102,972,53,4.56,2026-05-24,Supplier_A
P1080,W105,875,120,94.49,2026-06-06,Supplier_D
P1013,W103,157,90,89.07,2026-09-10,Supplier_A
P1272,W102,432,111,3.72,2026-05-03,Supplier_A
P1025,W117,833,199,111.25,2026-08-06,Supplier_D
P1214,W117,386,159,10.8,2026-01-20,Supplier_D
P1264,W112,834,184,92.66,2026-01-22, 
P1279,W106,247,148,147.08,2026-03-17,Supplier_A
P1313,W100,875,137,54.01,2026-06-05,Supplier_D
P1287,W106,228,174,138.33,2026-07-08,Supplier_A
P1426,W112,73,175,79.23,2026-07-03, Supplier_D 
P1382,W110,138,224,65.41,2026-04-05,Supplier_A
P1141,W111,991,196,91.6,2026-02-06,Supplier_D
P1484,W108,845,162,58.52,2026-06-01,Supplier_A
P1491,W110,701,71,14.47,2026-07-26,Supplier_D
P1354,W112,531,129,146.48,2026-02-21,Supplier_C
P1293,W106,988,56,51.84,2026-08-27,Supplier_D
P1106,W119,360,252,98.69,2026-03-27,Supplier_C
P1255,W107,871,293,88.99,2026-08-29,
P1053,W117,500,164,84.98,2026-01-16,Supplier_B
P1318,W106,458,269,122.95,2026-02-12,Supplier_A
P1251,W101,435,216,110.02,2026-03-01,Supplier_A
P1016,W113,246,195,126.68,2026-04-18,Supplier_A
P1132,W112,304,290,118.06,2026-09-11,Supplier_A
P1076,W112,355,103,65.95,2026-03-06,Supplier_D
P1128,W111,493,202,26.04,2026-02-28,Supplier_D
P1170,W105,357,229,87.31,2026-09-06,Supplier_C
P1314,W104,716,125,95.36,2026-03-09,Supplier_A
P1488,W107,-12,201,107.33,2026-05-06,Supplier_C
P1376,W111,115,283,109.47,2026-07-26,Supplier_C
P1497,W112,772,234,48.4,2026-01-02,Supplier_C
P1322,W107,254,151,63.62,2026-08-11,Supplier_D
P1377,W114,476,72,131.12,2026-07-14,Supplier_D
P1006,W111,936,166,102.77,2026-08-05,Supplier_C
P1400,W117,77,53,43.71,2026-05-20,Supplier_B
P1367,W115,757,133,146.27,2026-05-09,
P1040,W101,33,115,78.5,2026-09-10,
P1150,W111,918,195,54.96,2026-05-28,Supplier_D
P1197,W101,835,206,98.24,2026-05-05,Supplier_B
P1164,W118,370,111,111.31,2026-02-14,Supplier_B
P1195,W102,158,85,26.13,2026-08-20,Supplier_D
P1153,W103,812,221,71.97,2026-04-10,Supplier_A
P1300,W110,774,77,108.99,2026-04-12,Supplier_A
P1441,W111,495,127,45.73,2026-03-10,Supplier_A
P1483,W105,582,193,77.44,2026-03-08,Supplier_C
P1420,W119,6,230,49.55,2026-01-15,Supplier_B
P1497,W119,540,278,27.3,2026-07-28,SUPPLIER_B
P1092,W115,982,80,53.53,2026-03-31,Supplier_D
P1068,W118,922,64,116.4,2026-05-23,Supplier_B
P1381,W109,663,119,43.53,2026-01-16,Supplier_D
P1214,W107,466,267,116.34,2026-08-26,Supplier_A
P1458,W117,482,53,74.46,2026-03-24,Supplier_C
P1099,W110,256,99,100.79,2026-08-22,Supplier_A
P1277,W107,388,265,55.54,2026-05-26,Supplier_A
P1483,W117,963,166,97.92,2026-04-22,Supplier_B
P1417,W111,328,233,63.12,2026-06-21,Supplier_A
P1289,W117,17,208,70.44,2026-07-06,Supplier_C
P1181,W105,974,55,71.99,2026-07-16,Supplier_B
P1121,W112,525,234,111.07,2026-04-19,Supplier_B
P1418,W100,757,188,11.94,2026-03-07,Supplier_B
P1469,W110,905,69,21.17,2026-09-15,Supplier_D
P1317,W116,567,185,81.83,2026-09-08,Supplier_D
P1084,W112,482,171,121.31,2026-05-16,Supplier_A
P1280,W114,561,51,88.05,2026-05-06,Supplier_A
P1010,W108,935,120,105.99,2026-05-29,Supplier_C
P1432,W103,5,156,131.2,2026-03-12,Supplier_A
P1288,W102,158,53,102.41,2026-01-27,Supplier_A
P1186,W101,882,136,30.13,2026-06-19,Supplier_D
P1276,W118,355,73,86.78,2026-01-09,Supplier_C
P1406,W112,324,247,146.05,2026-03-25,Supplier_D
P1080,W102,466,141,67.44,2026-05-27,Supplier_B
P1166,W103,504,171,123.93,2026-01-29,Supplier_A
P1178,W118,172,273,96.66,2026-01-03,Supplier_C
P1095,W118,283,256,37.38,2026-06-30,Supplier_C
P1387,W107,334,129,67.85,2026-01-22,Supplier_B
P1490,W119,554,135,83.56,2026-04-18,Supplier_B
P1028,W104,519,260,124.54,2026-05-26,Supplier_B
P1382,W108,292,69,108.52,2026-06-28,Supplier_B
P1011,W102,745,172,110.64,2026-01-30,Supplier_D
P1494,W116,729,297,144.73,2026-04-11,Supplier_D
P1055,W104,61,86,31.13,2026-08-20,Supplier_C
P1296,W104,98,140,63.34,2026-04-30,Supplier_C
P1482,W102,210,92,28.6,2026-07-10,Supplier_A
P1133,W113,703,55,56.19,2026-01-07,Supplier_B
P1492,W106,456,96,77.78,2026-04-02,Supplier_C
P1216,W102,574,205,122.15,2026-07-16,Supplier_D
P1040,W110,812,107,87.64,2026-03-30,Supplier_B
P1401,W106,217,100,123.02,2026-06-25,Supplier_B
P1390,W113,752,230,116.87,2026-03-24,Supplier_B
P1491,W119,781,262,13.72,2026-08-07,Supplier_D
P1464,W108,424,157,31.13,2026-02-04,Supplier_B
P1430,W100,380,107,25.72,2026-08-30,Supplier_B
P1374,W108,736,177,116.43,2026-07-10,Supplier_C
P1240,W100,499,220,3.76,2026-02-12,Supplier_B
P1284,W106,173,197,19.12,2026-07-07,Supplier_C
P1317,W107,900,183,18.07,2026-05-11,Supplier_C
P1344,W104,899,77,137.55,2026-02-14,Supplier_D
P1157,W115,661,140,1.23,2026-03-11,Supplier_A
P1456,W104,27,198,30.71,2026-04-02,Supplier_B
P1010,W119,263,296,90.93,2026-08-20,Supplier_C
P1254,W110,851,129,39.94,2026-01-17,Supplier_A
P1370,W115,645,295,103.86,2026-01-29,Supplier_A
P1208,W103,156,127,12.35,2026-03-15,Supplier_D
P1282,W113,867,143,75.75,2026-02-04,Supplier_B
P1345,W101,600,102,115.13,2026-04-22,Supplier_D
P1049,W109,983,201,145.27,2026-08-08,Supplier_C
P1072,W114,722,254,107.27,2026-02-15,Supplier_D
P1158,W107,821,51,65.57,2026-04-21,Supplier_D
P1036,W100,481,133,32.88,2026-03-29,Supplier_A
P1413,W101,162,215,128.48,2026-04-17,Supplier_B
P1403,W101,185,220,47.34,2026-03-21,Supplier_A
P1280,W116,385,238,71.62,2026-04-21,Supplier_B
P1028,W119,456,210,24.59,2026-08-16,Supplier_C
P1314,W115,828,113,120.8,2026-05-24,Supplier_A
P1115,W116,163,296,120.5,2026-05-29,Supplier_B
P1081,W106,385,295,42.98,2026-06-18,Supplier_C
P1380,W119,974,74,75.75,2026-02-18,Supplier_A
P1197,W103,555,225,61.65,2026-03-24,Supplier_B
P1236,W114,812,211,123.77,2026-03-16,Supplier_C
P1303,W103,172,164,137.34,2026-08-28,Supplier_A
P1211,W114,958,270,45.88,2026-08-04,Supplier_B
P1143,W114,549,151,73.4,2026-01-02,Supplier_A
P1438,W111,999,226,137.45,2026-08-19,Supplier_A
P1137,W119,44,249,44.97,2026-08-03,
P1084,W108,330,123,53.63,2026-08-08,Supplier_B
P1379,W106,30,83,38.54,2026-01-04,Supplier_B
P1060,W118,790,222,38.21,2026-08-17,Supplier_A
P1073,W108,59,125,118.12,2026-07-26,Supplier_C
P1451,W104,965,140,44.73,2026-05-29,Supplier_D
P1174,W108,304,154,87.35,2026-05-28,Supplier_B
P1451,W116,452,268,131.64,2026-03-07,Supplier_B
P1395,W100,428,253,3.85,2026-01-02,Supplier_C
P1353,W103,392,251,34.88,2026-08-21,Supplier_D
P1010,W113,697,167,103.32,2026-01-20,Supplier_A
P1143,W108,274,103,22.71,2026-09-10,Supplier_C
P1261,W116,835,73,5.81,2026-09-08,Supplier_D
P1469,W105,420,134,27.46,2026-02-22,Supplier_C
P1462,W100,822,292,54.71,2026-04-29,Supplier_C
P1075,W115,850,262,49.97,2026-07-09,Supplier_B
P1235,W109,304,257,14.35,2026-03-21,Supplier_D
P1223,W109,2,243,134.01,2026-05-01,
P1026,W119,282,148,86.98,2026-05-07,Supplier_B
P1485,W118,683,127,97.9,2026-02-15,Supplier_A
P1242,W112,422,64,28.49,2026-03-31,Supplier_A
P1343,W107,275,124,98.51,2026-09-14,Supplier_D
P1015,W117,40,297,115.43,2026-06-11,Supplier_B
P1441,W113,750,221,46.4,2026-03-01,Supplier_A
P1495,W102,85,253,51.65,2026-02-15,Supplier_C
P1431,W114,4,64,34.51,2026-08-09,Supplier_B
P1246,W116,141,104,37.97,2026-01-02,Supplier_A
P1109,W101,89,232,72.22,2026-06-27,Supplier_B
P1194,W109,860,253,112.97,2026-05-18,Supplier_C
P1397,W109,593,133,137.98,2026-03-07,Supplier_C
P1008,W116,879,131,130.58,2026-04-13,Supplier_B
P1157,W114,515,112,6.03,2026-02-08,Supplier_C
P1105,W104,385,219,10.63,2026-02-21,Supplier_A
P1141,W118,555,144,90.0,2026-03-26,
P1375,W116,82,184,23.65,2026-07-13,Supplier_D
P1188,W110,885,172,45.28,2026-03-13,Supplier_C
P1402,W107,716,270,110.31,2026-06-30,Supplier_C
P1491,W104,530,100,93.77,2026-08-19,Supplier_B
P1218,W114,579,274,46.69,2026-05-19,Supplier_B
P1485,W119,455,68,122.62,2026-05-24,Supplier_C
P1183,W113,436,149,71.8,2026-07-22,Supplier_B
P1394,W105,659,217,2.06,2026-07-25,Supplier_C
P1346,W108,359,150,65.16,2026-09-11,Supplier_C
P1265,W102,325,141,17.92,2026-06-06, Supplier_D 
P1474,W105,620,96,15.39,2026-07-17,Supplier_B
P1392,W114,58,276,14.22,2026-06-16,Supplier_D
P1440,W109,224,53,126.49,2026-06-25,Supplier_D
P1133,W102,16,240,74.6,2026-01-13,Supplier_D
P1243,W106,790,107,64.02,2026-07-05, 
P1021,W118,20,229,142.07,2026-08-20,Supplier_B
P1316,W103,892,174,140.16,2026-06-10,Supplier_D
P1332,W115,373,170,35.32,2026-02-02,Supplier_A
P1056,W113,372,238,143.93,2026-05-17,Supplier_A
P1281,W103,21,109,81.61,2026-04-29,Supplier_A
P1421,W104,239,249,40.45,2026-05-11,
P1347,W111,988,142,19.06,2026-03-07,Supplier_B
P1439,W118,935,178,4.17,2026-06-22,Supplier_A
P1060,W104,227,287,79.61,2026-05-22,Supplier_B
P1476,W104,572,249,27.83,2026-09-14,Supplier_C
P1212,W104,953,158,122.01,2026-03-14,Supplier_A
P1406,W100,105,110,97.98,2026-06-13,Supplier_B
P1129,W108,382,171,38.33,2026-01-05,Supplier_B
P1407,W119,157,175,27.55,2026-07-06, 
P1445,W113,218,238,130.25,2026-02-02,Supplier_A
P1331,W113,957,72,11.45,2026-02-10,Supplier_A
P1177,W118,512,115,134.09,2026-07-04,Supplier_D
P1272,W119,701,271,131.17,2026-06-06,Supplier_B
P1290,W110,487,126,4.61,2026-05-16,Supplier_B
P1055,W109,2,166,109.07,2026-08-19,Supplier_B
P1111,W100,493,118,3.93,2026-07-11,Supplier_D
P1127,W112,275,144,29.65,2026-01-05,Supplier_A
P1035,W111,151,236,12.28,2026-06-01,Supplier_D
P1416,W100,423,123,97.22,2026-08-05,Supplier_B
P1049,W114,540,64,58.01,2026-07-09,Supplier_C
P1415,W107,891,75,8.54,2026-04-21,Supplier_B
P1462,W104,551,133,6.8,2026-05-12,Supplier_C
P1089,W117,158,65,50.48,2026-03-29,Supplier_B
P1421,W103,165,61,91.91,2026-06-24,Supplier_B
P1453,W118,2,179,137.83,2026-06-03,Supplier_C
P1006,W106,25,85,106.59,2026-03-20,Supplier_B
P1340,W109,206,171,69.02,2026-03-19,Supplier_B
P1314,W108,364,107,53.55,2026-09-14,Supplier_B
P1081,W106,677,267,10.34,2026-01-12,Supplier_D
P1047,W113,839,155,63.83,2026-04-27,Supplier_B
P1061,W116,815,242,39.41,2026-03-20,Supplier_B
P1365,W115,672,261,47.21,2026-08-04,Supplier_B
P1337,W106,764,61,128.33,2026-01-02,Supplier_C
P1147,W118,901,293,16.05,2026-03-29,Supplier_D
P1062,W100,384,75,49.36,2026-09-03,Supplier_D
P1336,W111,190,272,8.03,2026-05-29,Supplier_C
P1249,W109,912,164,141.98,2026-01-13,Supplier_A
P1393,W113,860,140,22.4,2026-06-15,Supplier_B
P1092,W106,843,64,141.3,2026-08-22,Supplier_D
P1074,W103,318,164,145.42,2026-08-06,SUPPLIER_D
P1065,W117,284,284,137.63,2026-08-19, Supplier_C 
P1457,W116,935,88,146.48,2026-04-12,Supplier_A
P1463,W103,909,157,57.01,2026-04-17,Supplier_B
P1208,W116,677,263,107.37,2026-06-26,Supplier_C
P1231,W111,361,275,121.45,2026-03-25,Supplier_B
P1239,W113,161,278,138.97,2026-01-19,Supplier_A
P1395,W100,150,280,30.84,2026-02-21,Supplier_C
P1051,W116,635,210,82.82,2026-08-21,Supplier_B
P1489,W113,95,146,46.26,2026-07-22,Supplier_D
P1027,W102,257,261,27.08,2026-02-16,Supplier_A
P1291,W108,207,206,89.31,2026-02-13,Supplier_A
P1209,W114,555,52,4.35,2026-01-27,Supplier_B
P1162,W110,145,276,54.67,2026-08-17,Supplier_B
P1300,W108,580,203,60.16,2026-08-10,Supplier_D
P1170,W114,969,246,104.05,2026-04-13,Supplier_A
P1480,W105,732,235,43.2,2026-01-20,Supplier_C
P1255,W104,270,93,113.97,2026-03-25,Supplier_C
P1343,W119,773,149,29.29,2026-08-05,Supplier_C
P1087,W115,805,239,1.41,2026-08-06,Supplier_A
P1355,W116,925,146,25.35,2026-06-26,Supplier_B
P1099,W117,638,282,131.72,2026-05-05,Supplier_C
P1155,W105,751,166,94.45,2026-07-06,Supplier_C
P1458,W100,650,224,88.93,2026-02-09,Supplier_D
P1010,W115,302,151,120.86,2026-07-01,Supplier_A
P1381,W106,923,299,147.59,2026-08-26,Supplier_D
P1477,W109,63,262,144.91,2026-02-24,Supplier_A
P1435,W101,521,251,116.51,2026-08-15,Supplier_B
P1429,W102,782,90,48.11,2026-03-23,Supplier_C
P1059,W106,808,139,126.73,2026-02-11, 
P1039,W106,928,260,125.57,2026-05-16,Supplier_D
P1016,W111,12,131,31.42,2026-07-24,Supplier_D
P1369,W112,18,226,96.29,2026-03-26,Supplier_D
P1285,W112,287,101,28.04,2026-05-01,Supplier_B
P1096,W119,191,201,117.49,2026-07-02,Supplier_A
P1483,W105,410,174,28.1,2026-06-26,Supplier_B
P1075,W114,464,114,35.34,2026-03-03,Supplier_D
P1137,W115,92,226,11.7,2026-06-26,Supplier_A
P1180,W109,499,153,112.65,2026-02-22,Supplier_B
P1072,W104,15,196,148.66,2026-01-15,Supplier_A
P1298,W100,738,291,27.17,2026-05-06,Supplier_B
P1063,W112,431,83,105.46,2026-05-10,Supplier_C
P1250,W107,107,142,99.3,2026-07-26,Supplier_B
P1234,W109,605,279,11.32,2026-08-05,Supplier_B
P1079,W119,432,65,30.51,2026-08-13,Supplier_C
P1325,W119,512,101,48.86,2026-05-01,Supplier_B
P1353,W112,429,151,35.77,2026-01-26,Supplier_C
P1303,W103,130,131,83.92,2026-01-04,Supplier_A
P1342,W117,899,157,68.42,2026-05-14,Supplier_A
P1064,W117,240,83,15.38,2026-01-03,Supplier_D
P1086,W105,378,53,11.97,2026-02-17,Supplier_A
P1017,W100,873,120,93.45,2026-03-30,Supplier_D
P1301,W106,194,75,35.42,2026-09-06,Supplier_C
P1016,W104,918,213,43.29,2026-03-07,Supplier_B
P1278,W104,300,179,115.37,2026-09-10,Supplier_B
P1040,W105,741,199,90.39,2026-05-23,Supplier_C
P1115,W103,796,296,33.97,2026-08-09,Supplier_C
P1208,W117,538,74,131.87,2026-01-08,Supplier_C
P1161,W103,812,64,101.5,2026-01-22,
P1321,W103,7,269,97.84,2026-02-11,Supplier_A
P1112,W102,624,266,112.23,2026-03-04,Supplier_C
P1124,W110,783,110,116.42,2026-02-15,Supplier_C
P1331,W106,669,130,132.35,2026-07-07,Supplier_A
P1273,W117,13,195,55.76,2026-08-11,Supplier_B
P1481,W101,711,232,99.0,2026-08-01,Supplier_A
P1082,W107,21,58,80.55,2026-05-01,Supplier_C
P1104,W118,912,238,72.78,2026-03-03,Supplier_C
P1067,W113,648,220,14.0,2026-02-03,Supplier_A
P1382,W116,416,137,149.21,2026-01-14,Supplier_B
P1351,W114,225,224,147.66,2026-05-17,Supplier_C
P1492,W103,794,155,102.79,2026-07-09,Supplier_D
P1277,W116,13,100,76.51,2026-06-24,Supplier_A
P1116,W106,590,153,34.83,2026-08-22,Supplier_B
P1301,W118,349,209,24.52,2026-04-09,Supplier_C
P1495,W119,459,145,109.89,2026-04-25,Supplier_A
P1137,W107,773,70,66.71,2026-02-21,Supplier_C
P1262,W104,271,107,89.16,2026-03-17,Supplier_A
P1410,W115,522,103,94.34,2026-05-09,Supplier_A
P1203,W109,537,186,103.55,2026-01-10,Supplier_C
P1041,W118,223,83,41.25,2026-02-23,Supplier_C
P1434,W113,112,187,49.05,2026-05-27,Supplier_C
P1291,W117,754,100,38.99,2026-09-09,Supplier_B
P1077,W116,284,194,136.22,2026-07-27,Supplier_A
P1044,W109,362,192,87.2,2026-07-17,Supplier_D
P1061,W113,601,178,138.83,2026-07-23,Supplier_C
P1086,W103,5,261,121.93,2026-05-22,Supplier_B
P1475,W105,853,61,23.09,2026-05-16,
P1237,W100,816,129,57.04,2026-08-09,Supplier_D
P1424,W108,233,149,134.43,2026-02-14,Supplier_C
P1321,W102,735,269,128.53,2026-06-19,Supplier_C
P1362,W101,669,150,148.23,2026-02-24,Supplier_A
P1290,W109,253,73,74.91,2026-01-14,Supplier_C
P1087,W104,250,108,53.88,2026-02-28,Supplier_A
P1385,W104,598,53,82.87,2026-06-03,Supplier_A
P1192,W101,661,65,6.04,2026-06-13,Supplier_A
P1437,W112,980,298,77.76,2026-03-28,
P1460,W109,668,92,114.01,2026-08-15,Supplier_B
P1114,W109,955,146,52.33,2026-02-22,Supplier_A
P1362,W116,408,98,47.95,2026-08-22,Supplier_A
P1062,W100,929,119,119.0,2026-04-14,Supplier_A
P1465,W100,69,189,133.6,2026-01-05,Supplier_A
P1144,W114,786,60,113.82,2026-05-21,Supplier_D
P1278,W100,523,190,124.38,2026-04-07,Supplier_A
P1173,W110,141,166,10.3,2026-02-20,Supplier_D
P1003,W107,301,198,6.81,2026-02-05,Supplier_B
P1122,W118,571,166,138.26,2026-04-08,Supplier_A
P1085,W113,11,203,61.26,2026-08-16,Supplier_B
P1012,W100,597,148,72.33,2026-06-15,Supplier_B
P1297,W104,446,274,128.17,2026-01-04,Supplier_B
P1214,W102,500,249,22.4,2026-04-08,Supplier_C
P1410,W119,552,179,34.46,2026-02-07,Supplier_A
P1381,W110,146,229,32.77,2026-01-02,Supplier_D
P1182,W106,348,168,103.35,2026-07-30,Supplier_C
P1032,W103,10,235,43.5,2026-02-23,Supplier_A
P1495,W109,380,144,126.84,2026-09-04,Supplier_D
P1070,W118,349,212,17.87,2026-04-26,Supplier_C
P1046,W117,488,56,85.48,2026-06-24,Supplier_D
P1185,W107,11,290,29.31,2026-06-26,Supplier_D
P1457,W118,578,267,62.54,2026-09-08,Supplier_C
P1447,W101,922,201,22.36,2026-03-04,Supplier_B
P1192,W117,811,274,11.9,2026-09-02,Supplier_D
P1334,W118,962,63,31.3,2026-09-02,Supplier_A
P1282,W111,458,158,41.05,2026-08-15,Supplier_C
P1240,W112,187,247,142.99,2026-03-22,Supplier_C
P1418,W119,144,60,43.53,2026-02-28,Supplier_B
P1126,W116,743,258,139.87,2026-08-08,Supplier_B
P1180,W115,375,110,89.04,2026-07-15,Supplier_D
P1232,W104,127,280,149.76,2026-05-28,Supplier_D
P1104,W104,750,197,58.23,2026-01-31,Supplier_C
P1321,W102,846,298,23.09,2026-02-10, Supplier_B 
P1102,W107,307,273,38.24,2026-07-19,Supplier_B
P1257,W109,410,228,118.85,2026-04-02,Supplier_A
P1214,W104,583,278,128.42,2026-06-14,Supplier_A
P1404,W111,521,128,53.14,2026-06-25,Supplier_D
P1023,W102,721,250,99.95,2026-04-11,Supplier_B
P1144,W111,968,208,39.63,2026-05-11,Supplier_D
P1210,W106,483,227,101.2,2026-07-04,Supplier_A
P1282,W116,932,152,16.7,2026-05-18,Supplier_D
P1440,W110,725,295,52.47,2026-08-21,Supplier_D
P1445,W116,689,288,85.32,2026-08-31,Supplier_A
P1446,W105,45,128,36.95,2026-03-13,Supplier_C
P1225,W103,647,89,85.4,2026-01-16,Supplier_D
P1119,W106,770,100,99.71,2026-09-14,Supplier_D
P1388,W110,770,230,96.66,2026-04-10,Supplier_D
P1176,W100,424,148,25.87,2026-09-11,Supplier_D
P1226,W102,810,243,48.88,2026-03-21,Supplier_C
P1283,W114,888,61,147.8,2026-06-14,Supplier_C
P1362,W114,330,64,51.78,2026-06-28,
P1092,W100,536,216,76.13,2026-08-08,Supplier_A
P1154,W100,469,60,34.09,2026-02-24,Supplier_D
P1434,W100,414,230,11.95,2026-07-20,Supplier_B
P1463,W108,809,159,39.75,2026-04-13,Supplier_A
P1225,W103,428,144,17.91,2026-09-12,Supplier_D
P1068,W101,752,106,58.73,2026-06-11,Supplier_C
P1216,W113,494,263,72.85,2026-01-09,Supplier_B
P1030,W119,749,128,144.52,2026-02-24,Supplier_C
P1333,W119,84,229,12.78,2026-06-06,Supplier_D
P1137,W114,430,219,50.81,2026-03-05,Supplier_B
P1206,W106,908,221,84.31,2026-01-24,Supplier_C
P1477,W104,368,102,109.06,2026-03-28,Supplier_B
P1263,W109,635,68,99.93,2026-09-12,Supplier_B
P1304,W102,325,223,53.68,2026-01-15,Supplier_D
P1472,W105,733,99,24.08,2026-05-03,Supplier_C
P1059,W114,300,227,95.88,2026-07-23,Supplier_C
P1350,W117,254,113,143.7,2026-05-22,Supplier_D
P1412,W117,67,192,106.36,2026-07-27,Supplier_D
P1360,W104,478,121,140.62,2026-06-30,Supplier_A
P1465,W110,200,116,121.49,2026-09-01,Supplier_C
P1254,W110,617,185,22.6,2026-07-23,Supplier_A
P1107,W112,604,282,67.84,2026-02-04,Supplier_A
P1310,W104,243,169,36.3,2026-01-23,Supplier_B
P1481,W108,20,106,144.13,2026-07-04,Supplier_B
P1153,W114,633,276,85.28,2026-03-13,Supplier_D
P1330,W118,129,128,25.97,2026-09-13,Supplier_A
P1288,W114,397,109,132.11,2026-03-30,Supplier_A
P1367,W103,733,59,74.32,2026-04-08,Supplier_C
P1190,W102,933,208,85.64,2026-09-13,Supplier_C
P1236,W104,406,99,48.75,2026-06-26,Supplier_C
P1259,W117,660,58,53.68,2026-06-08,Supplier_B
P1140,W107,385,152,104.35,2026-04-11,Supplier_B
P1431,W118,957,283,46.6,2026-06-16,Supplier_B
P1199,W102,341,223,69.54,2026-06-06,Supplier_D
P1313,W114,210,131,45.36,2026-08-30,Supplier_C
P1112,W103,235,78,130.6,2026-09-04,Supplier_C
P1125,W115,573,108,109.73,2026-01-29,Supplier_D
P1214,W118,345,128,98.41,2026-03-02,Supplier_C
P1000,W117,487,260,96.04,2026-06-13,Supplier_C
P1338,W113,853,125,60.46,2026-03-30,Supplier_C
P1079,W105,471,271,122.75,2026-08-09,Supplier_D
P1342,W117,658,81,116.52,2026-01-06,Supplier_D
P1479,W100,206,271,64.21,2026-09-08,Supplier_D
P1485,W115,703,178,86.72,2026-06-01,Supplier_C
P1320,W108,383,136,46.49,2026-07-17,Supplier_C
P1173,W105,110,108,43.06,2026-04-21,Supplier_D
P1185,W119,7,227,139.91,2026-06-22,Supplier_B
P1287,W118,519,112,90.27,2026-04-07,Supplier_C
P1019,W116,355,223,143.85,2026-09-06,Supplier_A
P1453,W112,755,159,77.93,2026-05-17,Supplier_A
P1166,W118,381,105,102.72,2026-08-18,Supplier_A
P1192,W119,511,253,38.14,2026-02-27,Supplier_D
P1173,W106,759,238,137.79,2026-07-26,Supplier_C
P1382,W103,29,213,104.37,2026-07-24,Supplier_A
P1336,W111,14,65,106.93,2026-06-15,Supplier_B
P1206,W118,56,270,28.99,2026-02-11,Supplier_A
P1341,W119,717,97,104.01,2026-05-26,Supplier_A
P1057,W113,105,169,136.7,2026-06-04,Supplier_B
P1107,W107,1,234,37.46,2026-05-13,Supplier_B
P1486,W105,194,118,18.63,2026-06-30,Supplier_A
P1449,W115,102,294,106.85,2026-01-09,Supplier_D
P1056,W114,306,166,4.06,2026-04-26,Supplier_C
P1167,W110,325,64,65.11,2026-04-02,Supplier_D
P1310,W111,483,259,4.64,2026-04-11,Supplier_A
P1036,W104,132,250,32.69,2026-03-05,Supplier_D
P1147,W108,213,88,95.29,2026-03-18,Supplier_B
P1240,W117,488,96,14.96,2026-05-15,Supplier_D
P1413,W103,356,277,18.75,2026-02-27,Supplier_B
P1273,W118,354,92,99.58,2026-05-11,Supplier_A
P1243,W111,924,112,116.55,2026-03-23,Supplier_D
P1346,W105,50,204,48.29,2026-09-08,Supplier_D
P1148,W114,296,151,88.39,2026-05-16,Supplier_A
P1398,W101,441,287,88.85,2026-03-07,Supplier_C
P1153,W110,194,90,45.77,2026-06-18,
P1001,W111,950,276,42.98,2026-02-22,Supplier_D
P1103,W109,734,299,92.87,2026-07-04,Supplier_A
P1112,W118,305,57,10.68,2026-07-14,Supplier_C
P1019,W108,785,218,117.41,2026-06-14,Supplier_C
P1239,W116,692,293,103.5,2026-06-03,Supplier_C
P1045,W111,27,107,10.96,2026-06-19, 
P1270,W106,-5,73,109.07,2026-03-19,Supplier_B
P1090,W119,703,192,79.13,2026-09-04,Supplier_A
P1430,W109,492,202,2.71,2026-04-22,Supplier_B
P1496,W114,533,253,92.33,2026-08-23,Supplier_C
P1295,W101,928,219,140.77,2026-04-05,Supplier_B
P1377,W117,334,146,77.71,2026-01-12,Supplier_B
P1110,W110,413,255,130.53,2026-05-13,Supplier_D
P1048,W103,838,69,3.55,2026-02-28,Supplier_D
P1031,W100,33,252,26.73,2026-08-12,Supplier_A
P1339,W107,915,222,61.99,2026-04-13,Supplier_D
P1465,W117,991,198,81.93,2026-05-17,Supplier_C
P1156,W119,476,184,141.91,2026-03-27,Supplier_D
P1074,W100,525,73,22.71,2026-05-17,Supplier_C
P1104,W118,18,257,40.1,2026-03-03,Supplier_C
P1271,W112,903,144,69.56,2026-06-13,Supplier_C
P1305,W103,346,62,52.07,2026-01-10,Supplier_D
P1250,W103,67,261,105.73,2026-05-29,Supplier_A
P1118,W107,306,198,36.92,2026-01-31,Supplier_D
P1434,W108,5,191,64.35,2026-01-06,Supplier_B
P1199,W100,599,278,24.75,2026-07-18,Supplier_B
P1331,W105,965,80,21.07,2026-01-11,Supplier_A
P1422,W115,656,247,28.99,2026-07-22,Supplier_D
P1356,W102,914,52,61.26,2026-09-10,Supplier_A
P1376,W113,872,296,14.61,2026-01-07,Supplier_D
P1328,W113,465,75,91.58,2026-09-11,Supplier_B
P1385,W115,780,82,63.9,2026-07-24,Supplier_B
P1468,W109,122,297,40.91,2026-03-06,Supplier_D
P1409,W111,279,161,91.92,2026-05-18,Supplier_A
P1195,W116,483,74,96.12,2026-01-16,Supplier_B
P1329,W106,532,86,136.28,2026-03-07,Supplier_A
P1304,W102,510,240,6.65,2026-04-21,SUPPLIER_C
P1028,W119,2,220,142.25,2026-04-21,SUPPLIER_C
P1140,W111,842,207,61.05,2026-01-27,Supplier_C
P1478,W112,643,270,42.13,2026-01-16,Supplier_D
P1478,W109,696,210,36.69,2026-04-04,Supplier_B
P1228,W111,795,102,124.52,2026-08-29,Supplier_B
P1292,W113,633,197,52.82,2026-04-22,Supplier_D
P1116,W114,774,234,13.48,2026-04-29,Supplier_D
P1480,W119,827,187,73.24,2026-06-14,Supplier_A
P1039,W106,998,286,86.69,2026-03-20,Supplier_C
P1258,W118,473,233,13.82,2026-04-02,Supplier_C
P1297,W101,23,75,99.04,2026-06-12,Supplier_D
P1249,W106,149,76,142.22,2026-09-10,Supplier_B
P1260,W106,747,79,131.66,2026-01-13,Supplier_C
P1437,W109,217,184,148.66,2026-03-14,Supplier_D
P1147,W101,84,60,95.58,2026-07-24,Supplier_B
P1359,W118,190,53,25.58,2026-09-12,Supplier_A
P1342,W111,471,71,82.25,2026-03-22,Supplier_A
P1423,W101,19,223,51.53,2026-02-04,Supplier_B
P1055,W119,331,98,75.99,2026-03-27,Supplier_B
P1274,W117,84,242,50.4,2026-06-30,Supplier_C
P1441,W108,758,134,67.35,2026-09-08,Supplier_D
P1296,W106,270,180,36.83,2026-02-08,Supplier_C
P1440,W100,686,222,118.83,2026-07-04,Supplier_D
P1232,W108,541,65,133.54,2026-08-20,Supplier_A
P1155,W117,521,200,84.24,2026-09-09,Supplier_C
P1016,W116,9,223,104.54,2026-04-29,Supplier_B
P1005,W106,951,299,15.12,2026-03-04,Supplier_B
P1356,W103,427,100,80.29,2026-09-03,Supplier_C
P1273,W111,463,140,60.57,2026-06-18,Supplier_A
P1251,W119,179,142,72.48,2026-05-04,Supplier_C
P1445,W102,275,137,34.39,2026-07-27,Supplier_C
P1039,W116,513,67,48.1,2026-04-27,Supplier_C
P1093,W110,45,207,4.31,2026-08-16,Supplier_B
P1452,W105,741,161,32.96,2026-07-15,Supplier_B
P1280,W114,729,288,148.29,2026-01-22,Supplier_B
P1453,W111,39,255,80.18,2026-04-23,Supplier_B
P1412,W106,761,125,92.16,2026-07-21,Supplier_C
P1242,W118,875,287,149.36,2026-03-01,Supplier_B
P1416,W116,280,112,113.47,2026-05-24,Supplier_D
P1221,W115,277,194,139.85,2026-05-03,Supplier_D
P1257,W106,424,108,124.08,2026-07-29,Supplier_C
P1153,W106,721,75,21.66,2026-03-26,Supplier_B
P1297,W118,167,64,93.92,2026-03-23,Supplier_A
P1380,W110,10,59,67.59,2026-04-07,Supplier_A
P1060,W106,632,234,145.87,2026-04-17,Supplier_D
P1362,W107,374,170,106.95,2026-07-30,Supplier_C
P1418,W117,578,119,22.03,2026-02-07,Supplier_A
P1153,W118,778,242,134.42,2026-06-22,Supplier_A
P1207,W101,298,212,101.56,2026-08-14,Supplier_B
P1278,W114,945,249,54.71,2026-02-25,
P1201,W100,291,253,31.58,2026-09-01,
P1146,W102,506,191,122.36,2026-04-17,Supplier_D
P1258,W118,275,190,41.16,2026-01-06,Supplier_B
P1012,W115,425,132,104.68,2026-01-27,Supplier_C
P1237,W105,352,172,136.44,2026-04-10,Supplier_C
P1126,W101,396,75,68.14,2026-01-15,Supplier_D
P1025,W117,678,59,30.45,2026-07-08,Supplier_C
P1431,W115,651,75,101.72,2026-07-14,Supplier_B
P1028,W114,140,82,125.33,2026-06-08,Supplier_C
P1249,W116,411,235,100.78,2026-05-09,Supplier_C
P1189,W111,205,218,9.16,2026-02-11,Supplier_D
P1058,W112,958,154,87.1,2026-06-14,Supplier_B
P1384,W100,326,61,28.76,2026-07-26,Supplier_A
P1220,W105,280,83,149.7,2026-09-06,Supplier_B
P1313,W117,773,219,78.84,2026-06-06,
P1299,W115,175,244,101.5,2026-03-18,Supplier_A
P1212,W100,371,64,139.17,2026-08-21,Supplier_D
P1238,W100,644,143,56.99,2026-06-12,Supplier_C
P1467,W106,935,102,113.16,2026-04-17,Supplier_C
P1249,W112,386,242,58.68,2026-04-09,Supplier_C
P1473,W116,1,137,92.77,2026-02-19,Supplier_C
P1374,W108,284,199,84.76,2026-05-05,Supplier_D
P1408,W111,629,128,110.42,2026-01-10,Supplier_B
P1040,W105,626,165,14.83,2026-03-08,Supplier_D
P1271,W115,481,244,7.45,2026-02-14,Supplier_B
P1494,W103,79,269,37.21,2026-06-17,Supplier_D
P1450,W112,868,193,92.49,2026-09-09,Supplier_D
P1184,W110,260,229,41.67,2026-05-03,Supplier_A
P1221,W100,220,96,97.58,2026-03-21,Supplier_D
P1391,W103,523,82,65.25,2026-01-04,Supplier_B
P1181,W106,504,121,50.92,2026-04-18,Supplier_A
P1385,W118,154,286,133.11,2026-07-30,Supplier_B
P1436,W100,48,213,111.73,2026-02-21,Supplier_B
P1489,W114,632,62,41.85,2026-07-13,Supplier_B
P1187,W100,561,145,120.46,2026-04-05,Supplier_B
P1082,W105,237,293,99.76,2026-03-14,Supplier_C
P1233,W112,380,212,109.26,2026-09-15,Supplier_C
P1385,W116,251,238,32.67,2026-08-29,Supplier_B
P1381,W112,810,145,139.36,2026-05-28,Supplier_A
P1095,W109,337,127,91.14,2026-08-30,
P1155,W108,899,158,127.01,2026-04-30,Supplier_C
P1226,W110,482,106,45.37,2026-02-14,Supplier_D
P1368,W111,286,236,121.61,2026-02-02,Supplier_D
P1465,W115,631,202,128.02,2026-01-08,Supplier_C
P1445,W115,288,53,33.7,2026-03-07,Supplier_A
P1305,W100,996,256,80.05,2026-01-31,Supplier_A
P1338,W104,692,159,34.38,2026-05-31,Supplier_D
P1237,W110,904,134,7.72,2026-02-27,Supplier_D
P1119,W118,267,197,84.96,2026-07-28,Supplier_C
P1263,W100,62,170,143.21,2026-02-18,Supplier_B
P1009,W109,28,167,28.35,2026-02-02,Supplier_A
P1119,W113,749,271,72.34,2026-04-07,Supplier_D
P1197,W118,193,216,120.21,2026-05-08,Supplier_D
P1235,W101,154,220,6.18,2026-08-08,
P1314,W110,78,294,144.85,2026-03-30,Supplier_D
P1329,W106,709,254,99.58,2026-07-09,Supplier_C
P1464,W110,157,150,117.99,2026-09-02,Supplier_D
P1441,W107,637,240,68.85,2026-02-01,Supplier_A
P1424,W116,664,248,17.54,2026-02-22,Supplier_C
P1265,W102,285,107,128.68,2026-07-10,Supplier_B
P1107,W117,543,76,139.76,2026-07-28,Supplier_D
P1250,W114,487,119,92.05,2026-08-30,Supplier_C
P1406,W118,632,212,121.3,2026-02-25,Supplier_A
P1248,W106,26,257,75.41,2026-08-01,Supplier_D
P1122,W102,965,268,135.31,2026-06-28,Supplier_A
P1003,W116,-6,297,69.06,2026-03-23,Supplier_D
P1261,W118,692,242,29.78,2026-08-10,Supplier_A
P1178,W117,412,207,54.18,2026-05-03,Supplier_A
P1458,W101,910,149,97.5,2026-01-05,Supplier_A
P1263,W107,12,178,66.2,2026-03-26,Supplier_C
P1291,W110,625,224,12.71,2026-07-28,
P1395,W117,94,131,19.59,2026-08-04,Supplier_D
P1140,W119,90,259,3.96,2026-01-24,Supplier_C
P1287,W117,981,146,20.2,2026-04-15,Supplier_B
P1178,W100,942,217,62.82,2026-03-12,Supplier_B
P1232,W102,816,79,43.79,2026-08-15,Supplier_B
P1000,W102,644,114,38.59,2026-04-18,Supplier_B
P1396,W119,261,53,134.15,2026-07-28,Supplier_D
P1120,W117,10,81,82.97,2026-08-11,Supplier_A
P1014,W117,201,180,128.18,2026-07-16,Supplier_B
P1169,W109,129,225,90.02,2026-04-02,Supplier_C
P1231,W114,882,98,149.98,2026-01-11,Supplier_C
P1126,W114,775,80,80.82,2026-02-04,Supplier_D
P1015,W109,680,259,37.28,2026-04-15,Supplier_C
P1272,W111,184,96,133.61,2026-08-22, Supplier_B 
P1005,W110,805,234,11.34,2026-05-25,
P1340,W105,643,260,20.71,2026-02-04,Supplier_B
P1350,W114,527,85,78.61,2026-03-23,Supplier_C
P1204,W102,356,78,51.85,2026-04-18,Supplier_C
P1083,W107,837,88,56.93,2026-02-06,Supplier_A
P1023,W115,303,228,139.89,2026-08-15,Supplier_D
P1438,W110,603,277,94.85,2026-06-26,Supplier_D
P1203,W119,624,87,128.25,2026-07-13,Supplier_A
P1216,W103,280,179,70.7,2026-09-06,supplier_a
P1383,W118,442,112,132.59,2026-04-20,Supplier_A
P1086,W111,989,201,44.54,2026-06-23,Supplier_D
P1458,W119,702,256,109.45,2026-01-24,Supplier_A
P1138,W102,805,196,61.47,2026-03-31,Supplier_A
P1466,W113,602,180,30.54,2026-03-08,Supplier_C
P1031,W113,360,178,45.05,2026-01-06,Supplier_D
P1297,W116,261,100,30.55,2026-05-21,Supplier_C
P1288,W111,698,294,6.53,2026-09-10,Supplier_A
P1464,W115,812,76,134.32,2026-04-23,Supplier_B
P1414,W111,964,51,135.95,2026-01-12,Supplier_D
P1374,W105,751,143,9.65,2026-02-18,Supplier_D
P1246,W100,89,209,35.66,2026-03-08,Supplier_D
P1427,W112,734,166,124.98,2026-05-15,Supplier_B
P1067,W106,526,131,45.22,2026-01-15,Supplier_C
P1309,W111,-2,54,35.25,2026-08-17,Supplier_B
P1404,W102,891,90,5.96,2026-05-24,Supplier_A
P1204,W116,-8,254,44.81,2026-04-01,Supplier_A
P1382,W107,101,241,120.66,2026-05-23,Supplier_D
P1454,W110,956,280,54.42,2026-02-20,Supplier_D
P1203,W119,846,235,103.01,2026-04-20,Supplier_C
P1392,W101,610,233,37.59,2026-04-21,Supplier_B
P1284,W109,29,291,128.28,2026-06-30,Supplier_D
P1072,W116,130,272,38.31,2026-08-03,Supplier_A
P1362,W108,21,102,23.82,2026-08-28,Supplier_C
P1156,W115,736,129,25.19,2026-03-17,Supplier_A
P1429,W115,789,182,33.09,2026-01-16,Supplier_B
P1205,W116,595,208,94.55,2026-08-31,Supplier_B
P1039,W107,660,203,28.17,2026-02-02,Supplier_C
P1403,W101,544,89,51.16,2026-01-10,Supplier_A
P1487,W105,493,97,36.77,2026-02-25,Supplier_A
P1137,W117,26,56,149.28,2026-05-19,Supplier_A
P1463,W119,855,299,35.82,2026-09-05,Supplier_C
P1442,W118,488,176,141.93,2026-04-25,Supplier_C
P1054,W100,786,82,48.07,2026-05-22,Supplier_A
P1484,W102,831,157,120.84,2026-03-13,Supplier_A
P1129,W102,698,180,112.86,2026-08-28,Supplier_B
P1198,W119,542,53,124.16,2026-03-30,Supplier_C
P1255,W105,283,292,81.06,2026-03-30,Supplier_A
P1192,W112,308,292,140.65,2026-01-26,Supplier_B
P1197,W117,340,294,21.64,2026-07-08,
P1429,W102,485,184,49.78,2026-01-06, Supplier_A 
P1176,W109,625,90,133.88,2026-01-14,Supplier_D
P1097,W101,87,277,115.4,2026-02-23,Supplier_D
P1001,W110,241,97,114.04,2026-07-04,Supplier_C
P1158,W108,785,229,128.54,2026-02-08,
P1147,W106,516,159,84.83,2026-08-26,Supplier_B
P1034,W115,501,163,93.46,2026-05-26,Supplier_C
P1309,W115,86,87,120.52,2026-07-29,Supplier_D
P1317,W105,761,160,68.97,2026-03-09,Supplier_D
P1064,W100,522,195,85.88,2026-03-07,Supplier_A
P1430,W101,735,166,45.14,2026-01-10,Supplier_A
P1006,W116,594,278,36.88,2026-07-28,Supplier_C
P1353,W111,888,84,1.77,2026-08-03, Supplier_D 
P1175,W104,512,295,88.43,2026-09-04,Supplier_A
P1184,W110,598,71,17.07,2026-05-06,Supplier_D
P1436,W114,670,135,2.34,2026-07-29,Supplier_C
P1266,W118,946,273,16.89,2026-05-21,Supplier_B
P1226,W108,978,133,7.23,2026-05-03,Supplier_D
P1290,W119,375,91,119.5,2026-05-17,Supplier_B
P1143,W103,889,246,9.44,2026-02-02,Supplier_A
P1308,W109,949,287,147.24,2026-07-10,Supplier_C
P1188,W113,244,126,108.58,2026-03-25,Supplier_A
P1306,W107,507,166,54.11,2026-05-08,Supplier_B
P1241,W115,292,286,30.5,2026-07-03,Supplier_C
P1037,W104,434,292,75.31,2026-04-04,Supplier_D
P1210,W114,473,159,12.3,2026-02-01,Supplier_D
P1074,W112,838,89,47.66,2026-03-11,Supplier_C
P1221,W118,837,234,111.17,2026-01-22,Supplier_C
P1226,W103,508,184,106.45,2026-02-05,Supplier_A
P1097,W100,424,92,73.31,2026-07-21,Supplier_C
P1025,W107,749,242,22.14,2026-07-25,Supplier_D
P1139,W115,611,244,24.01,2026-07-08,Supplier_B
P1247,W110,391,200,106.53,2026-02-24,Supplier_B
P1080,W103,863,103,25.14,2026-07-05,
P1299,W106,254,149,82.56,2026-02-05,Supplier_C
P1381,W119,571,105,95.82,2026-08-26,Supplier_B
P1087,W102,331,150,12.73,2026-05-15,Supplier_D
P1254,W109,766,88,63.16,2026-09-09,Supplier_A
P1224,W101,184,268,102.22,2026-08-14,Supplier_C
P1275,W105,164,228,93.45,2026-03-23,Supplier_A
P1123,W113,427,262,3.2,2026-05-05,Supplier_C
P1121,W104,602,119,42.33,2026-05-25,Supplier_A
P1356,W114,671,200,67.92,2026-04-18,Supplier_C
P1363,W107,910,247,73.64,2026-08-09,Supplier_D
P1172,W119,577,211,122.02,2026-07-21,Supplier_A
P1337,W101,159,207,29.93,2026-08-03,Supplier_D
P1168,W113,96,284,30.09,2026-05-25,Supplier_D
P1206,W106,383,90,2.95,2026-08-13,Supplier_D
P1108,W110,517,289,117.78,2026-05-30,Supplier_D
P1161,W110,667,187,61.85,2026-08-09,Supplier_C
P1383,W103,530,271,52.43,2026-06-21,Supplier_D
P1301,W115,385,127,146.76,2026-01-04,Supplier_C
P1279,W104,325,182,60.39,2026-04-22,Supplier_D
P1401,W110,94,297,11.64,2026-05-04,Supplier_C
P1297,W107,446,249,23.97,2026-07-03,Supplier_A
P1283,W107,921,57,121.31,2026-01-10,Supplier_D
P1398,W115,710,136,130.55,2026-05-17,Supplier_A
P1196,W105,248,119,52.08,2026-07-16,Supplier_A
P1349,W104,308,256,149.68,2026-01-25,Supplier_A
P1308,W113,770,284,132.04,2026-02-22,Supplier_D
P1378,W102,391,126,89.66,2026-06-14,Supplier_D
P1280,W107,267,92,137.95,2026-03-10,Supplier_B
P1324,W111,48,281,48.54,2026-08-18,Supplier_B
P1282,W100,315,208,15.24,2026-07-27,Supplier_B
P1292,W100,558,133,131.75,2026-06-28,Supplier_C
P1207,W109,728,91,104.38,2026-01-20,Supplier_D
P1031,W108,921,153,141.47,2026-07-21,Supplier_B
P1101,W112,587,173,34.55,2026-01-18,Supplier_A
P1155,W118,665,158,6.64,2026-05-07,Supplier_A
P1131,W108,438,158,27.55,2026-01-19,supplier_c
P1093,W116,511,53,57.14,2026-08-21,Supplier_C
P1385,W118,125,81,149.91,2026-07-05,Supplier_B
P1271,W100,451,273,110.1,2026-09-14,Supplier_C
P1165,W113,529,139,70.85,2026-06-25,Supplier_A
P1488,W107,843,78,122.88,2026-07-29,Supplier_A
P1021,W100,2,142,122.55,2026-04-14,Supplier_B
P1155,W112,386,204,75.09,2026-08-01,Supplier_C
P1360,W114,572,268,111.51,2026-04-30,Supplier_A
P1279,W112,362,240,19.15,2026-03-09,Supplier_B
P1118,W110,562,116,10.02,2026-03-30,Supplier_D
P1481,W118,204,161,50.15,2026-03-04,Supplier_D
P1228,W107,594,72,24.23,2026-05-13,Supplier_D
P1137,W102,394,273,85.27,2026-06-22,Supplier_D
P1152,W110,853,253,70.21,2026-09-06,Supplier_A
P1264,W115,132,114,111.91,2026-07-12,Supplier_A
P1106,W117,17,133,1.74,2026-05-01,Supplier_B
P1171,W109,570,142,85.87,2026-05-11,Supplier_A
P1259,W113,171,171,134.99,2026-04-22,Supplier_A
P1028,W112,400,191,138.56,2026-05-07,Supplier_B
P1119,W108,7,121,121.46,2026-09-12,Supplier_B
P1455,W113,435,169,139.96,2026-02-05,Supplier_C
P1112,W110,434,139,137.71,2026-03-31,Supplier_D
P1257,W113,795,214,89.83,2026-05-06,Supplier_C
P1276,W107,948,125,47.8,2026-07-31,Supplier_D
P1008,W118,482,175,49.2,2026-04-23,Supplier_C
P1254,W108,476,75,55.35,2026-01-20,Supplier_C
P1219,W118,954,252,95.11,2026-08-12,Supplier_D
P1213,W102,259,121,80.76,2026-03-02,Supplier_C
P1306,W119,818,81,36.94,2026-04-25,Supplier_B
P1102,W115,793,161,102.21,2026-08-16,Supplier_C
P1469,W109,583,172,105.42,2026-08-28,Supplier_A
P1147,W107,565,281,59.09,2026-02-01,Supplier_A
P1380,W106,323,272,90.66,2026-07-22,Supplier_D
P1019,W107,599,258,119.47,2026-03-03,Supplier_B
P1085,W105,156,73,52.81,2026-09-01,Supplier_D
P1184,W117,370,71,69.49,2026-01-25,Supplier_C
P1131,W109,714,169,74.59,2026-02-11,Supplier_D
P1082,W104,287,195,95.14,2026-08-27,Supplier_A
P1073,W107,366,232,35.11,2026-02-03,Supplier_A
P1099,W100,406,199,11.88,2026-07-30,Supplier_D
P1111,W108,424,236,110.66,2026-07-16,Supplier_D
P1344,W100,752,138,90.14,2026-04-13,Supplier_A
P1410,W106,729,170,107.62,2026-05-17,Supplier_C
P1088,W117,826,266,97.86,2026-02-14,Supplier_C
P1285,W116,615,97,27.89,2026-01-29,Supplier_D
P1048,W116,913,97,107.67,2026-06-18,Supplier_A
P1463,W103,14,146,100.31,2026-06-24,Supplier_B
P1436,W109,260,170,51.57,2026-07-15,Supplier_B
P1433,W102,552,234,118.33,2026-09-07,Supplier_C
P1371,W112,705,292,17.7,2026-03-26,Supplier_C
P1394,W102,190,155,99.12,2026-05-16, 
P1302,W108,556,289,148.5,2026-03-07,Supplier_C
P1275,W102,506,228,3.33,2026-08-19,Supplier_D
P1081,W107,232,148,141.83,2026-05-21,Supplier_A
P1287,W114,5,165,125.91,2026-03-09,Supplier_D
P1254,W117,610,63,139.28,2026-01-18,Supplier_A
P1392,W105,682,64,88.77,2026-08-15,Supplier_A
P1371,W108,490,213,132.07,2026-06-01,Supplier_A
P1015,W111,988,77,108.32,2026-04-02,Supplier_C
P1330,W106,295,212,60.23,2026-08-25,Supplier_C
P1228,W104,932,160,109.44,2026-03-02,Supplier_D
P1409,W102,463,70,87.96,2026-08-23,Supplier_D
P1248,W104,182,64,63.64,2026-02-02,Supplier_C
P1308,W103,597,64,144.63,2026-04-09,Supplier_A
P1265,W100,176,230,44.81,2026-08-13,Supplier_A
P1479,W108,243,237,143.67,2026-06-25,Supplier_C
P1097,W101,797,123,29.57,2026-07-24,Supplier_B
P1105,W111,914,96,134.21,2026-06-06,Supplier_D
P1036,W115,445,225,67.07,2026-08-03,Supplier_D
P1250,W105,292,259,43.45,2026-08-14,Supplier_B
P1269,W119,679,68,83.22,2026-02-27,Supplier_A
P1166,W119,6,65,48.57,2026-05-15,Supplier_B
P1119,W112,344,230,74.64,2026-04-24,Supplier_B
P1377,W110,6,145,10.0,2026-07-31,Supplier_C
P1458,W115,385,202,44.19,2026-05-22,Supplier_D
P1242,W110,140,293,1.34,2026-04-29,Supplier_C
P1089,W107,97,190,140.35,2026-07-12,Supplier_C
P1156,W109,843,137,23.17,2026-02-12,Supplier_C
P1252,W119,702,192,49.04,2026-08-25,Supplier_B
P1314,W100,27,157,1.59,2026-06-11,Supplier_A
P1080,W115,108,273,33.42,2026-01-06,Supplier_B
P1299,W114,18,256,105.83,2026-09-14,Supplier_C
P1002,W116,833,268,92.32,2026-09-02,Supplier_C
P1007,W105,117,196,1.84,2026-01-07,Supplier_B
P1386,W110,157,150,110.49,2026-01-31,Supplier_A
P1301,W105,362,87,7.25,2026-03-21,Supplier_B
P1309,W110,6,236,87.3,2026-07-08,Supplier_D
P1001,W113,416,273,71.06,2026-02-25,Supplier_C
P1065,W118,960,74,34.65,2026-03-29,Supplier_B
P1348,W113,896,209,31.72,2026-02-26,Supplier_B
P1146,W106,637,216,127.19,2026-07-21,Supplier_C
P1218,W113,542,153,100.87,2026-01-24,Supplier_D
P1204,W113,897,105,115.37,2026-03-27,Supplier_B
P1388,W118,374,134,97.54,2026-06-16,Supplier_C
P1465,W101,519,154,107.41,2026-05-08,Supplier_B
P1261,W100,499,276,1.91,2026-05-01,Supplier_D
P1136,W105,772,199,116.25,2026-05-15,Supplier_B
P1056,W107,693,150,45.48,2026-05-30,Supplier_B
P1236,W115,902,60,106.68,2026-02-05,Supplier_B
P1224,W113,228,221,104.44,2026-02-28,Supplier_D
P1314,W105,637,225,47.82,2026-01-01,Supplier_B
P1214,W112,836,240,89.59,2026-03-29,Supplier_D
P1128,W117,880,63,117.57,2026-03-31,Supplier_A
P1000,W107,293,287,92.21,2026-01-18,Supplier_D
P1121,W113,911,103,116.9,2026-02-07,Supplier_A
P1078,W114,273,85,1.33,2026-04-25,Supplier_C
P1307,W114,764,237,24.21,2026-03-10,Supplier_C
P1382,W106,306,183,7.51,2026-02-06,Supplier_C
P1331,W112,382,69,90.72,2026-07-30,Supplier_B
P1142,W102,585,216,81.9,2026-01-13,Supplier_B
P1432,W116,10,67,60.91,2026-03-13,Supplier_B
P1333,W113,466,210,22.47,2026-03-18,Supplier_D
P1002,W107,713,103,117.88,2026-04-07,Supplier_B
P1022,W103,674,267,41.16,2026-08-23,Supplier_B
P1082,W111,687,249,57.05,2026-01-01,Supplier_D
P1403,W102,927,216,53.04,2026-09-07,Supplier_B
P1021,W104,311,155,114.1,2026-03-31,
P1441,W100,180,137,142.47,2026-08-03,Supplier_C
P1361,W112,289,225,60.7,2026-05-06,Supplier_C
P1473,W103,547,152,135.32,2026-05-04,Supplier_A
P1223,W103,127,193,31.69,2026-03-18,Supplier_B
P1350,W112,596,90,39.36,2026-04-11,Supplier_C
P1021,W102,316,141,29.93,2026-04-24,Supplier_C
P1166,W118,84,261,36.11,2026-01-27,Supplier_D
P1179,W100,381,119,132.84,2026-01-07,Supplier_A
P1281,W103,147,204,140.63,2026-03-20,Supplier_C
P1133,W117,10,236,100.83,2026-04-15,Supplier_D
P1127,W102,779,91,70.22,2026-03-29,Supplier_C
P1020,W111,71,84,67.5,2026-06-15,Supplier_A
P1035,W116,378,111,112.74,2026-03-25,Supplier_C
P1436,W106,466,142,110.95,2026-03-03,Supplier_A
P1338,W112,363,245,108.84,2026-03-14,Supplier_A
P1326,W102,118,260,60.15,2026-05-18,Supplier_D
P1305,W117,161,128,55.13,2026-01-05,Supplier_C
P1283,W105,260,108,106.74,2026-01-21,Supplier_A
P1040,W103,385,104,38.99,2026-07-19,Supplier_B
P1406,W114,384,98,62.53,2026-03-12,Supplier_C
P1076,W117,78,172,56.88,2026-03-08,Supplier_C
P1320,W107,4,79,17.41,2026-05-19,Supplier_D
P1307,W116,883,225,77.07,2026-02-18,Supplier_D
P1141,W109,908,149,138.52,2026-09-05,Supplier_A
P1099,W114,410,105,8.99,2026-06-05,Supplier_A
P1109,W113,256,62,44.82,2026-07-27,Supplier_C
P1167,W111,936,297,118.42,2026-01-23,Supplier_D
P1337,W113,116,231,39.26,2026-01-12,Supplier_A
P1354,W115,249,297,2.22,2026-07-25,Supplier_B
P1261,W111,626,62,49.67,2026-05-18,Supplier_B
P1487,W113,733,62,22.35,2026-09-15,Supplier_C
P1133,W103,915,65,20.06,2026-03-22,
P1394,W107,518,249,110.35,2026-05-09,Supplier_A
P1499,W113,325,289,85.06,2026-08-21,Supplier_C
P1383,W108,552,298,82.91,2026-08-11,Supplier_D
P1408,W108,219,76,124.25,2026-01-13,Supplier_C
P1269,W101,613,290,146.44,2026-03-28,Supplier_B
P1260,W118,660,196,93.76,2026-01-08,Supplier_C
P1360,W113,793,179,38.73,2026-03-31,Supplier_D
P1326,W108,769,82,20.51,2026-08-26,Supplier_B
P1465,W113,419,75,101.54,2026-07-25,Supplier_D
P1334,W119,620,252,56.81,2026-01-12,Supplier_C
P1155,W106,721,264,15.61,2026-05-18,Supplier_D
P1330,W116,17,259,11.96,2026-06-11,Supplier_C
P1206,W111,535,90,128.71,2026-01-24,Supplier_B
P1325,W105,344,161,56.99,2026-04-06,Supplier_D
P1080,W105,71,105,119.94,2026-01-09,Supplier_B
P1411,W105,147,228,37.78,2026-03-28,Supplier_B
P1204,W100,13,184,144.2,2026-08-10,Supplier_D
P1147,W119,450,118,96.68,2026-03-09,Supplier_D
P1211,W110,850,193,3.66,2026-08-23,Supplier_D
P1164,W109,665,249,141.5,2026-03-26,Supplier_B
P1263,W105,192,85,5.95,2026-09-09,Supplier_A
P1009,W116,975,227,93.81,2026-03-24,Supplier_B
P1345,W110,182,266,76.89,2026-06-19,Supplier_B
P1241,W104,761,296,94.31,2026-04-20, 
P1038,W101,356,279,89.09,2026-04-07,Supplier_A
P1122,W105,568,279,133.39,2026-09-08,Supplier_D
P1381,W104,970,103,34.96,2026-05-29,Supplier_A
P1296,W115,233,187,106.64,2026-06-11, Supplier_A 
P1256,W109,5,95,45.92,2026-04-26,Supplier_B
P1401,W112,486,163,80.15,2026-08-16,Supplier_C
P1068,W100,80,173,46.79,2026-05-17,Supplier_D
P1288,W109,779,234,146.78,2026-01-27,Supplier_B
P1417,W116,187,269,108.98,2026-02-08,Supplier_A
P1078,W118,885,274,28.53,2026-04-06,Supplier_C
P1063,W100,6,110,19.36,2026-07-16,Supplier_C
P1024,W108,752,52,136.31,2026-05-17,Supplier_C
P1269,W115,210,260,43.42,2026-01-19,Supplier_B
P1207,W118,202,214,135.6,2026-06-26,Supplier_C
P1145,W112,564,124,20.89,2026-08-02,Supplier_A
P1205,W109,309,206,23.1,2026-05-30,Supplier_C
P1240,W100,802,272,138.73,2026-04-12,Supplier_D
P1023,W106,339,245,117.55,2026-03-15,Supplier_D
P1293,W103,32,290,13.58,2026-01-05,Supplier_B
P1336,W105,409,145,61.9,2026-07-30,Supplier_B
P1263,W101,691,113,56.07,2026-06-19,Supplier_C
P1344,W112,695,117,63.97,2026-04-27,Supplier_B
P1054,W114,34,109,133.55,2026-03-02,Supplier_C
P1435,W100,856,254,139.05,2026-03-16,Supplier_A
P1074,W110,990,249,87.99,2026-05-15,Supplier_B
P1369,W100,838,102,121.22,2026-05-03,Supplier_B
P1002,W119,980,264,127.38,2026-04-01,Supplier_C
P1104,W104,954,248,9.57,2026-08-19,
P1391,W119,58,113,135.67,2026-01-26,Supplier_C
P1336,W114,485,226,146.51,2026-07-19,Supplier_A
P1217,W108,486,94,37.77,2026-06-11,Supplier_D
P1452,W108,334,115,44.67,2026-06-05,Supplier_B
P1436,W112,339,133,65.33,2026-06-22,Supplier_B
P1405,W117,993,102,77.37,2026-08-20,Supplier_A
P1176,W116,218,64,74.75,2026-05-02,Supplier_C
P1051,W115,187,272,91.23,2026-05-15,Supplier_D
P1001,W116,878,253,17.79,2026-06-18,Supplier_C
P1036,W119,616,112,44.16,2026-05-20,Supplier_A
P1471,W117,928,73,137.64,2026-03-02,Supplier_B
P1447,W102,571,114,7.73,2026-04-22,Supplier_A
P1055,W114,912,124,43.75,2026-03-11,Supplier_B
P1479,W109,296,174,147.52,2026-04-30,Supplier_D
P1489,W108,158,64,2.8,2026-08-12,Supplier_A
P1407,W102,443,272,70.84,2026-07-15,Supplier_D
P1383,W114,258,238,81.2,2026-02-06,Supplier_B
P1285,W106,-1,263,10.79,2026-08-02,Supplier_B
P1004,W119,884,201,142.55,2026-04-04,Supplier_D
P1182,W101,751,209,144.91,2026-07-08,Supplier_C
P1014,W100,501,113,124.08,2026-04-04,Supplier_C
P1084,W108,982,215,39.88,2026-04-25,Supplier_C
P1039,W116,140,219,95.62,2026-01-17,Supplier_D
P1171,W117,285,285,9.6,2026-02-04,Supplier_B
P1036,W106,397,114,149.48,2026-08-25,Supplier_A
P1155,W114,884,171,85.13,2026-04-22,Supplier_D
P1083,W112,418,178,127.7,2026-04-09,Supplier_C
P1296,W104,506,153,70.45,2026-05-15,Supplier_C
P1157,W108,839,54,119.17,2026-06-03,Supplier_B
P1019,W116,529,121,117.41,2026-06-20,Supplier_D
P1196,W108,-1,176,90.05,2026-03-16,Supplier_B
P1473,W107,389,187,54.07,2026-01-08,Supplier_A
P1427,W109,584,154,36.7,2026-05-09,Supplier_A
P1046,W114,296,136,34.37,2026-07-02,Supplier_D
P1159,W104,260,112,15.09,2026-03-17,Supplier_B
P1355,W116,8,222,25.37,2026-05-24,Supplier_A
P1176,W101,689,65,48.45,2026-03-16,Supplier_A
P1158,W109,389,211,35.5,2026-01-31,Supplier_B
P1404,W117,17,187,59.47,2026-07-01,Supplier_C
P1470,W103,822,191,109.06,2026-03-27,Supplier_B
P1372,W100,156,167,60.29,2026-07-31,Supplier_C
P1375,W101,575,184,89.96,2026-09-09,Supplier_D
P1028,W112,616,116,75.38,2026-04-14,Supplier_C
P1405,W100,539,90,33.74,2026-01-07,Supplier_D
P1114,W105,878,169,93.9,2026-08-20,Supplier_B
P1093,W103,838,181,26.78,2026-07-13,Supplier_D
P1338,W105,7,264,74.11,2026-02-28,Supplier_D
P1488,W113,550,249,85.23,2026-05-08,Supplier_C
P1281,W112,622,257,50.68,2026-03-03,Supplier_D
P1036,W119,275,281,133.84,2026-09-01,Supplier_B
P1469,W100,779,73,66.74,2026-07-16,Supplier_B
P1488,W118,52,70,61.65,2026-04-27,Supplier_A
P1291,W103,59,171,16.92,2026-06-23,Supplier_C
P1199,W107,725,195,134.44,2026-05-29,Supplier_D
P1192,W101,346,131,99.62,2026-01-22,Supplier_D
P1211,W118,911,272,36.33,2026-01-13,supplier_a
P1042,W108,748,87,92.95,2026-03-29,Supplier_B
P1119,W109,289,130,49.08,2026-03-12,Supplier_A
P1382,W114,561,82,2.13,2026-01-05,Supplier_B
P1391,W108,42,215,89.99,2026-03-23,Supplier_A
P1391,W102,976,251,71.37,2026-08-11,Supplier_B
P1129,W111,533,118,47.11,2026-08-22,Supplier_B
P1286,W119,962,98,65.31,2026-08-03,Supplier_C
P1071,W117,586,278,60.29,2026-07-04,Supplier_A
P1328,W117,289,264,9.82,2026-02-22,Supplier_B
P1480,W110,41,196,57.58,2026-03-22,Supplier_B
P1115,W101,975,207,40.85,2026-09-02,
P1280,W119,459,52,96.59,2026-01-01,Supplier_B
P1357,W102,850,184,17.46,2026-06-10,Supplier_A
P1000,W112,395,167,130.32,2026-09-08,Supplier_B
P1433,W115,829,216,2.05,2026-01-15,Supplier_D
P1305,W113,227,70,101.78,2026-03-23,
P1393,W111,652,88,121.76,2026-09-05,Supplier_A
P1080,W109,237,86,68.07,2026-04-08,Supplier_C
P1311,W102,187,221,109.64,2026-01-11,Supplier_A
P1344,W107,758,234,132.37,2026-04-30,Supplier_D
P1494,W116,382,124,68.73,2026-04-04,Supplier_C
P1050,W112,889,190,85.91,2026-01-31,
P1148,W118,932,231,88.69,2026-01-28,Supplier_A
P1130,W100,434,223,41.02,2026-01-05,Supplier_B
P1069,W103,155,214,64.48,2026-01-20,Supplier_C
P1294,W112,222,273,33.1,2026-04-22,Supplier_D
P1366,W109,515,263,89.86,2026-01-07,Supplier_D
P1391,W101,851,63,114.57,2026-02-15,Supplier_B
P1305,W117,322,122,10.93,2026-02-26,Supplier_A
P1464,W101,351,176,100.5,2026-02-01,Supplier_B
P1214,W107,541,96,117.19,2026-01-26,Supplier_B
P1180,W112,249,221,95.1,2026-01-26,Supplier_A
P1019,W110,35,266,27.21,2026-03-30,Supplier_A
P1360,W101,83,132,64.43,2026-03-28,Supplier_C
P1400,W114,286,286,37.22,2026-02-27,Supplier_B
P1231,W110,774,171,98.76,2026-01-02,Supplier_D
P1162,W109,812,58,145.1,2026-04-12,Supplier_B
P1074,W100,826,111,26.63,2026-09-04,Supplier_B
P1284,W106,324,53,15.07,2026-02-23,Supplier_C
P1336,W105,218,213,113.14,2026-06-21,Supplier_C
P1407,W112,793,90,129.31,2026-02-28,Supplier_A
P1236,W111,956,236,130.58,2026-05-29,Supplier_C
P1124,W105,726,205,99.03,2026-02-23,Supplier_C
P1452,W115,617,295,97.68,2026-08-27,Supplier_B
P1397,W108,169,196,83.26,2026-09-15,Supplier_A
P1387,W119,969,55,31.04,2026-03-24,Supplier_B
P1314,W106,611,188,137.3,2026-08-06,Supplier_A
P1057,W109,779,161,40.95,2026-07-07,Supplier_B
P1068,W116,393,232,19.11,2026-05-27,Supplier_C
P1359,W117,286,80,42.44,2026-01-29,Supplier_B
P1332,W110,38,161,52.14,2026-02-10,Supplier_A
P1137,W104,668,198,2.12,2026-07-21,Supplier_B
P1211,W109,684,249,9.77,2026-04-01,Supplier_C
P1264,W114,638,51,35.67,2026-05-25,Supplier_C
P1410,W116,551,72,121.41,2026-03-13,Supplier_D
P1123,W109,952,133,119.67,2026-07-01,Supplier_A
P1355,W113,537,98,69.53,2026-07-07,Supplier_B
P1009,W102,477,159,114.79,2026-07-08,Supplier_B
P1002,W100,219,56,87.77,2026-04-24,Supplier_A
P1098,W109,675,273,4.33,2026-09-04,Supplier_D
P1138,W111,396,77,129.27,2026-01-26,Supplier_D
P1151,W107,743,130,2.14,2026-09-02, 
P1308,W101,386,157,100.01,2026-02-15,Supplier_A
P1145,W116,845,211,83.71,2026-06-12,Supplier_D
P1277,W108,564,52,74.87,2026-06-04,Supplier_C
P1376,W100,730,54,58.47,2026-03-23,Supplier_A
P1244,W108,202,162,82.06,2026-03-31,Supplier_A
P1302,W103,766,130,148.78,2026-01-27,
P1468,W109,405,234,96.81,2026-07-04,Supplier_A
P1084,W102,3,220,75.13,2026-04-13,Supplier_B
P1114,W118,13,152,122.41,2026-03-12,Supplier_C
P1476,W112,29,238,137.75,2026-04-27,Supplier_C
P1344,W117,24,268,46.4,2026-08-29,SUPPLIER_B
P1125,W106,241,106,82.67,2026-02-02,Supplier_D
P1137,W116,761,65,21.52,2026-07-11,Supplier_A
P1349,W107,997,135,89.38,2026-09-04,Supplier_A
P1291,W119,863,156,112.84,2026-06-18,Supplier_A
P1044,W107,7,206,104.18,2026-06-09,Supplier_B
P1232,W107,865,170,94.24,2026-05-11,Supplier_C
P1154,W109,586,220,128.84,2026-07-27,Supplier_C
P1371,W111,221,291,116.33,2026-04-20,Supplier_A
P1164,W109,785,292,33.43,2026-04-03,Supplier_D
P1281,W103,811,70,32.58,2026-05-16,Supplier_C
P1190,W108,780,51,42.25,2026-03-19,Supplier_C
P1149,W101,673,280,123.37,2026-05-30,Supplier_B
P1311,W104,539,171,61.73,2026-07-20,Supplier_C
P1199,W110,83,113,146.75,2026-07-27,Supplier_B
P1358,W111,-9,213,42.11,2026-01-30,Supplier_C
P1296,W119,92,205,24.28,2026-06-09,Supplier_B
P1469,W101,926,259,87.49,2026-09-06,Supplier_A
P1362,W114,265,68,140.91,2026-04-03,
P1465,W118,474,262,105.91,2026-05-12,Supplier_C
P1267,W109,953,262,90.41,2026-05-17,Supplier_B
P1313,W114,420,294,18.06,2026-03-20,Supplier_A
P1421,W116,138,87,98.59,2026-04-05,Supplier_C
P1036,W100,12,50,50.63,2026-01-13,Supplier_B
P1485,W118,995,291,18.42,2026-01-12,Supplier_B
P1028,W115,206,182,147.19,2026-01-08,Supplier_A
P1007,W119,972,162,131.65,2026-02-24,Supplier_B
P1446,W114,381,82,142.62,2026-05-30,Supplier_D
P1148,W117,62,242,124.49,2026-04-25,Supplier_C
P1489,W104,96,78,145.62,2026-02-20,Supplier_A
P1351,W118,557,273,7.99,2026-01-21,Supplier_A
P1168,W108,160,290,132.4,2026-02-04,Supplier_D
P1346,W107,543,117,23.65,2026-08-11,Supplier_C
P1342,W114,207,131,107.47,2026-02-01,Supplier_A
P1034,W117,517,160,106.97,2026-08-15,Supplier_A
P1298,W119,463,132,138.86,2026-01-14,Supplier_C
P1462,W108,76,58,57.36,2026-08-09,Supplier_B
P1099,W103,277,99,28.4,2026-08-24,Supplier_D
P1267,W102,570,144,92.85,2026-01-24,Supplier_C
P1099,W116,750,175,25.85,2026-05-11,Supplier_B
P1117,W116,562,235,11.72,2026-05-06,Supplier_D
P1042,W110,574,216,37.99,2026-01-06,Supplier_B
P1229,W111,745,69,8.31,2026-03-24,Supplier_D
P1212,W110,911,219,8.7,2026-05-20,Supplier_C
P1006,W109,609,242,85.17,2026-02-25,Supplier_C
P1247,W106,425,283,131.74,2026-04-21,Supplier_B
P1366,W105,203,132,68.44,2026-06-28,Supplier_D
P1233,W106,399,293,68.96,2026-01-17,Supplier_D
P1447,W111,-5,255,104.24,2026-09-15,Supplier_D
P1174,W102,657,261,26.81,2026-01-07,Supplier_A
P1068,W104,165,210,16.01,2026-07-09,Supplier_D
P1026,W111,813,69,92.73,2026-05-17,Supplier_C
P1105,W103,500,233,147.68,2026-03-31,Supplier_A
P1145,W117,726,221,23.44,2026-04-15,Supplier_D
P1170,W105,720,182,24.29,2026-04-23,Supplier_A
P1483,W108,204,292,122.02,2026-06-29,Supplier_A
P1407,W105,29,293,62.5,2026-09-13,Supplier_B
P1498,W116,677,125,72.29,2026-05-26,Supplier_B
P1058,W107,658,127,97.01,2026-02-08,Supplier_A
P1432,W116,412,76,24.96,2026-07-02,Supplier_C
P1175,W116,548,273,79.24,2026-03-03,Supplier_C
P1157,W109,781,169,127.11,2026-03-04,Supplier_D
P1077,W108,861,223,115.59,2026-05-01,Supplier_D
P1203,W108,551,72,80.7,2026-05-09,Supplier_D
P1293,W119,74,283,148.02,2026-04-01,Supplier_B
P1016,W104,737,170,68.11,2026-02-27,Supplier_C
P1222,W103,464,271,85.33,2026-07-05,Supplier_C
P1473,W106,303,111,134.59,2026-02-12,Supplier_B
P1484,W106,528,292,106.9,2026-05-24,Supplier_C
P1120,W103,127,89,141.32,2026-08-15,Supplier_C
P1245,W102,71,127,46.52,2026-05-04,Supplier_A
P1183,W102,917,156,91.89,2026-01-05,Supplier_C
P1476,W101,123,136,129.59,2026-06-16,Supplier_A
P1357,W103,24,170,124.39,2026-04-25,Supplier_A
P1023,W107,499,50,99.56,2026-08-26,Supplier_D
P1271,W111,184,55,39.16,2026-02-24,Supplier_C
P1267,W109,39,227,28.9,2026-06-26,Supplier_B
P1450,W118,215,105,114.36,2026-06-21,Supplier_A
P1052,W118,283,162,111.72,2026-09-11,Supplier_C
P1021,W113,472,212,42.96,2026-03-18,
P1267,W106,684,80,57.52,2026-09-05,Supplier_C
P1067,W101,912,171,136.74,2026-07-18,Supplier_D
P1398,W117,765,189,85.57,2026-06-04,Supplier_B
P1145,W103,451,241,72.19,2026-02-20,Supplier_B
P1423,W105,752,167,57.45,2026-02-22,Supplier_B
P1106,W113,554,124,82.94,2026-08-05,Supplier_B
P1296,W109,700,124,74.52,2026-03-07,Supplier_D
P1447,W104,423,149,63.03,2026-04-06,Supplier_D
P1455,W115,512,206,4.83,2026-07-18,Supplier_C
P1382,W101,527,159,135.49,2026-02-28, Supplier_A 
P1149,W115,731,50,69.1,2026-04-12,Supplier_D
P1215,W109,355,265,75.47,2026-07-21,Supplier_B
P1203,W114,596,159,134.75,2026-03-14,
P1094,W114,499,286,110.92,2026-05-14,Supplier_D
P1386,W103,411,150,71.06,2026-04-30,Supplier_B
P1445,W105,753,238,79.87,2026-05-30,Supplier_D
P1335,W106,71,66,22.26,2026-03-02,Supplier_C
P1268,W108,247,53,53.13,2026-02-13,Supplier_A
P1009,W115,733,173,16.86,2026-08-26,Supplier_C
P1147,W109,211,178,24.26,2026-04-12,Supplier_D
P1420,W106,676,295,30.6,2026-06-13,Supplier_B
P1175,W113,637,75,36.01,2026-04-28,Supplier_A
P1040,W115,898,131,93.89,2026-03-19,Supplier_C
P1415,W113,383,221,89.06,2026-07-04,Supplier_C
P1312,W106,678,243,120.76,2026-06-06,Supplier_A
P1124,W105,291,90,18.91,2026-05-17,Supplier_C
P1436,W116,869,183,133.49,2026-01-15,Supplier_A
P1033,W118,330,284,74.27,2026-06-21,Supplier_C
P1378,W108,392,271,138.3,2026-06-13,
P1447,W118,544,167,30.03,2026-05-18,Supplier_B
P1217,W114,987,179,129.4,2026-07-17,Supplier_A
P1416,W102,808,139,64.85,2026-05-02,Supplier_A
P1181,W107,242,129,52.11,2026-03-13,Supplier_C
P1427,W101,242,232,82.87,2026-02-14, Supplier_B 
P1473,W102,626,137,143.07,2026-04-04,Supplier_B
P1316,W117,28,95,143.68,2026-08-16,Supplier_A
P1110,W118,219,294,55.44,2026-01-11,Supplier_D
P1173,W109,161,161,58.61,2026-01-06,Supplier_D
P1255,W117,436,92,129.09,2026-07-20,Supplier_C
P1290,W102,717,190,63.99,2026-03-13,Supplier_B
P1176,W118,841,149,77.2,2026-08-08,Supplier_A
P1112,W102,321,285,90.74,2026-08-04,Supplier_B
P1019,W117,801,95,16.55,2026-02-18,Supplier_B
P1066,W119,285,236,104.92,2026-01-22,Supplier_C
P1239,W111,625,233,33.79,2026-06-03,Supplier_C
P1004,W100,7,262,52.37,2026-06-02,Supplier_B
P1034,W119,583,59,78.94,2026-08-30,Supplier_C
P1238,W107,48,151,87.09,2026-08-03,Supplier_B
P1138,W113,849,84,67.87,2026-01-20,Supplier_A
P1298,W106,105,162,121.06,2026-09-08,Supplier_C
P1177,W116,180,135,105.97,2026-09-10,Supplier_A
P1391,W119,641,286,93.51,2026-07-17,Supplier_D
P1492,W100,472,147,40.58,2026-03-22,Supplier_C
P1349,W116,282,124,70.29,2026-07-31,Supplier_B
P1221,W101,830,283,71.65,2026-09-13,Supplier_A
P1277,W105,854,165,140.93,2026-05-30,Supplier_B
P1139,W101,72,248,26.08,2026-04-22,Supplier_C
P1100,W105,97,90,61.93,2026-04-29,Supplier_A
P1183,W116,262,227,36.66,2026-04-12,Supplier_A
P1245,W115,848,279,69.54,2026-06-25,Supplier_B
P1336,W107,531,144,11.3,2026-03-21,Supplier_C
P1261,W112,515,84,115.68,2026-06-13,Supplier_B
P1371,W115,673,178,67.01,2026-01-30,Supplier_D
P1459,W113,593,122,85.92,2026-06-07,Supplier_A
P1243,W114,58,55,71.03,2026-07-23,
P1108,W113,591,206,59.84,2026-03-24,Supplier_B
P1382,W107,412,281,111.1,2026-07-02,Supplier_A
P1208,W113,982,270,83.91,2026-03-27,Supplier_B
P1330,W114,376,163,86.4,2026-07-01,Supplier_D
P1057,W119,451,59,147.02,2026-06-14,Supplier_A
P1124,W114,858,263,98.47,2026-01-16,Supplier_B
P1153,W106,334,299,131.53,2026-05-07,Supplier_C
P1099,W100,856,78,110.62,2026-02-27,Supplier_D
P1171,W110,493,187,148.4,2026-06-17,Supplier_B
P1348,W100,546,101,6.84,2026-04-24,Supplier_B
P1313,W107,169,202,86.27,2026-06-21,Supplier_B
P1429,W116,676,291,6.65,2026-04-21,Supplier_B
P1242,W114,696,201,52.26,2026-02-03,Supplier_B
P1263,W108,441,264,29.59,2026-04-10,Supplier_D
P1231,W118,555,293,100.72,2026-02-07,Supplier_B
P1145,W108,528,54,101.89,2026-04-19,Supplier_C
P1009,W108,168,157,24.08,2026-07-02,Supplier_A
P1030,W116,376,217,11.88,2026-03-08,Supplier_C
P1234,W113,658,165,32.61,2026-02-04,Supplier_B
P1162,W104,23,268,56.69,2026-06-04,Supplier_A
P1137,W110,185,284,114.98,2026-06-20,
P1281,W109,881,284,136.93,2026-09-05,Supplier_C
P1080,W117,7,163,105.91,2026-06-23,
P1382,W110,218,72,26.84,2026-02-08,Supplier_B
P1191,W109,579,215,78.43,2026-08-19,Supplier_B
P1059,W103,326,243,69.43,2026-05-17,Supplier_D
P1149,W106,419,126,146.32,2026-05-01,Supplier_A
P1243,W106,985,140,60.22,2026-02-02,Supplier_A
P1365,W117,579,67,141.08,2026-04-05,Supplier_A
P1123,W100,774,297,109.84,2026-07-30,Supplier_D
P1357,W111,399,185,15.24,2026-03-07,Supplier_B
P1469,W104,747,150,19.82,2026-02-10,
P1024,W109,337,56,147.13,2026-08-18,
P1203,W115,552,65,68.9,2026-05-07,Supplier_A
P1061,W101,186,110,79.7,2026-02-23,Supplier_A
P1292,W107,123,67,131.72,2026-06-02,Supplier_A
P1220,W108,927,240,84.08,2026-07-06,Supplier_D
P1183,W101,608,129,138.42,2026-08-20,Supplier_D
P1004,W104,688,92,78.24,2026-04-03,Supplier_D
P1240,W101,456,292,35.23,2026-08-07,
P1424,W101,821,271,92.36,2026-07-08, 
P1157,W107,966,127,105.52,2026-06-04,Supplier_B
P1327,W104,278,63,19.09,2026-04-06,Supplier_C
P1037,W114,329,193,7.64,2026-06-15,Supplier_D
P1029,W101,71,278,33.38,2026-08-06,Supplier_C
P1335,W105,11,262,79.58,2026-07-21,Supplier_A
P1476,W105,439,232,126.12,2026-01-02,Supplier_C
P1093,W101,143,234,107.03,2026-03-02,Supplier_B
P1397,W104,134,57,1.74,2026-05-15,SUPPLIER_C
P1017,W115,261,89,57.33,2026-07-25,Supplier_D
P1410,W104,340,143,89.94,2026-02-22,Supplier_B
P1005,W107,367,170,19.69,2026-03-03,Supplier_B
P1120,W117,835,118,113.88,2026-08-05,Supplier_C
P1066,W114,135,254,79.67,2026-01-01,Supplier_D
P1010,W117,775,53,22.25,2026-02-28,Supplier_B
P1067,W113,730,280,77.87,2026-01-10,Supplier_D
P1344,W115,129,119,57.23,2026-09-06,Supplier_D
P1296,W118,81,171,121.83,2026-06-02,Supplier_C
P1349,W113,456,160,102.58,2026-06-22,Supplier_B
P1216,W103,832,94,116.42,2026-03-23,Supplier_D
P1249,W102,682,77,53.92,2026-07-01,Supplier_A
P1478,W117,448,131,38.09,2026-06-05,Supplier_C
P1380,W102,276,144,47.63,2026-07-26,Supplier_A
P1248,W100,20,263,41.27,2026-03-02,Supplier_B
P1195,W107,80,268,8.05,2026-06-18,Supplier_B
P1084,W116,561,142,149.1,2026-01-22,Supplier_A
P1495,W108,6,148,59.93,2026-07-04,Supplier_C
P1090,W105,623,148,15.82,2026-06-17,Supplier_B
P1087,W115,181,87,132.91,2026-02-26,Supplier_B
P1143,W103,25,291,50.49,2026-02-17,Supplier_B
P1063,W104,549,254,79.76,2026-01-26,Supplier_A
P1460,W117,254,255,118.69,2026-01-10,Supplier_A
P1269,W117,365,209,15.97,2026-04-10,Supplier_C
P1444,W114,428,129,68.89,2026-01-08,Supplier_B
P1309,W106,917,145,89.92,2026-07-25,Supplier_B
P1163,W102,846,55,49.38,2026-03-01,Supplier_C
P1248,W108,683,90,54.33,2026-06-27,Supplier_A
P1485,W118,453,225,20.35,2026-06-01,Supplier_D
P1094,W113,901,174,137.98,2026-09-02,Supplier_B
P1198,W119,996,218,109.89,2026-02-17,Supplier_D
P1363,W106,311,112,73.94,2026-02-01,Supplier_C
P1241,W116,49,158,108.29,2026-06-13,Supplier_D
P1304,W110,302,129,62.94,2026-08-26,Supplier_B
P1219,W113,513,57,149.75,2026-08-27,Supplier_C
P1117,W104,977,85,40.73,2026-02-01,Supplier_B
P1255,W103,725,71,4.68,2026-05-07,Supplier_A
P1088,W103,311,175,113.86,2026-08-25,Supplier_D
P1286,W108,523,281,42.16,2026-02-23,Supplier_B
P1082,W113,223,70,149.08,2026-04-16,Supplier_A
P1254,W112,965,155,57.5,2026-02-26,Supplier_B
P1192,W115,363,191,76.27,2026-02-15,Supplier_C
P1168,W108,407,164,9.03,2026-06-08,Supplier_C
P1171,W106,352,187,29.89,2026-03-10,Supplier_A
P1103,W117,36,147,119.19,2026-08-22,Supplier_B
P1150,W113,180,126,87.17,2026-02-09,Supplier_B
P1208,W101,992,294,62.25,2026-01-23,Supplier_B
P1422,W117,715,144,139.23,2026-02-01,Supplier_B
P1492,W118,356,239,86.34,2026-04-12,Supplier_C
P1400,W100,181,92,71.0,2026-08-03,Supplier_D
P1322,W112,493,216,47.41,2026-07-17,Supplier_A
P1058,W114,754,195,42.83,2026-08-09,Supplier_D
P1194,W101,1,146,65.01,2026-01-05,Supplier_C
P1021,W107,891,63,123.78,2026-08-11,Supplier_A
P1142,W106,206,214,84.06,2026-04-18,
P1199,W110,342,249,78.94,2026-03-19,Supplier_C
P1440,W100,960,192,24.43,2026-08-30,Supplier_C
P1065,W111,804,266,60.01,2026-02-03,Supplier_D
P1093,W108,443,95,128.66,2026-06-29,Supplier_A
P1384,W119,721,111,99.12,2026-05-20,Supplier_B
P1217,W119,609,176,145.48,2026-06-22,Supplier_A
P1188,W113,472,79,60.92,2026-08-08,Supplier_D
P1439,W107,474,87,99.44,2026-02-01,Supplier_A
P1060,W119,607,277,8.27,2026-07-21,Supplier_D
P1248,W111,742,216,19.46,2026-06-23, Supplier_C 
P1432,W103,816,50,126.95,2026-06-15,Supplier_C
P1131,W115,650,157,66.22,2026-02-25,Supplier_C
P1068,W106,476,71,134.8,2026-06-19,Supplier_D
P1194,W106,266,63,99.74,2026-04-01,Supplier_C
P1253,W113,991,213,10.43,2026-05-17,Supplier_B
P1420,W111,518,233,16.4,2026-04-03,Supplier_D
P1494,W109,375,65,64.34,2026-08-31,
P1370,W113,582,60,80.55,2026-06-10,Supplier_A
P1338,W107,930,219,124.37,2026-01-31,Supplier_D
P1245,W111,23,115,64.61,2026-01-16,Supplier_C
P1268,W102,145,50,50.11,2026-02-22,Supplier_C
P1274,W114,196,281,22.24,2026-07-12,Supplier_C
P1273,W113,716,70,88.2,2026-02-23,Supplier_C
P1376,W115,802,95,96.86,2026-06-22,Supplier_D
P1067,W109,805,181,114.82,2026-04-11,Supplier_C
P1124,W102,811,236,149.76,2026-07-20,Supplier_D
P1115,W100,160,139,18.1,2026-05-12,Supplier_B
P1020,W105,745,294,2.74,2026-05-23,Supplier_C
P1124,W107,632,222,74.51,2026-04-24,Supplier_D
P1022,W105,923,260,74.5,2026-02-03,Supplier_A
P1040,W113,214,282,138.25,2026-07-15,Supplier_C
P1336,W101,798,190,61.19,2026-03-26,Supplier_A
P1050,W100,159,101,96.64,2026-04-24,Supplier_C
P1062,W106,130,222,93.15,2026-01-08,Supplier_B
P1432,W103,465,73,129.98,2026-01-14,
P1012,W100,551,173,35.96,2026-05-08,Supplier_B
P1210,W108,109,280,127.05,2026-01-04,Supplier_A
P1003,W116,24,65,79.78,2026-01-16,Supplier_D
P1452,W117,180,101,68.75,2026-06-07,Supplier_D
P1030,W110,813,120,60.03,2026-06-29,Supplier_C
P1136,W105,320,78,27.65,2026-03-29,Supplier_C
P1204,W101,128,286,96.38,2026-01-23,Supplier_A
P1467,W114,648,82,107.99,2026-03-23,supplier_a
P1212,W112,128,279,63.26,2026-04-14,Supplier_C
P1105,W101,871,190,120.47,2026-06-10, Supplier_A 
P1258,W109,94,128,130.89,2026-01-02,Supplier_D
P1400,W109,230,129,90.1,2026-07-13,Supplier_D
P1150,W110,631,175,99.49,2026-04-28,Supplier_C
P1385,W114,183,289,56.1,2026-02-04,Supplier_A
P1214,W110,232,101,139.9,2026-02-14,Supplier_C
P1208,W105,508,290,88.5,2026-05-29,Supplier_C
P1013,W100,86,95,79.01,2026-07-27,Supplier_B
P1132,W109,747,235,37.54,2026-04-12,Supplier_D
P1375,W102,886,293,35.94,2026-07-30,Supplier_A
P1038,W100,16,272,33.42,2026-09-11,Supplier_B
P1061,W100,514,255,11.78,2026-07-28,
P1301,W103,723,286,56.38,2026-05-11,SUPPLIER_A
P1260,W103,857,122,8.48,2026-05-16,Supplier_B
P1060,W117,266,274,77.93,2026-05-21,Supplier_A
P1090,W113,638,238,56.93,2026-02-03,Supplier_B
P1095,W110,439,212,108.93,2026-03-18,
P1488,W119,988,230,70.9,2026-02-27,Supplier_C
P1227,W104,620,194,68.82,2026-02-04,Supplier_C
P1370,W117,194,145,76.63,2026-09-05,Supplier_A
P1314,W101,266,202,88.19,2026-01-27,Supplier_B
P1321,W109,669,212,47.77,2026-07-15,Supplier_B
P1438,W116,106,204,39.13,2026-03-17,Supplier_D
P1187,W105,519,130,29.64,2026-03-15,
P1260,W103,149,183,28.95,2026-02-26,Supplier_A
P1240,W114,375,260,119.27,2026-09-13,Supplier_B
P1156,W101,520,148,2.26,2026-06-07,
P1070,W109,564,68,78.89,2026-03-06,Supplier_C
P1356,W106,262,137,115.25,2026-07-31,Supplier_C
P1122,W101,62,156,8.72,2026-01-02,Supplier_B
P1130,W118,334,223,146.46,2026-04-11,Supplier_C
P1056,W110,760,271,122.47,2026-03-19,Supplier_D
P1178,W113,7,244,55.16,2026-01-08,Supplier_D
P1117,W109,234,245,96.72,2026-01-04,Supplier_C
P1361,W101,367,286,19.42,2026-04-19,Supplier_D
P1418,W100,333,181,34.25,2026-01-12,Supplier_A
P1275,W109,772,173,45.53,2026-03-23,Supplier_B
P1107,W104,881,55,73.71,2026-02-28,Supplier_C
P1486,W114,751,224,100.57,2026-06-21, 
P1294,W108,544,143,130.05,2026-06-08,Supplier_A
P1320,W112,210,268,38.09,2026-03-11,Supplier_A
P1236,W104,830,138,50.2,2026-06-30,Supplier_D
P1111,W102,795,216,100.11,2026-06-09,Supplier_C
P1214,W118,629,162,79.1,2026-03-20,Supplier_A
P1295,W101,844,227,65.41,2026-05-07,Supplier_C
P1264,W100,304,93,77.6,2026-02-22,supplier_c
P1024,W115,887,73,55.6,2026-02-26,Supplier_B
P1043,W108,2,251,135.48,2026-03-14,
P1479,W109,862,88,113.52,2026-02-28,Supplier_D
P1457,W119,307,127,124.19,2026-01-17,Supplier_B
P1132,W118,702,293,108.85,2026-06-21,Supplier_A
P1270,W100,56,52,42.97,2026-09-10,Supplier_D
P1482,W113,32,248,32.19,2026-01-07,Supplier_D
P1492,W111,454,60,119.71,2026-02-13,Supplier_A
P1258,W100,475,260,143.79,2026-04-06,Supplier_B
P1312,W101,26,285,4.09,2026-05-14,Supplier_A
P1171,W119,172,61,4.04,2026-05-24,Supplier_B
P1360,W116,562,263,138.42,2026-03-19,Supplier_D
P1373,W104,363,94,76.36,2026-04-12,Supplier_C
P1285,W111,883,238,134.02,2026-07-23,Supplier_A
P1445,W109,125,291,106.61,2026-01-04,Supplier_A
P1351,W100,50,120,53.11,2026-03-14,Supplier_C
P1063,W114,629,248,18.36,2026-06-13,Supplier_D
P1058,W112,440,86,80.93,2026-08-01,Supplier_A
P1173,W102,671,132,140.02,2026-09-08,Supplier_D
P1267,W107,354,224,67.15,2026-05-01,Supplier_B
P1490,W107,132,265,70.69,2026-04-02,Supplier_D
P1230,W102,595,209,39.41,2026-03-28,Supplier_A
P1027,W105,230,153,8.41,2026-03-04,Supplier_D
P1373,W116,859,52,31.47,2026-08-20,Supplier_B
P1136,W111,629,188,80.34,2026-02-22, 
P1265,W101,767,161,76.5,2026-03-26,Supplier_A
P1172,W119,788,120,45.67,2026-05-08,Supplier_C
P1204,W112,800,280,3.32,2026-04-06,Supplier_A
P1008,W118,951,163,43.72,2026-01-27,Supplier_D
P1027,W105,9,77,137.74,2026-06-15,Supplier_C
P1342,W117,19,243,79.68,2026-06-19,Supplier_C
P1232,W105,443,206,43.37,2026-06-06,Supplier_A
P1411,W109,461,189,61.77,2026-01-01,Supplier_A
P1422,W114,37,115,55.3,2026-04-10,Supplier_A
P1374,W118,311,254,97.08,2026-05-24,Supplier_A
P1042,W114,883,230,39.25,2026-04-28,Supplier_C
P1320,W113,651,91,80.03,2026-07-12,Supplier_C
P1009,W118,718,162,99.39,2026-08-02,Supplier_D
P1016,W108,642,205,132.88,2026-02-24,Supplier_C
P1122,W109,203,184,70.39,2026-05-24,Supplier_D
P1025,W111,123,140,37.96,2026-01-29,Supplier_C
P1276,W109,123,114,130.87,2026-04-21,Supplier_A
P1446,W119,987,141,111.34,2026-01-15,supplier_c
P1274,W106,651,262,22.33,2026-07-20,Supplier_B
P1493,W111,677,170,120.63,2026-07-29,Supplier_B
P1311,W107,339,170,84.29,2026-07-10,Supplier_B
P1482,W109,573,103,125.98,2026-07-23,Supplier_D
P1211,W119,304,179,12.09,2026-04-12,Supplier_B
P1189,W111,822,100,53.11,2026-01-11,Supplier_A
P1125,W112,16,240,41.94,2026-01-14,SUPPLIER_C
P1479,W114,794,153,83.88,2026-01-20,Supplier_C
P1035,W107,26,223,65.51,2026-05-07,Supplier_C
P1384,W118,528,72,144.65,2026-09-04,Supplier_D
P1133,W105,606,259,130.48,2026-06-13,Supplier_B
P1048,W106,276,233,85.21,2026-06-19,Supplier_D
P1136,W101,724,159,97.06,2026-08-01,Supplier_A
P1322,W100,564,167,69.17,2026-08-19,Supplier_A
P1479,W116,347,93,59.08,2026-07-16,Supplier_B
P1298,W109,9,282,24.18,2026-02-11,Supplier_D
P1002,W119,553,53,27.5,2026-04-30,Supplier_B
P1042,W108,392,184,80.89,2026-05-17,Supplier_A
P1145,W108,479,172,44.0,2026-04-04,Supplier_D
P1457,W105,879,123,140.29,2026-03-08,Supplier_A
P1060,W107,372,164,36.57,2026-04-29,Supplier_C
P1346,W119,835,282,142.26,2026-04-09,Supplier_A
P1280,W106,502,287,39.04,2026-05-21,Supplier_C
P1000,W109,292,135,134.79,2026-05-19,Supplier_A
P1348,W117,961,66,23.17,2026-05-01,Supplier_B
P1291,W102,717,164,23.01,2026-01-11,
P1256,W107,187,183,119.45,2026-05-09,Supplier_C
P1377,W115,734,276,102.61,2026-09-01,Supplier_D
P1104,W103,837,213,85.29,2026-02-16,Supplier_D
P1303,W100,305,218,18.21,2026-06-07,Supplier_B
P1493,W101,224,95,49.43,2026-03-30,Supplier_C
P1471,W102,455,239,97.86,2026-09-06,Supplier_D
P1198,W113,729,134,132.54,2026-03-10,Supplier_C
P1427,W113,205,276,80.14,2026-01-06,Supplier_A
P1238,W103,897,63,43.06,2026-06-27,Supplier_C
P1311,W109,92,142,101.14,2026-02-11,Supplier_B
P1160,W114,766,179,26.89,2026-04-09,Supplier_A
P1302,W105,572,77,121.28,2026-07-02,Supplier_C
P1051,W115,204,237,41.07,2026-05-26,Supplier_C
P1029,W110,873,230,42.17,2026-02-20,Supplier_A
P1019,W119,887,80,133.13,2026-05-29,Supplier_A
P1264,W111,462,267,105.65,2026-02-26,Supplier_D
P1458,W109,781,281,95.96,2026-08-06,
P1350,W111,517,85,80.82,2026-03-02,Supplier_B
P1020,W106,152,53,48.85,2026-02-15,Supplier_C
P1192,W102,887,184,5.83,2026-02-10,Supplier_D
P1333,W100,63,214,65.3,2026-03-18,Supplier_D
P1031,W113,51,204,117.48,2026-05-11,Supplier_B
P1308,W111,637,157,76.09,2026-03-17,Supplier_C
P1142,W106,969,99,3.17,2026-06-13,Supplier_B
P1040,W112,896,78,70.67,2026-07-30,Supplier_D
P1234,W108,5,108,64.07,2026-02-16,Supplier_C
P1069,W115,887,50,108.16,2026-07-22,Supplier_A
P1320,W100,854,108,134.12,2026-03-30,Supplier_B
P1464,W108,168,260,53.08,2026-05-04,Supplier_B
P1010,W114,826,62,77.7,2026-03-10,Supplier_B
P1000,W116,34,209,16.18,2026-07-26,Supplier_B
P1351,W100,494,103,85.41,2026-08-03,Supplier_D
P1021,W101,603,119,56.87,2026-03-14,Supplier_C
P1269,W115,416,209,141.05,2026-07-08,Supplier_B
P1409,W117,967,136,81.7,2026-02-15,Supplier_A
P1402,W107,632,70,133.75,2026-04-09,Supplier_B
P1232,W109,19,173,2.11,2026-08-28,Supplier_D
P1338,W112,956,285,38.64,2026-09-02,Supplier_A
P1125,W102,958,199,70.68,2026-03-15,Supplier_A
P1492,W102,528,298,27.6,2026-08-31, 
P1403,W110,168,218,82.88,2026-07-22,Supplier_D
P1489,W114,815,59,23.22,2026-01-03,Supplier_D
P1201,W114,376,231,87.7,2026-07-01,
P1365,W107,322,155,3.61,2026-07-05,Supplier_A
P1184,W114,868,75,8.41,2026-07-03,Supplier_B
P1163,W114,659,119,33.24,2026-01-06,Supplier_B
P1450,W118,18,284,54.92,2026-05-25,Supplier_D
P1124,W104,887,215,40.32,2026-04-16,Supplier_D
P1449,W108,606,194,14.98,2026-02-25,Supplier_B
P1133,W118,329,165,27.15,2026-01-08,Supplier_D
P1364,W103,254,206,66.9,2026-04-21,Supplier_A
P1247,W108,505,171,20.09,2026-05-17,Supplier_D
P1073,W111,506,74,89.54,2026-06-08,Supplier_B
P1381,W107,726,276,26.62,2026-07-29,Supplier_D
P1067,W107,709,248,72.95,2026-05-17,Supplier_C
P1250,W109,255,92,101.33,2026-04-21,Supplier_A
P1443,W113,482,135,148.15,2026-01-30,Supplier_C
P1041,W109,532,264,24.26,2026-08-19,Supplier_C
P1442,W108,300,263,64.01,2026-05-25,Supplier_A
P1400,W118,923,65,67.28,2026-09-15,Supplier_B
P1180,W117,325,263,35.31,2026-03-31,Supplier_B
P1001,W107,556,187,8.0,2026-01-25,Supplier_D
P1230,W101,487,104,24.93,2026-08-31,Supplier_B
P1279,W117,604,288,63.4,2026-07-27,Supplier_B
P1364,W113,883,110,9.4,2026-09-15,Supplier_C
P1232,W119,508,112,51.22,2026-02-08,Supplier_A
P1317,W109,785,57,146.2,2026-03-16,Supplier_A
P1077,W115,426,240,72.33,2026-08-28,Supplier_A
P1058,W106,493,163,68.78,2026-09-14,Supplier_A
P1175,W116,987,193,137.45,2026-01-01,Supplier_C
P1403,W100,432,285,46.92,2026-02-04,Supplier_D
P1229,W110,700,293,137.25,2026-04-02,Supplier_C
P1128,W118,162,223,44.16,2026-03-17,Supplier_B
P1269,W105,277,271,112.54,2026-07-27,Supplier_A
P1329,W109,482,229,123.4,2026-06-30,Supplier_B
P1034,W102,83,145,46.89,2026-02-15,Supplier_B
P1429,W106,30,66,123.01,2026-01-27,Supplier_D
P1455,W101,703,170,1.82,2026-08-03,Supplier_C
P1446,W117,2,236,120.45,2026-03-28,Supplier_B
P1061,W104,441,192,1.58,2026-06-05,Supplier_B
P1111,W113,683,275,136.4,2026-06-04,Supplier_B
P1315,W101,518,118,84.21,2026-03-14,supplier_d
P1133,W105,514,270,108.36,2026-01-14,Supplier_C
P1252,W114,611,76,6.38,2026-07-09,Supplier_B
P1487,W111,585,133,41.41,2026-03-30,Supplier_C
P1103,W108,693,193,8.95,2026-01-12,Supplier_A
P1475,W113,884,72,65.63,2026-04-13,Supplier_B
P1460,W109,693,282,15.32,2026-01-20,Supplier_D
P1463,W110,429,132,32.99,2026-08-05,Supplier_A
P1242,W113,565,265,3.22,2026-06-22,Supplier_A
P1205,W116,174,244,69.75,2026-09-07,Supplier_A
P1197,W105,844,222,44.26,2026-02-22,Supplier_A
P1274,W103,350,221,131.59,2026-03-16,Supplier_D
P1087,W104,303,231,80.39,2026-09-13,Supplier_D
P1334,W115,377,121,142.21,2026-07-01,Supplier_C
P1405,W104,639,226,118.72,2026-04-17,Supplier_A
P1357,W108,436,209,88.86,2026-04-22,Supplier_D
P1467,W113,549,79,29.04,2026-05-28,Supplier_B
P1085,W109,50,51,42.58,2026-01-11,Supplier_B
P1093,W109,723,134,130.99,2026-01-10,Supplier_D
P1088,W118,54,162,25.65,2026-02-07,Supplier_C
P1218,W112,610,242,81.67,2026-04-11,Supplier_B
P1182,W107,464,298,145.51,2026-08-12,Supplier_D
P1333,W110,842,55,98.3,2026-01-29,Supplier_C
P1238,W116,743,278,129.69,2026-06-07,Supplier_C
P1033,W105,404,92,7.37,2026-05-31,Supplier_C
P1416,W117,969,232,94.56,2026-09-11,Supplier_B
P1213,W119,567,85,99.12,2026-05-13,Supplier_B
P1060,W105,181,132,42.25,2026-03-08,Supplier_A
P1054,W114,740,118,118.89,2026-03-03,Supplier_C
P1452,W105,305,253,72.46,2026-05-22,Supplier_D
P1404,W112,888,61,55.73,2026-04-01,Supplier_A
P1133,W110,336,186,107.12,2026-06-22,Supplier_B
P1459,W100,581,227,10.8,2026-05-15,Supplier_D
P1276,W109,884,217,21.35,2026-04-03,Supplier_B
P1247,W101,787,121,67.74,2026-08-21,Supplier_A
P1203,W117,928,218,143.28,2026-02-20,Supplier_B
P1076,W116,7,236,138.47,2026-01-16,Supplier_A
P1366,W114,476,126,55.29,2026-05-31,Supplier_A
P1473,W106,731,103,28.25,2026-06-13,Supplier_C
P1343,W108,367,80,52.79,2026-08-23,Supplier_B
P1417,W105,365,200,149.93,2026-07-21,Supplier_B
P1355,W112,239,120,8.55,2026-04-02,Supplier_A
P1359,W104,758,229,40.38,2026-03-28,Supplier_A
P1093,W110,387,68,118.06,2026-08-07,Supplier_B
P1495,W112,505,139,115.86,2026-03-22,Supplier_A
P1228,W107,289,77,56.18,2026-07-02,Supplier_C
P1142,W110,892,82,87.44,2026-06-02,Supplier_C
P1399,W105,584,137,12.35,2026-09-01,Supplier_C
P1227,W106,771,132,134.56,2026-01-10,Supplier_B
P1271,W108,918,147,93.41,2026-09-04,Supplier_A
P1408,W110,81,238,38.32,2026-03-21,Supplier_A
P1110,W113,249,148,61.54,2026-03-01,Supplier_B
P1438,W119,561,263,33.46,2026-08-29,Supplier_A
P1228,W103,448,69,52.09,2026-08-07,Supplier_C
P1174,W103,342,207,40.32,2026-07-06,Supplier_D
P1457,W100,779,120,77.67,2026-01-29,Supplier_C
P1049,W112,981,79,13.35,2026-06-30,Supplier_A
P1245,W117,867,282,32.54,2026-04-26,Supplier_C
P1243,W107,439,124,7.73,2026-01-24,Supplier_D
P1427,W104,207,191,49.0,2026-05-15,Supplier_B
P1196,W109,762,199,57.41,2026-05-18,Supplier_A
P1211,W110,11,128,119.72,2026-04-24,Supplier_A
P1349,W115,241,291,124.67,2026-02-14,Supplier_D
P1009,W111,469,293,123.5,2026-08-28,Supplier_B
P1160,W114,725,197,109.34,2026-06-03,Supplier_D
P1333,W116,742,80,15.77,2026-01-29,Supplier_A
P1161,W112,556,293,105.4,2026-07-21,Supplier_A
P1260,W103,351,240,91.17,2026-05-07,Supplier_B
P1194,W103,245,276,128.88,2026-07-04,Supplier_A
P1203,W117,296,101,83.95,2026-01-26,Supplier_B
P1294,W105,16,154,19.25,2026-09-03,Supplier_D
P1498,W116,759,195,121.86,2026-01-01,Supplier_B
P1322,W119,564,66,27.18,2026-01-22,Supplier_C
P1211,W103,712,231,106.23,2026-08-16,Supplier_B
P1371,W113,458,219,120.18,2026-05-27,Supplier_A
P1240,W101,160,79,79.78,2026-02-01,Supplier_A
P1377,W110,305,96,90.21,2026-08-28,Supplier_C
P1316,W114,920,296,21.42,2026-05-06,Supplier_A
P1002,W107,355,220,137.75,2026-05-03,Supplier_D
P1301,W119,732,272,63.34,2026-09-07,Supplier_B
P1286,W108,201,236,100.55,2026-04-22,Supplier_C
P1412,W107,528,158,16.64,2026-06-17,Supplier_B
P1236,W103,409,172,52.53,2026-02-28,Supplier_A
P1462,W108,257,249,61.98,2026-01-13,Supplier_A
P1013,W116,992,66,140.79,2026-01-04,Supplier_B
P1365,W100,181,64,140.57,2026-04-13,Supplier_D
P1151,W114,845,216,110.09,2026-04-18,Supplier_A
P1093,W116,447,148,4.01,2026-02-15,Supplier_B
P1248,W114,8,77,61.49,2026-08-02,Supplier_B
P1342,W109,395,79,74.57,2026-05-04,Supplier_C
P1078,W102,68,61,135.6,2026-06-15,SUPPLIER_A
P1492,W108,12,50,118.54,2026-02-03,Supplier_A
P1450,W112,905,237,30.37,2026-05-11,Supplier_C
P1180,W107,954,176,11.51,2026-07-16,Supplier_C
P1347,W102,404,235,142.28,2026-05-05,Supplier_B
P1227,W112,305,232,87.5,2026-07-21,Supplier_D
P1176,W118,387,88,88.42,2026-07-12,Supplier_C
P1205,W105,416,172,81.88,2026-07-19,Supplier_A
P1286,W113,592,257,140.53,2026-04-29,Supplier_D
P1164,W114,7,53,16.95,2026-02-04,Supplier_B
P1051,W105,347,113,73.49,2026-01-26,Supplier_A
P1243,W118,71,289,34.68,2026-01-22,Supplier_C
P1310,W103,189,145,41.08,2026-03-02,Supplier_A
P1454,W118,607,50,121.78,2026-09-14,SUPPLIER_A
P1287,W100,879,66,117.69,2026-01-01,Supplier_D
P1293,W108,981,218,123.61,2026-09-02,Supplier_A
P1160,W106,516,97,46.9,2026-04-30,Supplier_B
P1288,W109,743,152,20.77,2026-03-24,Supplier_C
P1326,W119,837,243,34.66,2026-02-18,Supplier_C
P1155,W111,545,52,7.99,2026-07-01,Supplier_D
P1099,W118,264,104,14.98,2026-03-05,Supplier_B
P1068,W102,8,181,91.38,2026-05-20,Supplier_B
P1363,W111,314,198,22.21,2026-02-02,Supplier_D
P1229,W115,727,84,9.73,2026-09-08,Supplier_B
P1140,W100,209,107,79.93,2026-04-15,Supplier_A
P1190,W114,23,143,71.71,2026-05-23,
P1425,W119,98,298,133.69,2026-07-20,Supplier_B
P1390,W116,855,291,26.89,2026-01-17,Supplier_B
P1057,W119,687,216,70.57,2026-08-20,Supplier_A
P1477,W116,233,107,77.54,2026-02-15,Supplier_D
P1425,W103,240,192,93.44,2026-08-21,Supplier_A
P1007,W112,330,180,140.5,2026-09-07,Supplier_D
P1314,W105,895,126,39.66,2026-06-10,Supplier_B
P1269,W106,98,239,7.15,2026-05-29,Supplier_D
P1060,W106,509,154,68.51,2026-07-07,Supplier_D
P1233,W109,480,189,137.51,2026-01-10,Supplier_B
P1072,W105,506,171,146.73,2026-09-06,Supplier_B
P1180,W101,178,157,29.47,2026-07-05,Supplier_C
P1482,W104,99,77,23.95,2026-07-22,Supplier_B
P1420,W106,683,95,133.1,2026-09-15,Supplier_D
P1179,W113,653,223,122.99,2026-08-07,Supplier_B
P1380,W103,215,95,113.3,2026-01-14,Supplier_D
P1166,W112,466,160,116.99,2026-05-31,Supplier_B
P1380,W101,164,206,47.4,2026-09-08,Supplier_B
P1134,W111,70,155,105.64,2026-09-12,Supplier_D
P1330,W100,318,211,23.97,2026-01-28,Supplier_B
P1209,W112,460,255,53.57,2026-01-30,Supplier_A
P1212,W116,591,90,76.23,2026-02-14,Supplier_A
P1374,W100,696,210,15.42,2026-04-08,Supplier_B
P1170,W119,241,62,2.94,2026-07-05,Supplier_B
P1050,W114,415,95,86.61,2026-08-16,Supplier_D
P1157,W101,535,117,108.33,2026-08-24,Supplier_A
P1165,W111,50,197,88.06,2026-02-06,Supplier_D
P1344,W116,230,121,129.05,2026-02-16,Supplier_B
P1123,W106,41,278,98.82,2026-05-08,Supplier_C
P1451,W111,402,98,11.55,2026-04-06,SUPPLIER_A
P1291,W108,793,270,105.54,2026-02-02,Supplier_C
P1481,W115,208,107,137.3,2026-03-02,Supplier_B
P1469,W114,44,72,22.77,2026-09-07,Supplier_A
P1278,W116,997,251,86.73,2026-01-29,Supplier_C
P1025,W101,171,222,84.22,2026-06-16,Supplier_C
P1084,W106,304,166,117.89,2026-05-31,Supplier_B
P1186,W103,191,171,8.48,2026-07-19,Supplier_A
P1054,W115,758,162,141.94,2026-07-12,Supplier_C
P1417,W100,957,113,130.59,2026-07-19,Supplier_B
P1286,W104,417,101,75.02,2026-02-24,Supplier_B
P1023,W102,576,59,70.94,2026-05-13,Supplier_A
P1405,W115,54,162,137.2,2026-08-31,Supplier_A
P1017,W116,648,77,120.91,2026-08-22,supplier_a
P1150,W104,321,293,64.63,2026-04-12,Supplier_B
P1095,W106,515,294,111.98,2026-03-12,Supplier_C
P1369,W111,632,224,133.98,2026-07-20,Supplier_B
P1184,W107,497,109,68.38,2026-05-17,Supplier_D
P1435,W100,690,151,18.23,2026-02-17,Supplier_A
P1197,W112,80,246,114.92,2026-04-26,Supplier_C
P1069,W116,281,128,5.8,2026-05-07,Supplier_D
P1260,W101,882,200,131.78,2026-07-11,Supplier_B
P1001,W100,560,52,74.36,2026-03-07,Supplier_B
P1321,W106,446,73,100.78,2026-07-01,Supplier_A
P1484,W113,386,189,60.17,2026-05-23,Supplier_B
P1028,W110,767,52,100.87,2026-01-30,Supplier_A
P1197,W103,843,130,32.18,2026-01-16,Supplier_D
P1147,W115,904,89,113.06,2026-06-28,Supplier_C
P1048,W119,518,248,37.64,2026-05-29,Supplier_C
P1236,W119,501,73,79.79,2026-06-19,supplier_c
P1392,W103,846,152,90.43,2026-04-29,Supplier_A
P1015,W104,504,142,25.28,2026-01-15,Supplier_B
P1426,W115,416,165,83.12,2026-06-08,Supplier_D
P1089,W106,393,101,16.1,2026-03-10,Supplier_C
P1105,W113,703,232,124.32,2026-02-25,Supplier_A
P1313,W109,702,153,48.52,2026-05-27,Supplier_A
P1361,W113,340,88,116.47,2026-05-04,Supplier_C
P1323,W108,727,126,92.1,2026-02-13,Supplier_D
P1125,W112,431,138,49.81,2026-08-03,Supplier_C
P1220,W107,561,297,79.99,2026-07-29,Supplier_B
P1232,W109,263,93,102.69,2026-06-28,Supplier_D
P1498,W107,33,212,85.18,2026-02-28,Supplier_D
P1041,W115,84,52,97.37,2026-05-11,Supplier_B
P1327,W111,741,117,131.37,2026-01-13,Supplier_D
P1011,W105,542,293,84.24,2026-04-12,
P1019,W110,610,242,15.64,2026-07-23,Supplier_C
P1397,W101,487,228,73.71,2026-05-14,Supplier_D
P1331,W114,865,102,72.37,2026-01-24,Supplier_D
P1275,W115,192,191,2.52,2026-03-13,Supplier_A
P1495,W117,955,155,138.52,2026-02-16,Supplier_C
P1047,W109,724,199,130.39,2026-08-10,Supplier_B
P1230,W113,210,295,124.73,2026-09-07,Supplier_D
P1367,W117,395,283,61.89,2026-04-22,Supplier_B
P1248,W107,32,186,142.04,2026-04-19,Supplier_B
P1256,W116,-3,134,117.26,2026-04-06,Supplier_D
P1099,W102,793,113,129.19,2026-07-14,Supplier_C
P1195,W113,415,214,103.74,2026-03-22,Supplier_A
P1071,W117,171,66,16.38,2026-03-04,Supplier_D
P1227,W103,446,74,3.27,2026-01-10,Supplier_B
P1421,W111,213,52,93.05,2026-01-12,Supplier_C
P1000,W109,210,128,9.5,2026-04-26,Supplier_A
P1157,W105,5,95,147.86,2026-06-22,Supplier_A
P1095,W100,911,70,7.72,2026-05-17,Supplier_D
P1002,W108,193,211,103.85,2026-09-01,Supplier_D
P1282,W112,274,76,108.6,2026-03-08,Supplier_B
P1190,W105,336,162,78.65,2026-03-03, 
P1188,W111,878,273,15.97,2026-06-19,Supplier_B
P1434,W108,43,117,138.95,2026-07-09,Supplier_D
P1125,W116,203,198,69.51,2026-02-21,Supplier_B
P1472,W104,15,135,146.28,2026-06-14,Supplier_C
P1348,W118,247,299,63.43,2026-03-30,Supplier_C
P1217,W107,258,118,18.79,2026-02-23,Supplier_D
P1414,W104,105,206,137.08,2026-04-10,Supplier_A
P1398,W110,191,69,20.53,2026-07-28,Supplier_C
P1377,W100,443,173,126.26,2026-03-14,Supplier_D
P1425,W113,76,274,54.27,2026-04-20,Supplier_A
P1396,W119,273,220,44.44,2026-01-15,Supplier_C
P1269,W103,767,261,29.81,2026-02-11,Supplier_A
P1025,W116,156,132,75.62,2026-08-25,Supplier_C
P1098,W112,356,64,24.1,2026-03-14,Supplier_C
P1226,W119,83,124,7.43,2026-07-23,Supplier_A
P1059,W104,498,118,65.52,2026-01-09,
P1062,W110,304,230,72.33,2026-09-04,Supplier_C
P1209,W118,650,286,135.23,2026-08-09,Supplier_D
P1091,W110,756,121,122.59,2026-02-15,Supplier_D
P1397,W108,488,183,77.97,2026-03-06,Supplier_D
P1260,W113,516,92,1.35,2026-05-22,Supplier_C
P1288,W119,765,60,97.73,2026-03-07,Supplier_B
P1250,W100,416,211,65.78,2026-01-26,
P1441,W102,767,203,43.68,2026-06-08,Supplier_D
P1177,W114,219,215,128.33,2026-05-13,Supplier_C
P1206,W102,104,241,65.04,2026-02-08,Supplier_D
P1099,W112,496,185,47.38,2026-06-20,Supplier_A
P1447,W100,562,274,26.94,2026-07-21,Supplier_B
P1300,W117,337,53,63.65,2026-03-11,Supplier_C
P1053,W117,760,268,142.29,2026-01-31,Supplier_C
P1076,W106,13,267,67.36,2026-08-30,Supplier_C
P1155,W101,176,51,131.84,2026-03-21,Supplier_C
P1244,W114,134,257,64.69,2026-09-05,Supplier_D
P1228,W104,768,119,76.44,2026-05-31,Supplier_B
P1388,W116,773,77,42.15,2026-05-23,Supplier_A
P1083,W103,791,105,140.69,2026-01-29,Supplier_B
P1225,W101,435,234,40.73,2026-03-03,Supplier_B
P1491,W116,409,95,24.34,2026-03-31,Supplier_A
P1103,W101,564,173,144.88,2026-07-17,Supplier_D
P1417,W118,479,160,115.11,2026-08-06,Supplier_C
P1208,W109,861,136,81.21,2026-04-03,Supplier_B
P1324,W119,68,52,125.48,2026-04-27,Supplier_B
P1058,W110,4,250,109.0,2026-07-15,Supplier_B
P1021,W119,301,137,147.84,2026-08-19,Supplier_A
P1143,W109,484,203,1.57,2026-05-09,Supplier_C
P1245,W112,500,65,133.32,2026-01-29,Supplier_D
P1461,W100,660,267,121.62,2026-08-01,Supplier_A
P1040,W110,287,186,141.3,2026-07-08,Supplier_D
P1400,W110,66,164,44.32,2026-07-29,Supplier_C
P1197,W111,159,124,114.41,2026-01-20,Supplier_D
P1451,W109,77,110,126.92,2026-01-16,Supplier_B
P1256,W108,259,296,17.73,2026-03-26,Supplier_C
P1213,W110,865,270,112.87,2026-04-02,Supplier_C
P1040,W112,12,236,147.37,2026-06-25,Supplier_A
P1428,W115,27,115,96.87,2026-09-09,Supplier_C
P1295,W119,366,226,66.43,2026-01-13,Supplier_D
P1013,W119,969,185,50.8,2026-04-25,Supplier_B
P1018,W109,618,158,128.68,2026-06-02,Supplier_C
P1003,W106,263,254,100.02,2026-04-09,Supplier_A
P1231,W112,293,227,114.4,2026-06-27,Supplier_A
P1196,W116,581,221,148.51,2026-07-11,Supplier_A
P1315,W118,472,181,139.86,2026-04-19,Supplier_A
P1400,W100,438,82,22.38,2026-05-19,Supplier_D
P1385,W107,949,74,136.96,2026-03-02,Supplier_B
P1108,W119,39,279,77.1,2026-09-01,Supplier_A
P1343,W100,173,92,141.07,2026-07-19,Supplier_A
P1010,W115,925,271,139.35,2026-01-31,Supplier_C
P1180,W119,45,164,14.47,2026-09-03,Supplier_D
P1472,W100,866,68,55.15,2026-09-09,Supplier_B
P1026,W118,900,187,37.6,2026-07-21,Supplier_C
P1481,W104,581,141,67.06,2026-09-01,Supplier_B
P1411,W117,292,237,149.73,2026-05-05,Supplier_A
P1043,W108,93,154,2.97,2026-08-03,Supplier_A
P1245,W100,757,176,107.31,2026-03-05,Supplier_A
P1262,W118,372,174,57.39,2026-07-03,Supplier_B
P1448,W100,316,223,62.48,2026-04-06,Supplier_D
P1210,W108,916,276,62.06,2026-01-23,Supplier_A
P1371,W100,740,95,6.22,2026-06-07,Supplier_D
P1307,W117,687,159,24.51,2026-07-12, Supplier_B 
P1368,W108,352,152,71.8,2026-05-06,Supplier_B
P1229,W104,167,265,89.22,2026-05-26,Supplier_A
P1003,W101,81,171,2.46,2026-09-09,Supplier_D
P1306,W112,377,191,15.87,2026-08-16,Supplier_C
P1084,W116,939,266,16.28,2026-08-28,Supplier_A
P1048,W101,200,280,67.85,2026-05-12,Supplier_C
P1456,W113,756,291,27.86,2026-02-23,Supplier_B
P1478,W118,32,274,90.38,2026-06-27,Supplier_B
P1493,W102,25,290,110.09,2026-06-03,Supplier_A
P1371,W115,378,166,20.08,2026-08-08,Supplier_D
P1143,W114,350,261,74.87,2026-04-11,Supplier_D
P1405,W104,451,192,18.38,2026-04-22,Supplier_A
P1476,W110,799,246,140.86,2026-06-04,Supplier_D
P1416,W116,734,65,134.55,2026-06-02,Supplier_D
P1130,W117,518,91,99.43,2026-03-04,Supplier_C
P1028,W103,232,249,106.18,2026-01-19,Supplier_D
P1308,W105,997,281,94.82,2026-02-14,
P1061,W103,883,271,6.59,2026-04-01,Supplier_B
P1102,W109,710,239,121.49,2026-01-15,Supplier_C
P1341,W110,465,281,74.07,2026-04-02,Supplier_D
P1104,W117,54,107,122.36,2026-02-03,supplier_d
P1417,W102,797,138,130.67,2026-06-05,Supplier_A
P1206,W108,599,293,41.77,2026-04-13,Supplier_C
P1430,W109,904,271,140.06,2026-05-13,Supplier_C
P1158,W102,256,157,26.14,2026-03-16,Supplier_A
P1299,W114,147,294,44.84,2026-01-28,Supplier_B
P1352,W105,815,185,131.14,2026-08-16,Supplier_B
P1140,W104,735,272,127.21,2026-05-13,Supplier_B
P1079,W112,800,118,140.26,2026-09-14,Supplier_D
P1297,W100,63,267,54.14,2026-01-30,Supplier_D
P1471,W104,717,106,34.15,2026-02-04,Supplier_B
P1014,W110,221,195,58.67,2026-06-21,Supplier_A
P1364,W101,816,291,32.18,2026-07-04,Supplier_C
P1221,W101,210,238,95.75,2026-08-23,Supplier_A
P1297,W100,621,76,49.34,2026-03-26,Supplier_D
P1207,W109,314,232,141.74,2026-01-30,Supplier_C
P1373,W109,157,116,2.02,2026-06-27,Supplier_D
P1093,W107,621,231,136.5,2026-07-17,Supplier_A
P1248,W119,852,208,14.45,2026-06-10,Supplier_C
P1213,W110,661,61,76.73,2026-03-11,Supplier_A
P1406,W117,899,75,53.07,2026-03-29,Supplier_C
P1032,W119,982,177,65.24,2026-08-22,Supplier_C
P1399,W118,685,186,42.47,2026-02-10,Supplier_B
P1231,W116,169,203,101.65,2026-03-12,Supplier_C
P1100,W117,103,262,120.48,2026-08-03,Supplier_B
P1388,W109,161,120,118.66,2026-01-10,
P1181,W107,611,92,24.27,2026-08-26, Supplier_B 
P1224,W101,930,128,35.46,2026-07-10,Supplier_D
P1393,W104,403,73,97.96,2026-01-19,Supplier_D
P1206,W116,163,55,73.35,2026-01-28,Supplier_B
P1289,W104,949,296,49.28,2026-07-18,Supplier_C
P1398,W113,505,255,132.17,2026-08-23,Supplier_D
P1145,W102,130,107,24.85,2026-01-03,Supplier_B
P1094,W108,276,267,33.56,2026-05-01,Supplier_C
P1279,W116,121,144,15.0,2026-04-16,Supplier_D
P1493,W106,491,95,63.29,2026-01-05,Supplier_B
P1246,W101,872,228,12.53,2026-08-08,Supplier_A
P1268,W111,866,186,106.7,2026-08-24,Supplier_C
P1047,W117,949,68,17.47,2026-05-01,Supplier_D
P1023,W106,741,211,135.61,2026-04-12,Supplier_A
P1094,W106,434,106,37.56,2026-03-07,Supplier_D
P1209,W116,387,155,26.17,2026-09-05,Supplier_D
P1209,W106,438,61,16.99,2026-02-10,Supplier_A
P1155,W118,240,286,147.89,2026-08-15,Supplier_D
P1042,W103,210,65,99.4,2026-03-19,Supplier_A
P1402,W111,801,128,145.61,2026-04-11,Supplier_C
P1407,W108,139,258,113.77,2026-06-23,Supplier_B
P1382,W108,38,237,80.88,2026-04-04,Supplier_B
P1486,W105,880,290,63.64,2026-02-24,Supplier_B
P1182,W100,404,143,141.91,2026-07-02,Supplier_A
P1479,W102,479,193,33.52,2026-02-19,Supplier_B
P1495,W111,854,287,60.8,2026-04-08,Supplier_B
P1431,W119,442,254,104.6,2026-08-10,
P1259,W106,835,65,110.24,2026-03-28,Supplier_B
P1058,W118,196,233,82.43,2026-09-13,Supplier_A
P1062,W118,206,128,138.37,2026-02-20,Supplier_B
P1026,W118,816,61,140.83,2026-01-13,Supplier_A
P1097,W108,23,246,83.25,2026-01-13,Supplier_C
P1467,W110,509,199,40.02,2026-04-02,Supplier_D
P1215,W101,799,170,87.12,2026-04-18,Supplier_A
P1399,W111,973,55,139.74,2026-08-30,Supplier_C
P1110,W112,169,107,78.52,2026-08-20,Supplier_B
P1040,W101,77,63,59.76,2026-01-09,Supplier_C
P1339,W109,776,87,123.12,2026-05-18,Supplier_A
P1096,W106,803,89,103.46,2026-04-24,Supplier_D
P1037,W117,492,123,139.4,2026-02-04,Supplier_C
P1004,W117,115,234,89.8,2026-04-17,Supplier_A
P1044,W105,921,81,133.9,2026-05-30,Supplier_C
P1049,W100,44,249,86.65,2026-07-01,Supplier_D
P1133,W115,69,196,16.27,2026-07-09,Supplier_C
P1225,W102,655,265,18.75,2026-02-02,Supplier_C
P1281,W118,991,70,54.85,2026-07-28,Supplier_A
P1139,W104,36,253,33.43,2026-04-16,Supplier_C
P1002,W107,27,225,144.4,2026-05-05,Supplier_D
P1006,W113,882,220,124.69,2026-04-02,Supplier_A
P1193,W115,609,271,14.77,2026-08-15,Supplier_B
P1297,W113,252,218,43.4,2026-02-28,Supplier_A
P1229,W112,154,150,53.5,2026-01-21,Supplier_A
P1023,W105,562,256,123.3,2026-07-09,Supplier_A
P1430,W111,244,199,76.57,2026-08-26,Supplier_A
P1057,W114,533,75,72.09,2026-06-14,Supplier_D
P1289,W106,700,75,142.14,2026-05-16,Supplier_C
P1126,W108,601,179,149.9,2026-02-09,Supplier_A
P1271,W117,629,155,12.4,2026-03-01,Supplier_D
P1269,W108,6,287,26.24,2026-02-08,Supplier_C
P1442,W114,970,117,37.42,2026-01-08,Supplier_B
P1231,W101,250,98,140.43,2026-02-16,Supplier_D
P1029,W115,172,242,109.76,2026-07-29,Supplier_A
P1377,W117,543,273,85.83,2026-08-12,Supplier_D
P1045,W115,82,248,46.42,2026-01-05,Supplier_D
P1156,W111,951,124,32.09,2026-02-25,Supplier_D
P1293,W112,133,191,8.7,2026-03-02,Supplier_B
P1342,W113,546,90,28.63,2026-03-21,Supplier_D
P1426,W117,660,284,109.75,2026-02-27,Supplier_D
P1033,W117,56,55,32.34,2026-06-03,Supplier_B
P1262,W108,214,65,76.6,2026-09-05,Supplier_C
P1212,W107,64,133,73.26,2026-02-20,Supplier_D
P1069,W110,909,140,132.34,2026-05-17,Supplier_D
P1059,W106,768,159,127.45,2026-05-02,Supplier_C
P1370,W105,277,83,9.52,2026-06-01,Supplier_C
P1087,W105,996,165,18.77,2026-01-17,Supplier_A
P1390,W117,26,130,75.81,2026-02-24,
P1147,W114,448,179,141.76,2026-02-16,Supplier_B
P1247,W106,18,234,133.53,2026-06-23,Supplier_B
P1419,W118,859,213,60.11,2026-05-26,Supplier_A
P1270,W117,475,195,22.22,2026-01-15,Supplier_C
P1372,W107,3,151,125.54,2026-04-14,Supplier_B
P1243,W104,677,190,5.58,2026-04-11,Supplier_D
P1349,W113,252,221,48.89,2026-06-24,Supplier_D
P1409,W115,454,124,137.97,2026-08-06,Supplier_C
P1435,W114,874,50,25.15,2026-01-29,Supplier_C
P1456,W116,396,234,133.08,2026-02-01,Supplier_D
P1478,W101,278,111,40.54,2026-08-24,Supplier_D
P1327,W104,2,110,131.38,2026-01-21,Supplier_D
P1402,W111,787,230,55.96,2026-06-18,
P1243,W101,897,218,35.74,2026-06-10,Supplier_A
P1190,W113,759,72,53.19,2026-04-15,Supplier_A
P1152,W102,935,265,35.47,2026-01-09,Supplier_C
P1112,W110,703,60,142.88,2026-08-08,Supplier_D
P1206,W112,261,262,8.58,2026-03-10,Supplier_A
P1265,W114,317,199,96.5,2026-09-09,Supplier_B
P1422,W105,45,224,17.61,2026-08-17,Supplier_A
P1407,W112,256,166,65.85,2026-02-12,Supplier_A
P1478,W108,715,160,42.14,2026-08-03,supplier_b
P1301,W116,445,99,95.78,2026-07-30,Supplier_D
P1316,W100,267,75,60.6,2026-04-12,Supplier_C
P1311,W112,606,97,47.3,2026-01-31,Supplier_B
P1378,W110,510,257,8.89,2026-02-26,Supplier_B
P1442,W114,62,204,114.14,2026-08-16,Supplier_B
P1359,W115,886,212,110.28,2026-09-11,Supplier_B
P1131,W112,156,99,79.28,2026-08-05,Supplier_B
P1107,W108,10,198,45.74,2026-04-01,Supplier_C
P1032,W102,845,275,115.98,2026-07-27,Supplier_D
P1316,W112,498,93,148.88,2026-01-28,Supplier_D
P1175,W110,116,61,78.44,2026-05-10,
P1246,W114,903,87,127.6,2026-03-16,Supplier_B
P1290,W103,150,170,99.44,2026-09-03,Supplier_D
P1300,W104,258,244,91.16,2026-06-07,Supplier_A
P1095,W102,474,171,94.48,2026-07-09,Supplier_D
P1037,W108,407,152,82.3,2026-05-06,Supplier_A
P1027,W106,200,258,95.15,2026-08-29,Supplier_C
P1322,W109,540,281,144.21,2026-07-10,Supplier_C
P1010,W116,458,219,145.87,2026-07-25,Supplier_B
P1384,W116,732,215,27.25,2026-08-02,Supplier_C
P1380,W119,290,270,4.18,2026-03-26,Supplier_B
P1122,W101,391,264,2.0,2026-07-22,Supplier_A
P1421,W105,367,256,60.62,2026-01-30,Supplier_A
P1348,W114,610,272,124.27,2026-07-26,Supplier_A
P1420,W114,917,156,102.35,2026-03-15,Supplier_C
P1394,W100,426,62,94.55,2026-01-10,Supplier_A
P1424,W100,3,99,118.54,2026-06-07,Supplier_A
P1008,W118,482,88,17.22,2026-03-02,Supplier_D
P1492,W118,733,138,122.08,2026-08-19,Supplier_C
P1446,W109,734,253,52.97,2026-07-11,Supplier_A
P1271,W115,845,75,123.07,2026-04-22,Supplier_D
P1194,W114,3,171,121.87,2026-01-22,Supplier_B
P1084,W108,128,175,108.91,2026-05-02,Supplier_D
P1413,W103,857,80,29.07,2026-04-25, Supplier_A 
P1228,W113,47,140,60.17,2026-06-24,Supplier_D
P1118,W116,775,70,4.68,2026-01-27,Supplier_C
P1087,W111,823,79,79.92,2026-01-14,Supplier_D
P1286,W106,628,204,85.78,2026-04-21,Supplier_B
P1214,W102,830,221,2.08,2026-08-16,Supplier_A
P1219,W116,468,143,82.7,2026-07-16,Supplier_B
P1381,W114,553,215,58.18,2026-07-21,Supplier_B
P1028,W100,277,282,100.72,2026-01-21,Supplier_C
P1348,W112,854,130,122.99,2026-01-18,Supplier_B
P1396,W109,410,289,41.3,2026-04-03,Supplier_C
P1202,W109,221,112,88.87,2026-06-10,Supplier_D
P1200,W115,668,68,51.96,2026-06-17,Supplier_B
P1144,W119,215,136,128.98,2026-01-31,Supplier_C
P1330,W119,0,249,93.24,2026-04-17,Supplier_D
P1112,W119,980,62,26.7,2026-05-24,Supplier_D
P1432,W107,508,284,140.13,2026-08-13,Supplier_B
P1101,W108,880,159,53.54,2026-02-11,Supplier_D
P1054,W115,297,283,62.4,2026-01-04,Supplier_C
P1297,W102,933,107,109.4,2026-08-03,Supplier_A
P1431,W112,486,155,140.0,2026-09-10,Supplier_C
P1486,W118,530,190,51.78,2026-04-10,Supplier_A
P1184,W103,10,243,43.25,2026-02-08,Supplier_B
P1247,W107,14,113,14.58,2026-08-28,Supplier_A
P1294,W110,910,278,63.89,2026-05-07,Supplier_D
P1368,W111,379,182,104.1,2026-08-09,Supplier_B
P1104,W104,465,268,109.86,2026-08-18,Supplier_B
P1027,W101,851,129,23.95,2026-03-18,Supplier_D
P1192,W105,68,66,146.97,2026-05-08,Supplier_C
P1129,W104,439,168,2.56,2026-02-10,Supplier_D
P1332,W108,706,145,71.21,2026-01-30,Supplier_D
P1184,W119,899,222,79.29,2026-03-03,Supplier_C
P1054,W106,617,139,56.84,2026-01-16,Supplier_B
P1420,W103,245,50,85.97,2026-05-29,Supplier_A
P1200,W106,2,299,17.86,2026-06-30,Supplier_A
P1332,W108,755,66,38.79,2026-08-26,Supplier_D
P1263,W103,731,54,112.15,2026-07-01,Supplier_A
P1317,W105,931,298,39.71,2026-02-23,Supplier_A
P1433,W119,454,70,56.24,2026-05-08,Supplier_C
P1204,W101,307,294,109.87,2026-01-16,SUPPLIER_C
P1444,W111,213,95,127.36,2026-02-25,
P1091,W114,903,244,86.54,2026-03-26,Supplier_B
P1149,W112,361,57,115.71,2026-01-06,Supplier_D
P1220,W102,909,213,4.2,2026-09-13,Supplier_A
P1053,W111,995,75,22.95,2026-04-25,Supplier_C
P1062,W113,402,133,23.97,2026-01-12,Supplier_C
P1059,W106,106,69,114.24,2026-02-09,Supplier_C
P1324,W117,939,291,136.93,2026-07-12,Supplier_A
P1336,W117,828,281,102.88,2026-04-13,Supplier_B
P1461,W112,871,94,7.46,2026-05-28,Supplier_B
P1436,W100,794,143,136.01,2026-09-14,Supplier_D
P1451,W106,276,109,13.72,2026-02-28,Supplier_C
P1386,W113,22,146,133.64,2026-02-12,Supplier_D
P1342,W112,111,276,36.8,2026-01-11,Supplier_B
P1191,W103,40,168,39.28,2026-06-23,Supplier_C
P1367,W117,850,158,95.33,2026-01-11,Supplier_B
P1455,W114,323,245,78.09,2026-03-10,Supplier_C
P1320,W118,871,222,26.43,2026-08-25,Supplier_A
P1485,W113,718,256,127.06,2026-03-27,Supplier_C
P1437,W107,11,283,71.17,2026-06-19,Supplier_D
P1303,W107,786,174,98.54,2026-08-13,Supplier_B
P1067,W115,905,116,129.8,2026-08-22,Supplier_B
P1443,W108,332,218,8.14,2026-03-30,Supplier_A
P1426,W112,917,160,105.92,2026-08-10,Supplier_D
P1061,W105,21,188,56.93,2026-02-12,Supplier_B
P1335,W110,97,275,60.3,2026-06-12,Supplier_A
P1058,W106,584,151,33.49,2026-06-08,Supplier_A
P1185,W111,357,274,80.95,2026-05-05,Supplier_D
P1167,W108,669,251,103.46,2026-07-18,Supplier_A
P1269,W116,562,117,83.5,2026-02-27,Supplier_A
P1003,W106,13,273,29.5,2026-03-25,Supplier_B
P1020,W106,355,84,135.5,2026-09-12,Supplier_C
P1058,W118,94,179,48.35,2026-04-08,Supplier_D
P1481,W101,859,203,102.98,2026-06-29,Supplier_C
P1290,W116,879,153,119.36,2026-07-03,Supplier_C
P1421,W113,844,270,116.27,2026-03-17,Supplier_B
P1395,W100,451,288,85.32,2026-05-29,Supplier_B
P1179,W103,252,58,73.88,2026-04-10,Supplier_B
P1213,W102,123,114,27.14,2026-06-02,Supplier_D
P1120,W100,689,75,97.01,2026-03-20,Supplier_D
P1466,W103,748,145,4.48,2026-03-15,Supplier_B
P1165,W117,859,173,83.12,2026-01-04,Supplier_C
P1483,W115,379,220,122.39,2026-06-19,Supplier_A
P1153,W114,859,119,131.53,2026-08-18,Supplier_B
P1412,W109,245,288,67.92,2026-07-14,Supplier_A
P1102,W107,-1,78,19.5,2026-03-28,Supplier_A
P1110,W119,963,68,28.63,2026-04-19,Supplier_B
P1489,W118,833,211,122.12,2026-07-17,Supplier_D
P1467,W109,942,255,22.75,2026-03-29,Supplier_A
P1382,W100,801,209,100.52,2026-05-02,Supplier_B
P1452,W103,71,221,13.27,2026-02-12,Supplier_B
P1376,W114,987,103,54.34,2026-07-29,Supplier_C
P1258,W114,530,129,135.91,2026-02-23,Supplier_C
P1137,W105,196,169,131.64,2026-05-08,Supplier_A
P1347,W113,674,76,139.98,2026-06-23,Supplier_D
P1360,W109,947,103,76.83,2026-01-02,Supplier_C
P1498,W108,196,192,59.7,2026-03-15,Supplier_A
P1201,W113,751,254,133.86,2026-06-08,Supplier_B
P1215,W118,996,183,3.83,2026-06-25,Supplier_A
P1446,W110,447,133,41.26,2026-06-12,Supplier_D
P1224,W110,296,111,131.35,2026-04-01,Supplier_A
P1312,W106,692,119,39.14,2026-06-22,Supplier_C
P1058,W107,632,140,145.5,2026-07-20,Supplier_A
P1203,W104,414,156,119.17,2026-08-17,Supplier_D
P1317,W103,283,122,88.29,2026-01-27,Supplier_D
P1326,W113,842,134,18.61,2026-01-21,SUPPLIER_D
P1077,W118,363,150,8.2,2026-07-20,Supplier_A
P1112,W102,505,163,102.45,2026-04-16,Supplier_C
P1431,W111,26,212,2.18,2026-06-29,Supplier_D
P1057,W118,187,99,88.55,2026-09-03,Supplier_D
P1378,W109,448,279,16.32,2026-03-14,Supplier_B
P1037,W119,911,269,39.91,2026-09-15,Supplier_C
P1151,W119,545,67,100.64,2026-03-17,Supplier_C
P1374,W100,170,94,92.33,2026-01-23,Supplier_D
P1304,W102,815,288,18.06,2026-06-26,Supplier_A
P1332,W116,978,221,18.82,2026-06-06,Supplier_B
P1343,W111,54,214,7.06,2026-02-17,Supplier_A
P1067,W107,928,287,22.76,2026-05-03,Supplier_B
P1161,W113,849,191,31.36,2026-08-28,Supplier_D
P1078,W112,405,260,43.01,2026-03-30,Supplier_A
P1072,W117,128,119,15.1,2026-04-02,Supplier_D
P1102,W115,426,234,44.29,2026-02-19,Supplier_A
P1195,W100,580,74,41.2,2026-04-01,Supplier_A
P1326,W112,188,197,29.98,2026-08-13,
P1273,W108,740,200,10.32,2026-02-12,Supplier_D
P1153,W118,755,266,112.43,2026-07-24,Supplier_D
P1426,W113,354,251,73.1,2026-05-26,Supplier_D
P1164,W119,353,139,140.08,2026-04-29,Supplier_A
P1059,W105,775,262,67.93,2026-02-26,Supplier_A
P1172,W109,283,245,42.71,2026-07-25,Supplier_A
P1089,W100,778,152,81.11,2026-06-21,Supplier_B
P1148,W114,343,84,19.61,2026-01-31,Supplier_B
P1435,W101,209,258,125.71,2026-01-31, Supplier_A 
P1321,W119,951,288,30.47,2026-07-30,Supplier_D
P1093,W102,891,95,69.81,2026-05-16,Supplier_C
P1202,W108,429,60,13.31,2026-02-08,Supplier_B
P1096,W110,766,240,112.09,2026-02-09,Supplier_D
P1366,W101,16,130,104.33,2026-08-07,Supplier_A
P1381,W101,21,282,76.65,2026-01-18,Supplier_B
P1420,W105,467,117,148.22,2026-03-26,Supplier_D
P1464,W103,186,116,10.1,2026-01-28,
P1109,W100,16,278,113.21,2026-02-02,Supplier_B
P1279,W111,342,280,96.68,2026-03-28,Supplier_A
P1362,W103,736,245,90.76,2026-03-16,Supplier_A
P1127,W110,931,230,132.01,2026-02-24,Supplier_A
P1208,W102,996,123,132.84,2026-03-12,Supplier_A
P1412,W112,142,254,60.2,2026-07-01,Supplier_A
P1307,W109,853,250,98.53,2026-06-07,Supplier_A
P1218,W111,671,296,80.07,2026-09-09,Supplier_C
P1320,W118,204,140,14.95,2026-03-20,Supplier_B
P1186,W100,506,51,12.54,2026-05-02,Supplier_D
P1493,W110,120,180,24.12,2026-08-24,Supplier_C
P1213,W106,678,234,19.45,2026-06-09,
P1387,W119,525,88,47.89,2026-05-27,Supplier_A
P1418,W109,172,195,70.05,2026-04-27,Supplier_C
P1451,W113,338,172,13.13,2026-07-29,Supplier_C
P1456,W101,371,248,41.29,2026-01-08,Supplier_C
P1351,W119,462,264,94.53,2026-03-07,SUPPLIER_A
P1001,W110,299,284,59.05,2026-03-27,Supplier_D
P1406,W102,238,230,22.36,2026-06-22,Supplier_B
P1024,W102,379,129,128.74,2026-01-24,Supplier_B
P1285,W112,165,298,47.49,2026-02-23,Supplier_D
P1168,W112,900,295,143.68,2026-04-22,Supplier_D
P1070,W110,723,159,24.79,2026-07-11,Supplier_D
P1250,W100,311,59,98.4,2026-08-28,Supplier_D
P1456,W101,856,90,18.49,2026-02-16,Supplier_A
P1410,W110,506,245,129.79,2026-04-21,Supplier_C
P1321,W118,979,157,97.73,2026-08-29,Supplier_A
P1304,W111,859,253,120.43,2026-05-17,Supplier_A
P1176,W106,10,57,76.26,2026-04-03,Supplier_A
P1401,W118,85,125,91.95,2026-02-24,Supplier_C
P1490,W116,996,135,112.31,2026-06-05,Supplier_A
P1281,W110,256,204,39.51,2026-02-10,Supplier_D
P1427,W113,440,235,103.02,2026-06-12,Supplier_D
P1282,W119,509,217,14.4,2026-08-29,SUPPLIER_B
P1409,W109,748,147,21.91,2026-01-12,Supplier_C
P1197,W115,582,268,51.05,2026-07-11,Supplier_C
P1133,W119,47,112,135.17,2026-03-09,Supplier_A
P1359,W100,487,218,64.74,2026-03-04,Supplier_A
P1244,W101,792,133,115.98,2026-02-01,Supplier_D
P1364,W103,742,161,142.21,2026-05-17,Supplier_D
P1383,W119,978,269,124.02,2026-07-26,Supplier_D
P1225,W104,11,230,31.96,2026-01-03,Supplier_A
P1087,W103,817,263,46.08,2026-06-25,Supplier_B
P1445,W108,985,111,138.89,2026-03-25,Supplier_B
P1495,W112,632,141,18.05,2026-07-27,Supplier_B
P1468,W117,433,141,129.58,2026-03-03,Supplier_B
P1032,W106,107,207,40.7,2026-02-26,Supplier_D
P1188,W117,963,209,138.62,2026-01-13,Supplier_D
P1186,W116,686,220,101.39,2026-06-02,Supplier_C
P1142,W100,540,109,47.17,2026-05-29,Supplier_C
P1204,W100,474,66,6.78,2026-09-06,Supplier_D
P1243,W117,191,263,23.35,2026-07-31, Supplier_C 
P1297,W115,476,181,61.35,2026-02-25,Supplier_C
P1347,W105,227,146,26.24,2026-05-27,Supplier_B
P1305,W105,642,94,68.84,2026-05-17,Supplier_B
P1200,W115,879,235,32.59,2026-04-13,
P1099,W100,143,283,90.73,2026-06-01,Supplier_C
P1478,W103,947,126,16.55,2026-01-07,Supplier_D
P1360,W102,2,123,129.41,2026-06-27,Supplier_B
P1163,W101,193,277,2.51,2026-02-01,Supplier_A
P1022,W110,72,276,68.4,2026-02-10,Supplier_C
P1230,W101,270,147,94.09,2026-04-29,Supplier_C
P1417,W110,915,271,76.83,2026-08-01,Supplier_B
P1290,W100,667,110,9.03,2026-09-14,Supplier_A
P1289,W112,405,224,100.09,2026-02-21,Supplier_A
P1242,W103,770,274,79.86,2026-06-06,Supplier_D
P1196,W102,526,61,5.94,2026-07-09,Supplier_C
P1260,W113,454,288,49.61,2026-08-21,Supplier_A
P1037,W110,898,172,59.88,2026-06-11,Supplier_C
P1425,W114,275,131,107.39,2026-05-12,Supplier_B
P1424,W110,647,171,31.64,2026-07-05,Supplier_B
P1222,W114,576,215,142.11,2026-03-28,Supplier_B
P1044,W102,101,102,4.84,2026-04-23,Supplier_D
P1475,W111,646,157,115.49,2026-06-11,Supplier_D
P1443,W111,78,86,143.35,2026-07-09,
P1194,W107,340,60,132.36,2026-08-28,Supplier_A
P1417,W109,639,246,11.58,2026-03-06,Supplier_B
P1395,W115,53,275,41.8,2026-06-11,Supplier_B
P1215,W112,749,129,7.58,2026-07-06,Supplier_B
P1283,W113,940,284,141.11,2026-01-02,Supplier_C
P1044,W101,363,111,36.21,2026-06-29,Supplier_A
P1146,W105,888,76,59.98,2026-07-06,Supplier_D
P1099,W106,821,85,139.31,2026-03-17,Supplier_D
P1314,W108,119,230,103.09,2026-05-24,Supplier_D
P1191,W105,757,57,129.27,2026-02-05,Supplier_B
P1001,W102,22,221,100.78,2026-02-20,Supplier_C
P1000,W105,138,168,59.46,2026-01-02,Supplier_D
P1058,W101,123,204,3.4,2026-09-07,Supplier_D
P1110,W114,532,145,49.2,2026-02-14,Supplier_C
P1438,W115,127,230,46.7,2026-06-16,Supplier_C
P1462,W110,24,280,116.75,2026-06-06,Supplier_C
P1479,W105,806,71,132.15,2026-01-06,Supplier_D
P1466,W105,879,178,109.65,2026-03-28,Supplier_A
P1382,W101,616,224,42.62,2026-03-30,Supplier_D
P1333,W100,588,77,134.21,2026-04-10,Supplier_B
P1266,W114,515,246,79.67,2026-05-29,Supplier_B
P1215,W109,668,223,6.19,2026-07-29,Supplier_A
P1393,W118,974,140,53.33,2026-07-24,Supplier_D
P1163,W116,109,151,24.19,2026-03-27,Supplier_B
P1451,W110,815,269,58.99,2026-08-19,Supplier_C
P1364,W110,306,240,18.99,2026-03-23,Supplier_C
P1226,W111,687,176,72.88,2026-07-07,Supplier_A
P1199,W115,140,229,77.74,2026-05-31,Supplier_A
P1426,W108,326,289,52.84,2026-04-25,Supplier_A
P1416,W108,690,170,69.3,2026-06-30,Supplier_B
P1413,W103,534,59,95.79,2026-05-21,Supplier_D
P1416,W112,478,154,84.73,2026-07-09,Supplier_A
P1057,W108,132,112,14.96,2026-06-12,Supplier_C
P1484,W119,807,105,22.34,2026-08-21,Supplier_B
P1368,W118,2,161,87.72,2026-04-06,Supplier_D
P1284,W118,290,154,106.83,2026-08-09,Supplier_C
P1477,W104,37,203,82.1,2026-04-17,Supplier_B
P1418,W113,417,146,146.95,2026-06-03,Supplier_C
P1415,W101,443,227,82.63,2026-07-11,Supplier_B
P1490,W111,799,110,72.74,2026-06-21,Supplier_D
P1223,W115,88,60,129.58,2026-01-05,Supplier_B
P1298,W104,24,149,83.79,2026-01-25,Supplier_C
P1275,W106,530,58,106.07,2026-03-21,Supplier_D
P1377,W105,849,148,75.12,2026-05-08,Supplier_B
P1180,W100,480,116,3.16,2026-01-16,Supplier_D
P1436,W112,265,221,33.88,2026-08-25,Supplier_D
P1251,W109,953,60,10.06,2026-03-23,
P1155,W100,688,137,1.43,2026-07-13,Supplier_C
P1212,W106,829,219,11.33,2026-08-22,Supplier_D
P1410,W111,867,213,70.99,2026-03-22,Supplier_C
P1139,W116,14,73,120.78,2026-07-23,Supplier_D
P1439,W108,285,58,65.14,2026-07-13,Supplier_C
P1125,W105,236,272,142.23,2026-02-10,Supplier_B
P1408,W117,851,164,121.08,2026-03-12,Supplier_D
P1343,W105,20,73,135.86,2026-06-17,Supplier_D
P1298,W105,419,214,130.04,2026-01-13,Supplier_C
P1336,W113,419,116,12.21,2026-05-18,Supplier_C
P1318,W109,481,132,88.76,2026-01-22,Supplier_D
P1224,W102,490,167,97.99,2026-08-03,Supplier_D
P1205,W115,917,97,59.82,2026-03-07,Supplier_A
P1445,W108,976,250,92.2,2026-01-28,Supplier_C
P1119,W118,991,175,142.32,2026-06-06,Supplier_C
P1130,W101,342,247,142.2,2026-04-23,Supplier_D
P1046,W112,412,142,74.24,2026-05-25,Supplier_A
P1143,W106,557,60,71.54,2026-02-28,Supplier_C
P1471,W102,22,75,124.88,2026-01-06,Supplier_A
P1485,W109,305,143,31.95,2026-03-19,Supplier_D
P1440,W115,108,285,145.9,2026-04-30,Supplier_B
P1489,W104,557,162,128.56,2026-01-09,Supplier_B
P1142,W101,341,193,46.18,2026-02-24,Supplier_C
P1196,W118,597,224,71.83,2026-04-11,Supplier_B
P1042,W102,213,93,126.89,2026-01-27,Supplier_D
P1055,W119,507,211,107.29,2026-02-26,Supplier_C
P1170,W104,857,279,77.45,2026-02-05,Supplier_D
P1315,W119,243,115,35.27,2026-05-06,
P1097,W114,205,289,36.92,2026-03-13,Supplier_D
P1260,W114,927,162,6.8,2026-07-19,Supplier_B
P1372,W103,234,132,138.0,2026-05-04,Supplier_B
P1024,W102,300,218,12.8,2026-05-07,Supplier_D
P1364,W106,463,262,123.01,2026-07-29,Supplier_B
P1167,W102,155,282,89.26,2026-06-02,Supplier_C
P1170,W119,726,140,91.42,2026-07-28,Supplier_D
P1275,W113,357,274,145.72,2026-08-07,Supplier_B
P1289,W112,587,180,89.85,2026-08-02,Supplier_B
P1017,W116,487,280,108.19,2026-07-27,Supplier_C
P1126,W108,421,210,140.36,2026-09-05,Supplier_B
P1152,W116,863,88,16.67,2026-04-13,Supplier_A
P1105,W100,419,278,130.32,2026-05-22,Supplier_A
P1028,W106,633,76,23.77,2026-03-05,Supplier_B
P1055,W117,175,208,148.44,2026-07-02,Supplier_A
P1160,W111,12,273,86.32,2026-05-03,Supplier_B
P1479,W113,12,264,51.27,2026-02-14,Supplier_B
P1339,W103,150,267,33.09,2026-04-04,Supplier_D
P1401,W118,202,104,44.7,2026-03-28,Supplier_D
P1348,W114,348,166,120.68,2026-02-11,Supplier_C
P1305,W103,223,74,95.1,2026-01-08,Supplier_B
P1433,W107,3,131,39.79,2026-05-11,Supplier_A
P1128,W113,806,156,64.59,2026-04-09,Supplier_D
P1010,W104,964,136,75.92,2026-07-25,Supplier_B
P1054,W112,9,141,89.13,2026-01-17,Supplier_B
P1052,W103,0,56,95.07,2026-06-12,Supplier_B
P1278,W119,277,116,76.55,2026-08-03,Supplier_D
P1129,W113,378,108,140.69,2026-01-29,Supplier_A
P1154,W115,680,288,117.46,2026-05-18,Supplier_B
P1208,W108,363,196,142.28,2026-05-02,Supplier_A
P1120,W116,666,99,3.32,2026-07-31,Supplier_B
P1248,W107,173,104,2.5,2026-06-05,Supplier_B
P1425,W119,546,196,101.0,2026-05-11,Supplier_C
P1115,W105,473,56,79.91,2026-05-12,Supplier_B
P1144,W100,213,199,24.62,2026-07-14,
P1098,W107,210,256,116.88,2026-05-14,Supplier_D
P1289,W105,510,106,146.96,2026-06-04,Supplier_C
P1115,W105,482,71,71.35,2026-03-12,Supplier_D
P1057,W101,265,297,22.92,2026-02-03,Supplier_B
P1369,W102,886,58,124.45,2026-02-08,Supplier_A
P1311,W113,692,85,23.53,2026-01-08,Supplier_B
P1322,W100,385,88,64.99,2026-07-30, Supplier_A 
P1397,W100,730,184,139.36,2026-08-15,Supplier_B
P1284,W110,249,279,57.2,2026-01-08,Supplier_B
P1198,W104,248,292,73.51,2026-01-23,Supplier_B
P1254,W115,235,125,141.23,2026-07-04,Supplier_C
P1098,W118,388,264,17.85,2026-04-17,Supplier_A
P1455,W115,776,296,91.59,2026-01-20,
P1177,W111,627,286,25.49,2026-04-28,Supplier_B
P1420,W103,459,198,107.21,2026-03-29,Supplier_D
P1422,W114,875,278,96.61,2026-07-29,Supplier_A
P1116,W107,27,69,15.82,2026-02-15,Supplier_D
P1203,W111,40,255,88.84,2026-06-23,Supplier_A
P1080,W107,487,293,47.11,2026-02-18,Supplier_D
P1308,W110,334,161,31.3,2026-08-25,Supplier_B
P1040,W119,9,246,45.32,2026-02-22,Supplier_C
P1480,W115,22,209,62.48,2026-01-17,Supplier_D
P1280,W115,390,78,61.27,2026-05-12,Supplier_B
P1481,W113,21,172,53.21,2026-01-11,Supplier_B
P1479,W111,457,182,142.49,2026-06-06,Supplier_D
P1419,W105,225,266,32.07,2026-05-22,Supplier_C
P1074,W112,733,289,83.77,2026-08-08,Supplier_B
P1455,W101,564,107,72.83,2026-05-14,Supplier_A
P1392,W107,458,229,76.81,2026-07-25,Supplier_B
P1274,W118,201,219,28.36,2026-04-28,Supplier_D
P1207,W103,875,286,70.73,2026-03-19,Supplier_B
P1326,W113,921,292,71.98,2026-03-14,Supplier_B
P1087,W117,6,267,11.2,2026-06-08,Supplier_D
P1030,W115,12,203,68.33,2026-01-20,Supplier_D
P1225,W108,800,133,36.18,2026-02-03,Supplier_B
P1286,W118,706,138,68.2,2026-06-07, 
P1201,W105,624,237,140.95,2026-05-12,Supplier_D
P1372,W119,83,215,70.49,2026-09-06,Supplier_C
P1453,W114,6,155,30.8,2026-01-24,Supplier_C
P1273,W105,788,108,105.0,2026-06-23,Supplier_D
P1452,W100,336,280,67.72,2026-09-10,Supplier_B
P1290,W113,902,221,28.82,2026-04-23,Supplier_D
P1458,W116,694,92,54.79,2026-06-16, Supplier_D 
P1123,W112,106,129,79.42,2026-02-01,Supplier_A
P1479,W108,8,161,9.81,2026-06-20, 
P1294,W116,542,148,55.75,2026-05-18,Supplier_D
P1179,W110,257,154,12.44,2026-02-26,Supplier_B
P1251,W110,39,226,10.06,2026-08-09,Supplier_D
P1236,W113,418,286,37.01,2026-05-05,Supplier_A
P1015,W116,606,296,85.02,2026-02-23,Supplier_C
P1082,W113,653,208,72.53,2026-03-23,Supplier_C
P1408,W114,16,187,124.14,2026-08-16,Supplier_D
P1074,W112,252,289,22.98,2026-07-02,Supplier_D
P1016,W101,39,59,136.54,2026-01-20,Supplier_B
P1446,W114,550,53,51.14,2026-01-01,Supplier_A
P1260,W112,891,133,28.33,2026-07-31,Supplier_C
P1190,W117,673,102,113.63,2026-03-23,Supplier_A
P1045,W101,838,294,62.02,2026-02-22,Supplier_C
P1146,W105,443,250,3.21,2026-06-21,Supplier_C
P1201,W118,307,260,6.24,2026-04-08,Supplier_B
P1459,W109,325,160,33.21,2026-01-13,Supplier_D
P1353,W105,621,85,32.58,2026-01-08,Supplier_D
P1210,W114,705,240,33.18,2026-06-16,Supplier_A
P1025,W110,368,257,107.43,2026-01-13,Supplier_B
P1108,W113,609,189,116.29,2026-08-02,Supplier_C
P1025,W112,14,56,49.0,2026-09-05,Supplier_B
P1038,W111,524,263,82.75,2026-05-27,Supplier_D
P1147,W105,842,76,145.58,2026-09-15,Supplier_B
P1215,W114,302,193,135.85,2026-03-05,Supplier_A
P1045,W108,56,88,74.17,2026-08-17,Supplier_A
P1099,W103,712,177,130.22,2026-01-29,Supplier_B
P1025,W110,565,208,46.32,2026-04-14,Supplier_D
P1205,W100,788,52,71.45,2026-04-30,Supplier_C
P1418,W110,770,215,16.02,2026-01-17,Supplier_B
P1240,W104,592,221,140.5,2026-05-04,Supplier_B
P1128,W111,977,254,47.04,2026-05-01,Supplier_C
P1027,W119,18,61,12.64,2026-09-05,Supplier_B
P1498,W110,437,156,83.58,2026-07-03,Supplier_A
P1044,W111,386,298,60.33,2026-02-23,Supplier_B
P1072,W102,978,174,92.14,2026-04-21,Supplier_D
P1259,W110,328,229,56.05,2026-01-01,Supplier_B
P1037,W111,573,229,70.23,2026-02-21,Supplier_D
P1459,W108,212,72,124.53,2026-03-11,Supplier_A
P1491,W101,958,191,16.77,2026-02-15,Supplier_C
P1393,W109,88,87,35.59,2026-08-24,Supplier_A
P1017,W117,908,99,29.42,2026-01-12,SUPPLIER_C
P1126,W116,810,169,84.78,2026-05-26,Supplier_D
P1144,W105,97,218,36.14,2026-05-26,Supplier_B
P1070,W115,208,211,134.22,2026-06-15,
P1352,W107,737,67,40.24,2026-08-25,Supplier_C
P1465,W116,635,250,44.33,2026-02-05,Supplier_A
P1041,W104,16,142,43.77,2026-02-03,Supplier_C
P1455,W100,573,281,15.88,2026-04-16,Supplier_B
P1118,W112,671,228,125.56,2026-05-11,Supplier_C
P1324,W101,638,185,23.92,2026-02-28,Supplier_C
P1426,W113,415,175,99.0,2026-02-01,Supplier_B
P1436,W118,280,136,16.96,2026-04-05,Supplier_D
P1249,W105,138,77,59.75,2026-01-14,Supplier_C
P1128,W106,84,218,53.53,2026-08-12,Supplier_C
P1056,W110,989,69,33.98,2026-03-02,supplier_a
P1179,W117,338,87,136.64,2026-07-18,Supplier_B
P1078,W107,128,118,72.15,2026-02-20,Supplier_D
P1275,W104,729,126,65.97,2026-06-20,Supplier_C
P1300,W116,274,69,79.41,2026-04-19,Supplier_A
P1251,W118,345,88,38.74,2026-08-01,Supplier_D
P1282,W111,448,188,133.84,2026-02-09,Supplier_B
P1347,W106,448,286,38.32,2026-01-30,Supplier_A
P1452,W113,201,256,136.37,2026-08-01,Supplier_B
P1372,W105,-2,248,28.26,2026-09-13,Supplier_D
P1221,W118,281,127,45.15,2026-01-15,Supplier_B
P1434,W118,486,287,13.44,2026-08-28,Supplier_B
P1300,W109,582,268,13.27,2026-07-22,Supplier_B
P1383,W116,645,94,107.35,2026-07-13,Supplier_C
P1133,W108,134,149,25.17,2026-09-04,Supplier_B
P1094,W108,196,265,111.65,2026-01-04,Supplier_C
P1491,W106,345,289,53.16,2026-04-05,Supplier_B
P1401,W109,202,247,39.58,2026-06-16,Supplier_D
P1324,W119,830,184,31.79,2026-03-04,Supplier_D
P1182,W107,401,61,85.78,2026-03-08,Supplier_C
P1293,W114,717,207,37.5,2026-09-01,Supplier_B
P1400,W104,156,288,123.23,2026-02-23,Supplier_C
P1197,W112,67,77,52.75,2026-08-29,Supplier_C
P1447,W102,866,108,60.01,2026-09-04,Supplier_A
P1495,W113,184,298,56.18,2026-05-05,Supplier_B
P1132,W102,415,147,143.67,2026-03-22,Supplier_B
P1151,W101,335,183,42.72,2026-07-23,Supplier_A
P1479,W116,442,228,75.96,2026-06-17,Supplier_C
P1362,W114,5,248,111.66,2026-09-11,Supplier_D
P1255,W100,445,190,103.07,2026-02-06,Supplier_D
P1238,W107,444,224,113.22,2026-01-31,Supplier_A
P1083,W102,509,204,33.27,2026-06-26,Supplier_D
P1489,W107,510,142,61.01,2026-03-07,Supplier_A
P1309,W109,983,161,139.23,2026-09-15,Supplier_C
P1474,W101,290,208,79.88,2026-05-29,Supplier_C
P1203,W107,588,268,58.49,2026-02-02,Supplier_B
P1211,W117,932,75,47.44,2026-07-29,Supplier_D
P1207,W119,209,118,94.37,2026-08-06,Supplier_B
P1370,W102,180,264,30.98,2026-04-30,Supplier_D
P1060,W109,91,187,29.94,2026-02-07,Supplier_A
P1391,W106,844,284,63.55,2026-09-14,Supplier_D
P1409,W112,542,288,118.82,2026-07-02,Supplier_B
P1125,W100,32,129,108.57,2026-07-10,Supplier_C
P1354,W119,541,255,100.61,2026-03-06,Supplier_A
P1452,W113,152,133,58.74,2026-06-12,Supplier_C
P1321,W108,233,173,112.64,2026-08-01,Supplier_A
P1193,W117,238,186,58.04,2026-08-23,Supplier_D
P1207,W106,136,278,75.99,2026-07-13,Supplier_D
P1221,W112,949,165,38.37,2026-09-06,Supplier_A
P1035,W105,912,253,7.06,2026-08-13,Supplier_B
P1177,W106,192,205,106.33,2026-01-02,Supplier_A
P1198,W109,722,63,100.39,2026-06-14,Supplier_A
P1333,W117,166,168,129.73,2026-06-03,Supplier_B
P1104,W117,680,288,52.63,2026-03-04,Supplier_C
P1289,W111,571,154,13.22,2026-02-11,Supplier_A
P1054,W106,204,76,116.75,2026-08-05,Supplier_B
P1441,W104,783,224,74.66,2026-07-14,Supplier_A
P1283,W108,131,101,36.51,2026-02-17,Supplier_C
P1074,W116,903,274,84.36,2026-02-14,Supplier_D
P1307,W113,468,174,149.98,2026-07-03,Supplier_C
P1454,W108,597,204,139.07,2026-04-17,Supplier_D
P1028,W112,122,282,127.59,2026-05-28,Supplier_A
P1415,W118,255,112,114.64,2026-01-11,Supplier_C
P1438,W103,924,169,64.2,2026-06-12,Supplier_A
P1035,W106,629,188,75.69,2026-03-16,Supplier_B
P1238,W103,631,292,59.91,2026-06-05,Supplier_C
P1089,W106,368,52,134.85,2026-03-13,Supplier_D
P1210,W105,849,92,53.01,2026-08-06,Supplier_B
P1355,W116,43,82,27.04,2026-07-30,Supplier_A
P1041,W109,682,238,140.04,2026-08-09,Supplier_C
P1465,W102,417,195,48.26,2026-08-17,SUPPLIER_B
P1018,W102,276,233,116.01,2026-07-30,Supplier_D
P1118,W101,387,156,130.56,2026-08-07,Supplier_B
P1267,W110,152,279,147.89,2026-01-06,Supplier_C
P1064,W105,828,259,30.51,2026-01-27,SUPPLIER_B
P1177,W113,839,184,24.22,2026-08-28,Supplier_C
P1162,W108,269,60,32.77,2026-03-31,Supplier_A
P1149,W116,371,171,81.04,2026-09-15,Supplier_C
P1408,W109,453,51,21.21,2026-03-02,Supplier_C
P1303,W100,500,55,27.33,2026-07-24,Supplier_A
P1033,W108,377,178,103.05,2026-01-07,Supplier_D
P1177,W110,820,131,108.61,2026-05-14,Supplier_A
P1372,W116,41,51,146.9,2026-02-28,Supplier_D
P1191,W102,954,241,3.08,2026-05-05,Supplier_A
P1205,W103,365,205,6.62,2026-09-11,Supplier_D
P1111,W104,454,189,62.58,2026-08-06,Supplier_B
P1277,W102,255,262,141.09,2026-05-19,Supplier_A
P1163,W118,211,62,110.89,2026-01-22,Supplier_A
P1067,W102,316,235,62.23,2026-05-29,Supplier_D
P1355,W114,684,202,39.65,2026-09-04,Supplier_A
P1059,W112,147,215,4.3,2026-01-22,Supplier_B
P1062,W104,248,153,89.6,2026-04-18,Supplier_B
P1298,W112,130,242,13.3,2026-05-01,Supplier_C
P1449,W118,352,236,114.71,2026-06-06,Supplier_B
P1139,W114,952,112,8.94,2026-02-18,Supplier_B
P1241,W101,419,206,136.56,2026-01-02,Supplier_A
P1282,W103,380,133,63.16,2026-05-03, Supplier_D 
P1355,W105,428,183,144.73,2026-02-05,Supplier_D
P1296,W100,721,109,69.32,2026-02-21,Supplier_B
P1181,W119,720,99,62.17,2026-02-07,Supplier_B
P1462,W100,607,269,51.03,2026-07-09,Supplier_B
P1484,W118,13,287,104.18,2026-07-02,Supplier_D
P1109,W119,793,56,22.46,2026-09-06,Supplier_A
P1288,W117,509,177,43.95,2026-09-04,Supplier_A
P1290,W111,294,194,45.24,2026-01-28,Supplier_A
P1009,W103,506,67,22.59,2026-02-05,Supplier_B
P1338,W115,404,237,80.36,2026-04-24,Supplier_D
P1408,W104,458,259,98.18,2026-01-07,
P1349,W115,582,271,111.35,2026-08-30,Supplier_B
P1357,W112,393,268,139.77,2026-06-06,Supplier_B
P1363,W114,570,104,39.94,2026-01-11,Supplier_D
P1352,W119,957,199,49.46,2026-04-03,Supplier_C
P1468,W117,177,168,18.31,2026-05-09,Supplier_B
P1149,W103,527,224,49.35,2026-06-27,Supplier_D
P1466,W119,465,192,46.34,2026-07-13,Supplier_B
P1288,W108,379,99,61.29,2026-01-08,Supplier_B
P1289,W103,674,124,100.11,2026-05-29,Supplier_A
P1013,W108,196,158,74.33,2026-04-29,Supplier_C
P1377,W108,936,166,56.67,2026-03-19,Supplier_B
P1162,W101,-13,128,9.73,2026-01-13,Supplier_A
P1337,W115,731,273,78.05,2026-03-03,Supplier_B
P1344,W108,130,148,54.56,2026-04-11,Supplier_B
P1202,W108,429,54,52.16,2026-01-23,Supplier_D
P1476,W115,447,132,92.89,2026-03-19, Supplier_B 
P1161,W115,43,239,118.59,2026-03-07,
P1109,W109,98,188,113.16,2026-04-11,Supplier_D
P1273,W111,660,283,36.05,2026-05-08,Supplier_B
P1229,W119,656,299,50.54,2026-06-27,Supplier_B
P1222,W102,83,278,103.66,2026-05-19,Supplier_A
P1165,W116,346,113,105.89,2026-01-27,Supplier_B
P1090,W101,542,282,102.7,2026-05-07,Supplier_B
P1300,W116,621,203,64.81,2026-07-11,Supplier_D
P1291,W106,965,139,41.06,2026-08-19,Supplier_A
P1392,W107,686,292,17.94,2026-02-11,Supplier_A
P1183,W113,11,266,26.48,2026-04-30,Supplier_B
P1102,W117,601,156,116.96,2026-04-12,Supplier_A
P1165,W113,87,119,139.02,2026-05-14,Supplier_B
P1111,W107,893,102,93.05,2026-05-09,Supplier_C
P1047,W107,332,153,76.44,2026-09-06,Supplier_B
P1483,W112,408,226,5.09,2026-03-24,SUPPLIER_D
P1442,W119,284,139,115.65,2026-08-28,Supplier_C
P1351,W114,619,108,68.02,2026-02-07,Supplier_C
P1319,W103,870,249,138.94,2026-03-08,Supplier_B
P1386,W100,524,144,134.79,2026-02-26,Supplier_B
P1013,W112,20,88,14.51,2026-07-19,Supplier_A
P1149,W110,971,253,42.6,2026-06-10,Supplier_A
P1106,W101,934,292,110.38,2026-09-03,Supplier_C
P1404,W112,147,140,123.68,2026-04-29,Supplier_A
P1072,W105,118,165,98.69,2026-07-09,Supplier_B
P1256,W112,368,279,36.66,2026-02-13,Supplier_C
P1320,W119,588,299,126.81,2026-06-14,Supplier_D
P1087,W104,161,253,99.75,2026-05-28,Supplier_D
P1366,W103,245,61,100.0,2026-07-14,Supplier_D
P1361,W118,720,294,66.85,2026-01-25,Supplier_D
P1127,W111,70,209,131.31,2026-07-17,Supplier_C
P1183,W108,943,237,93.64,2026-08-10,Supplier_C
P1097,W114,940,265,19.24,2026-02-01,Supplier_A
P1402,W101,430,58,20.5,2026-08-18,Supplier_A
P1466,W107,3,208,86.81,2026-08-11,Supplier_A
P1030,W100,737,69,110.82,2026-07-29,Supplier_C
P1320,W104,441,77,126.79,2026-05-17,supplier_b
P1351,W119,66,289,108.63,2026-09-06,Supplier_D
P1080,W101,268,76,57.31,2026-02-16,Supplier_B
P1263,W103,822,272,103.97,2026-03-17,Supplier_A
P1330,W111,19,189,101.73,2026-05-20,Supplier_C
P1081,W114,271,217,40.28,2026-04-18,
P1215,W105,59,219,42.7,2026-05-29,Supplier_D
P1431,W111,101,277,142.16,2026-07-27,Supplier_B
P1056,W102,215,104,125.5,2026-04-23,Supplier_C
P1089,W108,412,226,127.96,2026-05-15,Supplier_A
P1400,W116,389,61,105.19,2026-06-17,Supplier_C
P1409,W115,516,185,72.77,2026-06-01,Supplier_C
P1180,W115,494,128,46.07,2026-08-22,Supplier_A
P1069,W117,262,283,83.77,2026-06-24,Supplier_A
P1472,W109,324,173,10.26,2026-02-24,Supplier_A
P1043,W112,65,208,14.32,2026-06-18,Supplier_C
P1469,W116,254,129,81.68,2026-09-08,Supplier_B
P1452,W107,925,234,67.39,2026-01-22,Supplier_B
P1409,W118,247,276,145.8,2026-01-13,Supplier_B
P1102,W103,924,136,107.8,2026-06-10,Supplier_D
P1362,W114,69,91,134.29,2026-04-29,Supplier_D
P1345,W118,497,85,38.44,2026-03-17,Supplier_C
P1272,W112,383,108,95.49,2026-08-05,SUPPLIER_C
P1137,W117,756,226,121.14,2026-08-30,Supplier_D
P1331,W103,933,127,91.45,2026-05-02,Supplier_D
P1167,W107,886,154,82.83,2026-07-27,Supplier_B
P1461,W117,222,243,125.56,2026-01-27,
P1053,W111,330,226,104.18,2026-08-11,Supplier_D
P1440,W115,130,262,114.85,2026-04-29,Supplier_B
P1193,W117,986,285,24.58,2026-01-31, Supplier_A 
P1028,W113,679,71,20.56,2026-02-06,Supplier_D
P1471,W111,967,134,15.36,2026-08-13,Supplier_C
P1066,W107,468,74,142.63,2026-03-21,Supplier_C
P1001,W119,592,216,94.07,2026-02-16,Supplier_D
P1127,W115,205,289,124.56,2026-01-21,Supplier_B
P1288,W102,981,89,21.92,2026-06-22,Supplier_A
P1068,W105,315,95,1.0,2026-04-01,Supplier_A
P1115,W101,522,91,117.57,2026-09-13,Supplier_D
P1183,W116,793,276,79.96,2026-05-05,Supplier_A
P1198,W107,565,142,58.98,2026-04-30,Supplier_C
P1324,W118,116,204,71.73,2026-04-02,Supplier_C
P1114,W113,974,210,56.76,2026-06-20,Supplier_D
P1192,W101,422,184,18.21,2026-07-12,Supplier_D
P1013,W107,429,281,132.57,2026-04-28,Supplier_D
P1415,W106,997,267,116.31,2026-05-15,Supplier_D
P1175,W107,504,202,5.72,2026-06-12,Supplier_D
P1011,W101,339,172,40.22,2026-03-01,Supplier_D
P1001,W119,893,51,134.03,2026-02-08,
P1297,W108,122,50,116.34,2026-08-07,Supplier_A
P1137,W103,812,104,141.1,2026-02-09,Supplier_D
P1206,W116,216,185,103.1,2026-01-29,Supplier_C
P1368,W112,750,94,34.44,2026-07-16,Supplier_A
P1453,W117,928,278,72.89,2026-06-27,Supplier_D
P1407,W111,15,241,110.25,2026-02-16,Supplier_D
P1176,W103,732,224,115.43,2026-06-10,Supplier_B
P1264,W109,80,65,6.11,2026-02-18,Supplier_C
P1203,W118,961,192,35.86,2026-04-21,Supplier_B
P1102,W109,188,83,1.49,2026-03-18,Supplier_A
P1216,W100,413,113,101.26,2026-03-29,Supplier_C
P1080,W119,92,244,60.55,2026-03-26,Supplier_B
P1335,W108,39,59,136.38,2026-08-01,Supplier_A
P1359,W111,453,150,130.72,2026-03-20,Supplier_C
P1465,W109,119,80,86.71,2026-04-11,Supplier_D
P1384,W103,767,152,42.85,2026-07-14,Supplier_A
P1226,W111,321,114,10.35,2026-06-23,Supplier_A
P1476,W112,335,66,22.43,2026-04-28,Supplier_D
P1079,W118,8,54,11.07,2026-05-21,Supplier_D
P1220,W111,936,90,99.73,2026-07-17,Supplier_D
P1081,W108,547,107,58.34,2026-01-25,Supplier_C
P1250,W112,759,169,120.66,2026-06-19,Supplier_A
P1435,W100,20,76,110.16,2026-03-18,Supplier_A
P1280,W110,522,87,45.9,2026-01-18,Supplier_A
P1051,W115,388,275,62.0,2026-06-04,Supplier_D
P1407,W104,897,73,139.85,2026-03-14,Supplier_D
P1384,W111,358,137,36.1,2026-06-12,Supplier_B
P1485,W113,299,240,136.15,2026-03-16,Supplier_D
P1124,W105,983,276,64.21,2026-07-14,Supplier_C
P1440,W115,187,207,6.32,2026-08-27,Supplier_A
P1105,W109,347,241,83.46,2026-02-09,Supplier_A
P1254,W104,293,244,147.33,2026-04-09,Supplier_B
P1207,W114,4,281,11.31,2026-09-14,
P1323,W103,199,167,104.95,2026-07-11,Supplier_C
P1042,W106,46,124,3.6,2026-02-16,Supplier_A
P1392,W116,574,80,39.17,2026-07-01,Supplier_A
P1177,W119,835,117,12.87,2026-09-15,Supplier_B
P1217,W116,451,87,95.27,2026-07-25,Supplier_D
P1280,W118,507,202,118.23,2026-05-26,Supplier_D
P1245,W106,590,164,54.73,2026-01-20,Supplier_D
P1012,W113,475,149,17.82,2026-06-02,Supplier_C
P1126,W114,107,161,86.99,2026-08-27,Supplier_C
P1410,W109,148,117,117.39,2026-02-09,Supplier_A
P1089,W115,586,256,1.01,2026-03-12,Supplier_D
P1064,W114,224,50,124.68,2026-02-11, Supplier_C 
P1282,W116,871,164,6.4,2026-08-28,Supplier_B
P1069,W101,925,186,149.54,2026-01-04, Supplier_B 
P1069,W112,442,266,56.07,2026-09-12,Supplier_C
P1288,W116,1,156,51.49,2026-07-20,
P1312,W104,979,165,52.39,2026-08-03,Supplier_A
P1386,W105,3,280,119.64,2026-02-20,Supplier_D
P1193,W119,193,90,118.96,2026-07-05,Supplier_C
P1070,W109,945,128,125.45,2026-05-11,Supplier_B
P1354,W110,144,88,13.42,2026-07-03,Supplier_A
P1135,W102,503,256,97.44,2026-01-05,Supplier_A
P1159,W106,155,224,88.83,2026-08-07,Supplier_A
P1141,W114,802,82,129.36,2026-02-23,Supplier_C
P1267,W103,4,75,128.17,2026-08-14,Supplier_D
P1139,W105,409,70,81.14,2026-01-27,Supplier_B
P1122,W113,41,222,103.43,2026-01-14,Supplier_B
P1112,W116,476,276,1.82,2026-02-11,Supplier_C
P1392,W105,733,132,78.6,2026-04-21,Supplier_D
P1153,W114,722,177,98.48,2026-07-31,Supplier_D
P1473,W112,12,167,103.61,2026-06-10,Supplier_A
P1048,W101,609,254,141.29,2026-02-05,Supplier_A
P1061,W110,240,226,97.94,2026-03-17,Supplier_B
P1450,W103,697,239,95.56,2026-04-05,Supplier_D
P1478,W107,945,63,69.35,2026-01-05,Supplier_A
P1119,W108,958,130,110.97,2026-02-02,Supplier_D
P1087,W102,82,250,55.89,2026-08-04,Supplier_A
P1277,W115,986,238,120.03,2026-04-14,Supplier_A
P1073,W108,375,291,31.46,2026-07-04,Supplier_A
P1090,W101,586,69,60.18,2026-08-17,Supplier_D
P1339,W119,25,99,130.54,2026-07-21,Supplier_B
P1022,W118,895,126,68.96,2026-02-23,Supplier_D
P1378,W114,668,296,64.0,2026-05-03,Supplier_A
P1361,W109,422,272,1.96,2026-07-27,Supplier_C
P1440,W104,815,180,32.9,2026-06-08,Supplier_D
P1321,W106,452,103,67.63,2026-08-17,Supplier_D
P1229,W118,231,247,110.59,2026-04-04,Supplier_B
P1496,W110,963,271,96.61,2026-06-19,Supplier_C
P1389,W117,991,125,118.77,2026-07-02,Supplier_A
P1498,W104,2,247,32.98,2026-07-15, 
P1483,W114,717,104,141.22,2026-05-19,Supplier_B
P1369,W103,755,152,68.61,2026-04-01,Supplier_D
P1045,W101,946,58,148.21,2026-02-21,Supplier_C
P1473,W102,458,196,83.75,2026-03-29,Supplier_A
P1240,W119,6,290,20.68,2026-03-08,Supplier_B
P1357,W115,967,114,50.66,2026-06-12,Supplier_C
P1105,W101,155,167,16.8,2026-04-17,Supplier_A
P1270,W100,285,120,84.46,2026-06-14,Supplier_B
P1101,W111,296,115,136.95,2026-05-09,Supplier_C
P1493,W111,914,181,115.17,2026-02-22, Supplier_B 
P1372,W104,224,162,113.25,2026-05-14,Supplier_D
P1244,W103,775,72,30.7,2026-05-06,Supplier_D
P1217,W102,744,202,14.07,2026-01-19,Supplier_A
P1127,W113,510,53,149.21,2026-02-18,Supplier_A
P1399,W115,483,126,8.42,2026-05-09,Supplier_C
P1299,W101,393,136,32.96,2026-04-02,Supplier_C
P1496,W112,421,108,119.35,2026-07-22,Supplier_B
P1006,W101,403,261,71.09,2026-08-25,Supplier_B
P1168,W118,418,271,87.71,2026-04-30,Supplier_A
P1378,W110,717,111,125.34,2026-07-24,Supplier_B
P1090,W110,277,169,112.12,2026-04-09,Supplier_B
P1483,W110,47,284,142.34,2026-03-18,Supplier_C
P1399,W111,648,247,8.49,2026-06-16,Supplier_A
P1058,W103,654,122,98.87,2026-02-24,supplier_c
P1019,W102,582,273,113.9,2026-07-01,Supplier_D
P1186,W103,234,283,100.24,2026-05-02,Supplier_B
P1490,W101,816,99,13.54,2026-02-16,Supplier_D
P1006,W100,205,243,125.5,2026-01-23,Supplier_A
P1356,W117,5,154,131.3,2026-05-15,Supplier_D
P1458,W107,724,190,15.87,2026-04-25,Supplier_B
P1100,W117,631,242,57.13,2026-01-12,Supplier_A
P1075,W119,421,270,87.85,2026-01-15,Supplier_B
P1234,W105,562,256,5.77,2026-05-30,Supplier_D
P1364,W109,233,299,90.89,2026-06-14, 
P1168,W115,304,117,110.01,2026-04-24, Supplier_B 
P1124,W112,495,167,85.21,2026-02-15,Supplier_D
P1106,W118,484,98,51.97,2026-01-18,Supplier_C
P1270,W117,423,248,46.73,2026-01-19,
P1443,W109,850,218,35.86,2026-03-29,Supplier_A
P1232,W111,728,278,32.33,2026-06-15,Supplier_A
P1130,W104,368,158,25.8,2026-01-24,Supplier_B
P1119,W106,551,195,116.32,2026-06-01,Supplier_C
P1210,W117,119,241,54.8,2026-08-18,Supplier_C
P1479,W100,631,235,81.89,2026-07-10,Supplier_C
P1050,W117,980,295,8.51,2026-05-31,Supplier_C
P1229,W117,577,281,12.99,2026-09-04,Supplier_A
P1435,W100,843,146,58.46,2026-08-12,Supplier_A
P1107,W102,417,238,92.08,2026-02-14,Supplier_C
P1305,W100,396,103,71.77,2026-08-27,Supplier_D
P1081,W108,527,271,15.23,2026-02-25,Supplier_A
P1265,W102,348,145,79.25,2026-04-23,Supplier_C
P1449,W102,797,125,71.11,2026-06-26,Supplier_C
P1167,W110,43,221,47.57,2026-06-14,Supplier_B
P1364,W110,690,131,7.34,2026-02-04,Supplier_D
P1098,W100,319,166,90.85,2026-05-24,Supplier_B
P1047,W101,382,294,32.97,2026-07-31,Supplier_A
P1283,W105,625,83,32.32,2026-02-22,Supplier_D
P1102,W107,997,275,19.82,2026-08-31,Supplier_D
P1423,W114,322,137,115.84,2026-03-18,Supplier_D
P1398,W102,203,93,6.36,2026-06-04,Supplier_D
P1136,W110,675,185,70.75,2026-08-31,Supplier_A
P1420,W108,739,108,137.04,2026-02-13,Supplier_C
P1225,W107,804,188,50.79,2026-03-15,Supplier_B
P1103,W106,35,246,56.04,2026-08-20,Supplier_C
P1239,W116,129,73,63.38,2026-02-27,SUPPLIER_C
P1314,W101,242,273,122.72,2026-03-19,Supplier_A
P1037,W104,826,257,91.07,2026-09-08,Supplier_B
P1089,W112,362,115,137.93,2026-03-29,Supplier_B
P1006,W116,368,238,6.1,2026-06-05,Supplier_D
P1010,W102,419,219,112.35,2026-02-13,Supplier_C
P1035,W117,214,121,145.77,2026-09-07,Supplier_A
P1180,W111,826,78,31.66,2026-04-13,Supplier_C
P1315,W112,185,219,18.05,2026-05-03,Supplier_B
P1344,W111,942,69,36.74,2026-04-30,Supplier_A
P1153,W118,435,108,26.87,2026-04-19,Supplier_B
P1142,W112,97,217,119.2,2026-01-29,Supplier_D
P1371,W113,517,275,59.02,2026-08-05,Supplier_A
P1479,W109,503,82,125.59,2026-07-06,Supplier_C
P1393,W115,661,161,125.28,2026-06-26,Supplier_B
P1483,W119,952,171,22.17,2026-08-19,Supplier_C
P1207,W100,526,268,54.68,2026-07-23,Supplier_D
P1458,W102,232,107,74.73,2026-02-05,Supplier_B
P1246,W107,976,255,13.98,2026-05-04,Supplier_B
P1110,W106,885,94,34.8,2026-07-02,Supplier_C
P1010,W112,822,95,30.4,2026-06-25,Supplier_C
P1493,W105,952,88,147.06,2026-03-09,Supplier_D
P1045,W100,736,149,13.71,2026-03-13,Supplier_A
P1335,W105,810,182,127.57,2026-01-03,Supplier_A
P1015,W106,451,58,126.67,2026-03-20,Supplier_D
P1055,W102,693,261,62.21,2026-03-08,Supplier_D
P1433,W116,623,219,11.76,2026-08-16,Supplier_A
P1425,W108,700,261,136.96,2026-08-11,Supplier_A
P1166,W110,195,244,132.35,2026-02-20,Supplier_C
P1469,W106,557,204,85.51,2026-09-08,Supplier_A
P1309,W100,609,95,116.65,2026-08-22,Supplier_B
P1432,W106,350,135,1.17,2026-01-15,Supplier_D
P1332,W112,602,220,53.54,2026-01-18,Supplier_D
P1393,W101,317,247,128.4,2026-02-14,Supplier_A
P1375,W109,24,169,54.3,2026-03-30,Supplier_C
P1011,W111,48,84,83.01,2026-01-24,Supplier_D
P1449,W114,985,248,104.18,2026-06-26,Supplier_B
P1126,W115,569,98,98.98,2026-06-25,Supplier_B
P1084,W115,185,233,133.62,2026-02-04,Supplier_A
P1048,W110,626,51,33.67,2026-08-20,Supplier_D
P1342,W116,673,90,47.39,2026-04-04,Supplier_C
P1130,W116,409,155,144.54,2026-05-19,Supplier_D
P1009,W115,451,197,95.6,2026-05-07,Supplier_B
P1245,W108,484,207,47.77,2026-04-24,Supplier_A
P1172,W113,528,97,84.71,2026-02-28,Supplier_C
P1290,W104,383,87,41.9,2026-02-17,Supplier_A
P1128,W115,8,89,82.93,2026-08-10,Supplier_C
P1416,W117,476,160,109.68,2026-05-06,Supplier_A
P1104,W114,834,144,7.47,2026-07-05,Supplier_B
P1279,W113,772,238,68.96,2026-06-04,Supplier_B
P1379,W102,937,69,22.53,2026-01-18,Supplier_A
P1032,W104,847,60,135.98,2026-07-08,Supplier_D
P1306,W109,498,161,56.82,2026-03-12,Supplier_B
P1064,W102,132,154,8.62,2026-06-15,Supplier_A
P1259,W107,773,213,99.99,2026-07-23,Supplier_A
P1384,W118,469,55,148.52,2026-05-11,Supplier_D
P1295,W103,368,163,22.79,2026-01-11,Supplier_C
P1151,W114,33,206,69.04,2026-07-17,Supplier_D
P1075,W107,333,65,139.24,2026-01-13,Supplier_A
P1477,W104,822,106,61.92,2026-06-24,Supplier_D
P1028,W104,963,249,9.67,2026-07-22,Supplier_A
P1213,W104,439,178,116.31,2026-06-07,Supplier_B
P1206,W115,14,195,64.11,2026-04-17,Supplier_B
P1340,W109,332,275,57.18,2026-03-12,Supplier_A
P1304,W117,733,294,61.8,2026-01-06,Supplier_B
P1434,W119,392,179,76.54,2026-01-26,Supplier_A
P1207,W117,799,81,96.96,2026-06-22,Supplier_D
P1062,W109,468,196,53.02,2026-01-06,Supplier_D
P1294,W108,801,157,121.01,2026-02-05,Supplier_B
P1491,W104,107,75,73.22,2026-06-21,Supplier_A
P1367,W117,145,180,47.92,2026-09-13,Supplier_C
P1189,W119,27,89,48.85,2026-04-02,Supplier_B
P1189,W102,445,92,136.28,2026-09-13,Supplier_A
P1186,W110,176,179,145.43,2026-06-16,Supplier_B
P1478,W101,472,101,58.9,2026-01-02,Supplier_B
P1471,W113,792,102,76.71,2026-08-09,Supplier_B
P1378,W101,73,223,107.76,2026-05-07,Supplier_B
P1085,W117,175,251,20.5,2026-07-31,Supplier_C
P1004,W115,310,214,51.85,2026-03-29,Supplier_A
P1168,W108,32,59,37.43,2026-03-20,Supplier_D
P1084,W105,98,151,15.81,2026-04-01,Supplier_D
P1333,W102,36,125,99.45,2026-03-24,Supplier_C
P1037,W111,154,239,94.65,2026-06-18,Supplier_D
P1178,W104,316,214,110.44,2026-01-07,Supplier_B
P1001,W113,180,58,120.06,2026-06-26,Supplier_B
P1180,W107,774,172,45.89,2026-05-06,Supplier_B
P1306,W111,21,242,36.51,2026-07-20,
P1484,W114,611,62,80.48,2026-06-13,Supplier_A
P1037,W102,22,172,98.35,2026-04-08,Supplier_B
P1235,W117,853,152,105.77,2026-02-17,Supplier_C
P1175,W114,498,295,117.4,2026-03-08,Supplier_C
P1398,W107,889,205,54.89,2026-04-11,Supplier_B
P1102,W108,824,75,61.71,2026-06-11,Supplier_C
P1464,W104,809,79,28.4,2026-05-17,Supplier_D
P1064,W116,302,249,17.38,2026-05-16,Supplier_A
P1365,W106,993,73,103.97,2026-03-20,Supplier_B
P1412,W111,583,66,54.94,2026-02-01,Supplier_C
P1209,W106,358,206,72.09,2026-05-16,Supplier_A
P1027,W112,629,81,61.36,2026-02-17,Supplier_C
P1089,W112,931,201,54.06,2026-05-20,Supplier_A
P1291,W109,884,280,75.6,2026-06-01,Supplier_B
P1490,W105,462,249,69.09,2026-05-22,
P1274,W102,660,102,127.71,2026-08-09,Supplier_D
P1091,W101,94,136,45.91,2026-03-22,Supplier_C
P1126,W115,667,172,138.28,2026-01-23,Supplier_B
P1374,W118,656,274,65.31,2026-05-18,Supplier_C
P1318,W116,171,136,27.87,2026-04-06,Supplier_B
P1108,W110,85,99,50.28,2026-06-07,Supplier_B
P1047,W102,436,244,8.37,2026-06-22,
P1375,W119,142,195,142.06,2026-09-13,Supplier_D
P1300,W102,398,69,63.2,2026-08-28,
P1077,W113,807,169,70.42,2026-04-06,Supplier_B
P1179,W101,974,108,140.55,2026-08-18,Supplier_A
P1199,W103,893,165,23.88,2026-04-09,Supplier_A
P1371,W109,126,294,1.93,2026-02-14,Supplier_D
P1315,W114,10,242,104.43,2026-05-05,Supplier_A
P1421,W113,814,273,143.26,2026-03-25,Supplier_B
P1424,W112,247,85,127.21,2026-02-15,Supplier_D
P1253,W114,283,299,64.13,2026-02-25,Supplier_D
P1119,W118,71,190,55.34,2026-01-18,Supplier_D
P1308,W119,233,143,93.82,2026-03-23,Supplier_A
P1496,W101,960,274,19.54,2026-04-24,Supplier_C
P1378,W118,906,110,91.34,2026-01-19,Supplier_B
P1051,W115,717,69,91.89,2026-08-23,Supplier_B
P1457,W106,694,140,79.19,2026-05-21,Supplier_A
P1240,W114,9,87,116.18,2026-04-20,Supplier_A
P1345,W108,798,295,70.46,2026-06-25,Supplier_C
P1374,W111,196,284,71.11,2026-08-23,Supplier_D
P1242,W102,380,249,149.4,2026-03-30,Supplier_D
P1134,W114,469,189,72.27,2026-01-24,Supplier_D
P1393,W117,222,91,112.38,2026-04-30,SUPPLIER_B
P1038,W118,245,269,107.61,2026-03-11,Supplier_B
P1333,W104,588,95,111.62,2026-02-13,Supplier_D
P1069,W102,736,257,36.77,2026-08-09,Supplier_D
P1404,W104,898,219,5.99,2026-06-21,Supplier_C
P1264,W114,126,87,141.12,2026-03-04,supplier_d
P1408,W109,526,98,62.45,2026-06-12,Supplier_C
P1260,W118,355,93,96.11,2026-07-07,Supplier_C
P1087,W113,473,144,58.71,2026-08-07,Supplier_D
P1063,W105,545,57,113.22,2026-08-22,Supplier_B
P1274,W100,492,55,89.14,2026-05-02,Supplier_C
P1115,W108,602,196,3.35,2026-04-08,Supplier_C
P1218,W112,774,56,101.55,2026-08-13,Supplier_C
P1156,W106,774,91,38.19,2026-07-12,Supplier_C
P1339,W112,879,77,91.89,2026-02-07,Supplier_A
P1385,W104,109,81,68.96,2026-01-25,Supplier_A
P1103,W113,644,63,13.8,2026-08-21,Supplier_A
P1067,W100,169,290,4.71,2026-03-12,Supplier_D
P1330,W113,113,68,65.63,2026-08-13,Supplier_C
P1114,W116,654,171,63.04,2026-08-28,Supplier_B
P1443,W104,941,187,63.16,2026-09-06,Supplier_A
P1230,W119,371,209,74.17,2026-08-02,Supplier_C
P1441,W104,362,164,61.58,2026-06-18,Supplier_B
P1227,W113,529,280,38.09,2026-09-08,Supplier_C
P1051,W111,746,270,102.79,2026-05-01,Supplier_C
P1272,W110,387,142,69.11,2026-03-19,Supplier_C
P1378,W100,514,248,71.66,2026-05-29,Supplier_D
P1364,W115,608,186,105.93,2026-08-03, Supplier_C 
P1165,W114,80,103,100.26,2026-01-14,Supplier_D
P1193,W113,979,182,86.21,2026-07-08,Supplier_C
P1014,W105,735,179,80.72,2026-09-01,Supplier_B
P1149,W104,655,65,83.6,2026-01-19,Supplier_A
P1368,W109,528,268,11.3,2026-06-28,Supplier_A
P1166,W112,860,264,102.81,2026-01-09,Supplier_B
P1285,W113,696,85,58.77,2026-03-11,Supplier_B
P1000,W110,454,144,86.62,2026-02-16,Supplier_B
P1138,W114,403,267,95.87,2026-02-18,Supplier_A
P1420,W111,686,67,115.65,2026-03-12,Supplier_B
P1457,W117,238,149,57.19,2026-06-19,Supplier_B
P1167,W103,583,133,103.15,2026-01-06,Supplier_A
P1122,W117,72,177,56.55,2026-07-09,Supplier_B
P1386,W112,509,120,68.64,2026-04-22,Supplier_A
P1242,W105,256,203,121.59,2026-07-22,Supplier_A
P1243,W111,939,191,61.56,2026-03-28,Supplier_C
P1254,W109,22,217,46.05,2026-06-18,Supplier_C
P1306,W105,295,212,145.6,2026-02-03,Supplier_D
P1453,W117,42,255,93.16,2026-08-23,Supplier_C
P1324,W102,455,158,28.22,2026-01-25,Supplier_B
P1256,W110,229,274,106.9,2026-03-17,Supplier_B
P1144,W108,101,80,132.52,2026-05-24,Supplier_D
P1054,W116,105,298,72.84,2026-06-30,Supplier_D
P1244,W106,755,89,120.49,2026-07-09,Supplier_C
P1484,W116,57,208,74.22,2026-03-17,Supplier_C
P1261,W104,415,79,116.68,2026-07-12,Supplier_A
P1143,W112,909,55,18.88,2026-08-21,Supplier_B
P1132,W112,620,298,58.22,2026-05-11,Supplier_C
P1311,W111,316,288,146.89,2026-08-11,Supplier_C
P1481,W100,300,192,106.03,2026-05-01,Supplier_B
P1248,W115,721,152,103.54,2026-05-27,Supplier_B
P1463,W112,569,138,109.67,2026-06-05,Supplier_D
P1018,W117,375,242,143.42,2026-04-08,Supplier_C
P1108,W104,302,146,83.22,2026-04-02,Supplier_B
P1103,W101,146,107,35.05,2026-03-09,Supplier_D
P1078,W119,731,175,45.4,2026-03-24,
P1358,W107,470,164,53.95,2026-04-09,Supplier_C
P1316,W105,895,253,22.47,2026-08-17, 
P1200,W104,283,96,142.99,2026-03-29,Supplier_D
P1458,W101,580,132,92.53,2026-02-08,Supplier_C
P1041,W112,424,190,8.9,2026-04-11,Supplier_D
P1430,W105,64,243,13.61,2026-01-05,Supplier_B
P1039,W117,634,86,66.06,2026-04-05,Supplier_C
P1258,W100,28,151,142.79,2026-09-11,Supplier_A
P1475,W108,523,95,55.4,2026-04-18,Supplier_D
P1418,W111,107,153,59.32,2026-04-06,
P1142,W115,472,298,124.97,2026-03-06,Supplier_B
P1209,W109,635,123,8.86,2026-01-16,Supplier_D
P1218,W107,17,155,132.73,2026-06-04,Supplier_B
P1439,W104,119,223,12.87,2026-06-05,Supplier_A
P1408,W103,652,160,80.49,2026-05-28,Supplier_D
P1283,W103,314,281,56.21,2026-01-05,Supplier_B
P1173,W111,87,207,28.67,2026-01-13,Supplier_A
P1358,W107,520,77,145.39,2026-01-07,Supplier_B
P1198,W115,617,86,141.05,2026-05-20,Supplier_B
P1291,W115,736,251,12.78,2026-07-01,Supplier_B
P1388,W114,-3,236,56.05,2026-04-21,Supplier_A
P1206,W112,71,85,16.25,2026-06-03,Supplier_C
P1368,W118,215,88,87.56,2026-05-28,Supplier_A
P1244,W110,626,169,32.92,2026-05-21,Supplier_D
P1240,W119,986,211,134.88,2026-07-21,Supplier_C
P1310,W104,11,261,3.83,2026-04-05,Supplier_C
P1076,W105,794,63,77.66,2026-03-28,Supplier_D
P1282,W113,597,201,146.21,2026-09-13,Supplier_B
P1378,W118,555,71,16.53,2026-03-10,Supplier_C
P1151,W104,215,104,96.59,2026-09-14,Supplier_A
P1372,W107,700,77,126.5,2026-02-06,Supplier_C
P1036,W110,343,282,99.92,2026-09-10,Supplier_D
P1116,W115,593,209,71.7,2026-03-20,Supplier_B
P1117,W107,799,170,86.33,2026-09-05,Supplier_A
P1029,W115,946,290,31.23,2026-04-01,Supplier_C
P1262,W113,312,150,91.41,2026-05-22,Supplier_C
P1223,W100,29,155,64.95,2026-05-05,Supplier_C
P1127,W109,889,232,114.37,2026-04-12,Supplier_A
P1384,W101,209,258,32.38,2026-05-15,Supplier_D
P1116,W109,516,268,24.34,2026-08-28,Supplier_A
P1096,W113,836,118,43.03,2026-08-18,Supplier_D
P1169,W115,140,67,139.76,2026-03-27,Supplier_C
P1143,W104,954,91,88.9,2026-01-11,Supplier_A
P1154,W111,386,137,131.79,2026-05-16,Supplier_D
P1436,W119,14,190,43.89,2026-05-15,Supplier_C
P1176,W116,4,141,8.6,2026-05-27,Supplier_C
P1227,W109,98,278,80.86,2026-05-03,Supplier_C
P1077,W106,186,189,57.5,2026-09-08,Supplier_B
P1159,W111,619,251,110.08,2026-07-16,Supplier_D
P1212,W102,260,115,133.67,2026-03-16,
P1363,W100,656,238,21.99,2026-03-19,Supplier_D
P1280,W102,231,75,58.92,2026-06-22,Supplier_A
P1002,W116,688,103,149.34,2026-07-08,
P1372,W108,67,59,83.88,2026-06-07,Supplier_B
P1426,W100,429,170,105.2,2026-05-28,Supplier_C
P1128,W118,414,127,149.28,2026-03-25,Supplier_A
P1498,W114,437,268,78.81,2026-09-12,Supplier_B
P1267,W117,236,271,32.59,2026-06-28,Supplier_C
P1311,W118,257,91,117.7,2026-07-18,Supplier_D
P1460,W110,975,155,102.26,2026-07-06,Supplier_A
P1437,W107,759,76,130.6,2026-07-08,Supplier_A
P1014,W116,155,207,61.24,2026-09-10,Supplier_D
P1002,W119,475,284,116.41,2026-08-11,Supplier_D
P1157,W110,218,130,133.71,2026-05-09,Supplier_C
P1454,W117,988,112,105.05,2026-02-24,Supplier_C
P1288,W114,36,86,53.96,2026-05-02,Supplier_C
P1328,W109,272,211,51.2,2026-01-13,Supplier_B
P1198,W103,323,276,42.19,2026-01-02,
P1156,W111,978,188,75.86,2026-08-13,Supplier_D
P1105,W117,749,89,98.32,2026-02-17,Supplier_C
P1063,W119,799,242,77.0,2026-01-28,Supplier_B
P1454,W112,370,67,18.92,2026-08-05,Supplier_A
P1001,W117,575,127,66.09,2026-03-17,Supplier_D
P1345,W117,542,214,50.94,2026-04-23,Supplier_D
P1458,W117,195,174,122.24,2026-06-21,Supplier_A
P1200,W107,342,299,44.97,2026-02-26,Supplier_B
P1172,W101,633,91,141.01,2026-07-21,Supplier_A
P1441,W110,582,277,48.13,2026-04-20,Supplier_A
P1445,W101,401,166,12.42,2026-02-25,Supplier_C
P1358,W107,175,153,39.62,2026-04-05,Supplier_A
P1371,W112,28,138,55.58,2026-05-16,Supplier_B
P1217,W115,766,236,67.74,2026-05-22,Supplier_A
P1022,W107,724,122,124.65,2026-07-17,Supplier_D
P1026,W101,908,212,34.0,2026-05-28,Supplier_C
P1450,W119,677,73,7.52,2026-06-14,Supplier_D
P1026,W105,883,163,80.47,2026-07-24,Supplier_A
P1396,W112,897,249,24.62,2026-07-16,Supplier_A
P1464,W103,577,86,135.3,2026-06-20,Supplier_D
P1249,W112,422,250,119.96,2026-07-25,Supplier_C
P1244,W103,781,239,68.6,2026-08-01,Supplier_A
P1342,W112,96,96,68.76,2026-01-06,Supplier_A
P1184,W116,181,99,80.15,2026-04-05,Supplier_B
P1361,W107,263,150,97.13,2026-01-15,Supplier_C
P1133,W104,980,239,57.52,2026-09-10,Supplier_A
P1213,W106,371,187,52.42,2026-08-07,Supplier_C
P1025,W101,527,127,21.37,2026-03-14,Supplier_A
P1346,W103,10,64,128.31,2026-05-24,Supplier_A
P1004,W102,693,211,40.21,2026-06-10,Supplier_B
P1286,W107,246,64,39.86,2026-02-10,Supplier_A
P1485,W104,278,295,64.42,2026-05-02,Supplier_A
P1497,W100,678,204,110.69,2026-01-31,Supplier_A
P1355,W118,598,153,38.77,2026-07-28, 
P1341,W115,793,167,50.67,2026-02-27,Supplier_C
P1488,W116,618,110,25.86,2026-03-14,Supplier_C
P1266,W108,842,150,56.66,2026-08-24,Supplier_A
P1095,W110,313,103,50.99,2026-04-26,Supplier_D
P1094,W105,508,119,127.06,2026-05-30,Supplier_B
P1258,W104,11,243,118.18,2026-06-20,Supplier_D
P1195,W114,434,260,143.95,2026-09-04,Supplier_D
P1024,W106,358,219,69.51,2026-06-08,Supplier_B
P1279,W112,686,212,97.11,2026-06-02,Supplier_D
P1275,W110,537,81,58.56,2026-02-08,Supplier_D
P1226,W106,314,154,66.59,2026-05-28,Supplier_B
P1245,W110,836,292,86.46,2026-06-02,Supplier_B
P1337,W117,720,286,142.32,2026-03-26,Supplier_A
P1383,W109,146,86,26.53,2026-08-12,Supplier_C
P1394,W116,639,288,19.66,2026-06-14,Supplier_B
P1033,W116,227,68,28.4,2026-05-22,
P1466,W112,72,299,59.09,2026-06-13,Supplier_A
P1469,W111,164,203,121.55,2026-04-25,Supplier_B
P1063,W116,330,175,101.59,2026-08-14,Supplier_D
P1250,W110,302,234,4.67,2026-01-21,Supplier_B
P1446,W106,264,151,84.36,2026-07-08,Supplier_C
P1368,W108,163,170,34.65,2026-08-30,Supplier_B
P1044,W104,971,81,107.72,2026-06-29,Supplier_C
P1030,W106,729,252,73.73,2026-05-20,Supplier_A
P1258,W100,19,161,32.82,2026-06-01,Supplier_C
P1417,W106,290,117,119.98,2026-02-12,Supplier_D
P1175,W101,398,183,145.13,2026-06-19,Supplier_A
P1415,W105,148,246,45.47,2026-08-25,Supplier_A
P1313,W117,801,127,91.19,2026-06-07,Supplier_D
P1071,W108,658,273,8.9,2026-05-19,Supplier_B
P1220,W117,768,69,145.1,2026-03-04,Supplier_A
P1414,W108,797,246,50.1,2026-06-24,Supplier_B
P1438,W105,705,107,49.9,2026-01-07,Supplier_C
P1471,W119,221,94,85.5,2026-03-30,Supplier_B
P1480,W109,23,293,103.7,2026-03-14,Supplier_D
P1008,W106,28,162,75.09,2026-03-22,Supplier_B
P1044,W115,489,236,124.61,2026-06-18,Supplier_C
P1319,W100,749,76,128.31,2026-02-04,Supplier_A
P1455,W115,662,189,67.54,2026-07-10,Supplier_A
P1457,W103,105,157,110.28,2026-08-13,Supplier_A
P1334,W119,552,102,119.42,2026-07-12,Supplier_C
P1490,W119,534,261,2.31,2026-02-13,Supplier_D
P1213,W110,342,299,93.45,2026-02-08,Supplier_B
P1032,W113,24,236,107.34,2026-07-14,Supplier_C
P1324,W117,456,160,39.13,2026-06-11,Supplier_D
P1018,W105,691,64,96.85,2026-06-30,Supplier_B
P1178,W107,87,114,130.32,2026-01-03,Supplier_C
P1088,W117,990,126,80.31,2026-02-27,Supplier_D
P1214,W105,237,295,5.0,2026-06-08,
P1241,W109,918,127,88.31,2026-02-01,Supplier_A
P1294,W116,772,64,73.11,2026-08-14,Supplier_D
P1428,W100,953,201,130.6,2026-08-05,Supplier_A
P1271,W110,736,93,110.89,2026-03-02,Supplier_B
P1165,W117,447,193,148.72,2026-07-10,Supplier_A
P1422,W116,16,268,22.78,2026-08-27,Supplier_A
P1473,W105,269,285,33.68,2026-05-23,Supplier_D
P1011,W108,330,295,2.93,2026-01-16,
P1086,W115,684,263,95.09,2026-01-31,Supplier_D
P1125,W110,123,269,15.93,2026-06-04,Supplier_C
P1194,W100,274,107,65.42,2026-08-07,Supplier_B
P1095,W100,801,167,31.92,2026-01-23,Supplier_C
P1283,W100,939,68,85.48,2026-01-07,Supplier_C
P1446,W116,14,65,33.11,2026-03-21,Supplier_A
P1472,W103,391,254,137.07,2026-07-12,Supplier_B
P1450,W110,865,52,9.36,2026-09-12,Supplier_D
P1222,W118,213,257,67.53,2026-03-15,Supplier_C
P1296,W106,357,133,146.43,2026-03-24,Supplier_B
P1108,W108,178,243,15.19,2026-05-11,Supplier_A
P1272,W106,605,57,65.04,2026-01-08,Supplier_A
P1237,W102,282,62,46.98,2026-05-02,Supplier_B
P1004,W115,731,220,67.55,2026-06-08,Supplier_B
P1076,W111,554,164,139.98,2026-03-09,Supplier_C
P1077,W102,871,117,50.33,2026-09-13,Supplier_C
P1279,W115,612,271,10.4,2026-05-18,Supplier_C
P1187,W117,65,122,18.96,2026-08-19, Supplier_B 
P1069,W104,16,231,69.74,2026-06-01,Supplier_C
P1123,W115,456,275,3.28,2026-08-23,Supplier_A
P1466,W115,764,197,9.41,2026-06-14,Supplier_C
P1143,W115,18,153,58.24,2026-03-29,Supplier_C
P1451,W110,993,107,48.83,2026-03-26,Supplier_A
P1245,W118,680,140,19.0,2026-02-02,Supplier_C
P1037,W119,747,209,127.72,2026-07-09,Supplier_C
P1407,W113,566,292,79.39,2026-06-22,Supplier_D
P1071,W119,412,91,53.67,2026-02-09,Supplier_B
P1283,W102,320,123,102.67,2026-06-11,Supplier_B
P1436,W117,721,107,36.29,2026-07-27,Supplier_D
P1394,W116,10,274,9.93,2026-04-06,Supplier_A
P1198,W118,692,105,59.08,2026-06-02,Supplier_C
P1287,W115,24,257,11.95,2026-04-30,Supplier_C
P1442,W116,122,288,62.54,2026-09-08,Supplier_C
P1052,W103,236,134,58.36,2026-03-13,Supplier_B
P1449,W104,34,257,9.49,2026-06-11,Supplier_C
P1410,W110,657,123,107.73,2026-03-11,Supplier_D
P1172,W112,136,66,97.45,2026-01-18,Supplier_D
P1287,W111,184,273,92.23,2026-05-20,Supplier_B
P1447,W102,934,291,68.31,2026-04-16,Supplier_C
P1288,W117,811,94,133.01,2026-01-18,
P1297,W111,734,151,106.86,2026-02-18,Supplier_C
P1287,W109,496,103,128.09,2026-07-27,Supplier_C
P1442,W100,481,161,129.7,2026-01-30,Supplier_D
P1433,W118,583,210,85.78,2026-05-28,Supplier_A
P1069,W108,697,141,130.89,2026-03-13,Supplier_B
P1422,W101,447,53,141.59,2026-08-01,Supplier_A
P1020,W113,922,170,8.98,2026-04-28,Supplier_A
P1008,W107,62,123,5.0,2026-09-11,Supplier_A
P1289,W109,5,130,8.64,2026-07-09,Supplier_D
P1038,W118,711,247,71.16,2026-09-03,
P1172,W118,361,266,25.35,2026-04-04,Supplier_A
P1498,W109,913,214,91.34,2026-06-06,Supplier_B
P1369,W107,714,61,35.81,2026-07-19,Supplier_D
P1144,W100,134,240,69.07,2026-07-05,Supplier_A
P1187,W107,817,120,55.02,2026-06-24,Supplier_C
P1040,W108,520,269,5.18,2026-08-23,Supplier_D
P1453,W101,907,219,51.74,2026-07-30,Supplier_C
P1197,W101,252,93,114.34,2026-01-16,Supplier_B
P1392,W114,176,259,20.77,2026-07-09,Supplier_C
P1332,W110,484,265,39.13,2026-01-09,supplier_b
P1338,W109,17,170,61.56,2026-06-14,Supplier_B
P1375,W116,850,157,21.47,2026-08-29,
P1300,W105,630,265,2.54,2026-07-06,Supplier_D
P1167,W104,990,142,108.2,2026-08-30,Supplier_C
P1313,W108,17,111,60.89,2026-07-04,Supplier_B
P1423,W112,758,265,15.28,2026-04-11,Supplier_C
P1472,W102,746,123,92.78,2026-03-25,Supplier_A
P1022,W114,734,123,103.88,2026-02-12,Supplier_D
P1422,W103,727,99,69.66,2026-02-24,Supplier_B
P1035,W111,525,148,121.02,2026-05-11,Supplier_A
P1392,W105,267,62,115.92,2026-01-21,Supplier_D
P1041,W103,562,193,129.21,2026-06-26,Supplier_A
P1272,W114,744,281,57.09,2026-05-24,Supplier_B
P1024,W116,872,109,143.99,2026-09-14,Supplier_C
P1203,W111,354,63,118.26,2026-05-09,Supplier_D
P1467,W109,219,238,1.65,2026-07-31,Supplier_B
P1067,W109,493,135,104.37,2026-07-03,Supplier_A
P1280,W116,302,164,75.47,2026-03-30,Supplier_D
P1026,W116,867,117,129.48,2026-02-11,Supplier_B
P1071,W100,799,126,100.5,2026-04-10,Supplier_C
P1011,W102,669,64,32.35,2026-07-04,Supplier_D
P1234,W116,707,121,62.45,2026-01-27,Supplier_D
P1273,W104,612,217,95.77,2026-07-07,Supplier_B
P1156,W119,113,135,54.54,2026-04-12,Supplier_A
P1047,W100,426,161,66.61,2026-01-26,Supplier_C
P1228,W100,680,158,57.23,2026-08-16,Supplier_A
P1434,W101,706,241,13.66,2026-07-17,Supplier_C
P1357,W108,980,297,22.65,2026-03-12,Supplier_A
P1494,W112,194,113,24.23,2026-01-01,Supplier_B
P1395,W107,505,169,81.68,2026-06-12,Supplier_D
P1154,W118,8,57,142.64,2026-05-09,Supplier_A
P1456,W104,803,227,38.12,2026-03-11,Supplier_A
P1445,W105,497,205,38.18,2026-07-24,Supplier_A
P1142,W101,724,219,41.97,2026-01-13,Supplier_C
P1290,W107,495,241,20.95,2026-03-14,Supplier_C
P1337,W103,672,124,55.23,2026-05-23,Supplier_B
P1438,W100,185,148,131.42,2026-05-22,Supplier_C
P1179,W116,945,227,40.97,2026-03-06,Supplier_A
P1265,W108,660,87,147.97,2026-03-03,Supplier_C
P1263,W108,231,245,12.93,2026-02-17,Supplier_B
P1185,W112,225,220,125.51,2026-09-05,Supplier_C
P1010,W108,602,277,138.02,2026-04-27,Supplier_C
P1411,W101,453,201,58.08,2026-09-15,Supplier_A
P1476,W111,221,63,89.88,2026-05-25,Supplier_D
P1338,W106,481,194,147.83,2026-07-17,Supplier_B
P1015,W117,682,141,102.3,2026-03-20,Supplier_D
P1321,W110,10,59,133.58,2026-08-19,Supplier_D
P1182,W100,346,136,32.77,2026-05-15,Supplier_B
P1203,W101,472,147,12.58,2026-05-08,Supplier_D
P1099,W110,410,129,104.95,2026-07-30,Supplier_B
P1392,W107,767,88,148.19,2026-06-07,Supplier_B
P1328,W103,20,246,82.37,2026-07-06,Supplier_C
P1268,W107,199,208,65.17,2026-01-18,Supplier_C
P1298,W113,534,296,14.01,2026-08-15,Supplier_A
P1271,W103,963,190,58.31,2026-01-12,Supplier_D
P1304,W113,138,273,123.54,2026-02-04,Supplier_A
P1152,W106,150,66,4.92,2026-05-03,Supplier_A
P1030,W117,339,139,23.16,2026-06-04,Supplier_D
P1059,W100,388,244,28.83,2026-03-13,Supplier_B
P1333,W118,434,208,132.05,2026-03-31,Supplier_A
P1396,W110,285,200,21.1,2026-04-27,Supplier_B
P1046,W103,244,262,20.49,2026-06-16,Supplier_A
P1251,W119,192,111,84.52,2026-06-12,Supplier_A
P1152,W119,903,152,5.9,2026-01-13,Supplier_D
P1211,W113,956,159,30.72,2026-05-22,
P1314,W115,352,99,25.75,2026-06-06,Supplier_B
P1276,W112,345,182,67.02,2026-01-13,Supplier_B
P1371,W102,127,98,15.56,2026-07-10,Supplier_A
P1201,W115,566,250,67.24,2026-09-13,Supplier_B
P1273,W108,723,248,43.48,2026-02-26,Supplier_D
P1395,W110,656,132,95.29,2026-01-27,Supplier_C
P1303,W116,602,122,89.37,2026-08-09,Supplier_D
P1185,W105,22,188,23.94,2026-03-08,Supplier_D
P1225,W104,135,126,16.55,2026-01-17,Supplier_C
P1133,W103,686,82,75.94,2026-01-17,Supplier_B
P1424,W114,869,246,49.22,2026-03-20,Supplier_D
P1410,W114,843,223,111.67,2026-01-02,Supplier_A
P1172,W118,35,239,17.11,2026-02-28,Supplier_B
P1383,W115,528,215,15.29,2026-02-22,Supplier_D
P1085,W107,772,50,100.54,2026-01-27,Supplier_A
P1118,W103,234,232,82.43,2026-05-12,Supplier_A
P1124,W106,376,234,113.64,2026-02-15,Supplier_D
P1129,W100,209,240,49.29,2026-03-15,Supplier_A
P1109,W119,649,293,80.8,2026-07-05,Supplier_C
P1076,W114,522,226,28.28,2026-07-30,Supplier_C
P1419,W110,846,174,142.17,2026-01-23,Supplier_C
P1399,W111,7,237,140.84,2026-05-30,Supplier_D
P1361,W111,37,163,14.17,2026-07-21,Supplier_C
P1453,W105,396,83,69.17,2026-01-01,Supplier_C
P1353,W105,263,101,75.17,2026-03-11,Supplier_A
P1260,W114,146,262,16.53,2026-03-24,Supplier_C
P1328,W117,935,294,51.18,2026-06-10,Supplier_D
P1492,W115,726,232,27.69,2026-01-23,Supplier_D
P1274,W105,8,61,48.28,2026-03-27,Supplier_B
P1452,W113,95,209,40.07,2026-01-16,Supplier_A
P1186,W114,586,186,68.5,2026-03-05,Supplier_B
P1168,W112,13,196,21.68,2026-02-23,Supplier_A
P1149,W116,257,176,39.8,2026-09-15,Supplier_A
P1189,W117,144,252,137.55,2026-06-16,Supplier_B
P1105,W119,278,160,26.41,2026-06-22,Supplier_B
P1117,W107,904,227,63.53,2026-03-25,Supplier_A
P1072,W107,445,252,81.78,2026-07-22,Supplier_D
P1244,W103,60,98,90.62,2026-02-13,Supplier_D
P1031,W115,60,124,66.98,2026-09-08,Supplier_A
P1405,W108,804,191,94.72,2026-03-13,Supplier_B
P1218,W103,923,207,94.77,2026-03-11,Supplier_D
P1215,W117,33,199,90.24,2026-09-08,Supplier_D
P1204,W114,179,64,109.61,2026-01-21,Supplier_A
P1130,W103,694,277,38.84,2026-03-07,Supplier_D
P1241,W101,441,279,106.34,2026-07-12,Supplier_D
P1379,W104,131,165,109.28,2026-03-03,Supplier_A
P1425,W119,776,281,55.62,2026-03-08,Supplier_C
P1274,W101,603,243,80.54,2026-07-11,Supplier_C
P1045,W115,152,132,142.25,2026-03-07,Supplier_B
P1029,W117,456,101,73.29,2026-08-14,Supplier_C
P1319,W105,749,182,23.8,2026-09-09,Supplier_C
P1480,W118,34,180,35.92,2026-07-27,Supplier_D
P1243,W110,927,275,69.76,2026-01-03,Supplier_D
P1296,W102,745,145,40.66,2026-05-09,Supplier_D
P1111,W107,858,53,147.65,2026-01-24,Supplier_D
P1007,W100,972,289,119.17,2026-04-04,Supplier_B
P1103,W116,22,118,81.47,2026-08-19,Supplier_A
P1351,W101,666,175,89.64,2026-02-26,Supplier_D
P1391,W107,687,183,32.68,2026-04-19,Supplier_B
P1318,W100,521,292,63.41,2026-01-08,Supplier_A
P1427,W109,643,139,67.64,2026-03-01,Supplier_B
P1421,W103,870,198,6.98,2026-01-06,Supplier_A
P1381,W105,788,260,22.57,2026-01-26,Supplier_B
P1046,W117,883,162,71.32,2026-05-20,
P1186,W108,280,121,79.91,2026-06-29,Supplier_D
P1244,W116,107,134,112.89,2026-03-17,Supplier_D
P1013,W112,738,238,120.66,2026-06-25,Supplier_A
P1034,W115,539,232,123.86,2026-05-14,Supplier_A
P1340,W106,773,191,32.36,2026-01-20,
P1291,W108,963,109,1.47,2026-01-05,Supplier_A
P1028,W105,988,179,34.6,2026-04-19,Supplier_D
P1375,W114,423,172,61.32,2026-07-06,Supplier_D
P1153,W103,420,91,33.03,2026-02-27,Supplier_B
P1034,W108,238,96,93.55,2026-04-19,Supplier_C
P1244,W117,567,123,68.24,2026-05-22,Supplier_A
P1216,W115,16,235,87.44,2026-06-11,Supplier_D
P1315,W117,747,187,15.1,2026-09-10,
P1170,W102,916,63,137.28,2026-07-16,Supplier_C
P1379,W117,292,219,126.69,2026-05-26,Supplier_A
P1359,W117,590,113,117.18,2026-06-03,Supplier_A
P1034,W100,145,189,138.85,2026-08-15,Supplier_D
P1332,W109,531,232,23.07,2026-08-21,
P1077,W111,497,262,145.37,2026-03-21,Supplier_A
P1242,W106,494,142,30.28,2026-07-17,Supplier_B
P1347,W111,638,118,52.37,2026-02-06,Supplier_B
P1246,W118,871,144,114.85,2026-02-12,Supplier_A
P1230,W116,280,83,35.93,2026-07-27,Supplier_C
P1353,W116,490,210,5.45,2026-02-10,Supplier_D
P1066,W105,247,299,115.92,2026-07-30,Supplier_B
P1212,W115,43,225,63.45,2026-05-13,Supplier_D
P1430,W100,261,179,17.87,2026-07-19,Supplier_B
P1426,W115,914,141,129.25,2026-07-15,supplier_b
P1193,W115,489,50,29.98,2026-07-21,Supplier_B
P1030,W113,991,134,67.49,2026-04-21,Supplier_B
P1455,W101,115,190,70.62,2026-04-05,Supplier_A
P1050,W110,621,284,13.99,2026-08-11,Supplier_A
P1083,W116,598,78,30.91,2026-08-09,Supplier_B
P1055,W114,308,238,129.22,2026-04-25,Supplier_A
P1482,W111,134,71,131.15,2026-02-11,Supplier_D
P1419,W104,575,71,131.01,2026-03-11,Supplier_B
P1159,W109,246,215,139.77,2026-08-14,Supplier_C
P1061,W112,511,105,112.12,2026-09-15,Supplier_A
P1417,W114,717,187,105.16,2026-08-24,Supplier_C
P1125,W100,974,107,9.82,2026-07-15,Supplier_A
P1172,W114,813,200,115.96,2026-03-18,Supplier_D
P1373,W114,414,182,128.64,2026-05-30,Supplier_D
P1326,W114,542,68,26.5,2026-07-09,
P1434,W116,951,76,21.55,2026-06-05,Supplier_D
P1376,W118,72,116,49.49,2026-06-13,Supplier_D
P1098,W103,260,148,87.8,2026-02-14,Supplier_B
P1057,W102,634,207,8.33,2026-07-21,Supplier_D
P1102,W107,64,68,102.5,2026-08-09,Supplier_C
P1480,W108,416,89,49.22,2026-04-04,Supplier_D
P1199,W114,468,296,96.22,2026-08-07,Supplier_D
P1219,W100,609,289,127.18,2026-04-25,Supplier_B
P1266,W114,456,261,72.65,2026-06-25,Supplier_C
P1389,W113,116,127,149.59,2026-08-14,Supplier_D
P1235,W100,402,177,129.83,2026-06-15,Supplier_C
P1183,W113,508,88,119.08,2026-06-01,Supplier_C
P1193,W105,469,122,107.12,2026-05-31,Supplier_C
P1426,W115,506,146,94.22,2026-06-18,Supplier_C
P1478,W112,507,238,76.27,2026-03-30,Supplier_C
P1239,W119,979,166,59.28,2026-06-03,Supplier_C
P1485,W119,557,290,23.97,2026-01-16,Supplier_D
P1310,W117,25,251,36.49,2026-06-27,Supplier_A
P1388,W116,32,96,105.4,2026-05-17,Supplier_C
P1271,W117,99,189,144.28,2026-02-27,Supplier_B
P1485,W109,245,170,37.31,2026-07-31,Supplier_C
P1280,W108,227,217,70.12,2026-04-11,Supplier_D
P1285,W114,125,123,88.14,2026-04-13,Supplier_D
P1086,W119,310,207,87.79,2026-03-03,Supplier_C
P1364,W119,352,124,46.51,2026-05-16,Supplier_C
P1213,W110,516,94,89.39,2026-04-02,Supplier_D
P1060,W109,25,192,40.04,2026-02-28,Supplier_B
P1354,W107,854,178,130.33,2026-06-07,Supplier_D
P1473,W107,881,224,81.22,2026-08-28,Supplier_C
P1232,W108,385,99,81.54,2026-04-02,Supplier_C
P1475,W113,696,150,77.27,2026-05-02,Supplier_B
P1485,W100,354,296,82.25,2026-01-17,Supplier_C
P1300,W103,141,232,49.79,2026-04-08,Supplier_B
P1255,W115,773,73,122.06,2026-03-22,Supplier_D
P1354,W116,68,119,53.22,2026-08-19,Supplier_D
P1311,W118,418,237,148.14,2026-01-26,Supplier_D
P1142,W104,932,186,117.62,2026-06-16,Supplier_B
P1429,W108,486,175,18.14,2026-06-20,Supplier_B
P1176,W102,374,63,87.58,2026-06-03,Supplier_B
P1123,W111,209,145,21.12,2026-05-23,Supplier_C
P1072,W115,800,177,149.19,2026-01-05,Supplier_C
P1130,W116,852,206,64.46,2026-03-28,Supplier_B
P1227,W101,265,272,86.69,2026-09-06,Supplier_B
P1165,W114,920,170,136.87,2026-06-01,Supplier_B
P1498,W118,108,71,67.07,2026-02-17,Supplier_D
P1122,W110,4,281,43.81,2026-03-30,Supplier_B
P1251,W114,35,184,80.05,2026-05-09,Supplier_D
P1404,W113,268,192,144.35,2026-04-25,Supplier_D
P1498,W109,437,101,3.64,2026-03-21,Supplier_A
P1451,W117,7,138,61.85,2026-01-04,Supplier_B
P1383,W107,12,223,28.32,2026-06-19,Supplier_D
P1112,W102,842,297,136.08,2026-03-23,Supplier_D
P1369,W117,550,204,84.63,2026-01-16,Supplier_B
P1018,W117,815,195,134.38,2026-09-01,Supplier_B
P1056,W103,351,136,134.44,2026-01-08,Supplier_B
P1042,W116,259,265,108.73,2026-05-14,Supplier_C
P1410,W101,587,157,144.94,2026-03-18,Supplier_B
P1127,W113,197,156,31.09,2026-07-17,Supplier_B
P1245,W105,286,118,51.67,2026-08-12,Supplier_D
P1244,W111,272,242,99.02,2026-02-19,Supplier_A
P1371,W101,384,147,25.92,2026-05-06,Supplier_D
P1369,W112,361,98,129.99,2026-07-14,Supplier_A
P1308,W111,283,109,72.66,2026-08-28,Supplier_A
P1197,W110,183,111,75.1,2026-08-01,Supplier_C
P1480,W107,287,68,66.79,2026-04-10,
P1167,W110,787,76,64.07,2026-06-07,Supplier_B
P1422,W102,883,269,59.59,2026-07-05,Supplier_D
P1043,W107,190,251,76.49,2026-03-09,Supplier_D
P1034,W116,731,176,38.28,2026-06-16,SUPPLIER_A
P1168,W118,846,126,98.51,2026-03-16,Supplier_C
P1427,W113,798,83,110.08,2026-06-11,Supplier_A
P1145,W117,548,263,119.09,2026-01-04,Supplier_D
P1304,W111,568,123,67.89,2026-04-17,Supplier_B
P1380,W112,768,55,129.48,2026-02-18,Supplier_B
P1401,W102,390,196,83.82,2026-03-18,supplier_a
P1016,W109,89,227,135.53,2026-01-14,Supplier_A
P1009,W114,155,201,97.89,2026-02-26,Supplier_D
P1086,W112,803,58,8.98,2026-04-27,Supplier_B
P1429,W105,327,193,138.55,2026-03-28,Supplier_A
P1173,W104,692,102,133.35,2026-09-05,Supplier_A
P1392,W108,831,97,50.92,2026-07-23,Supplier_B
P1333,W113,914,275,136.65,2026-06-23,Supplier_A
P1019,W107,334,258,147.25,2026-07-08,Supplier_C
P1292,W113,88,172,116.19,2026-07-27,Supplier_C
P1433,W100,474,67,113.94,2026-06-14,Supplier_B
P1386,W107,165,55,110.4,2026-03-22,Supplier_D
P1277,W108,52,252,23.17,2026-02-09,Supplier_A
P1363,W117,865,235,56.11,2026-02-14,Supplier_A
P1126,W115,105,60,78.31,2026-09-01,
P1407,W100,143,258,18.78,2026-09-08,Supplier_B
P1250,W102,331,210,10.95,2026-01-09,Supplier_B
P1492,W119,114,202,124.65,2026-01-06,Supplier_D
P1094,W100,893,108,121.56,2026-03-27,Supplier_A
P1359,W111,30,74,99.49,2026-09-14,Supplier_D
P1450,W119,266,208,131.94,2026-02-27,Supplier_B
P1112,W115,781,119,46.34,2026-01-29,Supplier_A
P1357,W109,167,243,89.87,2026-06-13,Supplier_B
P1448,W112,434,50,124.35,2026-04-19,Supplier_B
P1097,W103,256,265,119.14,2026-01-11,Supplier_D
P1259,W117,293,96,120.69,2026-05-06,Supplier_A
P1463,W118,998,245,96.1,2026-01-28,
P1240,W106,844,116,107.37,2026-07-13,Supplier_B
P1326,W118,29,104,145.48,2026-06-09,Supplier_B
P1105,W106,740,126,55.13,2026-03-04,Supplier_B
P1028,W106,221,235,138.11,2026-07-12,Supplier_B
P1048,W113,422,161,107.5,2026-09-13,Supplier_C
P1346,W104,878,98,83.8,2026-01-12,Supplier_A
P1039,W114,217,153,18.36,2026-03-26,Supplier_D
P1010,W104,90,145,125.16,2026-02-12,Supplier_D
P1378,W118,733,89,64.75,2026-06-04,Supplier_C
P1146,W104,589,201,102.44,2026-04-06,Supplier_C
P1229,W113,256,71,8.85,2026-01-29,Supplier_B
P1029,W100,16,61,88.03,2026-08-28,Supplier_B
P1458,W107,57,204,59.28,2026-04-07,Supplier_A
P1455,W115,422,89,91.51,2026-05-22,Supplier_A
P1244,W119,29,118,33.05,2026-01-01,Supplier_D
P1496,W110,232,275,2.23,2026-02-21,Supplier_A
P1390,W111,313,188,128.08,2026-01-11,Supplier_B
P1326,W111,528,169,65.97,2026-08-25,Supplier_C
P1379,W106,382,125,122.11,2026-08-24,Supplier_B
P1268,W117,614,289,67.81,2026-03-10,Supplier_B
P1449,W107,250,244,88.29,2026-06-29,Supplier_B
P1190,W118,489,230,70.75,2026-01-07,Supplier_D
P1329,W106,509,290,112.22,2026-03-08,Supplier_C
P1403,W107,726,298,109.55,2026-03-04,Supplier_B
P1096,W111,154,278,134.22,2026-01-24,Supplier_D
P1483,W108,262,202,131.56,2026-06-23,Supplier_D
P1157,W114,927,288,86.97,2026-04-22,Supplier_C
P1192,W116,10,89,82.38,2026-01-29,Supplier_B
P1289,W117,841,276,21.17,2026-08-09,Supplier_A
P1194,W112,161,219,80.95,2026-01-01,Supplier_D
P1068,W114,817,151,89.52,2026-05-20,Supplier_C
P1048,W119,940,243,17.55,2026-04-11,Supplier_C
P1368,W108,727,111,76.55,2026-03-17,Supplier_A
P1129,W106,881,173,95.63,2026-02-16,Supplier_B
P1131,W106,472,55,19.79,2026-05-05,Supplier_C
P1289,W116,290,102,141.18,2026-07-11,Supplier_A
P1094,W114,809,251,39.33,2026-04-08,Supplier_B
P1257,W115,36,225,124.27,2026-05-20,Supplier_C
P1200,W114,535,117,91.67,2026-02-16,Supplier_C
P1033,W114,339,240,54.51,2026-03-02,Supplier_D
P1361,W112,870,270,103.14,2026-09-05,Supplier_B
P1150,W100,516,130,125.04,2026-03-15,Supplier_B
P1015,W114,418,148,1.79,2026-08-28,Supplier_A
P1424,W111,588,76,71.04,2026-05-20,Supplier_D
P1129,W111,45,110,84.36,2026-03-31,Supplier_A
P1270,W111,225,222,90.42,2026-04-10,Supplier_A
P1479,W119,671,81,62.35,2026-04-29,Supplier_C
P1360,W103,616,75,3.35,2026-02-12,Supplier_B
P1137,W107,910,108,87.39,2026-08-27,Supplier_B
P1301,W117,914,85,126.98,2026-06-26,Supplier_B
P1176,W101,579,288,130.23,2026-08-10,Supplier_A
P1235,W107,208,89,23.95,2026-02-05,Supplier_C
P1187,W109,13,201,79.65,2026-04-08,Supplier_A
P1297,W105,712,296,56.43,2026-08-10,Supplier_C
P1285,W103,407,239,132.52,2026-04-12,Supplier_C
P1262,W110,761,236,18.16,2026-03-01,Supplier_C
P1325,W110,535,174,46.59,2026-02-28,Supplier_B
P1463,W106,113,200,34.33,2026-07-05,Supplier_C
P1206,W102,575,59,22.86,2026-07-14,Supplier_B
P1378,W112,107,278,27.85,2026-06-28,Supplier_B
P1189,W108,901,212,141.52,2026-07-04,Supplier_A
P1312,W102,675,89,125.94,2026-06-05,Supplier_C
P1219,W106,454,90,67.8,2026-02-08,Supplier_C
P1005,W113,387,164,74.11,2026-08-23,Supplier_A
P1304,W112,571,167,60.96,2026-01-31,Supplier_B
P1055,W118,108,116,50.08,2026-06-25,Supplier_D
P1247,W104,969,257,96.19,2026-06-25,Supplier_D
P1312,W102,904,254,96.85,2026-09-10,Supplier_A
P1438,W116,23,264,1.36,2026-07-21,Supplier_B
P1355,W116,742,212,69.68,2026-05-01, Supplier_A 
P1281,W119,572,115,138.28,2026-05-15,Supplier_D
P1045,W109,915,132,115.7,2026-03-05,Supplier_C
P1174,W110,495,91,16.95,2026-08-10,Supplier_B
P1415,W115,290,226,11.59,2026-04-05,Supplier_B
P1368,W101,382,154,7.02,2026-07-11,Supplier_B
P1497,W108,35,106,122.87,2026-04-25,Supplier_A
P1305,W113,45,71,139.09,2026-02-26,Supplier_A
P1400,W111,941,52,36.4,2026-08-07,Supplier_A
P1152,W113,127,95,87.95,2026-05-17,Supplier_D
P1412,W108,119,265,122.53,2026-01-15,Supplier_C
P1196,W106,343,289,142.53,2026-03-30,Supplier_D
P1060,W108,990,199,104.67,2026-04-18,Supplier_A
P1256,W117,531,78,61.26,2026-08-19,Supplier_A
P1418,W102,889,207,71.87,2026-04-29,Supplier_A
P1431,W102,667,62,49.65,2026-04-22,Supplier_D
P1229,W104,220,101,41.88,2026-01-28,Supplier_A
P1101,W106,343,253,85.99,2026-05-17, 
P1023,W110,600,287,49.88,2026-07-08,Supplier_B
P1018,W111,821,235,12.13,2026-08-25,Supplier_B
P1021,W116,947,291,62.0,2026-05-23,Supplier_D
P1480,W109,741,108,140.48,2026-02-19,Supplier_A
P1006,W119,634,190,25.25,2026-03-06,Supplier_A
P1358,W103,186,254,65.65,2026-08-08,Supplier_B
P1178,W103,479,285,147.24,2026-01-11,Supplier_B
P1238,W105,292,88,128.25,2026-05-08,Supplier_C
P1083,W117,932,135,16.09,2026-09-01,Supplier_D
P1216,W108,425,163,76.28,2026-09-03,Supplier_A
P1201,W114,20,168,93.99,2026-01-15,Supplier_C
P1293,W104,376,181,41.42,2026-06-21,Supplier_B
P1196,W107,436,249,15.75,2026-05-13,Supplier_C
P1212,W113,824,164,89.23,2026-03-21,Supplier_B
P1282,W119,3,166,22.34,2026-06-13,Supplier_C
P1124,W115,108,129,24.34,2026-04-23,
P1294,W112,308,282,105.72,2026-02-12,Supplier_D
P1065,W118,59,256,67.79,2026-09-01,Supplier_A
P1200,W111,103,81,10.57,2026-01-13,Supplier_D
P1027,W107,76,55,89.22,2026-03-08,Supplier_B
P1322,W110,728,220,123.44,2026-09-10,Supplier_C
P1322,W117,939,58,144.26,2026-08-26,Supplier_C
P1381,W116,792,170,81.09,2026-09-06,Supplier_C
P1275,W100,242,282,36.46,2026-03-30,Supplier_C
P1400,W106,984,88,83.13,2026-02-20,Supplier_B
P1288,W111,316,205,140.72,2026-08-23,Supplier_C
P1399,W117,623,292,19.98,2026-09-09,Supplier_C
P1495,W101,482,112,51.16,2026-03-20,Supplier_C
P1185,W112,835,247,23.9,2026-08-21,Supplier_B
P1210,W103,380,137,24.77,2026-03-21,Supplier_C
P1033,W101,302,297,127.97,2026-07-18,Supplier_B
P1278,W112,170,62,83.92,2026-06-24,Supplier_A
P1476,W102,100,164,136.51,2026-01-05,Supplier_A
P1179,W107,106,97,38.2,2026-01-25,Supplier_B
P1344,W105,43,294,68.48,2026-04-15,Supplier_C
P1180,W118,68,251,125.06,2026-02-10,SUPPLIER_C
P1254,W102,86,296,131.78,2026-03-29,Supplier_D
P1029,W106,905,109,133.8,2026-04-17,Supplier_C
P1093,W100,696,289,129.4,2026-07-11,Supplier_B
P1401,W111,1,50,138.88,2026-05-26,Supplier_A
P1267,W102,6,105,142.08,2026-04-29,Supplier_A
P1477,W117,925,275,62.47,2026-08-11,Supplier_A
P1179,W112,408,90,124.8,2026-08-04,Supplier_C
P1467,W106,585,103,34.83,2026-03-22,Supplier_B
P1478,W100,918,120,39.48,2026-06-13,Supplier_A
P1432,W115,991,206,78.52,2026-04-27,Supplier_D
P1142,W116,148,244,62.38,2026-07-12,Supplier_A
P1035,W108,707,149,20.44,2026-09-09,Supplier_B
P1303,W106,546,104,71.38,2026-02-27,Supplier_D
P1437,W115,433,53,19.64,2026-04-18,
P1010,W115,321,223,137.66,2026-03-17,Supplier_A
P1308,W102,249,195,134.22,2026-04-21,Supplier_B
P1140,W108,475,199,99.72,2026-06-18,Supplier_C
P1168,W105,732,251,148.97,2026-04-12,Supplier_D
P1379,W119,211,251,30.64,2026-01-03,Supplier_C
P1250,W112,136,118,100.62,2026-03-17,Supplier_C
P1019,W113,447,69,134.56,2026-02-06,Supplier_D
P1211,W100,330,245,11.73,2026-06-24,Supplier_C
P1341,W116,908,150,44.71,2026-06-22,Supplier_A
P1186,W105,581,161,66.32,2026-06-28,Supplier_A
P1479,W110,365,294,26.56,2026-04-06,Supplier_C
P1111,W115,283,119,134.39,2026-03-21,Supplier_C
P1451,W118,469,286,120.87,2026-04-20,Supplier_B
P1289,W102,591,91,20.17,2026-04-30,Supplier_D
P1265,W114,849,221,59.42,2026-02-24,Supplier_C
P1255,W111,935,102,119.82,2026-06-23,Supplier_B
P1273,W107,295,78,74.54,2026-02-10,Supplier_B
P1454,W100,621,167,99.03,2026-01-18,Supplier_D
P1440,W116,168,236,37.35,2026-07-02,Supplier_D
P1094,W107,215,180,89.13,2026-02-17,supplier_c
P1108,W118,795,264,83.49,2026-06-21,Supplier_B
P1496,W110,138,73,50.44,2026-01-22,Supplier_B
P1166,W103,621,284,81.68,2026-09-05,Supplier_A
P1303,W119,334,120,67.54,2026-09-04,Supplier_D
P1192,W107,638,165,30.52,2026-03-06,Supplier_C
P1396,W116,816,179,133.67,2026-03-25,Supplier_A
P1048,W103,459,226,147.92,2026-02-21,
P1188,W101,371,243,68.06,2026-01-26,Supplier_C
P1154,W109,75,268,132.05,2026-02-27,Supplier_D
P1314,W113,983,207,92.59,2026-08-16,Supplier_A
P1249,W117,59,192,41.17,2026-01-05,Supplier_D
P1335,W117,517,129,95.36,2026-06-20,Supplier_B
P1014,W115,195,98,123.81,2026-01-25,Supplier_A
P1415,W100,316,282,23.1,2026-01-22,Supplier_B
P1145,W110,97,63,116.0,2026-01-26,Supplier_B
P1407,W100,779,146,137.43,2026-04-23,Supplier_B
P1153,W100,571,58,108.16,2026-02-21,Supplier_A
P1355,W116,674,197,148.71,2026-02-21,Supplier_C
P1054,W103,415,275,63.73,2026-04-24,Supplier_B
P1379,W112,373,147,29.48,2026-03-07,Supplier_C
P1407,W100,589,68,12.75,2026-01-17,Supplier_B
P1323,W117,258,139,3.56,2026-04-29,Supplier_A
P1237,W101,504,214,71.8,2026-07-24,Supplier_D
P1350,W100,670,147,87.91,2026-01-12,Supplier_D
P1331,W100,501,286,123.14,2026-07-22,Supplier_D
P1197,W104,560,67,114.69,2026-01-15,Supplier_B
P1222,W113,920,73,30.19,2026-04-08,Supplier_A
P1001,W116,108,88,18.01,2026-04-27,Supplier_C
P1272,W112,679,211,23.58,2026-09-10,Supplier_D
P1308,W117,287,283,143.42,2026-05-22,Supplier_B
P1462,W102,562,98,73.79,2026-07-25,Supplier_B
P1407,W114,336,174,134.04,2026-02-06,Supplier_B
P1100,W118,664,189,145.71,2026-03-28,supplier_b
P1276,W116,180,276,30.24,2026-07-25,Supplier_A
P1436,W112,981,225,129.96,2026-01-01,Supplier_B
P1345,W112,793,258,91.9,2026-08-19,Supplier_C
P1317,W119,709,141,121.94,2026-03-09,Supplier_C
P1368,W119,171,51,72.55,2026-09-15,Supplier_B
P1033,W113,838,198,92.92,2026-01-31,Supplier_A
P1254,W119,876,224,105.09,2026-08-29,
P1195,W102,363,184,114.18,2026-05-08,Supplier_B
P1060,W111,460,95,106.82,2026-05-27,Supplier_B
P1458,W112,656,163,37.07,2026-05-30,Supplier_D
P1176,W112,899,245,77.63,2026-08-08,Supplier_C
P1341,W114,11,262,18.51,2026-07-13,Supplier_C
P1498,W115,694,289,94.33,2026-01-02,Supplier_A
P1221,W104,565,51,124.29,2026-02-27,
P1024,W119,64,274,86.23,2026-01-25,Supplier_D
P1448,W109,963,80,101.96,2026-03-22,Supplier_A
P1236,W115,720,104,21.02,2026-04-21,Supplier_C
P1483,W112,830,268,17.41,2026-02-10,Supplier_A
P1482,W105,745,247,24.73,2026-05-04,Supplier_B
P1201,W113,967,213,15.82,2026-08-15,Supplier_A
P1412,W118,334,126,24.21,2026-02-01,Supplier_D
P1338,W111,719,125,73.46,2026-05-19,Supplier_C
P1057,W100,747,222,41.83,2026-05-18,Supplier_B
P1348,W113,295,197,110.1,2026-07-26,Supplier_C
P1113,W100,740,80,132.35,2026-01-02,Supplier_B
P1399,W104,168,128,132.82,2026-01-03,Supplier_C
P1335,W103,17,201,75.16,2026-09-10,Supplier_C
P1035,W113,298,127,45.95,2026-02-11,Supplier_D
P1417,W100,688,92,107.96,2026-05-10,Supplier_C
P1302,W117,212,211,60.53,2026-03-29,Supplier_B
P1220,W114,372,190,52.94,2026-04-21,Supplier_A
P1150,W105,475,233,29.08,2026-06-19,Supplier_B
P1468,W103,8,210,3.65,2026-03-23,Supplier_A
P1245,W113,400,263,42.54,2026-01-31,Supplier_C
P1110,W101,439,160,2.29,2026-04-01,Supplier_C
P1369,W117,544,286,47.37,2026-09-06,Supplier_D
P1152,W118,905,284,102.5,2026-04-18,Supplier_C
P1488,W109,545,134,15.64,2026-01-28,Supplier_A
P1117,W116,700,183,12.72,2026-06-08,Supplier_A
P1330,W107,101,134,61.74,2026-09-08,Supplier_D
P1015,W113,19,203,89.62,2026-01-18,Supplier_C
P1400,W103,19,127,65.36,2026-06-18,Supplier_C
P1309,W106,658,189,114.27,2026-06-15,Supplier_A
P1169,W113,79,131,11.12,2026-01-24,supplier_b
P1035,W110,664,290,61.82,2026-02-24,Supplier_C
P1054,W100,719,65,96.64,2026-06-02,Supplier_D
P1209,W109,251,166,55.86,2026-05-23,Supplier_B
P1344,W102,635,94,76.16,2026-04-23,Supplier_D
P1497,W105,809,201,98.29,2026-01-02,Supplier_D
P1410,W103,28,127,98.53,2026-02-20,Supplier_A
P1051,W100,713,147,140.52,2026-02-23,Supplier_D
P1129,W118,474,247,132.94,2026-02-04,Supplier_C
P1227,W115,661,204,136.83,2026-08-08,Supplier_A
P1451,W118,496,259,118.67,2026-09-07,Supplier_D
P1100,W110,468,103,84.4,2026-01-15,Supplier_C
P1383,W112,709,56,64.43,2026-06-26,Supplier_C
P1128,W108,495,200,138.23,2026-02-23,Supplier_C
P1370,W103,315,291,75.04,2026-03-12,Supplier_D
P1465,W100,509,267,17.27,2026-02-07,Supplier_B
P1248,W106,127,66,19.21,2026-01-30,Supplier_B
P1295,W107,626,206,118.02,2026-08-31,
P1152,W108,379,74,102.72,2026-06-10,Supplier_B
P1371,W107,556,243,115.83,2026-05-06,Supplier_B
P1488,W117,212,245,92.31,2026-06-14,Supplier_C
P1111,W116,585,265,66.39,2026-04-12,Supplier_C
P1174,W101,536,264,72.53,2026-07-01,Supplier_C
P1261,W108,779,63,52.89,2026-05-31,Supplier_C
P1418,W117,799,78,50.98,2026-03-27,Supplier_D
P1372,W107,670,74,79.47,2026-05-07,Supplier_D
P1210,W100,152,228,149.59,2026-08-07,Supplier_A
P1037,W102,791,67,34.84,2026-07-09,Supplier_B
P1219,W113,509,244,65.87,2026-04-18,Supplier_C
P1171,W111,213,249,23.04,2026-09-03,Supplier_A
P1346,W119,157,253,18.68,2026-06-28,Supplier_C
P1194,W105,679,241,57.17,2026-07-10,Supplier_C
P1334,W114,335,164,13.92,2026-05-16,Supplier_C
P1044,W109,891,182,135.39,2026-02-19,Supplier_C
P1482,W117,157,75,8.09,2026-03-06,Supplier_A
P1454,W110,222,207,147.14,2026-04-02,Supplier_A
P1435,W118,959,91,123.71,2026-07-16,Supplier_B
P1404,W107,172,285,114.07,2026-06-08,Supplier_A
P1238,W118,784,61,66.23,2026-04-04,Supplier_A
P1269,W118,512,269,112.43,2026-06-06,Supplier_A
P1205,W114,800,257,146.18,2026-02-11,Supplier_A
P1241,W110,572,146,113.93,2026-05-18,Supplier_C
P1371,W112,650,234,65.65,2026-06-21,Supplier_B
P1056,W116,862,90,78.11,2026-07-24,Supplier_C
P1413,W101,129,251,51.24,2026-02-28,Supplier_D
P1185,W100,359,180,39.92,2026-05-31,Supplier_B
P1257,W105,833,91,117.25,2026-07-27,Supplier_A
P1045,W108,376,167,15.96,2026-06-15,Supplier_C
P1324,W103,721,98,37.32,2026-06-23,Supplier_A
P1047,W118,727,276,83.41,2026-05-11,Supplier_B
P1494,W109,574,249,63.23,2026-08-14,Supplier_B
P1271,W100,486,217,83.72,2026-04-25,Supplier_D
P1148,W119,114,113,87.05,2026-05-04,Supplier_D
P1469,W103,633,265,53.44,2026-01-08,Supplier_B
P1271,W111,458,173,111.59,2026-02-12,Supplier_B
P1376,W108,167,149,86.96,2026-08-07,Supplier_C
P1292,W114,337,211,112.78,2026-03-02,Supplier_A
P1366,W103,102,298,112.62,2026-04-02,Supplier_C
P1040,W105,835,137,108.94,2026-08-29,Supplier_B
P1100,W114,284,98,85.34,2026-03-14,Supplier_B
P1158,W115,413,86,43.64,2026-06-02,Supplier_C
P1238,W117,260,52,90.67,2026-04-03,Supplier_C
P1007,W111,753,135,100.75,2026-07-13,Supplier_C
P1135,W108,703,263,126.76,2026-03-08,Supplier_D
P1054,W110,450,98,43.68,2026-02-10,Supplier_D
P1320,W101,643,260,148.84,2026-02-03,Supplier_A
P1067,W113,177,87,27.31,2026-06-14,Supplier_D
P1190,W118,594,77,144.38,2026-01-11,Supplier_A
P1458,W100,10,97,54.55,2026-08-18,Supplier_A
P1216,W116,770,248,21.96,2026-03-03,Supplier_B
P1384,W114,982,249,122.66,2026-08-04,Supplier_C
P1090,W107,373,51,107.64,2026-03-06,Supplier_C
P1129,W103,799,94,85.12,2026-04-16,Supplier_C
P1192,W112,44,209,119.79,2026-03-16,Supplier_A
P1405,W118,338,96,46.31,2026-03-02,Supplier_C
P1225,W114,937,108,117.62,2026-09-07,Supplier_A
P1092,W108,723,134,76.53,2026-02-27,Supplier_A
P1427,W111,519,139,108.12,2026-02-13,Supplier_A
P1228,W113,93,190,94.87,2026-05-23,Supplier_C
P1412,W113,105,284,103.29,2026-07-13,Supplier_C
P1102,W113,552,298,13.81,2026-08-26,Supplier_C
P1216,W111,250,264,107.2,2026-06-12,Supplier_B
P1131,W112,273,101,16.55,2026-04-18,Supplier_B
P1040,W119,203,214,17.67,2026-01-17,Supplier_C
P1323,W111,717,149,49.82,2026-02-16,Supplier_B
P1451,W117,408,255,37.79,2026-06-11,Supplier_B
P1409,W105,63,254,132.13,2026-09-07,Supplier_B
P1229,W109,89,63,72.51,2026-01-30,Supplier_C
P1071,W113,313,287,12.28,2026-06-19,Supplier_B
P1038,W116,70,60,133.5,2026-07-01,Supplier_D
P1421,W114,894,173,84.22,2026-08-18,Supplier_B
P1419,W113,973,257,43.07,2026-01-19,Supplier_D
P1132,W116,336,89,55.1,2026-02-22,Supplier_C
P1319,W115,751,195,133.76,2026-05-21,Supplier_C
P1228,W118,805,219,22.79,2026-05-06,Supplier_B
P1253,W107,439,87,17.82,2026-01-12,Supplier_A
P1320,W113,626,72,57.14,2026-03-16,Supplier_A
P1217,W115,399,69,14.21,2026-08-15,Supplier_A
P1112,W112,842,109,132.0,2026-07-20,Supplier_C
P1230,W115,377,105,92.57,2026-08-20,Supplier_A
P1309,W103,3,187,34.49,2026-03-05,Supplier_D
P1468,W111,198,228,36.02,2026-03-07,Supplier_B
P1056,W103,622,120,23.52,2026-05-21,Supplier_B
P1018,W111,998,102,100.15,2026-05-21,Supplier_B
P1204,W119,242,89,108.24,2026-01-05,Supplier_C
P1055,W111,213,272,26.17,2026-05-24,Supplier_B
P1458,W113,8,180,67.11,2026-03-14,Supplier_B
P1041,W116,979,117,138.71,2026-04-26,Supplier_B
P1338,W100,368,63,5.85,2026-03-07,Supplier_D
P1151,W103,760,256,24.92,2026-05-10,supplier_b
P1200,W102,397,268,43.93,2026-03-28,Supplier_D
P1050,W105,911,120,11.82,2026-01-14,Supplier_B
P1487,W103,979,215,20.52,2026-01-22,Supplier_C
P1218,W115,494,89,9.42,2026-06-19,Supplier_D
P1275,W105,5,260,127.18,2026-05-17,Supplier_B
P1378,W112,726,134,35.6,2026-02-11,Supplier_B
P1028,W100,41,257,35.69,2026-01-20,Supplier_A
P1336,W104,480,263,39.27,2026-05-31,Supplier_D
P1152,W107,702,145,132.09,2026-03-06,Supplier_A
P1219,W115,810,236,30.94,2026-08-28,Supplier_B
P1263,W113,530,234,20.51,2026-07-28,
P1246,W112,853,55,4.93,2026-08-31,Supplier_B
P1463,W113,211,118,28.47,2026-07-20,
P1270,W119,189,159,85.65,2026-06-01,Supplier_B
P1478,W101,148,135,93.0,2026-03-13,Supplier_C
P1078,W107,911,119,95.08,2026-07-30,Supplier_C
P1004,W110,23,225,15.1,2026-05-08,Supplier_C
P1286,W111,309,294,15.9,2026-04-28,Supplier_D
P1413,W114,76,256,128.57,2026-04-18,Supplier_A
P1457,W118,832,135,49.32,2026-03-04,Supplier_A
P1279,W116,346,89,139.69,2026-04-14,Supplier_C
P1477,W104,922,156,49.14,2026-03-22,Supplier_C
P1166,W101,842,57,15.02,2026-07-02,Supplier_A
P1432,W116,968,160,33.82,2026-08-01,Supplier_C
P1352,W107,384,165,22.6,2026-04-03,Supplier_D
P1089,W105,556,226,4.0,2026-02-13,Supplier_D
P1135,W101,895,226,83.32,2026-03-30,Supplier_C
P1349,W106,385,250,33.02,2026-08-27,Supplier_A
P1140,W104,476,186,65.29,2026-05-21,Supplier_A
P1414,W111,104,138,27.81,2026-02-12,Supplier_A
P1428,W105,644,259,83.87,2026-06-09,SUPPLIER_D
P1062,W117,659,220,74.52,2026-01-07,Supplier_C
P1338,W119,84,251,112.96,2026-06-20,Supplier_C
P1235,W106,299,63,109.3,2026-07-08,Supplier_D
P1392,W100,239,157,113.26,2026-02-21,Supplier_D
P1171,W119,793,180,8.17,2026-08-11,Supplier_C
P1375,W110,393,179,135.22,2026-03-07,Supplier_D
P1081,W114,908,215,26.78,2026-08-28,Supplier_B
P1205,W113,231,203,11.19,2026-08-28,Supplier_D
P1414,W119,59,164,120.86,2026-03-19,Supplier_C
P1251,W101,910,146,22.71,2026-02-05,Supplier_B
P1110,W105,751,254,140.81,2026-07-27,Supplier_C
P1323,W115,966,130,22.78,2026-03-05,Supplier_C
P1333,W112,812,212,125.31,2026-08-04,Supplier_A
P1381,W106,293,71,108.98,2026-04-23,Supplier_B
P1199,W115,912,294,134.68,2026-05-23,Supplier_D
P1076,W110,144,275,58.88,2026-08-02,Supplier_D
P1228,W111,430,277,32.48,2026-02-14,Supplier_B
P1339,W113,720,85,106.67,2026-08-24,Supplier_B
P1080,W107,479,194,132.75,2026-06-08,Supplier_C
P1153,W107,116,247,4.23,2026-07-22,Supplier_A
P1004,W115,840,194,39.99,2026-05-10,Supplier_A
P1133,W119,908,162,82.85,2026-08-20,Supplier_B
P1341,W109,850,106,110.34,2026-09-15,Supplier_D
P1132,W107,648,295,88.82,2026-04-06,Supplier_A
P1206,W116,590,217,104.29,2026-01-29,Supplier_B
P1307,W105,355,290,95.8,2026-08-30,Supplier_B
P1077,W104,854,150,142.91,2026-06-19,Supplier_A
P1287,W111,398,200,121.13,2026-03-18,Supplier_C
P1481,W106,77,109,25.19,2026-01-31,Supplier_A
P1168,W100,216,181,105.79,2026-09-13,Supplier_B
P1248,W109,425,139,141.26,2026-06-23,Supplier_D
P1420,W113,491,54,50.79,2026-08-30,Supplier_D
P1478,W111,514,289,53.4,2026-01-10,Supplier_A
P1178,W103,629,96,84.29,2026-05-17,Supplier_C
P1008,W104,672,162,32.52,2026-07-16,Supplier_A
P1016,W119,678,273,22.98,2026-05-21,Supplier_A
P1016,W106,224,63,118.08,2026-04-14,Supplier_B
P1175,W118,540,182,58.37,2026-08-25,Supplier_D
P1193,W119,643,170,11.78,2026-02-11,Supplier_C
P1270,W115,878,127,125.13,2026-06-12,Supplier_A
P1177,W115,135,210,133.33,2026-04-18,Supplier_B
P1206,W105,16,292,135.32,2026-01-31,Supplier_C
P1428,W118,189,195,79.76,2026-04-09,Supplier_C
P1341,W116,795,99,15.14,2026-09-07,Supplier_C
P1248,W110,971,63,146.98,2026-08-02,Supplier_C
P1072,W118,312,261,145.94,2026-04-08,Supplier_A
P1404,W119,825,77,15.97,2026-02-27,Supplier_B
P1138,W108,137,185,130.08,2026-09-07,Supplier_D
P1189,W106,169,100,52.29,2026-05-23,Supplier_B
P1083,W115,407,176,126.73,2026-02-23,Supplier_A
P1121,W114,8,247,53.48,2026-07-29,Supplier_C
P1340,W116,585,215,105.48,2026-08-23,Supplier_D
P1045,W111,865,164,32.4,2026-05-10,Supplier_D
P1412,W109,394,55,149.84,2026-04-26,Supplier_A
P1221,W110,73,107,143.41,2026-02-22,Supplier_C
P1444,W109,161,150,50.49,2026-03-16,Supplier_B
P1040,W113,812,145,76.92,2026-03-04,Supplier_A
P1010,W108,593,178,9.99,2026-04-03,Supplier_A
P1169,W101,108,250,131.67,2026-08-24,Supplier_A
P1017,W110,185,164,4.42,2026-03-19,Supplier_B
P1138,W109,349,105,106.69,2026-06-28,Supplier_D
P1018,W107,665,171,11.12,2026-08-03, 
P1225,W105,259,293,29.29,2026-08-21,Supplier_B
P1095,W109,955,101,115.02,2026-04-25,Supplier_A
P1158,W113,304,202,72.75,2026-06-01,Supplier_D
P1173,W100,64,148,69.87,2026-09-12,Supplier_D
P1398,W101,482,54,3.43,2026-06-12,
P1330,W116,234,61,100.96,2026-04-08,Supplier_B
P1352,W108,15,292,36.7,2026-02-23,Supplier_B
P1086,W101,182,272,48.2,2026-09-03,supplier_d
P1128,W114,685,178,141.94,2026-05-31,Supplier_A
P1025,W107,701,271,58.17,2026-02-11,Supplier_A
P1335,W104,946,284,124.21,2026-08-06,Supplier_A
P1451,W111,22,276,145.68,2026-05-09,Supplier_B
P1189,W103,580,293,112.64,2026-08-25,Supplier_A
P1306,W109,272,164,64.96,2026-06-23,Supplier_C
P1209,W101,667,216,2.93,2026-07-12,Supplier_D
P1490,W110,468,279,71.44,2026-01-12,Supplier_C
P1202,W102,682,105,74.06,2026-02-25,Supplier_A
P1093,W115,165,260,9.06,2026-06-19,Supplier_D
P1202,W108,269,267,72.8,2026-08-28,Supplier_D
P1366,W118,205,123,116.28,2026-07-08,Supplier_A
P1188,W108,406,276,149.92,2026-05-22,Supplier_C
P1439,W106,334,290,134.24,2026-02-23,Supplier_B
P1049,W118,653,145,97.7,2026-07-11,Supplier_D
P1488,W116,116,249,123.97,2026-08-21,Supplier_B
P1411,W117,698,50,38.89,2026-08-08,Supplier_C
P1392,W114,817,189,100.67,2026-03-03,Supplier_C
P1414,W106,10,179,100.7,2026-05-14,Supplier_C
P1468,W103,243,75,73.65,2026-03-19,Supplier_A
P1433,W111,443,154,66.3,2026-04-04,Supplier_D
P1333,W108,590,161,35.3,2026-04-29,Supplier_A
P1251,W109,667,111,71.61,2026-05-21,Supplier_C
P1218,W103,965,93,75.76,2026-03-12,Supplier_C
P1392,W119,583,271,125.07,2026-03-28,Supplier_D
P1205,W113,862,260,43.45,2026-01-31,Supplier_C
P1147,W113,33,160,84.48,2026-08-13,Supplier_D
P1056,W118,130,270,103.65,2026-09-15,Supplier_A
P1308,W105,455,264,24.09,2026-08-05,Supplier_B
P1276,W113,5,120,117.84,2026-08-01,Supplier_A
P1069,W111,663,136,149.87,2026-07-01,Supplier_D
P1245,W118,727,279,144.91,2026-05-13,Supplier_B
P1371,W111,564,289,65.65,2026-09-09,Supplier_A
P1434,W113,112,187,49.05,2026-05-27,Supplier_C
P1478,W101,544,193,113.3,2026-08-28,Supplier_D
P1378,W109,786,194,75.24,2026-08-03,Supplier_A
P1320,W114,813,198,73.22,2026-03-22,Supplier_B
P1279,W106,247,148,147.08,2026-03-17,Supplier_A
P1487,W119,832,129,1.83,2026-07-24,Supplier_B
P1408,W116,828,115,104.69,2026-05-07,Supplier_A
P1479,W106,5,202,27.74,2026-01-08,Supplier_C
P1289,W115,242,86,136.11,2026-08-30,Supplier_A
P1429,W102,782,90,48.11,2026-03-23,Supplier_C
P1041,W118,223,83,41.25,2026-02-23,Supplier_C
P1304,W102,325,223,53.68,2026-01-15,Supplier_D
P1177,W115,135,210,133.33,2026-04-18,Supplier_B
P1014,W100,501,113,124.08,2026-04-04,Supplier_C
P1316,W110,946,56,58.3,2026-04-29,Supplier_B
P1159,W119,806,223,71.75,2026-06-13,Supplier_C
P1073,W113,110,178,74.94,2026-04-28,Supplier_B
P1431,W119,442,254,104.6,2026-08-10,
P1003,W106,13,273,29.5,2026-03-25,Supplier_B
P1355,W116,742,212,69.68,2026-05-01, Supplier_A 
P1454,W116,143,266,48.7,2026-01-23,Supplier_B
P1483,W110,270,80,4.31,2026-08-11,Supplier_C
P1270,W115,878,127,125.13,2026-06-12,Supplier_A
P1140,W105,899,185,29.03,2026-06-17,
P1351,W117,857,80,37.78,2026-08-02,Supplier_D
P1466,W101,874,264,89.92,2026-05-10,Supplier_C
P1449,W102,235,98,88.14,2026-01-11,Supplier_C
P1423,W112,758,265,15.28,2026-04-11,Supplier_C
P1175,W114,498,295,117.4,2026-03-08,Supplier_C
P1042,W119,500,284,57.63,2026-04-27,Supplier_D
P1081,W108,527,271,15.23,2026-02-25,Supplier_A
P1128,W108,992,263,80.77,2026-05-31,Supplier_C
P1087,W115,181,87,132.91,2026-02-26,Supplier_B
P1028,W112,400,191,138.56,2026-05-07,Supplier_B
P1135,W109,435,231,113.16,2026-02-08,Supplier_B
P1264,W102,483,139,114.34,2026-06-22,Supplier_C
P1041,W103,766,86,49.07,2026-02-13,Supplier_B
P1410,W116,291,242,111.1,2026-04-03,Supplier_A
P1248,W111,742,216,19.46,2026-06-23, Supplier_C 
P1485,W111,260,84,28.65,2026-08-04,Supplier_B
P1349,W100,365,287,49.1,2026-03-31,Supplier_B
P1175,W116,548,273,79.24,2026-03-03,Supplier_C
P1064,W105,196,157,75.78,2026-06-09,Supplier_D
P1098,W118,388,264,17.85,2026-04-17,Supplier_A
P1436,W112,339,133,65.33,2026-06-22,Supplier_B
P1321,W118,979,157,97.73,2026-08-29,Supplier_A
P1298,W113,491,134,84.5,2026-02-25,Supplier_C
P1085,W116,812,92,116.65,2026-06-04,
P1382,W116,416,137,149.21,2026-01-14,Supplier_B
P1165,W114,80,103,100.26,2026-01-14,Supplier_D
P1098,W119,868,181,83.04,2026-05-13,Supplier_B
P1024,W119,64,274,86.23,2026-01-25,Supplier_D
P1343,W112,449,147,86.94,2026-07-22,Supplier_B
P1056,W102,215,104,125.5,2026-04-23,Supplier_C
P1172,W118,361,266,25.35,2026-04-04,Supplier_A
P1263,W107,843,205,10.67,2026-07-11,Supplier_B
P1446,W117,2,236,120.45,2026-03-28,Supplier_B
P1337,W113,890,190,64.95,2026-04-16,Supplier_B
P1078,W115,401,155,123.8,2026-04-05,Supplier_B
P1226,W101,477,189,107.05,2026-04-08,Supplier_A
P1269,W115,210,260,43.42,2026-01-19,Supplier_B
P1258,W100,28,151,142.79,2026-09-11,Supplier_A
P1244,W101,792,133,115.98,2026-02-01,Supplier_D
P1457,W119,307,127,124.19,2026-01-17,Supplier_B
P1426,W118,443,281,87.81,2026-08-31,Supplier_B
P1243,W113,710,95,110.35,2026-01-07,Supplier_B
P1038,W104,110,88,104.5,2026-04-22,Supplier_B
P1219,W100,191,268,3.6,2026-04-21,Supplier_B
P1221,W114,569,130,59.11,2026-05-31,Supplier_A
P1150,W111,918,195,54.96,2026-05-28,Supplier_D
P1412,W113,105,284,103.29,2026-07-13,Supplier_C
P1222,W105,972,171,106.1,2026-06-20,Supplier_D
P1326,W111,646,298,40.1,2026-04-28,Supplier_D
P1250,W100,416,211,65.78,2026-01-26,
P1309,W109,818,284,47.3,2026-05-15,Supplier_D
P1301,W111,435,233,111.25,2026-06-23,Supplier_A
P1275,W106,530,58,106.07,2026-03-21,Supplier_D
P1422,W110,224,167,40.01,2026-02-17,Supplier_A
P1205,W108,200,175,117.05,2026-01-10,Supplier_C
P1353,W115,512,163,13.12,2026-06-25,
P1108,W117,35,235,101.64,2026-02-06,Supplier_C
P1392,W105,733,132,78.6,2026-04-21,Supplier_D
P1485,W118,995,291,18.42,2026-01-12,Supplier_B
P1435,W101,521,251,116.51,2026-08-15,Supplier_B
P1122,W115,8,174,17.51,2026-03-13,Supplier_D
P1181,W107,28,82,90.03,2026-06-09,Supplier_B
P1300,W118,428,185,83.47,2026-02-02,Supplier_D
P1463,W108,809,159,39.75,2026-04-13,Supplier_A
P1011,W119,776,264,85.66,2026-02-13,Supplier_B
P1067,W100,169,290,4.71,2026-03-12,Supplier_D
P1120,W109,17,276,15.48,2026-04-25,Supplier_C
P1289,W103,766,269,33.63,2026-02-06,Supplier_D
P1388,W112,547,144,43.75,2026-08-29,Supplier_B
P1223,W115,88,60,129.58,2026-01-05,Supplier_B
P1357,W112,393,268,139.77,2026-06-06,Supplier_B
P1114,W113,752,217,146.03,2026-05-10,Supplier_A
