order_id,customer_id,order_date,product_id,quantity,order_value,payment_status,order_status,region
O100000,C13670,2026-02-03,P1491,5,23947.2,Paid,Completed,Chennai
O100001,C12608,2026-08-10,P1385,1,8291.47,Paid,Completed,Chennai
O100002,C13339,2026-06-05,P1326,3,15531.34,Refunded,Completed,Chennai
O100003,C10662,2026-02-18,P1185,1,23973.3,Paid,Completed,Delhi
O100004,C12828,2026-08-15,P1357,6,12637.16,Paid,Completed,Kolkata
O100005,C11029,2026-06-25,P1061,3,11875.96,Paid,Completed,Delhi
O100006,C10676,2026-04-04,P1353,-5,13334.05,Paid,Completed,Bangalore
O100007,C12297,2026-04-10,P1280,3,1119.3,Failed,Completed,Delhi
O100008,C12412,2026-02-25,P1326,6,7712.94,Paid,Completed,Bangalore
O100009,C11964,2026-04-29,P1280,4,17565.11,Paid,Completed,Kolkata
O100010,C10356,2026-04-20,P1122,1,24178.22,Paid,Completed,Pune
O100011,C10979,2026-06-07,P1321,1,14347.99,Paid,Completed,Delhi
O100012,C10942,2026-09-14,P1281,7,5004.75,Failed,Completed,Bangalore
O100013,C11255,2026-06-06,P1227,3,10842.29,Paid,Completed,Mumbai
O100014,C12514,2026-06-13,P1495,2,12403.49,Paid,Completed,Mumbai
O100015,C11753,2026-08-30,P1357,5,4059.95,Paid,Processing,Bangalore
O100016,C13876,2026-02-22,P1361,5,8433.29,Paid,Completed,Chennai
O100017,C10063,2026-06-03,P1182,2,11293.09,Failed,Completed,Kolkata
O100018,C10864,2026-04-18,P1493,4,6768.98,Pending,Completed,Pune
O100019,C12295,2026-03-21,P1130,7,9040.99,Paid,Completed,Hyderabad
O100020,C13520,2026-06-15,P1429,6,7123.24,Paid,Completed,Delhi
O100021,C10135,2026-03-22,P1156,2,15436.69,Paid,Returned,Hyderabad
O100022,C13537,2026-04-09,P1185,6,14591.48,Paid,Completed,Pune
O100023,C12030,2026-07-22,P1394,2,13926.87,Pending,Cancelled,Delhi
O100024,C13144,2026-03-29,P1234,4,2689.36,Paid,Completed,Delhi
O100025,C13797,2026-03-22,P1148,3,4833.87,Pending,Completed, 
O100026,C10862,2026-03-22,P1042,6,3037.43,Paid,Completed,Chennai
O100027,C12353,2026-06-16,P1003,1,1863.04,,Processing,Delhi
O100028,C13537,2026-08-31,P1324,7,6396.7,Paid,Completed,Pune
O100029,C13380,2026-08-02,P1197,-5,5104.68,Refunded,Completed,Pune
O100030,C12085,2026-05-18,P1277,6,18207.41,Paid,Completed,Bangalore
O100031,C13801,2026-04-28,P1365,5,17488.4,Paid,Completed,Chennai
O100032,C12836,2026-05-15,P1358,6,5273.08,Paid,Completed,Delhi
O100033,,2026-08-30,P1005,5,4389.42,Paid,Completed,Bangalore
O100034,C10231,2026-06-05,P1461,5,3878.93,Paid,Completed,Bangalore
O100035,C11950,2026-07-09,P1149,2,8205.23,Paid,Completed,Hyderabad
O100036,C11688,2026-03-16,P1271,3,7566.42,Failed,Processing,Pune
O100037,C11221,2026-06-06,P1479,3,1004.88,Paid,Completed,Chennai
O100038,C13774,2026-06-20,P1163,6,14326.4,Paid,Completed, Mumbai 
O100039,C13705,2026-07-01,P1177,2,22481.38,Paid,Processing,Kolkata
O100040,C11350,2026-06-11,P1057,4,13609.76,Paid,Completed,Kolkata
O100041,C11744,2026-08-19,P1198,4,1876.06,Failed,Completed,Kolkata
O100042,C13009,2026-06-07,P1086,3,15108.91,Paid,Completed,Chennai
O100043,C13342,2026-08-06,P1378,2,12278.41,Paid,Completed,Bangalore
O100044,C10440,2026-07-21,P1178,6,22701.14,Refunded,Completed,Delhi
O100045,C11964,2026-08-02,P1077,5,9271.52,Paid,Completed,Pune
O100046,C13660,2026-01-03,P1046,7,18873.96,Paid,Completed,Hyderabad
O100047,C12660,2026-07-26,P1436,1,1249.47,Failed,Processing,Bangalore
O100048,C12173,2026-01-29,P1133,3,18120.88,Paid,Returned,Bangalore
O100049,C12874,2026-07-29,P1489,5,1325.71,Paid,Cancelled,Kolkata
O100050,C12647,2026-07-01,P1152,3,8814.47,Pending,Cancelled,Bangalore
O100051,C13772,2026-03-13,P1386,7,23717.72,Paid,Cancelled,Chennai
O100052,C13653,2026-08-22,P1268,1,17669.16,Paid,Completed,Kolkata
O100053,C11592,2026-05-21,P1114,6,23148.07,Pending,Cancelled,Kolkata
O100054,C10128,2026-01-10,P1052,4,12547.57,Failed,Completed,Chennai
O100055,C11331,2026-04-14,P1241,3,15273.55,Paid,Cancelled,Pune
O100056,C10812,2026-04-17,P1322,6,13088.38,Paid,Completed,Pune
O100057,C10526,2026-05-12,P1286,2,12127.96,Paid,Processing,
O100058,C13554,2026-05-31,P1382,4,14582.3,Paid,Returned,Kolkata
O100059,C12841,2026-07-11,P1066,4,1260.81,Paid,Cancelled,
O100060,C10130,2026-01-13,P1336,5,4886.39,Paid,Processing,Bangalore
O100061,C13681,2026-06-14,P1182,2,5601.15,Paid,Completed,Hyderabad
O100062,C13614,2026-08-07,P1230,6,9756.37,Paid,Cancelled, Mumbai 
O100063,C13800,2026-07-15,P1449,3,11033.51,Paid,Completed,Chennai
O100064,C13322,2026-06-16,P1388,7,18571.04,Paid,Completed,Delhi
O100065,C10315,2026-04-13,P1392,3,4388.84,Paid,Completed,Pune
O100066,C12493,2026-04-21,P1284,2,14376.34,Paid,Completed,Chennai
O100067,C10332,2026-09-15,P1162,4,7025.54,Paid,Processing,Kolkata
O100068,C12855,2026-08-14,P1103,3,13036.65,Failed,Completed,Bangalore
O100069,C10788,2026-05-21,P1483,3,15777.4,Paid,Completed,Mumbai
O100070,C13746,2026-02-24,P1162,3,14686.53,Failed,Completed, Bangalore 
O100071,C13739,2026-02-08,P1305,1,5619.91,Paid,Completed,Chennai
O100072,C12380,2026-05-05,P1285,2,17823.49,Paid,Completed,Pune
O100073,C13013,2026-03-24,P1270,1,16448.56,Paid,Completed,BANGALORE
O100074,C13435,2026-06-16,P1028,1,23320.48,Paid,Completed,Delhi
O100075,C11557,2026-09-03,P1408,5,15963.55,Pending,Cancelled,Kolkata
O100076,C12318,2026-08-29,P1074,3,18092.01,Paid,Cancelled,Bangalore
O100077,C10704,2026-01-24,P1484,1,20332.38,Paid,Completed,Delhi
O100078,,2026-07-19,P1312,2,2918.31,Pending,Completed,Bangalore
O100079,C13720,2026-09-07,P1111,5,17499.46,Paid,Completed,Mumbai
O100080,C11935,2026-05-08,P1247,5,8168.93,Paid,Cancelled,Hyderabad
O100081,C12215,2026-05-24,P1306,6,20631.77,Paid,Cancelled,hyderabad
O100082,C11748,2026-07-12,P1323,7,12160.46,Failed,Completed,Kolkata
O100083,C10006,2026-01-31,P1379,4,14641.21,Paid,Completed,Hyderabad
O100084,C10920,2026-02-21,P1245,4,6730.34,Paid,Cancelled,Delhi
O100085,C10406,2026-01-29,P1490,5,16368.96,Pending,Completed, Delhi 
O100086,C11292,2026-06-25,P1057,2,1180.54,Paid,Completed,Hyderabad
O100087,C10945,2026-05-22,P1139,1,18789.78,Pending,Cancelled,Pune
O100088,C13049,2026-07-09,P1479,4,4333.41,Refunded,Processing,delhi
O100089,C12020,2026-08-13,P1324,1,5921.09,Paid,Completed,Bangalore
O100090,C13270,2026-05-26,P1361,7,322.48,Paid,Returned,Bangalore
O100091,C12544,2026-02-26,P1489,2,8035.41,Paid,Completed,Delhi
O100092,C12627,2026-08-30,P1242,1,9889.76,Paid,Completed,Chennai
O100093,C13507,2026-03-10,P1484,5,6079.79,Pending,Completed,Mumbai
O100094,C13391,2026-02-07,P1420,4,5986.2,Paid,Completed,Kolkata
O100095,C10253,2026-06-16,P1408,2,22356.63,Paid,Processing,Delhi
O100096,C12315,2026-07-31,P1323,5,8363.38,Paid,Completed,Kolkata
O100097,C11653,2026-03-19,P1407,7,18140.37,Paid,Cancelled,Hyderabad
O100098,C12400,2026-03-19,P1291,2,6163.32,Paid,Cancelled,Mumbai
O100099,C13453,2026-06-03,P1249,7,20283.32,Paid,Completed,Bangalore
O100100,C10048,2026-04-13,P1129,6,17040.23,Paid,Completed,Pune
O100101,C10043,2026-02-15,P1290,4,18978.24,Paid,Processing,Delhi
O100102,C10250,2026-08-13,P1124,1,11156.56,Paid,Completed,Chennai
O100103,C13502,2026-05-06,P1355,2,22025.24,Paid,Completed,Mumbai
O100104,C11415,2026-06-17,P1263,4,9538.11,Paid,Completed,Kolkata
O100105,C11486,2026-05-14,P1200,6,15142.11,Pending,Completed,delhi
O100106,C11382,2026-05-30,P1283,6,16109.78,Paid,Completed,Bangalore
O100107,C10924,2026-01-12,P1187,5,23820.61,Paid,Processing,Bangalore
O100108,C10155,2026-03-13,P1437,4,3622.71,Paid,Completed,Pune
O100109,C13628,2026-02-04,P1381,1,3649.45,Pending,Completed,Delhi
O100110,C10932,2026-06-10,P1359,7,11712.67,Refunded,Processing,Delhi
O100111,C13578,2026-07-04,P1043,4,22971.53,Paid,Returned,Mumbai
O100112,C13825,2026-08-17,P1009,7,835.62,Pending,Completed,Bangalore
O100113,C12308,2026-04-20,P1004,5,7124.01,Paid,Completed,Pune
O100114,C11490,2026-04-05,P1356,5,7304.58,Refunded,Completed,Kolkata
O100115,C13065,2026-06-14,P1375,2,7832.33,Paid,Completed,Bangalore
O100116,C10101,2026-08-28,P1174,5,910.21,Paid,Completed,Delhi
O100117,C13718,2026-04-27,P1158,3,20692.48,Paid,Completed,Pune
O100118,C11632,2026-08-24,P1243,5,520.06,Paid,Completed,Kolkata
O100119,C11235,2026-07-05,P1028,7,12099.29,Paid,Completed,Delhi
O100120,,2026-06-20,P1386,1,1692.07,Paid,Cancelled,Bangalore
O100121,C13823,2026-04-12,P1153,5,20026.51,Paid,Completed,Mumbai
O100122,C13246,2026-05-13,P1094,2,18740.67,Pending,Completed,kolkata
O100123,C12898,2026-05-11,P1001,7,18121.81,Pending,Completed,Mumbai
O100124,C13726,2026-01-12,P1334,5,18485.74,Paid,Completed,Pune
O100125,C13842,2026-03-13,P1460,4,23523.92,Paid,Completed,pune
O100126,C11074,2026-03-03,P1091,6,10595.23,Paid,Processing,Chennai
O100127,C13148,2026-07-30,P1055,6,21580.9,Paid,Processing,Pune
O100128,C13070,2026-08-07,P1235,4,4850.54,Paid,Completed,Hyderabad
O100129,C12231,2026-07-22,P1397,4,11446.23,Paid,Completed,Chennai
O100130,C10602,2026-09-07,P1331,3,520.05,Paid,Cancelled,Chennai
O100131,C13764,2026-01-25,P1014,2,7318.27,Paid,Processing,Kolkata
O100132,C11262,2026-01-31,P1084,4,11616.54,Paid,Completed,Bangalore
O100133,C12317,2026-07-11,P1379,7,22759.46,Pending,Processing,Chennai
O100134,C10077,2026-01-09,P1373,4,8128.7,Paid,Completed,Mumbai
O100135,C11717,2026-08-12,P1253,7,16908.49,Paid,Completed,Chennai
O100136,C12469,2026-01-17,P1220,7,20898.98,Paid,Completed,Pune
O100137,,2026-06-17,P1248,6,8365.28,Pending,Processing,Pune
O100138,C11909,2026-09-09,P1044,4,4479.94,Paid,Cancelled,Mumbai
O100139,C10768,2026-05-25,P1482,6,14902.5,Pending,Returned,Bangalore
O100140,C11402,2026-06-20,P1302,7,7324.28,Paid,Completed,
O100141,C12895,2026-02-04,P1019,6,16415.57,Paid,Processing,Hyderabad
O100142,C13881,2026-02-08,P1123,2,3627.12,Paid,Completed,Bangalore
O100143,C11876,2026-02-17,P1145,7,4044.39,Paid,Completed,Mumbai
O100144,C12746,2026-02-27,P1229,7,16995.3,Paid,Completed,Kolkata
O100145,C13907,2026-03-23,P1334,6,24346.92,Paid,Returned,Chennai
O100146,C13101,2026-02-14,P1060,4,6398.34,Paid,Completed,Hyderabad
O100147,C10040,2026-08-28,P1120,7,17933.65,Paid,Processing,Bangalore
O100148,C13745,2026-04-08,P1255,3,13441.4,Failed,Completed,Mumbai
O100149,C13469,2026-02-07,P1203,4,21142.89,Paid,Completed,Hyderabad
O100150,C11085,2026-08-09,P1481,1,9905.48,Paid,Completed,Delhi
O100151,C10726,2026-05-22,P1004,3,24301.34,Paid,Processing, Chennai 
O100152,C13599,2026-08-27,P1313,1,2335.2,Paid,Completed,Chennai
O100153,C12756,2026-08-20,P1336,4,24620.8,Paid,Processing,Chennai
O100154,C10948,2026-03-19,P1076,4,21202.06,Paid,Completed,Pune
O100155,C12857,2026-06-19,P1315,2,21701.52,Paid,Processing,Hyderabad
O100156,C12402,2026-02-07,P1140,6,21107.36,Paid,Completed,Chennai
O100157,C11237,2026-04-04,P1099,1,21588.03,Refunded,Completed,Bangalore
O100158,C12228,2026-06-23,P1207,1,20434.27,Paid,Completed,
O100159,C12110,2026-08-21,P1295,5,22518.07,Pending,Completed,Mumbai
O100160,C12040,2026-08-10,P1194,5,11681.78,Paid,Completed,Bangalore
O100161,C12071,2026-01-11,P1179,5,23500.49,Paid,Cancelled,Kolkata
O100162,C10001,2026-07-25,P1257,5,9808.58,Paid,Processing,Mumbai
O100163,C11075,2026-05-31,P1472,1,18294.36,Paid,Completed,Pune
O100164,C11724,2026-01-04,P1436,2,17845.71,Paid,Returned,Bangalore
O100165,C10509,2026-07-19,P1194,5,20576.14,Pending,Processing,Delhi
O100166,C12999,2026-01-10,P1138,1,18538.05,Paid,Completed,Kolkata
O100167,C13390,2026-01-05,P1010,2,1173.87,Failed,Cancelled,Kolkata
O100168,C13273,2026-04-26,P1265,2,18557.07,Paid,Completed,Hyderabad
O100169,C11840,2026-06-15,P1027,5,875.43,Paid,Completed,Delhi
O100170,C12765,2026-08-07,P1118,1,13470.79,Refunded,Completed,PUNE
O100171,C10307,2026-03-19,P1394,3,21022.05,Paid,Returned,Mumbai
O100172,C10798,2026-05-13,P1496,1,20790.51,Paid,Completed,Pune
O100173,C10187,2026-04-25,P1248,7,21080.43,Paid,Completed,Hyderabad
O100174,C13864,2026-06-17,P1006,7,15179.54,Paid,Completed,Delhi
O100175,C12299,2026-08-23,P1412,2,4840.16,Paid,Completed,Chennai
O100176,C10701,2026-04-13,P1448,4,12847.06,Paid,Completed,Bangalore
O100177,C12832,2026-07-01,P1435,7,13050.43,Paid,Processing,Chennai
O100178,C11958,2026-03-20,P1142,5,8321.76,Paid,Completed,Kolkata
O100179,C11738,2026-04-07,P1006,7,10775.25,Paid,Completed,Hyderabad
O100180,C13656,2026-03-17,P1451,2,21842.76,Paid,Completed,Pune
O100181,C12835,2026-04-16,P1054,7,13092.82,Paid,Completed,Kolkata
O100182,C12764,2026-06-07,P1386,3,17707.17,Paid,Completed,Delhi
O100183,C10389,2026-04-03,P1019,3,12546.54,Paid,Completed,Kolkata
O100184,C10368,2026-02-21,P1379,3,15551.54,Paid,Completed,Hyderabad
O100185,C12659,2026-01-14,P1002,7,2586.9,Failed,Completed,Bangalore
O100186,C10626,2026-01-21,P1412,7,23305.29,Paid,Completed,Hyderabad
O100187,C11814,2026-03-07,P1019,3,11067.55,Paid,Completed,Mumbai
O100188,C12281,2026-06-28,P1265,6,18783.08,Paid,Processing,Kolkata
O100189,C11553,2026-02-05,P1444,1,16777.4,Paid,Completed,Hyderabad
O100190,C10340,2026-06-17,P1226,2,20042.02,Paid,Completed,Hyderabad
O100191,C12975,2026-06-11,P1345,3,1161.36,Pending,Completed,Bangalore
O100192,C13542,2026-04-28,P1349,7,23403.19,Paid,Cancelled,Kolkata
O100193,C10647,2026-04-17,P1217,2,20794.75,Paid,Processing,Kolkata
O100194,C13419,2026-04-14,P1164,7,20893.91,Failed,Cancelled,Pune
O100195,C13157,2026-06-05,P1339,2,11837.7,Failed,Cancelled,Mumbai
O100196,C12257,2026-03-25,P1050,7,19969.2,Paid,Completed,Delhi
O100197,C12386,2026-08-06,P1372,4,14507.0,Paid,Processing,Delhi
O100198,C12608,2026-05-19,P1169,7,12735.91,Paid,Completed,Kolkata
O100199,C12100,2026-04-30,P1456,1,19687.57,Paid,Completed,PUNE
O100200,C13380,2026-04-22,P1458,7,15806.66,Paid,Processing,HYDERABAD
O100201,C11897,2026-07-01,P1352,4,2205.86,Failed,Completed,Pune
O100202,C12189,2026-01-14,P1029,5,8068.39,Paid,Cancelled,Delhi
O100203,C10147,2026-03-12,P1477,5,15665.69,Paid,Processing,Delhi
O100204,C10720,2026-08-14,P1243,6,22623.88,Paid,Processing,Hyderabad
O100205,C13618,2026-03-05,P1044,5,23345.12,Paid,Completed,Mumbai
O100206,C10486,2026-07-12,P1214,4,21021.12,Paid,Completed,Chennai
O100207,C13619,2026-01-14,P1355,2,6581.52,Paid,Processing,Mumbai
O100208,C12545,2026-08-16,P1407,6,11992.53,Paid,Processing,Chennai
O100209,C13683,2026-04-17,P1414,5,11004.74,Paid,Completed,Kolkata
O100210,C13259,2026-07-14,P1022,6,11135.53,Paid,Completed,Delhi
O100211,,2026-01-26,P1052,5,1529.68,Failed,Completed,Hyderabad
O100212,C12099,2026-08-17,P1041,4,4588.86,Paid,Completed,Mumbai
O100213,C13303,2026-08-13,P1163,7,4085.53,Paid,Returned,Hyderabad
O100214,C11843,2026-07-24,P1103,2,15546.53,Failed,Completed,Kolkata
O100215,C10176,2026-04-12,P1368,5,10471.42,Paid,Completed,Kolkata
O100216,C12607,2026-04-16,P1161,1,8312.38,Paid,Completed,Mumbai
O100217,C12916,2026-07-14,P1340,5,11264.46,Paid,Processing,Delhi
O100218,C10406,2026-03-05,P1153,4,8308.09,Paid,Completed,Pune
O100219,C13266,2026-02-17,P1326,4,19009.5,Paid,Processing,Pune
O100220,C10300,2026-03-31,P1408,1,4425.94,Paid,Cancelled,Hyderabad
O100221,C11767,2026-03-04,P1002,7,1686.53,Paid,Completed,Delhi
O100222,C11953,2026-03-25,P1372,2,16372.42,Paid,Completed,Pune
O100223,C10147,2026-04-18,P1042,1,5995.31,Paid,Processing,Mumbai
O100224,C10263,2026-03-03,P1465,6,16190.85,Paid,Completed,Kolkata
O100225,C11804,2026-09-08,P1389,5,1745.98,Pending,Processing,Kolkata
O100226,C11246,2026-07-03,P1053,4,6403.3,Failed,Completed,Chennai
O100227,C13266,2026-06-12,P1307,2,4100.93,Paid,Completed,PUNE
O100228,C11656,2026-08-01,P1493,5,7479.63,Paid,Cancelled,Mumbai
O100229,C10422,2026-04-08,P1012,1,8422.72,Paid,Completed,Chennai
O100230,C10632,2026-04-18,P1449,7,12531.36,Paid,Completed, Kolkata 
O100231,C12696,2026-02-16,P1111,6,13147.42,Failed,Completed,BANGALORE
O100232,C13803,2026-07-04,P1055,5,15863.42,Paid,Completed,KOLKATA
O100233,C13481,2026-09-02,P1103,1,8491.81,Paid,Cancelled,Bangalore
O100234,C10518,2026-05-11,P1174,7,13440.92,Paid,Processing,Pune
O100235,C10065,2026-02-27,P1460,3,24755.9,Paid,Processing,Bangalore
O100236,C10105,2026-08-22,P1448,3,5502.79,Paid,Returned,Bangalore
O100237,C12221,2026-01-09,P1321,4,4071.83,Paid,Returned,Chennai
O100238,C11945,2026-01-04,P1067,7,21111.33,,Cancelled,Pune
O100239,C10053,2026-07-14,P1012,7,10436.03,Paid,Completed,Delhi
O100240,C10228,2026-08-04,P1285,2,21218.03,Paid,Completed,Mumbai
O100241,C88888,2026-07-24,P1491,4,10789.82,Paid,Processing,Mumbai
O100242,C13862,2026-02-21,P1331,5,835.62,Paid,Cancelled,Mumbai
O100243,C10507,2026-07-01,P1160,6,9559.36,Paid,Returned,CHENNAI
O100244,C10656,2026-07-04,P1165,3,15370.23,Paid,Completed,Chennai
O100245,C13603,2026-06-08,P1298,4,11354.6,Paid,Processing,Pune
O100246,C12031,2026-02-03,P1367,1,11645.77,Paid,Completed,Bangalore
O100247,C13834,2026-08-11,P1353,2,24958.4,Refunded,Completed,Bangalore
O100248,C12083,2026-06-03,P1258,3,13739.94,Paid,Completed,Bangalore
O100249,C12310,2026-04-28,P1042,2,17514.41,Failed,Completed,Kolkata
O100250,C10881,2026-02-13,P1328,2,18108.03,Pending,Completed,Pune
O100251,C13507,2026-07-19,P1198,3,304.23,Paid,Completed,Chennai
O100252,C13302,2026-08-30,P1131,1,13945.79,Paid,Cancelled,Hyderabad
O100253,C11350,2026-01-09,P1091,7,24087.49,Paid,Returned,Hyderabad
O100254,C12451,2026-05-21,P1489,7,18845.32,Refunded,Completed,Kolkata
O100255,C11366,2026-06-15,P1031,6,8708.56,Paid,Completed,Pune
O100256,C11857,2026-01-24,P1256,1,9304.91,Paid,Completed,Hyderabad
O100257,C13416,2026-03-14,P1396,7,7799.34,Paid,Completed,Hyderabad
O100258,C11663,2026-05-08,P1035,1,15866.14,Paid,Processing, Chennai 
O100259,C13364,2026-04-01,P1281,2,2703.69,Paid,Completed,
O100260,C13843,2026-01-05,P1204,7,7463.01,Paid,Cancelled,Delhi
O100261,C11666,2026-03-07,P1149,1,12605.9,Paid,Completed,Hyderabad
O100262,C13512,2026-03-21,P1343,5,13519.86,Paid,Completed,Kolkata
O100263,C11216,2026-03-13,P1138,6,15302.97,Paid,Processing,Bangalore
O100264,C10011,2026-08-29,P1280,5,19991.46,Refunded,Returned,Delhi
O100265,C10338,2026-01-20,P1334,1,4331.94,Failed,Completed,Hyderabad
O100266,C12950,2026-02-01,P1172,1,5857.88,Pending,Completed,Pune
O100267,C10401,2026-04-18,P1163,3,21846.13,Paid,Completed,Pune
O100268,C13759,2026-05-31,P1101,3,20829.63,Pending,Completed,Kolkata
O100269,C13469,2026-07-10,P1289,4,20592.8,Paid,Completed,Mumbai
O100270,C12061,2026-08-01,P1417,2,5452.81,Paid,Completed,Mumbai
O100271,C12327,2026-03-22,P1287,2,1738.94,Paid,Processing,Chennai
O100272,C12779,2026-08-03,P1101,-2,13228.35,Refunded,Completed,Chennai
O100273,C12928,2026-03-30,P1152,5,21790.06,Paid,Processing,Delhi
O100274,C11966,2026-03-31,P1450,4,6166.67,Paid,Processing,Chennai
O100275,C11254,2026-03-19,P1499,3,22633.75,Paid,Cancelled,Chennai
O100276,C13643,2026-04-03,P1442,6,3795.85,Paid,Completed,Pune
O100277,C10186,2026-07-06,P1120,6,7662.98,Refunded,Completed,Mumbai
O100278,C11425,2026-02-26,P1056,7,7667.72,Paid,Completed,Kolkata
O100279,C12668,2026-03-25,P1106,4,4032.17,Failed,Processing,Chennai
O100280,C13567,2026-01-16,P1238,2,21857.62,Paid,Completed,Mumbai
O100281,C10297,2026-09-12,P1412,6,10490.97,Paid,Completed,
O100282,C12637,2026-04-15,P1020,2,5009.24,Paid,Completed,Hyderabad
O100283,C11949,2026-06-06,P1072,6,3936.93,Paid,Completed,Kolkata
O100284,C12748,2026-07-26,P1340,2,10696.58,Paid,Completed,Kolkata
O100285,C11269,2026-07-11,P1020,5,727.02,Paid,Processing,Kolkata
O100286,C12845,2026-05-16,P1454,3,3290.09,Paid,Processing,Pune
O100287,C10721,2026-06-14,P1430,6,391.34,Failed,Cancelled,Chennai
O100288,C13104,2026-01-15,P1415,6,902.32,Failed,Completed,Chennai
O100289,C12999,2026-01-14,P1405,6,24935.13,Paid,Processing,
O100290,C13790,2026-06-19,P1297,7,11387.56,Paid,Completed,Kolkata
O100291,C10693,2026-01-15,P1010,4,18304.44,Paid,Completed,Hyderabad
O100292,C12890,2026-08-29,P1057,7,18505.89,Paid,Completed,Mumbai
O100293,C11291,2026-01-18,P1353,3,22046.06,Failed,Completed,Mumbai
O100294,C11128,2026-03-15,P1461,2,2862.52,Paid,Completed,Mumbai
O100295,C11607,2026-07-28,P1239,2,13284.11,Paid,Processing,Kolkata
O100296,C11141,2026-01-24,P1296,3,8246.47,Paid,Completed,Kolkata
O100297,C10993,2026-07-13,P1085,1,13847.51,Pending,Completed,Pune
O100298,C13076,2026-03-28,P1408,1,8503.35,Paid,Completed,Pune
O100299,C12800,2026-03-22,P1143,3,4836.35,Pending,Processing,Delhi
O100300,C10437,2026-02-21,P1224,2,16918.83,Paid,Completed,Pune
O100301,C12242,2026-01-08,P1193,6,1249.19,Paid,Completed,Chennai
O100302,C11325,2026-06-28,P1102,4,22416.02,Paid,Completed,Delhi
O100303,C13887,2026-04-25,P1363,1,3912.76,Pending,Completed,Delhi
O100304,C11701,2026-02-17,P1497,6,15494.06,Paid,Completed,Bangalore
O100305,C10162,2026-08-03,P1325,7,18928.86,Paid,Completed,Delhi
O100306,C11327,2026-02-03,P1161,6,2101.31,Paid,Completed,Pune
O100307,C11251,2026-02-27,P1301,6,22611.38,Paid,Cancelled,
O100308,C10022,2026-09-01,P1047,3,9097.58,Pending,Cancelled,Kolkata
O100309,C11952,2026-08-26,P1233,5,24919.14,Paid,Completed,Chennai
O100310,C13626,2026-08-01,P1292,3,1998.91,Paid,Processing,Bangalore
O100311,C13211,2026-08-14,P1021,2,18004.3,Paid,Processing,Hyderabad
O100312,C12740,2026-03-10,P1335,7,4269.65,Paid,Completed,Mumbai
O100313,C11375,2026-01-01,P1134,3,10246.51,Paid,Completed,Pune
O100314,C10928,2026-06-09,P1174,1,11247.35,Paid,Completed,Delhi
O100315,C11371,2026-09-01,P1332,1,10332.02,Paid,Processing, Delhi 
O100316,C10492,2026-08-29,P1368,6,8638.05,Paid,Processing,Pune
O100317,C10398,2026-05-12,P1497,3,19250.08,Paid,Completed,Kolkata
O100318,C12299,2026-03-07,P1241,6,20551.27,Pending,Processing,Hyderabad
O100319,C13258,2026-06-15,P1016,4,8589.67,Paid,Completed,Hyderabad
O100320,C10397,2026-07-07,P1258,3,12221.33,Pending,Processing,Chennai
O100321,C11341,2026-02-19,P1395,4,10717.42,Paid,Completed,
O100322,C10491,2026-09-02,P1197,7,14959.87,Pending,Completed,Chennai
O100323,C11242,2026-09-10,P1075,1,4011.57,Paid,Processing,Chennai
O100324,C13323,2026-04-11,P1202,7,20200.42,Paid,Returned, Delhi 
O100325,C10139,2026-03-06,P1232,5,19986.21,Paid,Completed,Delhi
O100326,C12590,2026-04-23,P1274,4,14883.21,Paid,Completed,Hyderabad
O100327,C10239,2026-03-08,P1158,3,18729.76,Paid,Completed,Pune
O100328,C11707,2026-03-15,P1114,2,24716.08,Paid,Completed,Hyderabad
O100329,C11897,2026-04-26,P1257,2,23085.95,Paid,Processing,Mumbai
O100330,C11607,2026-02-12,P1236,3,15402.79,Paid,Completed, 
O100331,C12551,2026-02-18,P1095,1,12931.62,Paid,Completed,Delhi
O100332,C13897,2026-07-26,P1127,1,13502.82,Paid,Completed,pune
O100333,C11070,2026-05-25,P1273,1,11825.38,Paid,Completed,Pune
O100334,C12441,2026-02-23,P1310,3,12161.58,Refunded,Cancelled,Hyderabad
O100335,C11421,2026-05-08,P1259,2,18381.31,Pending,Completed,Chennai
O100336,C99999,2026-04-26,P1405,5,24805.4,Paid,Completed,
O100337,C13807,2026-05-09,P1375,2,1419.26,Paid,Completed,Kolkata
O100338,C10373,2026-04-05,P1333,1,5985.65,Paid,Completed,Hyderabad
O100339,C13897,2026-06-04,P1077,3,5492.13,Paid,Completed,Delhi
O100340,C12955,2026-06-18,P1484,3,20871.55,Paid,Cancelled,Mumbai
O100341,C13972,2026-08-25,P1348,5,10667.18,Paid,Processing,Delhi
O100342,C13086,2026-05-17,P1498,2,13270.77,Paid,Cancelled,Bangalore
O100343,C10516,2026-03-09,P1289,1,11888.06,Failed,Completed,Pune
O100344,C13004,2026-06-17,P1175,-4,21385.93,Paid,Completed,Pune
O100345,C12908,2026-08-05,P1126,1,12643.08,Paid,Completed,Chennai
O100346,C10667,2026-07-11,P1197,2,16795.8,Paid,Completed,Delhi
O100347,C13015,2026-03-16,P1362,5,781.24,Refunded,Processing,Delhi
O100348,C12701,2026-01-18,P1203,1,16415.62,Paid,Completed, 
O100349,C13980,2026-07-17,P1407,4,6251.51,Paid,Completed,Pune
O100350,C12476,2026-01-25,P1044,3,21711.65,Pending,Completed,Hyderabad
O100351,C11659,2026-04-12,P1378,2,18863.39,Pending,Completed,Kolkata
O100352,C13818,2026-04-04,P1348,3,2999.39,Paid,Completed,Pune
O100353,C12513,2026-01-08,P1393,7,2855.75,Failed,Processing,Delhi
O100354,C11395,2026-03-15,P1429,1,7537.06,Paid,Completed,Delhi
O100355,C10084,2026-01-18,P1163,5,3406.36,Paid,Processing,Delhi
O100356,C13028,2026-05-02,P1097,1,18586.1,Paid,Completed,Delhi
O100357,C10478,2026-03-24,P1306,7,24674.37,Paid,Completed, 
O100358,C13697,2026-07-23,P1415,6,16484.84,Paid,Completed,Delhi
O100359,C13848,2026-06-15,P1415,4,6451.45,Pending,Completed,Mumbai
O100360,C10946,2026-01-06,P1242,4,14237.53,Failed,Completed,Chennai
O100361,C10451,2026-09-04,P1142,2,20199.53,Paid,Completed,Hyderabad
O100362,C12383,2026-09-05,P1136,7,24066.52,Refunded,Completed,
O100363,C10855,2026-06-26,P1057,3,425.27,Paid,Cancelled,Delhi
O100364,C12169,2026-04-07,P1419,6,13235.15,Paid,Completed,Chennai
O100365,C11658,2026-07-27,P1405,1,11494.39,Paid,Processing,Pune
O100366,C13170,2026-08-20,P1268,6,10537.97,Paid,Completed,MUMBAI
O100367,C77777,2026-04-20,P1168,7,12744.79,Paid,Processing,Bangalore
O100368,C11828,2026-08-21,P1107,4,10266.6,Refunded,Completed,BANGALORE
O100369,C12742,2026-05-15,P1461,5,8797.18,Paid,Completed,Mumbai
O100370,C11368,2026-08-14,P1409,1,3135.75,Paid,Processing,Pune
O100371,C13452,2026-03-02,P1375,2,12646.19,Refunded,Processing,Chennai
O100372,C10147,2026-05-24,P1383,5,20579.97,Pending,Processing,Bangalore
O100373,C11975,2026-06-22,P1444,3,2886.89,Paid,Processing,
O100374,C10707,2026-06-22,P1043,2,18540.74,Paid,Completed,Pune
O100375,C10707,2026-04-06,P1472,3,6913.82,Paid,Processing,Bangalore
O100376,C12133,2026-05-11,P1085,3,9716.71,Paid,Completed,Chennai
O100377,C11232,2026-06-24,P1285,4,24705.69,Refunded,Completed,Delhi
O100378,C11837,2026-09-07,P1076,7,16977.72,Failed,Completed,Chennai
O100379,C11223,2026-08-22,P1241,6,18062.07,Paid,Completed,Pune
O100380,C11821,2026-02-19,P1223,7,15179.06,Refunded,Completed,Kolkata
O100381,C11144,2026-06-25,P1420,3,8262.38,Paid,Processing,Mumbai
O100382,C13216,2026-05-15,P1313,5,16975.36,Paid,Completed,Kolkata
O100383,C12233,2026-02-02,P1338,5,11594.53,Paid,Completed,Chennai
O100384,C10646,2026-07-07,P1162,7,20852.45,Paid,Cancelled,Pune
O100385,C10033,2026-08-07,P1121,5,14405.11,Paid,Completed,Mumbai
O100386,C10070,2026-01-14,P1176,6,19349.53,Paid,Cancelled,Mumbai
O100387,C11688,2026-03-06,P1186,1,21258.15,Paid,Completed,Mumbai
O100388,,2026-02-18,P1243,6,20581.66,Pending,Completed,Pune
O100389,C11049,2026-04-27,P1220,4,10232.05,Failed,Processing,Chennai
O100390,C12493,2026-08-23,P1134,6,9408.29,Paid,Completed,Hyderabad
O100391,C13255,2026-02-26,P1034,4,21765.97,Paid,Completed,Hyderabad
O100392,C10253,2026-03-03,P1166,5,3834.57,Paid,Completed,Mumbai
O100393,C10440,2026-06-01,P1261,1,7201.27,Paid,Cancelled,Delhi
O100394,C11476,2026-03-06,P1333,6,3288.94,Pending,Completed,Bangalore
O100395,C11767,2026-06-27,P1219,3,1339.66,Paid,Completed,chennai
O100396,C11582,2026-06-07,P1064,3,15511.77,Failed,Completed,Delhi
O100397,C12556,2026-08-20,P1109,3,22549.28,Paid,Processing,Hyderabad
O100398,C10349,2026-08-12,P1340,4,3496.58,Paid,Completed,Chennai
O100399,C11980,2026-02-12,P1410,3,19954.01,Refunded,Completed,Chennai
O100400,C13249,2026-04-04,P1469,1,9669.7,Paid,Completed,Mumbai
O100401,C13716,2026-07-23,P1394,1,15568.03,Paid,Completed,Hyderabad
O100402,C12243,2026-04-10,P1008,6,19164.42,Paid,Processing,Bangalore
O100403,C10554,2026-03-14,P1393,6,17838.97,Paid,Returned,Kolkata
O100404,C12912,2026-04-24,P1181,3,3676.59,Paid,Cancelled,Kolkata
O100405,C13187,2026-01-09,P1042,4,3150.03,Paid,Completed,Delhi
O100406,C10785,2026-04-12,P1119,2,23127.58,Paid,Completed,Chennai
O100407,C12712,2026-07-01,P1305,5,2262.94,Paid,Returned,Pune
O100408,C13725,2026-03-19,P1112,3,5694.47,Paid,Returned,Mumbai
O100409,C12877,2026-01-25,P1429,7,11127.18,Paid,Completed,Pune
O100410,C11663,2026-07-05,P1318,3,20578.97,Pending,Completed,Pune
O100411,C11772,2026-04-28,P1432,6,15184.86,Paid,Completed,Hyderabad
O100412,C10318,2026-03-27,P1253,7,14408.23,Paid,Completed,Delhi
O100413,C12106,2026-07-11,P1230,5,17391.28,Paid,Processing,Delhi
O100414,C13213,2026-03-23,P1478,7,20113.32,Paid,Completed,Delhi
O100415,C13917,2026-02-21,P1479,2,6043.31,Paid,Completed,Bangalore
O100416,C11598,2026-03-26,P1414,6,766.86,Paid,Completed,PUNE
O100417,C11742,2026-04-26,P1446,3,3441.77,Paid,Cancelled,Pune
O100418,C10219,2026-03-19,P1135,3,4379.55,Pending,Completed,Chennai
O100419,C13102,2026-08-06,P1167,2,1288.57,,Completed,Pune
O100420,C12868,2026-04-14,P1443,5,18763.7,Paid,Completed,Delhi
O100421,C11612,2026-05-23,P1178,1,22157.64,Paid,Completed,Mumbai
O100422,C12839,2026-01-26,P1388,7,17853.05,Paid,Completed,Bangalore
O100423,C12494,2026-07-25,P1414,3,4958.99,Paid,Processing,Kolkata
O100424,C13078,2026-06-01,P1390,3,15279.19,Paid,Completed,Kolkata
O100425,C11257,2026-07-19,P1253,6,13158.91,Paid,Completed,Kolkata
O100426,C12605,2026-08-04,P1428,4,20553.1,Refunded,Processing,Chennai
O100427,C12504,2026-09-01,P1046,2,23574.78,Paid,Completed,Pune
O100428,C10362,2026-08-28,P1141,3,18650.49,Paid,Completed,Pune
O100429,C11124,2026-06-14,P1280,4,12959.7,Paid,Completed,Mumbai
O100430,C13443,2026-03-11,P1084,6,12922.89,Paid,Completed,Chennai
O100431,C10625,2026-06-03,P1430,6,20252.34,Paid,Processing,Mumbai
O100432,C11519,2026-01-01,P1092,1,3326.1,Paid,Completed,Bangalore
O100433,C10901,2026-02-08,P1429,2,4086.85,Paid,Completed,Kolkata
O100434,C10561,2026-05-09,P1428,7,8784.76,Pending,Completed,Bangalore
O100435,C10546,2026-06-09,P1158,1,18754.33,Paid,Completed,Kolkata
O100436,C11392,2026-04-17,P1051,4,1929.62,Paid,Completed,Kolkata
O100437,C13216,2026-02-04,P1382,6,8804.79,Paid,Processing,Chennai
O100438,C13868,2026-01-31,P1259,5,8167.95,Failed,Completed,Kolkata
O100439,C12289,2026-07-30,P1117,6,12297.72,Paid,Completed,Chennai
O100440,C12542,2026-03-13,P1488,2,11753.8,Paid,Completed,Kolkata
O100441,C13117,2026-03-15,P1045,5,17945.81,Paid,Completed,Pune
O100442,C12649,2026-09-04,P1156,4,15751.36,Paid,Completed,Bangalore
O100443,C13396,2026-03-24,P1432,2,22598.42,Refunded,Completed,
O100444,C13539,2026-05-05,P1192,3,4762.21,Paid,Processing,Pune
O100445,C12512,2026-07-20,P1095,4,10972.4,Paid,Completed,Mumbai
O100446,C12133,2026-03-23,P1256,6,10182.36,Paid,Completed,Kolkata
O100447,C11565,2026-08-03,P1323,4,3079.21,Paid,Completed,Delhi
O100448,C11847,2026-07-20,P1467,1,4371.24,Paid,Completed,Hyderabad
O100449,C11382,2026-04-10,P1186,5,8614.78,Paid,Completed,Mumbai
O100450,C11709,2026-05-08,P1231,6,18449.62,Pending,Completed,pune
O100451,C13601,2026-06-29,P1253,7,4008.98,Refunded,Completed,Mumbai
O100452,,2026-02-06,P1420,6,6853.36,Pending,Completed,Bangalore
O100453,C11447,2026-04-26,P1077,2,17007.58,Paid,Processing,Hyderabad
O100454,C10883,2026-05-22,P1377,6,15037.35,Pending,Completed,Bangalore
O100455,C10313,2026-03-13,P1179,2,2878.53,Paid,Returned,Mumbai
O100456,C13350,2026-07-25,P1247,3,23609.51,Failed,Processing,Kolkata
O100457,C13485,2026-03-05,P1374,2,3956.31,Paid,Completed,Chennai
O100458,C11803,2026-03-19,P1333,3,1816.76,Paid,Completed,Chennai
O100459,C12171,2026-04-16,P1245,2,7815.06,Pending,Completed,
O100460,C12961,2026-08-16,P1129,7,953.75,Paid,Completed,Kolkata
O100461,C11504,2026-03-14,P1020,6,1058.88,Paid,Completed,Bangalore
O100462,C10806,2026-05-22,P1284,1,14594.69,Paid,Completed,Mumbai
O100463,C10459,2026-06-17,P1075,6,22355.88,Paid,Completed,Mumbai
O100464,C10941,2026-01-06,P1337,4,10242.85,Paid,Completed,pune
O100465,C12583,2026-03-02,P1421,2,7762.92,Paid,Cancelled,Chennai
O100466,C11391,2026-06-09,P1488,4,22891.29,Paid,Completed,Pune
O100467,C13473,2026-02-22,P1159,5,1818.09,Pending,Processing,Mumbai
O100468,,2026-08-30,P1168,4,11990.82,Paid,Completed,Delhi
O100469,C11666,2026-04-29,P1277,5,6539.28,,Cancelled,Chennai
O100470,C11028,2026-08-13,P1483,2,9728.27,Paid,Completed, Kolkata 
O100471,C13553,2026-06-02,P1425,7,10446.61,Failed,Processing,Bangalore
O100472,C13227,2026-03-05,P1139,1,13764.9,Paid,Completed,Chennai
O100473,C13940,2026-08-21,P1312,-1,11495.3,Pending,Completed,Bangalore
O100474,C10477,2026-03-20,P1468,4,24704.82,Failed,Completed,Kolkata
O100475,C13131,2026-02-06,P1007,1,930.13,Paid,Completed,Bangalore
O100476,C10503,2026-06-24,P1155,5,19014.17,Pending,Completed,Bangalore
O100477,C10620,2026-05-20,P1312,1,1559.58,Paid,Completed,Bangalore
O100478,C10156,2026-01-21,P1180,1,10947.44,Paid,Cancelled,Pune
O100479,C11860,2026-07-15,P1213,6,5285.62,Paid,Completed,Pune
O100480,C10503,2026-05-11,P1499,6,23648.97,Paid,Completed,Bangalore
O100481,C11394,2026-02-27,P1463,1,18145.51,Paid,Completed, Chennai 
O100482,C11105,2026-08-27,P1203,3,11732.32,Paid,Completed,Pune
O100483,C13908,2026-08-07,P1240,3,23820.38,Paid,Cancelled,Bangalore
O100484,C12635,2026-03-28,P1016,4,18115.98,Paid,Completed,Mumbai
O100485,C11643,2026-09-07,P1276,7,23812.93,Paid,Completed,Delhi
O100486,C13516,2026-05-30,P1050,6,17703.0,Paid,Completed,Pune
O100487,C10255,2026-04-26,P1390,2,2219.46,Paid,Completed, Hyderabad 
O100488,C11338,2026-02-22,P1444,6,15522.74,Paid,Completed,chennai
O100489,C12060,2026-02-15,P1211,2,24514.64,,Completed,Chennai
O100490,C10215,2026-07-05,P1483,5,5590.3,Paid,Completed,Mumbai
O100491,C10583,2026-05-04,P1499,5,19880.67,Paid,Processing,Mumbai
O100492,C13583,2026-09-11,P1053,4,4860.41,Paid,Processing,Chennai
O100493,C10719,2026-08-10,P1424,7,11470.26,Failed,Completed,Mumbai
O100494,C13689,2026-08-04,P1315,3,2391.19,Paid,Completed,Mumbai
O100495,C10384,2026-01-30,P1043,1,8712.48,Paid,Returned,Bangalore
O100496,C13555,2026-02-23,P1332,3,19472.79,Failed,Completed,Hyderabad
O100497,C11816,2026-05-24,P1232,6,1418.12,Paid,Completed,Hyderabad
O100498,C12294,2026-05-22,P1028,3,8208.86,Paid,Completed,Pune
O100499,C11127,2026-05-09,P1170,6,15854.88,Paid,Completed,Bangalore
O100500,C11094,2026-06-18,P1420,4,23729.37,Paid,Completed,Chennai
O100501,C11970,2026-08-03,P1060,3,6360.19,Failed,Processing,Bangalore
O100502,C11424,2026-05-09,P1442,2,4576.81,Paid,Completed,
O100503,C10311,2026-07-02,P1060,3,5330.66,Paid,Completed,Mumbai
O100504,C11415,2026-02-12,P1327,2,6149.18,Paid,Completed,Pune
O100505,C11019,2026-01-07,P1019,5,16066.54,Pending,Returned,Bangalore
O100506,C13401,2026-02-21,P1427,5,24967.1,Refunded,Processing,Mumbai
O100507,C13356,2026-09-06,P1055,6,13232.7,Pending,Completed,Mumbai
O100508,C10566,2026-05-05,P1175,4,7004.34,Paid,Completed,Chennai
O100509,C12922,2026-09-11,P1329,1,18749.91,Paid,Completed,Bangalore
O100510,C11804,2026-04-24,P1398,3,4208.82,Paid,Completed,Bangalore
O100511,C13476,2026-08-11,P1248,1,1041.35,Paid,Completed,Chennai
O100512,C11096,2026-05-17,P1203,2,15250.04,Paid,Completed,Hyderabad
O100513,C10352,2026-02-23,P1439,1,5494.3,Paid,Completed,Bangalore
O100514,C13204,2026-09-07,P1183,3,10161.16,Paid,Completed,Kolkata
O100515,C13476,2026-07-12,P1045,6,6009.08,Paid,Completed,Chennai
O100516,C13364,2026-07-15,P1440,1,22976.12,Pending,Cancelled,Mumbai
O100517,C11318,2026-01-22,P1044,1,8648.32,Paid,Processing,Mumbai
O100518,C10123,2026-02-25,P1463,1,11392.12,Paid,Completed,Chennai
O100519,C10558,2026-02-20,P1041,4,6100.62,Paid,Completed,Delhi
O100520,C13680,2026-02-18,P1445,7,2395.82,Pending,Returned,Mumbai
O100521,C11457,2026-03-02,P1007,1,12960.15,Paid,Completed,Kolkata
O100522,C13523,2026-05-03,P1339,3,21757.46,Paid,Completed,Mumbai
O100523,C13926,2026-07-04,P1013,6,8986.54,Paid,Completed,Chennai
O100524,C11584,2026-08-04,P1228,3,19589.92,Paid,Processing,Pune
O100525,C13108,2026-07-21,P1281,1,1105.52,Paid,Completed,Mumbai
O100526,C10676,2026-01-21,P1101,4,6117.06,Paid,Completed,Delhi
O100527,C11536,2026-06-27,P1296,2,3547.93,Paid,Completed,Mumbai
O100528,C12822,2026-08-14,P1236,1,10251.2,Pending,Completed,Kolkata
O100529,C10829,2026-08-24,P1028,4,22390.02,Paid,Completed,Bangalore
O100530,C11280,2026-01-20,P1190,5,9525.74,Refunded,Completed,Pune
O100531,C12257,2026-07-24,P1268,3,15202.09,Paid,Completed,Bangalore
O100532,C12767,2026-08-10,P1353,5,22484.11,Paid,Processing,Mumbai
O100533,C11428,2026-01-14,P1469,3,9186.73,Paid,Processing,
O100534,C11508,2026-04-21,P1492,2,9334.16,Paid,Processing,
O100535,C10439,2026-04-03,P1473,6,2473.18,Pending,Completed, Hyderabad 
O100536,C13939,2026-01-13,P1481,4,8921.53,Pending,Completed,Hyderabad
O100537,C12450,2026-06-18,P1442,2,18730.15,Paid,Completed,Kolkata
O100538,C12123,2026-02-20,P1302,5,21162.35,Refunded,Completed,Mumbai
O100539,C10846,2026-05-30,P1215,4,18151.94,Pending,Completed,Bangalore
O100540,C11953,2026-07-31,P1247,7,471.06,Failed,Cancelled,Bangalore
O100541,C11790,2026-01-15,P1276,5,3189.33,Paid,Cancelled,Kolkata
O100542,C11035,2026-08-22,P1350,1,18355.26,Paid,Completed,Hyderabad
O100543,C11786,2026-05-10,P1011,7,23577.2,Paid,Completed,Pune
O100544,C10814,2026-07-03,P1105,5,17475.42,Paid,Completed,Pune
O100545,C12843,2026-06-26,P1023,2,5884.75,Paid,Completed,Mumbai
O100546,C13638,2026-06-30,P1276,7,2956.69,Pending,Completed,Hyderabad
O100547,C10010,2026-05-08,P1003,2,21962.3,Paid,Cancelled,Kolkata
O100548,C12226,2026-05-22,P1280,1,2746.05,Paid,Completed,Mumbai
O100549,C12931,2026-08-17,P1007,4,4030.61,Pending,Processing,Kolkata
O100550,C13631,2026-01-25,P1163,5,15038.31,Paid,Completed,KOLKATA
O100551,C11434,2026-06-16,P1289,6,4992.93,Failed,Completed,Pune
O100552,C13631,2026-08-23,P1113,5,5921.56,Paid,Completed,Bangalore
O100553,C13304,2026-05-15,P1049,5,3813.79,Paid,Completed,Hyderabad
O100554,C12102,2026-03-24,P1237,4,23624.86,Paid,Completed,Kolkata
O100555,C11028,2026-04-18,P1346,7,3385.65,Pending,Cancelled,Chennai
O100556,C12613,2026-06-14,P1283,7,23303.9,Paid,Cancelled,Kolkata
O100557,C11043,2026-07-25,P1061,2,8357.07,Paid,Completed,Chennai
O100558,C11396,2026-06-28,P1348,1,20592.52,Paid,Completed,Mumbai
O100559,C11869,2026-03-30,P1126,6,23764.94,Failed,Completed,Mumbai
O100560,C11993,2026-09-13,P1220,4,13125.67,Paid,Completed,Hyderabad
O100561,C10757,2026-02-15,P1201,1,19323.25,Pending,Completed,Hyderabad
O100562,C12777,2026-06-20,P1299,3,6870.46,Paid,Completed,chennai
O100563,C13970,2026-06-30,P1159,7,9759.22,Paid,Cancelled,Pune
O100564,C10976,2026-04-27,P1007,1,13958.77,Refunded,Completed,Hyderabad
O100565,C12219,2026-06-12,P1437,7,21306.39,Paid,Completed,Pune
O100566,C11820,2026-06-06,P1400,3,15632.23,Paid,Processing,Chennai
O100567,C11232,2026-02-21,P1395,1,845.84,Pending,Completed,Pune
O100568,C11680,2026-02-16,P1124,3,7828.18,Paid,Processing,Chennai
O100569,C12933,2026-07-27,P1089,5,21664.8,Refunded,Processing,Bangalore
O100570,C11660,2026-06-10,P1243,6,6233.85,Paid,Returned,Bangalore
O100571,C12028,2026-09-12,P1194,4,9387.83,Paid,Completed,Kolkata
O100572,C11910,2026-04-06,P1105,5,9923.48,Refunded,Cancelled,Mumbai
O100573,C12222,2026-07-15,P1458,2,4114.98,Paid,Completed,Pune
O100574,C11165,2026-04-14,P1205,4,8940.36,Paid,Returned,Bangalore
O100575,C12040,2026-05-16,P1070,5,20490.29,Paid,Completed,Delhi
O100576,C10539,2026-09-06,P1409,1,21272.62,Paid,Completed,Hyderabad
O100577,C12967,2026-06-29,P1356,4,14648.17,Paid,Returned,Mumbai
O100578,C10444,2026-06-22,P1416,1,17064.87,Paid,Completed,Chennai
O100579,C13142,2026-08-13,P1427,5,13503.95,Pending,Completed,Kolkata
O100580,C13304,2026-07-05,P1495,4,1393.53,Pending,Returned,Mumbai
O100581,C10076,2026-03-23,P1031,5,17508.12,Paid,Cancelled,Mumbai
O100582,C13326,2026-03-28,P1165,2,24914.81,Paid,Completed,Kolkata
O100583,C12594,2026-06-15,P1211,7,5927.24,Paid,Completed,Bangalore
O100584,C10387,2026-01-09,P1009,5,24559.13,Paid,Completed,Delhi
O100585,C13994,2026-02-27,P1334,6,24945.01,Paid,Processing, 
O100586,C12463,2026-04-08,P1462,2,3795.41,Paid,Processing,Bangalore
O100587,C11604,2026-06-08,P1197,5,23175.54,Paid,Completed,Chennai
O100588,C13543,2026-06-01,P1246,4,16985.66,Paid,Completed,Hyderabad
O100589,C10166,2026-04-02,P1216,1,11819.38,Paid,Completed,
O100590,C12871,2026-07-23,P1128,4,8813.12,Paid,Completed,Delhi
O100591,C10575,2026-02-08,P1197,5,15856.1,Pending,Completed,Delhi
O100592,C12211,2026-04-12,P1332,6,21116.83,Paid,Completed,BANGALORE
O100593,C10384,2026-02-17,P1074,5,1142.33,Paid,Completed,Bangalore
O100594,C12718,2026-02-16,P1471,5,13525.92,Paid,Completed,Hyderabad
O100595,C11861,2026-07-27,P1467,3,16361.52,Paid,Cancelled,Hyderabad
O100596,C10026,2026-05-15,P1089,2,932.4,Paid,Processing,Chennai
O100597,C10285,2026-03-16,P1280,1,22260.22,Pending,Completed,Mumbai
O100598,C12814,2026-06-24,P1051,2,23809.21,Pending,Completed,kolkata
O100599,C11599,2026-07-01,P1307,5,15428.54,Paid,Processing,Bangalore
O100600,C12690,2026-07-23,P1011,5,3189.93,Failed,Completed,Chennai
O100601,C11560,2026-03-10,P1045,2,23330.57,Paid,Completed,Kolkata
O100602,C11447,2026-07-17,P1136,2,20183.68,Pending,Processing,Bangalore
O100603,C13422,2026-02-23,P1300,6,1005.14,Paid,Completed,Pune
O100604,C13421,2026-05-31,P1291,2,14605.19,Paid,Completed,Pune
O100605,C13682,2026-02-12,P1136,3,3129.07,Paid,Completed,Delhi
O100606,C13294,2026-06-15,P1096,2,3784.34,Paid,Completed,Chennai
O100607,C10510,2026-04-26,P1423,5,5055.0,Paid,Completed,Hyderabad
O100608,C10266,2026-08-15,P1161,1,10085.86,Pending,Completed,Delhi
O100609,C10233,2026-01-21,P1087,4,21946.66,Paid,Completed,Bangalore
O100610,C13923,2026-05-06,P1052,6,1067.56,Paid,Completed,Chennai
O100611,C12006,2026-03-21,P1108,2,17323.51,Paid,Completed,Hyderabad
O100612,C10461,2026-05-21,P1044,2,24124.4,Paid,Completed,Mumbai
O100613,C12178,2026-01-14,P1381,2,16138.47,Refunded,Processing,Pune
O100614,C12843,2026-09-11,P1352,6,20445.44,Paid,Processing,Hyderabad
O100615,C10378,2026-04-25,P1160,1,22573.78,Paid,Processing,Hyderabad
O100616,C11386,2026-04-23,P1284,7,17955.51,Paid,Completed,Chennai
O100617,C10751,2026-05-06,P1421,2,16598.12,Paid,Completed,Bangalore
O100618,C13904,2026-04-26,P1303,2,743.78,Paid,Returned,Kolkata
O100619,C11273,2026-08-14,P1496,6,13116.56,Paid,Processing,Hyderabad
O100620,C12764,2026-04-21,P1460,2,11889.88,Paid,Processing,Bangalore
O100621,C13676,2026-03-16,P1081,7,13210.83,Paid,Completed,Chennai
O100622,C13455,2026-01-07,P1314,7,10982.27,Paid,Completed,Hyderabad
O100623,C11577,2026-06-01,P1317,1,22691.97,Refunded,Completed,
O100624,C11244,2026-05-05,P1254,4,22259.04,Paid,Completed,Delhi
O100625,C13239,2026-01-11,P1290,6,3404.75,Paid,Completed,Pune
O100626,C10821,2026-09-05,P1430,6,13462.45,Paid,Completed,Chennai
O100627,C12871,2026-08-13,P1314,5,24001.11,Paid,Completed,Pune
O100628,C13343,2026-08-01,P1186,1,15087.0,Paid,Processing,Bangalore
O100629,C13399,2026-04-09,P1385,2,20101.21,Paid,Completed,
O100630,C10035,2026-07-31,P1088,3,9521.99,Paid,Cancelled,Delhi
O100631,C12001,2026-04-06,P1443,1,9618.05,Paid,Completed,Kolkata
O100632,C11431,2026-07-24,P1389,2,8344.48,Paid,Completed,Pune
O100633,C13918,2026-07-18,P1024,6,839.58,Paid,Completed,Delhi
O100634,C12178,2026-05-14,P1052,2,23143.83,Paid,Processing,Bangalore
O100635,C11711,2026-07-06,P1467,5,8936.15,Paid,Completed,Kolkata
O100636,C10978,2026-05-15,P1379,1,9367.07,Refunded,Processing,Pune
O100637,,2026-08-09,P1077,1,19060.82,Paid,Cancelled,Kolkata
O100638,C11278,2026-07-09,P1113,6,13314.26,Paid,Completed,Kolkata
O100639,C13309,2026-07-06,P1387,5,9242.44,Refunded,Completed,Pune
O100640,C13569,2026-05-01,P1455,6,22125.35,Paid,Completed,Delhi
O100641,C10232,2026-06-13,P1481,3,20686.87,Pending,Completed,Bangalore
O100642,C12041,2026-07-02,P1347,7,24427.0,Paid,Cancelled,Hyderabad
O100643,C11682,2026-02-09,P1311,3,16133.23,Paid,Processing,Pune
O100644,C11573,2026-03-10,P1257,4,17345.39,Paid,Processing,Hyderabad
O100645,C11487,2026-06-14,P1144,4,8315.14,Pending,Cancelled,Kolkata
O100646,C12129,2026-05-07,P1195,5,2759.63,Paid,Cancelled,Mumbai
O100647,C10521,2026-03-07,P1303,6,2916.14,Paid,Cancelled,Pune
O100648,C13487,2026-02-19,P1481,1,16254.73,Paid,Processing,Chennai
O100649,C12233,2026-09-01,P1410,7,3097.81,Paid,Completed,Chennai
O100650,C11389,2026-06-10,P1466,2,22693.68,Paid,Completed,Hyderabad
O100651,C10972,2026-02-23,P1347,3,17685.56,Paid,Completed,Bangalore
O100652,C12468,2026-04-27,P1101,6,5887.31,Paid,Processing,Kolkata
O100653,C13149,2026-06-28,P1289,1,7196.53,Paid,Completed,Mumbai
O100654,C11764,2026-04-25,P1351,6,17836.35,Refunded,Completed,Pune
O100655,C13941,2026-08-27,P1168,4,20655.76,Paid,Completed,Bangalore
O100656,C12143,2026-05-18,P1094,3,21033.92,Paid,Completed,Chennai
O100657,C13918,2026-01-28,P1261,2,15145.37,Pending,Returned,Mumbai
O100658,C13853,2026-08-24,P1261,6,4134.23,Failed,Processing,
O100659,C12400,2026-08-13,P1027,4,20513.48,Paid,Completed,Hyderabad
O100660,C12327,2026-09-12,P1135,7,19853.6,Paid,Cancelled,Mumbai
O100661,C10423,2026-08-12,P1128,7,20933.33,Paid,Completed,Delhi
O100662,C13720,2026-02-03,P1335,7,4194.3,Paid,Cancelled,Delhi
O100663,C13215,2026-03-29,P1489,7,17203.64,Paid,Processing,Pune
O100664,C12003,2026-01-12,P1466,2,24018.03,Paid,Completed,Kolkata
O100665,C11226,2026-08-18,P1273,4,6624.72,Paid,Processing,Pune
O100666,C13356,2026-01-30,P1221,2,18003.18,Refunded,Processing,Chennai
O100667,C11167,2026-06-27,P1335,7,6695.26,Paid,Completed,Pune
O100668,C12169,2026-09-02,P1480,6,7885.28,Paid,Completed,Delhi
O100669,,2026-03-17,P1122,3,12286.12,Failed,Completed,Mumbai
O100670,C13220,2026-02-02,P1091,6,22405.36,Paid,Completed,Delhi
O100671,C13013,2026-07-01,P1430,5,1254.95,Paid,Completed,Chennai
O100672,C11168,2026-02-03,P1463,2,24744.14,Paid,Returned,Kolkata
O100673,C10469,2026-05-22,P1010,3,19370.31,Paid,Processing,Hyderabad
O100674,C10708,2026-05-10,P1005,1,9186.54,Failed,Completed,Pune
O100675,C12467,2026-01-15,P1397,1,9047.76,Paid,Completed,Kolkata
O100676,C10600,2026-09-09,P1367,4,12229.64,Paid,Processing,Kolkata
O100677,C11281,2026-08-09,P1227,7,21924.32,Paid,Completed,Pune
O100678,C13359,2026-03-10,P1021,7,742.56,Paid,Cancelled,Mumbai
O100679,C10327,2026-07-22,P1487,6,13841.77,Paid,Completed,Chennai
O100680,C12326,2026-04-21,P1214,6,1685.34,Refunded,Completed,Chennai
O100681,C11600,2026-08-20,P1414,5,3155.34,Paid,Completed,Mumbai
O100682,C10481,2026-06-08,P1283,4,17359.45,Paid,Cancelled,Bangalore
O100683,C12039,2026-06-05,P1402,6,6087.43,Paid,Completed,Chennai
O100684,C12068,2026-06-19,P1114,6,1327.39,Refunded,Completed,Delhi
O100685,C11513,2026-04-30,P1213,2,4356.66,Paid,Returned,Hyderabad
O100686,C10221,2026-07-28,P1384,5,5453.36,Paid,Completed,Bangalore
O100687,C10828,2026-03-15,P1450,2,19313.62,Paid,Completed,
O100688,C11620,2026-06-11,P1455,6,15735.63,Paid,Completed,Hyderabad
O100689,C11109,2026-01-04,P1140,3,18457.56,Paid,Completed,Mumbai
O100690,C10642,2026-01-28,P1178,5,9434.61,Paid,Completed,Pune
O100691,C11949,2026-07-03,P1000,7,3094.38,Refunded,Processing,DELHI
O100692,C11591,2026-03-03,P1028,1,20190.67,Paid,Processing,Kolkata
O100693,C12661,2026-02-06,P1396,7,3768.05,Paid,Completed,Hyderabad
O100694,C12243,2026-02-02,P1297,3,9752.24,Paid,Completed, 
O100695,C10679,2026-07-31,P1284,7,6778.27,Paid,Cancelled,Bangalore
O100696,C12752,2026-03-24,P1349,3,7624.41,Paid,Completed,Hyderabad
O100697,C11863,2026-04-10,P1399,2,15165.86,Paid,Processing,Pune
O100698,C10454,2026-05-08,P1315,4,4359.5,Paid,Completed,Hyderabad
O100699,C10073,2026-04-02,P1104,6,11313.09,Paid,Completed,Mumbai
O100700,C12507,2026-04-03,P1161,2,16075.6,Refunded,Completed,Delhi
O100701,C12476,2026-01-16,P1039,3,21762.16,Pending,Completed,Bangalore
O100702,C13284,2026-09-11,P1450,5,9469.32,Refunded,Completed, Mumbai 
O100703,C13052,2026-03-03,P1348,1,8171.69,Failed,Processing,Bangalore
O100704,C13512,2026-06-19,P1221,3,9385.83,Pending,Completed,Bangalore
O100705,C11170,2026-02-15,P1438,7,12669.69,Paid,Completed,Delhi
O100706,C11654,2026-02-18,P1441,4,8033.44,Paid,Completed,Delhi
O100707,C10247,2026-07-26,P1051,6,6486.17,Paid,Completed,Chennai
O100708,C11646,2026-07-18,P1063,7,9569.99,Paid,Completed,Pune
O100709,C10879,2026-07-28,P1481,4,19512.38,Pending,Completed,Kolkata
O100710,C13223,2026-07-15,P1003,6,6544.53,Paid,Completed,Mumbai
O100711,C12627,2026-08-31,P1431,6,21162.35,Paid,Completed,Delhi
O100712,C13129,2026-03-12,P1455,7,7342.13,Failed,Completed,Bangalore
O100713,C12371,2026-06-25,P1366,5,15196.0,Paid,Completed,Bangalore
O100714,C12393,2026-04-04,P1495,4,24283.11,Paid,Processing,Bangalore
O100715,C10941,2026-02-19,P1017,5,23809.28,Paid,Returned,Pune
O100716,C12681,2026-06-09,P1341,4,11035.44,Paid,Completed,Mumbai
O100717,C10576,2026-07-01,P1009,7,1967.64,Pending,Completed,Chennai
O100718,C11104,2026-04-01,P1370,2,22594.93,Pending,Completed,Hyderabad
O100719,C10720,2026-08-09,P1269,6,3434.82,Paid,Completed,Kolkata
O100720,C13801,2026-05-10,P1434,1,23111.67,Paid,Completed,Bangalore
O100721,C13595,2026-09-13,P1373,6,18395.98,Pending,Completed,Kolkata
O100722,C13502,2026-02-16,P1365,1,23375.71,Failed,Completed,Hyderabad
O100723,C13843,2026-04-05,P1350,3,16735.18,Paid,Completed,KOLKATA
O100724,C12452,2026-05-14,P1098,3,24879.28,Paid,Completed,Mumbai
O100725,C13581,2026-07-25,P1301,2,11834.94,Paid,Completed,Mumbai
O100726,C11168,2026-04-13,P1193,7,8441.65,Paid,Completed,Chennai
O100727,C11540,2026-04-27,P1316,7,10014.81,Paid,Completed,Chennai
O100728,C11869,2026-06-29,P1385,6,8952.14,Paid,Processing,Bangalore
O100729,C10357,2026-02-11,P1418,2,10199.69,Paid,Processing,Kolkata
O100730,C13301,2026-06-23,P1033,1,22164.49,Paid,Completed,Delhi
O100731,C10477,2026-08-20,P1348,3,14923.91,Paid,Cancelled,Hyderabad
O100732,C13201,2026-02-18,P1325,-5,18224.74,Pending,Completed,Mumbai
O100733,C13691,2026-05-12,P1451,6,7410.47,Paid,Completed,Mumbai
O100734,C12273,2026-01-11,P1064,7,24749.81,Paid,Completed,Hyderabad
O100735,C10664,2026-02-01,P1162,1,7234.15,Paid,Cancelled,Delhi
O100736,C11748,2026-01-31,P1175,5,4227.92,Refunded,Completed, 
O100737,C10555,2026-07-11,P1046,2,19521.41,Failed,Completed,Bangalore
O100738,C10476,2026-02-18,P1217,3,21025.16,Paid,Completed,Hyderabad
O100739,C13026,2026-03-28,P1220,1,10026.74,Paid,Completed,Chennai
O100740,C11573,2026-01-01,P1010,7,13664.47,Paid,Completed,Delhi
O100741,C10000,2026-01-07,P1189,2,10528.96,Paid,Completed,Delhi
O100742,C10194,2026-01-03,P1370,6,7559.87,Failed,Completed,Mumbai
O100743,C13273,2026-06-17,P1387,7,20390.41,Paid,Completed,Kolkata
O100744,C12480,2026-07-16,P1085,1,18998.82,Pending,Processing,Hyderabad
O100745,C13380,2026-06-06,P1032,6,12287.62,Paid,Completed,Hyderabad
O100746,C11095,2026-01-15,P1417,7,11552.11,Paid,Completed,Mumbai
O100747,C11258,2026-07-11,P1094,7,4750.04,Failed,Completed,Pune
O100748,C12469,2026-02-05,P1329,5,16040.65,Paid,Completed,Bangalore
O100749,C12662,2026-03-30,P1418,6,23114.84,Paid,Completed,
O100750,C10106,2026-04-07,P1180,4,18055.44,Pending,Cancelled,Pune
O100751,C13631,2026-09-13,P1283,3,12804.88,Refunded,Completed,Bangalore
O100752,C13199,2026-04-04,P1022,6,1254.87,Paid,Completed,Pune
O100753,C10527,2026-04-22,P1048,6,23277.99,Paid,Completed,Kolkata
O100754,C10041,2026-06-26,P1331,2,7908.7,Paid,Completed,Mumbai
O100755,C13079,2026-02-19,P1220,7,7708.83,Paid,Cancelled,Hyderabad
O100756,C13614,2026-03-21,P1001,7,11899.02,Paid,Cancelled,pune
O100757,C11289,2026-07-11,P1076,1,10900.4,Pending,Completed,Delhi
O100758,C11284,2026-04-01,P1355,1,24070.03,Refunded,Completed,Kolkata
O100759,C12060,2026-08-14,P1110,2,4375.68,Pending,Completed,Mumbai
O100760,C12700,2026-04-01,P1153,3,17321.32,Paid,Completed,Chennai
O100761,C12592,2026-03-18,P1144,6,2937.05,Paid,Completed,Chennai
O100762,C13012,2026-08-16,P1298,3,7139.37,Paid,Completed,Hyderabad
O100763,C10456,2026-01-16,P1096,7,18136.79,Paid,Processing,Hyderabad
O100764,C12080,2026-01-20,P1314,6,20159.87,Paid,Completed,
O100765,C12026,2026-03-03,P1376,1,11882.44,Paid,Completed,Chennai
O100766,C13802,2026-06-09,P1213,3,19796.82,Paid,Completed,Hyderabad
O100767,C13675,2026-05-30,P1321,6,23397.64,Paid,Completed,Delhi
O100768,C13003,2026-02-25,P1073,4,23413.95,Paid,Completed,Hyderabad
O100769,C13510,2026-06-28,P1294,5,8759.12,Paid,Completed,Delhi
O100770,C12984,2026-04-03,P1025,5,8009.85,Paid,Completed,Mumbai
O100771,C12884,2026-03-27,P1221,4,18243.18,Paid,Processing,Pune
O100772,C10863,2026-02-21,P1405,3,16456.13,Paid,Processing,Bangalore
O100773,C12470,2026-09-12,P1202,6,9988.95,Paid,Processing,Kolkata
O100774,C13667,2026-04-09,P1277,1,5948.23,Paid,Completed,Kolkata
O100775,C13002,2026-03-21,P1343,3,15575.27,Paid,Processing, Mumbai 
O100776,C12420,2026-06-22,P1441,2,10926.9,Paid,Completed,Mumbai
O100777,C11033,2026-08-21,P1028,7,3563.2,Paid,Completed,Hyderabad
O100778,C12716,2026-07-19,P1114,2,16089.44,Paid,Completed,Hyderabad
O100779,C11389,2026-08-18,P1265,7,17532.56,Paid,Completed,Mumbai
O100780,C10261,2026-03-01,P1481,3,9296.53,Paid,Processing,Kolkata
O100781,C10958,2026-02-03,P1109,4,20849.27,Paid,Cancelled,Mumbai
O100782,C11558,2026-06-23,P1152,2,2119.73,Paid,Processing,Pune
O100783,C13989,2026-05-07,P1404,7,12548.97,Paid,Cancelled,Hyderabad
O100784,C13042,2026-07-07,P1444,6,23921.46,Pending,Completed,Mumbai
O100785,C11119,2026-03-14,P1117,5,5004.44,Paid,Completed,Hyderabad
O100786,C13052,2026-05-03,P1122,1,4556.41,Paid,Completed,Kolkata
O100787,C11431,2026-09-09,P1422,4,9653.81,Paid,Returned,Pune
O100788,C12433,2026-04-07,P1204,7,6921.68,Paid,Processing,Chennai
O100789,C13061,2026-07-26,P1321,2,5771.87,Paid,Returned,Pune
O100790,C12965,2026-01-22,P1250,1,23761.12,Paid,Completed,Pune
O100791,C10560,2026-07-03,P1133,6,8817.74,Paid,Completed,Pune
O100792,C13304,2026-01-31,P1251,5,1778.0,Paid,Completed,Bangalore
O100793,C13694,2026-09-03,P1000,2,22524.61,Paid,Completed,Pune
O100794,C10934,2026-02-20,P1283,2,11371.68,Paid,Completed,Kolkata
O100795,,2026-02-16,P1213,1,18477.76,Paid,Cancelled,
O100796,C13755,2026-06-14,P1394,1,9373.48,Paid,Processing,Delhi
O100797,C13937,2026-07-21,P1422,3,23398.68,Paid,Completed,Hyderabad
O100798,C11815,2026-04-13,P1123,2,7408.67,Paid,Completed,
O100799,C10138,2026-05-25,P1196,7,16670.34,Pending,Completed,Mumbai
O100800,C13734,2026-06-14,P1401,5,20661.32,Paid,Cancelled,
O100801,C10101,2026-03-11,P1019,1,6176.94,Paid,Completed,Delhi
O100802,C11321,2026-08-18,P1331,4,20097.32,Paid,Completed,Hyderabad
O100803,C10359,2026-04-12,P1468,2,19869.22,Paid,Completed,MUMBAI
O100804,C12048,2026-05-30,P1346,4,24116.32,Paid,Completed,Bangalore
O100805,C10150,2026-08-07,P1313,2,23093.45,Pending,Processing,Delhi
O100806,C10902,2026-07-26,P1433,1,9898.64,Paid,Processing,Mumbai
O100807,C11836,2026-08-11,P1168,3,14886.43,Paid,Cancelled,Pune
O100808,C10296,2026-07-13,P1097,2,23154.77,Failed,Completed,Pune
O100809,C11923,2026-02-12,P1145,6,408.08,Paid,Completed,Kolkata
O100810,C11061,2026-09-09,P1161,7,15795.55,Paid,Completed,Pune
O100811,C11068,2026-01-13,P1065,1,5619.48,Paid,Completed,Delhi
O100812,C13751,2026-09-09,P1244,1,18547.52,Paid,Completed,Hyderabad
O100813,C12763,2026-02-23,P1461,1,19972.8,Paid,Completed,Pune
O100814,C13720,2026-06-14,P1358,4,17910.09,Paid,Completed,Kolkata
O100815,C12304,2026-09-05,P1320,1,24903.13,Paid,Cancelled,Chennai
O100816,C13631,2026-07-19,P1125,7,12137.66,Paid,Completed,Chennai
O100817,C13352,2026-06-06,P1219,4,14165.23,Paid,Completed,Bangalore
O100818,C13994,2026-09-12,P1360,5,10402.11,Paid,Completed,Bangalore
O100819,C12014,2026-05-28,P1282,6,24357.38,Paid,Completed, 
O100820,C12786,2026-01-29,P1029,6,23092.08,Pending,Completed,Pune
O100821,C10643,2026-01-22,P1085,6,24669.93,Paid,Completed,Chennai
O100822,C13760,2026-04-07,P1331,3,24626.81,Failed,Completed,Chennai
O100823,C11596,2026-02-15,P1255,7,22417.78,Paid,Processing,Pune
O100824,C13669,2026-06-07,P1384,6,23292.67,Paid,Completed,Pune
O100825,C10403,2026-03-30,P1224,1,3261.06,Paid,Returned,Hyderabad
O100826,C12062,2026-06-10,P1296,5,4586.14,Paid,Completed,Kolkata
O100827,C10005,2026-01-25,P1239,1,22164.13,Failed,Completed,Mumbai
O100828,C11665,2026-01-15,P1368,5,18251.97,Paid,Processing,Pune
O100829,C10333,2026-01-25,P1445,6,21912.22,Paid,Completed,Delhi
O100830,C11798,2026-06-05,P1256,1,19319.83,Paid,Completed,Delhi
O100831,C12224,2026-07-17,P1132,3,3747.71,Paid,Completed,Kolkata
O100832,C13411,2026-04-07,P1431,1,22939.17,Paid,Completed,Hyderabad
O100833,C11182,2026-06-30,P1132,4,19349.34,Paid,Completed,Hyderabad
O100834,C12269,2026-01-27,P1070,1,14398.91,Pending,Processing,Mumbai
O100835,C10266,2026-08-11,P1339,2,13449.33,Paid,Completed,Bangalore
O100836,C13656,2026-04-02,P1281,4,14472.83,Failed,Completed,Pune
O100837,C11808,2026-07-09,P1304,5,9943.3,Paid,Processing,Bangalore
O100838,C11011,2026-01-23,P1325,6,20139.52,Failed,Completed,Kolkata
O100839,C11854,2026-04-20,P1089,6,22752.73,Paid,Processing,Pune
O100840,C11927,2026-02-20,P1316,1,6547.0,Failed,Cancelled,Kolkata
O100841,C12975,2026-08-23,P1258,6,1239.77,Paid,Cancelled,Bangalore
O100842,C13901,2026-04-06,P1166,7,5312.31,Paid,Completed,Pune
O100843,C10745,2026-04-24,P1077,6,19006.26,Refunded,Completed,Chennai
O100844,C10218,2026-06-13,P1176,6,21749.51,Failed,Completed, Mumbai 
O100845,C12624,2026-02-07,P1269,1,8909.57,Paid,Processing,Mumbai
O100846,C13541,2026-04-15,P1019,1,4063.96,Paid,Completed,Kolkata
O100847,C12261,2026-09-11,P1441,2,21505.79,Paid,Completed,DELHI
O100848,,2026-04-16,P1427,3,5601.68,Paid,Completed,Delhi
O100849,C11688,2026-01-08,P1136,3,6274.29,Paid,Returned,Bangalore
O100850,C12621,2026-01-24,P1190,4,2587.53,Pending,Completed,Hyderabad
O100851,C11313,2026-07-15,P1445,4,22785.01,Paid,Completed,
O100852,C13382,2026-04-16,P1261,2,8370.07,Paid,Completed,Hyderabad
O100853,C10899,2026-03-01,P1449,6,4544.48,Paid,Completed,Delhi
O100854,C11459,2026-05-29,P1101,2,23855.03,Paid,Returned,Mumbai
O100855,C13668,2026-01-03,P1104,2,8587.35,Paid,Completed,Bangalore
O100856,C12296,2026-05-04,P1298,5,18762.9,Paid,Processing,Pune
O100857,C10024,2026-06-19,P1319,6,5990.77,Paid,Completed,
O100858,C10976,2026-04-01,P1096,6,18252.6,Paid,Completed,Pune
O100859,C13015,2026-07-19,P1299,7,6034.41,Failed,Completed,Kolkata
O100860,C10208,2026-04-27,P1004,2,16052.18,Paid,Completed,Pune
O100861,C13975,2026-07-10,P1140,2,11189.32,Pending,Completed,Hyderabad
O100862,C13594,2026-07-25,P1375,2,20028.33,Paid,Completed,Delhi
O100863,C10896,2026-01-23,P1142,2,18337.71,Paid,Processing,Pune
O100864,C13584,2026-03-21,P1236,6,23406.49,Paid,Completed,Hyderabad
O100865,C12800,2026-03-14,P1374,3,9602.57,Pending,Completed,Chennai
O100866,C11702,2026-05-07,P1417,1,18932.08,Refunded,Completed,Mumbai
O100867,C10785,2026-05-13,P1183,1,24230.44,Paid,Processing,Mumbai
O100868,C10801,2026-08-05,P1200,3,8606.83,Paid,Completed,Hyderabad
O100869,C12378,2026-06-08,P1345,2,7463.1,Paid,Completed,Mumbai
O100870,C11665,2026-04-15,P1029,7,19295.55,Paid,Completed,Kolkata
O100871,C12382,2026-05-20,P1311,6,11304.38,Paid,Completed,Kolkata
O100872,C11322,2026-07-29,P1123,5,10146.7,Paid,Completed,Delhi
O100873,C10921,2026-01-06,P1469,5,13776.63,Paid,Processing,Bangalore
O100874,C13348,2026-08-01,P1408,4,23407.61,Paid,Completed,Mumbai
O100875,C13683,2026-07-31,P1487,1,2371.1,Paid,Completed,Chennai
O100876,C12823,2026-07-13,P1323,4,11802.44,Paid,Completed,Bangalore
O100877,C10646,2026-05-23,P1124,2,3020.48,Paid,Completed,Pune
O100878,C10369,2026-04-08,P1302,4,22124.58,Paid,Completed,Hyderabad
O100879,C12158,2026-09-07,P1283,2,3676.52,Paid,Completed,Pune
O100880,C12203,2026-05-10,P1292,4,2515.67,Paid,Returned,Delhi
O100881,C12559,2026-01-06,P1329,3,24104.73,Paid,Cancelled,Mumbai
O100882,C13627,2026-07-22,P1072,6,14214.57,Failed,Completed,Chennai
O100883,C12589,2026-01-22,P1250,2,20699.56,Failed,Completed,Kolkata
O100884,C13667,2026-08-18,P1126,5,11915.34,Pending,Completed,Hyderabad
O100885,C10471,2026-03-07,P1291,2,11060.35,Paid,Processing,Pune
O100886,C12839,2026-04-25,P1384,7,22816.76,Paid,Completed,
O100887,C13712,2026-02-06,P1221,7,24749.85,Paid,Processing, Kolkata 
O100888,C11852,2026-02-28,P1330,5,15577.74,Paid,Completed,Hyderabad
O100889,C13873,2026-03-01,P1152,6,22979.25,Paid,Completed,Chennai
O100890,C12211,2026-03-23,P1330,5,21609.15,Paid,Cancelled,Chennai
O100891,C13774,2026-09-08,P1296,4,13737.04,Paid,Completed,Pune
O100892,C12996,2026-02-04,P1182,1,23545.26,Paid,Cancelled,Kolkata
O100893,C11832,2026-04-04,P1068,7,5488.39,Paid,Completed, 
O100894,C10137,2026-06-17,P1218,1,22155.67,Paid,Processing,Kolkata
O100895,C12631,2026-03-27,P1470,1,7941.1,Paid,Completed,Delhi
O100896,C11017,2026-05-12,P1056,7,1053.73,Paid,Completed,Delhi
O100897,C11155,2026-07-23,P1466,5,19741.06,Pending,Completed,Mumbai
O100898,C10079,2026-05-26,P1002,1,23271.43,Paid,Completed,Kolkata
O100899,C12232,2026-05-27,P1391,2,5654.53,Paid,Processing,Bangalore
O100900,C11158,2026-05-26,P1303,2,13491.91,Paid,Completed,Hyderabad
O100901,C13932,2026-05-14,P1058,6,18808.86,Paid,Completed,Chennai
O100902,C12998,2026-02-25,P1368,2,8491.1,Refunded,Processing,Mumbai
O100903,C11431,2026-03-03,P1291,7,3928.88,Failed,Completed, 
O100904,C11178,2026-07-22,P1182,7,9988.48,Paid,Completed,Delhi
O100905,C12862,2026-04-14,P1078,6,11577.28,Paid,Processing,Hyderabad
O100906,C11017,2026-02-14,P1332,5,18632.86,Paid,Completed,hyderabad
O100907,C11793,2026-09-12,P1477,5,5207.49,Paid,Completed,Chennai
O100908,C10642,2026-04-13,P1168,1,20433.27,Paid,Completed,Pune
O100909,C11017,2026-03-07,P1073,6,12703.82,Paid,Returned,Delhi
O100910,C10393,2026-01-19,P1058,4,22626.1,Paid,Completed,Mumbai
O100911,C11709,2026-08-29,P1161,5,14274.91,Paid,Processing,Bangalore
O100912,C13710,2026-09-03,P1029,3,11337.31,Pending,Completed,Bangalore
O100913,C10403,2026-02-25,P1088,2,7383.8,Paid,Completed,Delhi
O100914,C11750,2026-02-27,P1317,2,2924.19,Paid,Completed, 
O100915,C11194,2026-04-28,P1069,1,9481.07,Failed,Processing,Delhi
O100916,C11453,2026-01-20,P1310,4,10516.49,Paid,Completed,Hyderabad
O100917,C13088,2026-07-18,P1499,2,14336.69,Paid,Returned,Kolkata
O100918,C11741,2026-04-05,P1356,5,21538.32,Paid,Completed,Pune
O100919,C12603,2026-02-12,P1464,4,11756.23,Paid,Completed,chennai
O100920,C13891,2026-02-04,P1099,2,8062.83,Paid,Completed,Hyderabad
O100921,C12467,2026-05-04,P1487,1,21869.49,Paid,Cancelled,KOLKATA
O100922,C11350,2026-08-12,P1095,1,18427.78,Paid,Processing,Hyderabad
O100923,C11591,2026-07-09,P1277,1,7883.63,Paid,Processing,Kolkata
O100924,C12785,2026-08-13,P1374,5,4423.56,Paid,Completed,Chennai
O100925,C12779,2026-03-15,P1352,1,7488.38,Paid,Completed,Mumbai
O100926,C11473,2026-08-15,P1021,3,3353.85,Paid,Completed,Pune
O100927,C12900,2026-01-22,P1355,7,22614.38,Pending,Processing,Bangalore
O100928,C12204,2026-09-15,P1081,5,15409.65,Paid,Completed,Kolkata
O100929,C13924,2026-04-07,P1219,3,21628.76,Paid,Processing,Hyderabad
O100930,C13635,2026-04-18,P1396,1,20562.91,Paid,Completed,Kolkata
O100931,C13298,2026-06-12,P1465,4,4084.92,Paid,Completed,Hyderabad
O100932,C10137,2026-01-23,P1278,5,11242.13,Paid,Completed,Bangalore
O100933,C11522,2026-01-08,P1482,7,24309.97,Paid,Cancelled,Mumbai
O100934,C12295,2026-03-20,P1401,3,6074.72,Failed,Completed,Kolkata
O100935,C12088,2026-06-24,P1073,5,1540.9,Paid,Completed,Hyderabad
O100936,C13056,2026-05-09,P1498,3,8846.45,Paid,Completed,Pune
O100937,C13639,2026-03-31,P1065,6,12920.36,Paid,Completed,Bangalore
O100938,C13151,2026-06-29,P1269,7,1680.17,Paid,Completed,Chennai
O100939,C10881,2026-08-25,P1415,5,10838.84,Paid,Processing,Delhi
O100940,C11944,2026-04-13,P1413,2,6559.29,Paid,Returned,Chennai
O100941,C11575,2026-01-29,P1146,7,5539.31,Paid,Completed,Delhi
O100942,C13067,2026-07-20,P1324,7,6818.51,Paid,Completed,Kolkata
O100943,C13583,2026-07-14,P1249,3,2903.35,Paid,Completed,Chennai
O100944,C11148,2026-03-20,P1175,3,2193.2,Pending,Cancelled,Chennai
O100945,C11957,2026-05-30,P1095,7,15017.38,Paid,Completed,Chennai
O100946,C12930,2026-02-02,P1377,5,23711.42,Refunded,Completed,Bangalore
O100947,C10199,2026-04-26,P1329,7,20177.08,Refunded,Returned,Chennai
O100948,C13855,2026-04-05,P1132,4,20897.3,Paid,Completed,Kolkata
O100949,C13202,2026-04-10,P1205,2,18456.52,Paid,Completed,Hyderabad
O100950,C12172,2026-06-21,P1422,7,23912.78,Paid,Processing,Hyderabad
O100951,C13117,2026-08-13,P1233,3,23778.6,Paid,Completed,Delhi
O100952,C13348,2026-01-13,P1170,1,19524.09,Paid,Completed,Hyderabad
O100953,,2026-08-14,P1402,1,17983.87,Paid,Completed,Chennai
O100954,C11761,2026-02-05,P1330,6,7840.4,Paid,Completed,Hyderabad
O100955,C13353,2026-05-06,P1482,5,2551.81,Paid,Completed, Kolkata 
O100956,C13441,2026-05-28,P1166,4,2593.84,Paid,Completed,Delhi
O100957,C10494,2026-03-24,P1493,2,18485.65,Paid,Completed,Mumbai
O100958,C13634,2026-03-15,P1357,3,1000.83,Pending,Completed,Pune
O100959,C11108,2026-06-12,P1469,1,20465.31,Paid,Completed,Hyderabad
O100960,C12670,2026-01-30,P1499,3,9351.97,Paid,Completed,Delhi
O100961,C12839,2026-02-27,P1314,7,5044.39,Paid,Completed,Pune
O100962,C11119,2026-02-03,P1236,1,10367.44,Paid,Completed,Chennai
O100963,C11217,2026-07-29,P1237,5,17670.82,Paid,Completed,Mumbai
O100964,C12827,2026-01-09,P1093,5,7095.23,Failed,Completed,Mumbai
O100965,C10700,2026-03-28,P1179,3,4588.37,Paid,Processing,Chennai
O100966,C13436,2026-06-14,P1349,5,18525.74,Paid,Completed,Delhi
O100967,C10892,2026-07-09,P1238,2,22052.83,Paid,Processing,Kolkata
O100968,C11405,2026-01-20,P1433,6,14762.96,Pending,Completed,Delhi
O100969,C11067,2026-03-15,P1202,5,13239.23,Paid,Processing,Mumbai
O100970,C10981,2026-02-23,P1213,2,18945.42,Paid,Cancelled,Mumbai
O100971,C13918,2026-04-30,P1265,5,18396.37,Paid,Processing,Mumbai
O100972,C11014,2026-01-04,P1106,3,455.08,Refunded,Processing,Chennai
O100973,C12315,2026-07-15,P1338,2,7261.56,Paid,Completed,Delhi
O100974,C12983,2026-01-02,P1373,6,23320.72,Paid,Completed,Pune
O100975,C10168,2026-01-30,P1270,6,24016.99,Paid,Completed,Hyderabad
O100976,C13529,2026-07-18,P1315,6,12904.09,Paid,Completed,Mumbai
O100977,C10612,2026-03-03,P1034,4,14134.22,Failed,Completed,Delhi
O100978,C12354,2026-04-25,P1034,6,316.22,Paid,Completed,kolkata
O100979,C12566,2026-01-19,P1000,3,16906.8,Paid,Completed,Hyderabad
O100980,C12520,2026-02-07,P1046,2,5547.17,Paid,Completed,Bangalore
O100981,C12936,2026-01-11,P1446,1,3459.42,Paid,Processing,Kolkata
O100982,C13727,2026-09-01,P1108,6,7825.7,Refunded,Completed,Hyderabad
O100983,C13710,2026-07-17,P1110,1,16722.84,Paid,Cancelled,Chennai
O100984,C12314,2026-05-25,P1244,4,11077.43,Paid,Completed,Kolkata
O100985,C11480,2026-07-18,P1273,1,8921.74,Paid,Completed,Bangalore
O100986,C11287,2026-08-19,P1025,3,18252.15,Refunded,Cancelled,Mumbai
O100987,C13549,2026-05-02,P1315,6,20398.89,Paid,Completed,Kolkata
O100988,C13415,2026-09-09,P1145,7,21769.3,Paid,Processing,Kolkata
O100989,C11184,2026-05-09,P1318,2,11285.39,Paid,Completed,Pune
O100990,C10609,2026-06-26,P1040,6,18030.35,Paid,Cancelled,Chennai
O100991,C13447,2026-08-21,P1209,7,22164.77,Paid,Returned,Chennai
O100992,C12435,2026-09-03,P1042,3,22749.99,Paid,Cancelled,Hyderabad
O100993,C11253,2026-03-20,P1465,5,12455.4,Paid,Completed,Chennai
O100994,C12444,2026-08-21,P1223,5,9076.57,Pending,Completed,Delhi
O100995,C10264,2026-07-04,P1293,1,22534.6,Paid,Completed,Hyderabad
O100996,C10761,2026-04-25,P1249,4,6757.33,Paid,Returned,Delhi
O100997,C12184,2026-03-15,P1154,7,19982.13,Paid,Completed,Bangalore
O100998,C12158,2026-05-27,P1176,4,22743.78,Paid,Completed,Hyderabad
O100999,C10987,2026-03-31,P1311,6,18571.05,Paid,Returned,Chennai
O101000,C13931,2026-07-18,P1476,5,17092.55,Paid,Processing,Kolkata
O101001,C11651,2026-05-12,P1176,4,1551.73,Paid,Processing,Bangalore
O101002,C12836,2026-03-24,P1424,7,5325.78,Paid,Completed,Hyderabad
O101003,C11034,2026-07-08,P1211,4,16764.27,Paid,Completed,Mumbai
O101004,C11699,2026-01-11,P1187,1,19694.33,Failed,Completed,Bangalore
O101005,C13327,2026-08-10,P1382,6,1865.76,Paid,Processing,Pune
O101006,C13397,2026-06-03,P1354,3,770.77,Paid,Completed,Mumbai
O101007,C10541,2026-03-15,P1086,3,7994.36,Paid,Completed,Hyderabad
O101008,C11419,2026-01-22,P1311,2,16230.39,Refunded,Completed,Hyderabad
O101009,C10813,2026-08-24,P1203,7,12947.45,Paid,Completed,Hyderabad
O101010,C13563,2026-07-30,P1445,3,506.48,Paid,Cancelled,Delhi
O101011,C13017,2026-04-27,P1116,3,4044.82,Paid,Cancelled,Bangalore
O101012,C12255,2026-07-25,P1226,1,18879.36,Paid,Completed,Bangalore
O101013,C12602,2026-03-06,P1061,6,7652.24,Paid,Completed,Chennai
O101014,C13659,2026-06-30,P1099,1,3194.56,Paid,Processing,Mumbai
O101015,C11214,2026-04-17,P1169,6,1556.33,Failed,Completed,Chennai
O101016,C10054,2026-07-27,P1373,3,21305.92,Paid,Completed,Chennai
O101017,C10105,2026-08-04,P1155,2,11950.15,Paid,Completed,Mumbai
O101018,C10186,2026-08-02,P1036,7,12740.86,Paid,Completed,Chennai
O101019,C10514,2026-08-24,P1275,3,1815.13,Pending,Processing,Mumbai
O101020,C12285,2026-08-20,P1034,6,12367.92,Refunded,Completed,Bangalore
O101021,C13927,2026-08-16,P1437,3,16250.6,Paid,Completed,Chennai
O101022,C11681,2026-07-18,P1326,5,3333.13,Paid,Completed,Mumbai
O101023,C12851,2026-08-26,P1353,6,22592.14,Paid,Completed,Kolkata
O101024,C13171,2026-07-06,P1261,2,19648.69,Paid,Completed,Chennai
O101025,C13208,2026-06-22,P1018,6,20106.56,Paid,Completed,Hyderabad
O101026,C11774,2026-06-16,P1361,3,13552.37,Paid,Completed,Chennai
O101027,C12201,2026-07-24,P1007,1,8547.87,Paid,Completed,Mumbai
O101028,C11316,2026-03-10,P1431,6,16119.17,Paid,Completed,Kolkata
O101029,C12753,2026-04-16,P1477,3,5866.64,Pending,Completed,Mumbai
O101030,C11532,2026-05-06,P1449,4,3681.05,Paid,Completed,Pune
O101031,C11245,2026-04-22,P1271,5,13596.77,Paid,Completed,Chennai
O101032,C12511,2026-04-08,P1372,7,12122.07,Paid,Completed,Hyderabad
O101033,C11366,2026-04-10,P1365,7,4011.98,Paid,Completed,Kolkata
O101034,C11633,2026-07-06,P1023,5,13400.98,Paid,Completed,Hyderabad
O101035,C12845,2026-08-26,P1408,7,13797.77,Paid,Processing,Chennai
O101036,C13416,2026-07-29,P1140,5,21826.41,Paid,Processing,
O101037,C11740,2026-07-11,P1118,2,19052.49,Pending,Processing,Delhi
O101038,C12090,2026-06-07,P1456,6,5673.87,Paid,Completed,Chennai
O101039,C12987,2026-04-20,P1413,5,20502.92,Paid,Completed,Hyderabad
O101040,C10900,2026-07-21,P1008,3,24234.65,Pending,Completed,Bangalore
O101041,C11661,2026-03-14,P1446,2,18000.5,Paid,Completed,Hyderabad
O101042,C13248,2026-08-29,P1167,4,19738.98,Paid,Completed,Delhi
O101043,C13580,2026-02-25,P1262,1,6880.82,Paid,Cancelled,Mumbai
O101044,C12581,2026-08-20,P1207,5,24799.99,Paid,Cancelled,Pune
O101045,C11574,2026-06-03,P1485,3,4656.95,Paid,Completed,Bangalore
O101046,C12425,2026-07-31,P1287,7,18846.24,Paid,Cancelled,
O101047,C10715,2026-01-27,P1444,2,10061.92,Paid,Completed,Delhi
O101048,C10117,2026-04-13,P1059,6,9114.67,Paid,Completed,Hyderabad
O101049,C10298,2026-04-22,P1348,6,7343.43,Refunded,Processing,Delhi
O101050,C10433,2026-06-22,P1362,3,11194.2,Paid,Completed,Mumbai
O101051,C10903,2026-03-22,P1050,6,19834.6,Paid,Completed,Bangalore
O101052,C11848,2026-07-16,P1039,5,23542.02,Paid,Completed,Kolkata
O101053,C10929,2026-08-10,P1370,1,10581.08,Paid,Processing,Delhi
O101054,C12342,2026-04-03,P1334,2,16396.29,Paid,Processing,Pune
O101055,C13996,2026-08-15,P1266,3,19769.14,Paid,Completed,Pune
O101056,C11994,2026-01-13,P1328,2,2763.48,Paid,Completed,
O101057,C13029,2026-04-16,P1015,-1,24025.43,Paid,Completed,Chennai
O101058,C11170,2026-07-17,P1280,6,5527.35,Paid,Completed,Delhi
O101059,C13854,2026-03-30,P1415,5,22902.46,Paid,Completed,Pune
O101060,C10997,2026-05-20,P1492,4,24669.09,Paid,Completed,PUNE
O101061,C12388,2026-03-21,P1201,7,2779.99,Paid,Processing,Hyderabad
O101062,C13936,2026-07-25,P1393,4,22350.86,Paid,Cancelled,
O101063,C13235,2026-04-12,P1477,5,16130.46,Paid,Completed,
O101064,C13971,2026-03-19,P1440,2,20502.79,Paid,Completed,Delhi
O101065,C11520,2026-07-30,P1083,3,2994.71,Paid,Completed,Kolkata
O101066,C10310,2026-06-12,P1296,3,20906.27,Paid,Completed,Kolkata
O101067,C10974,2026-08-28,P1379,7,15763.05,Paid,Completed,Mumbai
O101068,C13833,2026-05-06,P1481,2,12912.28,Paid,Completed,Hyderabad
O101069,C11483,2026-03-08,P1064,1,14132.81,Pending,Completed,
O101070,C10499,2026-09-07,P1159,2,18688.35,Pending,Completed,Kolkata
O101071,C12374,2026-06-11,P1103,5,7651.63,Paid,Completed,Hyderabad
O101072,C12003,2026-01-19,P1350,7,23603.89,Failed,Completed,Mumbai
O101073,C10250,2026-02-19,P1175,5,7898.62,Pending,Completed,Kolkata
O101074,C11813,2026-02-03,P1053,4,21963.88,Paid,Cancelled,Hyderabad
O101075,C12533,2026-02-13,P1124,3,599.15,Paid,Cancelled,Pune
O101076,C10931,2026-01-11,P1074,7,22937.06,,Completed,Bangalore
O101077,C10498,2026-01-05,P1121,4,21333.97,Paid,Completed,Hyderabad
O101078,C13461,2026-01-28,P1040,7,3367.26,Paid,Completed,Bangalore
O101079,C12503,2026-06-19,P1338,3,18502.0,Paid,Completed,Mumbai
O101080,C10621,2026-02-16,P1369,2,9540.64,Failed,Completed,Mumbai
O101081,C12518,2026-06-10,P1060,1,12150.52,Paid,Completed,Chennai
O101082,C12943,2026-07-02,P1134,-1,1994.25,Paid,Completed,Bangalore
O101083,C12392,2026-04-14,P1436,3,5550.57,Paid,Completed,Delhi
O101084,C10464,2026-03-19,P1476,1,23855.06,Paid,Completed,Kolkata
O101085,C10499,2026-04-20,P1489,1,10623.38,Paid,Completed,Kolkata
O101086,C10180,2026-06-07,P1101,1,942.95,Paid,Completed,Bangalore
O101087,C10936,2026-02-03,P1052,2,13022.43,Paid,Completed,Kolkata
O101088,C10238,2026-07-05,P1227,1,24869.07,Paid,Completed,Mumbai
O101089,C13223,2026-06-11,P1352,1,8520.67,Paid,Cancelled,Chennai
O101090,C10061,2026-08-17,P1099,5,3787.98,Paid,Completed,Chennai
O101091,C12325,2026-09-01,P1409,5,16195.77,Paid,Completed,Delhi
O101092,C13241,2026-06-23,P1476,3,23019.66,Paid,Processing,Bangalore
O101093,C13582,2026-03-31,P1316,5,21520.99,Pending,Cancelled,Mumbai
O101094,C11639,2026-05-29,P1348,3,16527.59,Refunded,Returned,Mumbai
O101095,C12485,2026-06-05,P1034,1,4848.44,Paid,Completed,Pune
O101096,C13807,2026-02-21,P1258,5,19673.69,Paid,Completed,Pune
O101097,C12688,2026-03-23,P1365,4,20633.58,Paid,Cancelled,Bangalore
O101098,C13607,2026-03-19,P1452,6,21283.83,Failed,Completed,Bangalore
O101099,C12739,2026-03-25,P1480,6,10277.35,Paid,Completed,Pune
O101100,C10272,2026-08-01,P1319,2,10398.82,Paid,Completed,Hyderabad
O101101,C10788,2026-03-02,P1138,5,4132.38,Paid,Completed,Mumbai
O101102,C13764,2026-07-29,P1389,7,19385.36,Paid,Cancelled,Kolkata
O101103,C13379,2026-03-23,P1129,2,18509.49,Failed,Completed,CHENNAI
O101104,C11692,2026-08-29,P1460,6,2763.82,Paid,Completed,Delhi
O101105,C10645,2026-05-24,P1448,5,797.32,Paid,Completed,Hyderabad
O101106,C10629,2026-05-08,P1474,6,23807.48,Paid,Returned,Mumbai
O101107,C13622,2026-02-28,P1295,5,726.53,Paid,Completed,Pune
O101108,C10665,2026-03-17,P1382,7,15826.39,Paid,Completed,
O101109,C11546,2026-08-16,P1105,4,11504.95,Pending,Completed,Chennai
O101110,C13606,2026-02-19,P1398,1,19502.11,Paid,Processing,Delhi
O101111,C10133,2026-01-21,P1098,7,2466.9,Paid,Completed,Delhi
O101112,C12524,2026-03-11,P1413,3,17154.63,Paid,Completed,Mumbai
O101113,C11403,2026-07-15,P1261,5,15489.08,Paid,Completed,Kolkata
O101114,C10431,2026-08-31,P1353,5,21383.78,Paid,Processing,Delhi
O101115,C12271,2026-07-14,P1020,7,13108.06,Paid,Completed,Mumbai
O101116,C11941,2026-09-02,P1223,2,18288.81,Paid,Returned,Pune
O101117,C10397,2026-03-29,P1440,1,11108.3,Paid,Processing,Delhi
O101118,C11069,2026-01-11,P1182,5,24604.27,Refunded,Completed,kolkata
O101119,C12963,2026-07-05,P1339,5,14117.45,Paid,Processing,Hyderabad
O101120,C13025,2026-08-14,P1354,3,18912.42,Paid,Completed,Pune
O101121,C12396,2026-04-04,P1190,6,2595.5,Paid,Completed,Mumbai
O101122,C10442,2026-08-18,P1392,1,11730.07,Paid,Completed,mumbai
O101123,C13415,2026-01-11,P1307,1,1891.61,Paid,Completed,Hyderabad
O101124,C10691,2026-09-09,P1292,6,3306.26,Pending,Completed,Pune
O101125,C12886,2026-06-26,P1197,7,12801.54,Refunded,Completed,Chennai
O101126,C10170,2026-06-23,P1457,5,9001.93,Paid,Completed,Chennai
O101127,C11328,2026-02-13,P1244,1,11657.63,Paid,Processing,
O101128,C11914,2026-07-09,P1008,7,12554.76,Paid,Processing,Mumbai
O101129,C10111,2026-02-05,P1480,1,4245.83,Paid,Completed,Chennai
O101130,C10686,2026-04-01,P1122,3,9336.04,Failed,Cancelled,Bangalore
O101131,C11276,2026-03-11,P1399,4,21556.76,Paid,Completed,Mumbai
O101132,C13933,2026-06-03,P1031,6,21458.29,Paid,Completed,Pune
O101133,C13120,2026-07-21,P1357,6,12418.24,Paid,Cancelled,Pune
O101134,C13365,2026-03-18,P1111,3,18803.91,Paid,Completed,Pune
O101135,C12672,2026-02-26,P1211,4,18912.75,Paid,Completed,Chennai
O101136,C11170,2026-04-11,P1467,3,1389.44,Paid,Processing,Delhi
O101137,C12840,2026-06-14,P1258,7,15389.01,Pending,Completed,Kolkata
O101138,C12697,2026-05-30,P1397,6,20171.81,Paid,Completed,Delhi
O101139,C12441,2026-02-12,P1276,6,14971.09,Failed,Completed,Mumbai
O101140,C11194,2026-07-01,P1327,5,13676.35,Paid,Completed,Pune
O101141,C11053,2026-09-11,P1115,3,13421.03,Paid,Cancelled,Bangalore
O101142,C11346,2026-01-09,P1237,7,12846.34,Pending,Completed,Bangalore
O101143,C11250,2026-08-02,P1471,1,19524.21,Pending,Completed,Hyderabad
O101144,C10311,2026-03-28,P1174,1,16168.08,Paid,Completed,
O101145,C13211,2026-07-06,P1020,2,5622.92,Pending,Completed,Chennai
O101146,C11478,2026-05-10,P1297,5,11003.7,Paid,Processing,Pune
O101147,C12828,2026-04-09,P1351,1,13357.04,Paid,Completed,Hyderabad
O101148,C11120,2026-05-24,P1144,7,10648.09,Paid,Cancelled, 
O101149,C12409,2026-01-13,P1039,5,6168.26,Paid,Completed,Kolkata
O101150,C10138,2026-09-08,P1057,7,3381.1,Failed,Cancelled,Chennai
O101151,C10424,2026-06-13,P1114,7,3197.61,Paid,Completed,Hyderabad
O101152,C11459,2026-03-27,P1387,3,7618.31,Paid,Completed,Bangalore
O101153,C11075,2026-01-27,P1041,1,10245.58,Paid,Completed,Chennai
O101154,C11414,2026-05-03,P1342,5,17167.08,Paid,Completed,Pune
O101155,C13725,2026-06-06,P1312,3,24627.45,Paid,Completed,Delhi
O101156,C10295,2026-05-15,P1035,6,22464.69,Paid,Completed,Mumbai
O101157,C11852,2026-08-18,P1252,4,20398.34,Pending,Cancelled, 
O101158,C10793,2026-08-10,P1051,2,20399.28,Paid,Returned,Kolkata
O101159,C11424,2026-06-22,P1405,3,15022.8,Pending,Completed,Delhi
O101160,C12710,2026-01-21,P1344,6,6543.16,Paid,Completed,Pune
O101161,C13894,2026-05-20,P1451,4,11956.92,Paid,Completed, Chennai 
O101162,C12781,2026-08-23,P1009,5,3821.08,Paid,Completed,Bangalore
O101163,C13542,2026-02-11,P1151,7,14290.84,Paid,Completed,Kolkata
O101164,C10589,2026-06-20,P1418,4,868.12,Failed,Cancelled,Mumbai
O101165,C10726,2026-01-17,P1369,1,4979.79,Paid,Completed,Pune
O101166,C13509,2026-03-08,P1333,6,17893.68,Pending,Completed,Chennai
O101167,C12432,2026-01-06,P1147,6,7139.24,Paid,Returned,Chennai
O101168,C13171,2026-01-10,P1365,5,10673.07,Paid,Completed,
O101169,C10892,2026-06-04,P1051,2,20851.91,Paid,Processing,Hyderabad
O101170,C11395,2026-07-14,P1246,2,1400.58,Refunded,Completed,Mumbai
O101171,C10324,2026-04-13,P1269,5,861.53,Paid,Processing,Mumbai
O101172,C13585,2026-08-29,P1422,-1,5955.98,Failed,Completed,Bangalore
O101173,C13828,2026-07-14,P1072,5,17205.75,Paid,Completed,Delhi
O101174,C13432,2026-07-18,P1249,5,6132.18,Paid,Completed,Hyderabad
O101175,C11750,2026-01-19,P1161,6,21633.35,Paid,Processing,Bangalore
O101176,C11365,2026-05-19,P1083,5,8990.65,Paid,Processing,Delhi
O101177,C11851,2026-07-12,P1322,3,7302.73,Paid,Completed,Delhi
O101178,C12552,2026-06-21,P1459,2,6052.95,Refunded,Completed,Kolkata
O101179,C11727,2026-07-07,P1498,2,14477.07,Paid,Cancelled,Pune
O101180,C11687,2026-08-06,P1111,1,21450.89,Paid,Completed,Pune
O101181,C11725,2026-07-28,P1102,2,10329.74,Paid,Completed, 
O101182,C12980,2026-06-25,P1011,1,6537.17,Pending,Completed,Bangalore
O101183,C13149,2026-03-09,P1297,6,10695.4,Paid,Completed,Bangalore
O101184,C13484,2026-06-27,P1469,1,22648.31,Paid,Cancelled,Delhi
O101185,C10972,2026-05-14,P1226,2,8563.08,Paid,Completed,Hyderabad
O101186,C10630,2026-04-09,P1231,7,16496.97,Paid,Cancelled,Kolkata
O101187,C11381,2026-09-08,P1414,5,8444.57,Paid,Cancelled,Chennai
O101188,C11683,2026-05-25,P1454,5,16966.52,Paid,Completed,Pune
O101189,C12809,2026-05-17,P1136,3,22060.97,Paid,Completed,Chennai
O101190,,2026-02-12,P1381,1,15084.4,Paid,Completed,Chennai
O101191,C13939,2026-08-19,P1050,4,23701.82,Paid,Cancelled,Pune
O101192,C11514,2026-02-13,P1036,4,15157.47,Paid,Processing, 
O101193,C11611,2026-06-13,P1149,6,24379.43,Pending,Completed,Mumbai
O101194,C12170,2026-02-28,P1136,2,18176.14,Paid,Completed,Delhi
O101195,C13283,2026-01-12,P1463,2,16423.87,Paid,Completed,Chennai
O101196,C12645,2026-03-07,P1115,4,20796.88,Paid,Completed,Chennai
O101197,C12292,2026-02-24,P1447,3,573.99,Paid,Completed,Mumbai
O101198,C12594,2026-05-05,P1062,7,6654.06,Paid,Completed,Hyderabad
O101199,C11859,2026-02-08,P1340,6,5637.44,,Completed,Chennai
O101200,C13038,2026-04-01,P1328,7,3039.18,Paid,Completed,Pune
O101201,C10301,2026-07-11,P1395,1,23463.33,Paid,Processing,Kolkata
O101202,C12037,2026-02-03,P1282,7,3535.75,Failed,Completed,Delhi
O101203,C13228,2026-03-20,P1115,1,6792.07,Paid,Completed,Pune
O101204,C11211,2026-05-02,P1302,6,8578.55,Paid,Completed,
O101205,C13376,2026-02-14,P1497,2,15728.31,Pending,Completed,Chennai
O101206,C13133,2026-02-08,P1328,6,19256.37,Failed,Cancelled,Kolkata
O101207,C12324,2026-01-05,P1474,7,15235.5,Paid,Completed,Chennai
O101208,C11009,2026-01-07,P1283,2,18799.17,Paid,Completed,Pune
O101209,C13447,2026-06-24,P1034,7,10232.47,Paid,Completed,Chennai
O101210,C10119,2026-02-06,P1362,6,24895.72,Failed,Completed,Bangalore
O101211,C12371,2026-03-21,P1165,5,4501.28,Paid,Completed,Chennai
O101212,C13132,2026-08-24,P1095,3,10174.08,Paid,Completed,Hyderabad
O101213,C11943,2026-06-19,P1168,1,20854.92,Paid,Completed,Delhi
O101214,C10411,2026-02-24,P1322,5,6394.98,Paid,Completed,Pune
O101215,C13338,2026-03-04,P1183,4,18845.82,Paid,Completed,Delhi
O101216,C13639,2026-01-29,P1136,5,9297.73,Paid,Completed,Mumbai
O101217,C12255,2026-03-13,P1386,6,4686.63,Failed,Completed,Mumbai
O101218,C13151,2026-04-13,P1050,4,10262.51,Paid,Completed,Kolkata
O101219,C12444,2026-02-11,P1227,4,19684.28,Failed,Completed,Kolkata
O101220,C12294,2026-04-06,P1076,1,3065.29,Paid,Completed, Pune 
O101221,C10523,2026-02-16,P1432,5,13047.71,Pending,Processing,Chennai
O101222,C11748,2026-02-16,P1225,1,18611.5,Paid,Completed,Bangalore
O101223,C12717,2026-01-02,P1477,7,18863.83,Paid,Cancelled,Chennai
O101224,C11819,2026-08-10,P1207,3,9922.79,Paid,Processing,Delhi
O101225,C12473,2026-04-30,P1480,7,11821.03,Paid,Completed,Hyderabad
O101226,C13582,2026-04-18,P1162,3,21462.12,Paid,Completed,Bangalore
O101227,C11466,2026-01-26,P1015,3,5446.93,Paid,Completed,Hyderabad
O101228,C13316,2026-02-10,P1485,3,24817.03,Paid,Completed, Hyderabad 
O101229,C10116,2026-07-18,P1167,4,10655.16,Paid,Completed,Chennai
O101230,C13413,2026-06-14,P1324,7,7103.65,Pending,Cancelled,CHENNAI
O101231,C10427,2026-04-09,P1007,6,364.2,Paid,Completed,Delhi
O101232,C11286,2026-09-01,P1437,3,3388.07,Paid,Completed,Kolkata
O101233,C12055,2026-04-12,P1160,1,18985.77,Paid,Completed,Kolkata
O101234,C12602,2026-09-11,P1434,6,16336.0,Paid,Completed,Kolkata
O101235,C13815,2026-04-06,P1221,7,6388.71,Paid,Completed,Hyderabad
O101236,C11229,2026-08-29,P1385,7,23196.98,Paid,Completed,Pune
O101237,C10341,2026-05-28,P1165,5,20941.49,Paid,Completed,Pune
O101238,C11836,2026-02-01,P1311,5,6951.06,Paid,Completed,Pune
O101239,C11382,2026-08-15,P1229,1,8453.17,Paid,Completed,Chennai
O101240,C12402,2026-04-05,P1019,2,4863.41,,Completed,Bangalore
O101241,C13694,2026-01-04,P1051,2,16171.2,Refunded,Completed,Kolkata
O101242,C12575,2026-02-10,P1392,2,17618.09,Paid,Completed,
O101243,C12313,2026-04-01,P1320,2,10078.26,Paid,Processing,Delhi
O101244,C10985,2026-04-12,P1065,4,18507.82,Paid,Completed,Pune
O101245,C11059,2026-05-15,P1499,4,24791.7,Paid,Completed,Chennai
O101246,C11745,2026-03-15,P1274,5,15415.12,Paid,Completed,Mumbai
O101247,C13568,2026-04-07,P1399,5,16337.31,Pending,Completed,Chennai
O101248,C12319,2026-03-05,P1232,4,9533.91,Paid,Completed,Mumbai
O101249,C11980,2026-02-08,P1452,4,561.48,Paid,Processing,Pune
O101250,C12171,2026-04-07,P1351,5,23861.86,Paid,Completed, Bangalore 
O101251,C13337,2026-04-06,P1275,1,19376.91,Paid,Completed,Mumbai
O101252,C12713,2026-06-14,P1362,4,17480.53,Paid,Processing,Mumbai
O101253,C13712,2026-04-27,P1307,1,1036.32,Paid,Processing,Mumbai
O101254,,2026-03-25,P1141,3,19047.6,Refunded,Completed,Mumbai
O101255,C10784,2026-07-22,P1121,1,16851.08,Pending,Completed,Chennai
O101256,C10074,2026-06-01,P1204,1,14351.98,Pending,Cancelled,Pune
O101257,C11269,2026-07-31,P1090,4,15702.94,Paid,Completed,Mumbai
O101258,C10251,2026-05-27,P1418,3,22983.64,Paid,Completed,
O101259,,2026-04-22,P1440,2,465.25,Failed,Completed,Pune
O101260,C10752,2026-08-07,P1121,1,4177.21,Paid,Completed,Kolkata
O101261,C11620,2026-05-09,P1417,3,22400.5,Pending,Completed,Hyderabad
O101262,C11598,2026-06-26,P1186,3,502.8,Paid,Completed,DELHI
O101263,C11105,2026-05-04,P1079,7,22619.81,Refunded,Completed,Delhi
O101264,,2026-01-04,P1155,4,1031.91,Paid,Completed,Delhi
O101265,C11735,2026-05-09,P1426,3,19549.64,Paid,Completed,Mumbai
O101266,C13576,2026-05-25,P1418,6,22305.8,Paid,Completed,Bangalore
O101267,C10304,2026-03-24,P1398,2,15429.42,Paid,Completed,Pune
O101268,C11643,2026-02-03,P1258,4,16143.59,,Completed,Hyderabad
O101269,C13106,2026-02-01,P1474,6,1548.92,Paid,Processing,Delhi
O101270,C11979,2026-02-02,P1410,1,5509.01,Pending,Cancelled,Delhi
O101271,C13867,2026-09-10,P1126,4,22516.95,Failed,Completed,Kolkata
O101272,C10699,2026-06-26,P1370,7,20645.79,Failed,Completed,Chennai
O101273,C11265,2026-01-31,P1003,1,1770.83,Pending,Processing,Delhi
O101274,C10464,2026-08-09,P1212,4,20380.73,Refunded,Completed,Hyderabad
O101275,C10987,2026-02-10,P1405,7,10760.07,Paid,Completed,
O101276,C12692,2026-08-17,P1068,3,14149.85,Refunded,Completed,Chennai
O101277,C11949,2026-01-07,P1360,2,2977.61,Paid,Completed,Bangalore
O101278,C10648,2026-02-15,P1230,4,10146.51,Paid,Returned,Kolkata
O101279,C11900,2026-06-13,P1278,6,11042.29,Paid,Completed,Hyderabad
O101280,C13392,2026-07-05,P1470,5,16836.36,Paid,Completed,Delhi
O101281,C11760,2026-02-03,P1396,3,16541.12,Paid,Completed,Kolkata
O101282,C10052,2026-05-15,P1059,4,13857.2,Paid,Completed,Bangalore
O101283,C10219,2026-06-13,P1282,3,1076.72,Paid,Returned,Hyderabad
O101284,C11753,2026-08-19,P1118,5,4289.08,Paid,Completed,Bangalore
O101285,C12374,2026-07-03,P1305,6,4258.65,Paid,Returned,Bangalore
O101286,C13548,2026-09-03,P1462,3,22226.99,Paid,Completed,Mumbai
O101287,C13930,2026-07-09,P1267,3,22572.23,Paid,Completed,Hyderabad
O101288,C13924,2026-09-13,P1137,4,20220.51,Paid,Completed,Chennai
O101289,C12233,2026-06-03,P1048,3,4619.52,Paid,Completed,Delhi
O101290,C10143,2026-09-08,P1229,6,21051.75,Refunded,Completed,Kolkata
O101291,C10854,2026-06-10,P1219,4,4933.58,Pending,Processing,Hyderabad
O101292,C11738,2026-04-08,P1362,2,13999.38,Paid,Completed,Pune
O101293,C13521,2026-04-27,P1034,5,18426.75,Paid,Completed,Hyderabad
O101294,C10086,2026-03-29,P1421,6,1573.56,Failed,Returned,Kolkata
O101295,C12038,2026-01-22,P1181,6,15068.85,Paid,Completed,hyderabad
O101296,C12615,2026-06-30,P1119,1,6503.0,Paid,Completed,Hyderabad
O101297,C11153,2026-07-29,P1275,5,12597.05,Paid,Processing,Kolkata
O101298,C11263,2026-08-27,P1267,3,9782.39,Pending,Completed,Hyderabad
O101299,C11554,2026-08-25,P1258,6,17258.49,Paid,Processing,Chennai
O101300,C11099,2026-06-16,P1257,4,12383.0,Paid,Completed,Kolkata
O101301,C11750,2026-07-26,P1475,1,7750.27,Pending,Completed,Kolkata
O101302,C10632,2026-08-26,P1277,1,22785.86,Paid,Completed,Delhi
O101303,C10797,2026-08-26,P1290,7,23988.62,Paid,Cancelled,Hyderabad
O101304,C10148,2026-08-20,P1236,6,20107.12,Paid,Completed,delhi
O101305,C11646,2026-03-20,P1243,3,14644.3,Pending,Completed,Delhi
O101306,C12831,2026-03-14,P1008,6,22144.69,Failed,Completed,Pune
O101307,C12026,2026-07-17,P1342,1,15161.33,Paid,Processing,Delhi
O101308,C12124,2026-08-03,P1253,-3,3976.1,Paid,Completed,Mumbai
O101309,C11801,2026-01-13,P1272,3,730.46,Pending,Cancelled,BANGALORE
O101310,C12341,2026-03-13,P1141,6,18230.09,Paid,Processing,Chennai
O101311,C10919,2026-06-12,P1243,5,18886.39,Pending,Completed,Hyderabad
O101312,C10830,2026-07-15,P1415,3,23167.9,Paid,Processing,Delhi
O101313,C13770,2026-03-18,P1442,3,20658.67,Paid,Processing,CHENNAI
O101314,C11803,2026-07-24,P1103,1,16097.68,Failed,Processing,Mumbai
O101315,C13311,2026-07-07,P1185,6,5000.49,Paid,Completed,Mumbai
O101316,C13670,2026-01-08,P1035,2,14973.05,Paid,Cancelled,Hyderabad
O101317,C12461,2026-08-11,P1160,7,11036.72,Failed,Completed, 
O101318,C11196,2026-03-30,P1457,1,6033.08,Paid,Completed,
O101319,C12721,2026-03-19,P1063,6,20038.49,Paid,Returned,Bangalore
O101320,C11725,2026-04-05,P1140,6,3994.03,Paid,Completed,Mumbai
O101321,C13895,2026-04-22,P1161,2,15869.38,Paid,Processing,Kolkata
O101322,C13247,2026-02-18,P1388,3,15385.62,Paid,Completed,Delhi
O101323,C13262,2026-01-09,P1453,3,7799.26,Paid,Completed,Hyderabad
O101324,C12356,2026-07-20,P1416,7,10902.21,Paid,Completed,Pune
O101325,C10033,2026-08-30,P1132,6,3179.32,Pending,Completed,Hyderabad
O101326,C13329,2026-03-18,P1471,5,930.66,Paid,Returned,Bangalore
O101327,C10101,2026-05-19,P1110,1,621.56,Paid,Completed,Delhi
O101328,C10489,2026-06-22,P1199,5,4605.77,Paid,Completed,Hyderabad
O101329,C13357,2026-04-12,P1273,4,21714.23,Paid,Completed,Bangalore
O101330,C10875,2026-01-12,P1088,3,13208.44,Failed,Completed,Kolkata
O101331,C13367,2026-09-12,P1017,6,3192.76,Paid,Completed,Delhi
O101332,C10946,2026-07-20,P1483,6,22665.73,Paid,Completed,Delhi
O101333,C13085,2026-03-23,P1409,5,14351.55,Pending,Completed,Bangalore
O101334,C12170,2026-06-05,P1339,4,988.77,Failed,Returned,Pune
O101335,C12686,2026-05-23,P1275,2,19139.4,Paid,Completed,Bangalore
O101336,C13355,2026-04-27,P1358,1,11993.85,Paid,Completed,Mumbai
O101337,C13939,2026-04-08,P1359,7,13461.72,Paid,Processing,Hyderabad
O101338,C10343,2026-09-07,P1380,4,15446.7,Paid,Completed,Kolkata
O101339,C12743,2026-09-13,P1471,1,2632.92,Paid,Processing,Bangalore
O101340,C13837,2026-08-10,P1339,3,23709.18,Paid,Completed,Mumbai
O101341,C11496,2026-08-11,P1364,6,6608.19,Paid,Completed,Hyderabad
O101342,C11336,2026-03-23,P1259,2,15659.26,Paid,Completed, 
O101343,C12722,2026-09-07,P1021,3,21432.41,Paid,Completed,Delhi
O101344,C11609,2026-01-31,P1382,4,8498.36,Paid,Completed,Mumbai
O101345,C10858,2026-06-30,P1216,2,15800.56,Failed,Completed,Kolkata
O101346,C10646,2026-02-24,P1340,4,24725.27,Pending,Completed,Hyderabad
O101347,C10771,2026-02-04,P1465,7,21339.44,Paid,Completed,Mumbai
O101348,C12819,2026-06-15,P1492,1,19548.33,Paid,Completed,Delhi
O101349,C13677,2026-09-02,P1493,3,11150.71,Refunded,Completed,Bangalore
O101350,C13226,2026-05-29,P1200,1,11446.36,Pending,Completed,Delhi
O101351,C11794,2026-03-14,P1491,2,12292.84,Paid,Completed,Kolkata
O101352,C12116,2026-05-01,P1264,5,17353.66,Paid,Completed,Delhi
O101353,C12482,2026-09-11,P1186,1,3865.13,Paid,Completed,Kolkata
O101354,C12321,2026-04-21,P1288,2,21567.39,Paid,Processing,Delhi
O101355,C13876,2026-08-02,P1360,2,746.55,Paid,Completed,Delhi
O101356,C13549,2026-09-09,P1262,4,4498.83,Paid,Completed,Kolkata
O101357,C10174,2026-01-07,P1416,1,12200.81,Paid,Completed,Kolkata
O101358,C13345,2026-06-07,P1065,3,6527.29,Paid,Completed,Pune
O101359,C10456,2026-03-23,P1497,1,9329.87,Paid,Completed,Kolkata
O101360,C12763,2026-06-23,P1455,4,8514.8,Paid,Completed,Delhi
O101361,C11143,2026-06-09,P1096,2,6943.43,Pending,Completed,Kolkata
O101362,C13096,2026-08-08,P1442,3,9692.83,Paid,Completed,Chennai
O101363,C10034,2026-03-04,P1290,5,12780.62,Paid,Completed,Hyderabad
O101364,C11530,2026-03-08,P1092,6,12066.06,Paid,Processing,Pune
O101365,C10086,2026-05-25,P1159,3,20354.48,Paid,Processing,Bangalore
O101366,C13817,2026-06-24,P1256,6,7911.18,Failed,Completed,Pune
O101367,C10061,2026-07-11,P1116,7,7263.19,Paid,Completed,Pune
O101368,C10621,2026-03-07,P1350,1,12759.89,Paid,Cancelled,Mumbai
O101369,C12158,2026-07-09,P1179,3,1483.98,Paid,Completed,Delhi
O101370,C12586,2026-08-31,P1034,7,3061.71,Paid,Completed,Kolkata
O101371,C12918,2026-02-02,P1295,1,20136.27,Paid,Completed,Kolkata
O101372,C10988,2026-01-10,P1427,3,12494.62,Paid,Cancelled,pune
O101373,C11204,2026-08-17,P1294,1,1943.42,Paid,Completed,Hyderabad
O101374,C10960,2026-07-09,P1019,6,11177.46,Failed,Processing, Delhi 
O101375,C10977,2026-08-02,P1352,2,10137.13,Pending,Completed,
O101376,C13129,2026-05-07,P1214,2,6379.52,Paid,Processing, 
O101377,C13795,2026-04-18,P1386,1,9490.95,Refunded,Completed,Chennai
O101378,C12385,2026-06-17,P1052,1,4952.38,Paid,Processing,Bangalore
O101379,C10630,2026-04-30,P1139,5,11391.77,Paid,Completed,Delhi
O101380,C10261,2026-06-10,P1135,1,10390.64,Paid,Completed,Mumbai
O101381,C10957,2026-09-01,P1447,4,15305.26,Paid,Completed,Bangalore
O101382,C10711,2026-05-24,P1168,6,23569.97,Paid,Completed, 
O101383,C12315,2026-06-24,P1366,1,4880.92,Failed,Completed,Bangalore
O101384,C12793,2026-06-19,P1121,2,10610.79,Paid,Completed,Mumbai
O101385,C10018,2026-04-10,P1138,3,14186.85,Paid,Completed,Hyderabad
O101386,C11759,2026-03-07,P1025,7,13810.68,Paid,Processing,Kolkata
O101387,C12493,2026-06-14,P1214,2,16635.11,Failed,Completed,Hyderabad
O101388,C10772,2026-04-28,P1037,4,6917.88,Paid,Completed,Bangalore
O101389,C13606,2026-05-02,P1132,3,15973.4,Paid,Returned,Mumbai
O101390,C12197,2026-05-08,P1287,2,5268.9,Paid,Completed,Hyderabad
O101391,C11382,2026-09-08,P1196,1,3398.75,Paid,Completed,Hyderabad
O101392,C10074,2026-08-29,P1111,6,20841.63,Paid,Completed,Kolkata
O101393,C11938,2026-01-10,P1142,1,12001.38,Paid,Cancelled,Hyderabad
O101394,C11344,2026-06-10,P1444,3,10112.75,Paid,Completed,Delhi
O101395,C13881,2026-02-18,P1362,6,23234.31,Paid,Completed,
O101396,C11516,2026-07-16,P1307,5,17831.01,Paid,Processing,
O101397,C13686,2026-03-17,P1470,4,17025.08,Paid,Cancelled,Mumbai
O101398,C12746,2026-06-14,P1368,2,5098.22,Failed,Completed,Pune
O101399,C10296,2026-02-11,P1381,2,5468.68,Paid,Completed,Hyderabad
O101400,C13733,2026-09-09,P1027,4,12232.6,Paid,Processing,Kolkata
O101401,C10674,2026-08-25,P1146,2,16411.9,Refunded,Completed,Bangalore
O101402,C11793,2026-05-17,P1309,3,10063.23,Paid,Completed,Delhi
O101403,C13694,2026-02-04,P1377,5,1885.38,Paid,Completed,Delhi
O101404,C13316,2026-08-19,P1080,3,17170.81,Paid,Processing,Kolkata
O101405,C11951,2026-07-19,P1014,5,19411.66,Paid,Completed,Bangalore
O101406,C10828,2026-04-09,P1268,6,23624.27,Refunded,Cancelled,Hyderabad
O101407,C12038,2026-05-22,P1214,7,10396.56,Failed,Processing,Delhi
O101408,C12192,2026-03-15,P1465,1,6673.79,Failed,Completed,
O101409,C13990,2026-07-06,P1022,5,23167.46,Paid,Completed,Delhi
O101410,C13298,2026-01-31,P1335,7,17963.93,Paid,Completed,Delhi
O101411,C13448,2026-08-31,P1189,5,1880.46,Paid,Returned,Delhi
O101412,C13947,2026-05-07,P1467,5,14626.68,Paid,Completed,Delhi
O101413,C12094,2026-04-25,P1280,2,1004.61,Paid,Completed,Pune
O101414,C12342,2026-01-02,P1159,5,5895.14,Paid,Processing,Bangalore
O101415,C11819,2026-06-17,P1148,4,2052.54,Paid,Processing,Kolkata
O101416,C10502,2026-07-02,P1384,1,5360.82,Paid,Processing,Delhi
O101417,C12102,2026-09-05,P1283,7,12401.09,Paid,Completed,Hyderabad
O101418,C12332,2026-03-16,P1090,1,7682.0,Pending,Completed,Kolkata
O101419,C10949,2026-05-20,P1115,2,2473.91,Paid,Completed,Delhi
O101420,C13133,2026-06-13,P1218,3,12206.89,Pending,Completed,Delhi
O101421,C10498,2026-09-06,P1492,4,17799.66,Failed,Completed,Pune
O101422,C12009,2026-06-10,P1483,3,1612.19,Paid,Completed,Chennai
O101423,C12652,2026-04-13,P1139,5,22095.34,Failed,Completed,Mumbai
O101424,C10219,2026-04-07,P1462,3,16430.82,Paid,Completed,Bangalore
O101425,C13218,2026-03-03,P1019,-2,13130.2,Paid,Completed,Kolkata
O101426,C11217,2026-06-01,P1363,7,10089.03,Failed,Completed,Delhi
O101427,C12873,2026-02-01,P1338,7,10014.21,Paid,Cancelled,Kolkata
O101428,C10433,2026-04-10,P1306,2,8588.3,Paid,Completed,Pune
O101429,C12483,2026-05-25,P1409,2,3158.52,Paid,Completed, 
O101430,C12230,2026-05-08,P1494,5,2257.27,Failed,Cancelled,Bangalore
O101431,C10600,2026-07-12,P1084,4,7928.11,Paid,Completed,Pune
O101432,C12500,2026-08-05,P1100,2,16776.48,Pending,Completed,kolkata
O101433,C12767,2026-01-06,P1426,5,7423.34,Pending,Completed,Mumbai
O101434,C11995,2026-06-02,P1433,3,20362.94,Failed,Processing,Kolkata
O101435,C12316,2026-05-14,P1201,4,9693.18,Paid,Returned,Kolkata
O101436,C13552,2026-04-15,P1411,2,15890.48,Paid,Completed,Mumbai
O101437,C12793,2026-03-15,P1409,4,10968.26,Paid,Completed,Bangalore
O101438,C13626,2026-06-01,P1332,2,12596.31,Paid,Completed,Pune
O101439,C12211,2026-01-13,P1024,6,6478.97,Paid,Completed,Hyderabad
O101440,C10699,2026-01-15,P1370,2,12992.57,Paid,Cancelled,Bangalore
O101441,C10985,2026-08-04,P1030,4,3033.13,Refunded,Completed,
O101442,C10706,2026-02-10,P1467,7,9853.16,Paid,Completed,Delhi
O101443,C11342,2026-07-08,P1206,7,11373.03,Paid,Completed,Mumbai
O101444,C11911,2026-08-27,P1401,2,17688.7,Paid,Completed,Kolkata
O101445,C11024,2026-03-17,P1167,7,10185.46,Paid,Completed,Mumbai
O101446,C11904,2026-08-17,P1342,3,16736.27,,Completed,Kolkata
O101447,C11458,2026-07-15,P1066,7,4613.02,Paid,Completed,Chennai
O101448,C12223,2026-03-22,P1190,5,923.08,Paid,Processing,Delhi
O101449,C11715,2026-08-16,P1010,6,12796.9,Paid,Completed,chennai
O101450,C11737,2026-06-10,P1410,1,12004.61,Paid,Completed,Delhi
O101451,C11964,2026-02-25,P1164,4,16842.89,Paid,Completed,Kolkata
O101452,C13954,2026-05-21,P1139,4,8044.57,Paid,Completed,Hyderabad
O101453,C12227,2026-08-22,P1480,5,1037.67,Failed,Completed,Chennai
O101454,C12895,2026-05-22,P1411,3,18172.17,Paid,Completed,Chennai
O101455,C11668,2026-04-12,P1261,1,23572.63,Paid,Cancelled, Pune 
O101456,C11304,2026-08-21,P1325,3,10038.31,Paid,Completed,Hyderabad
O101457,C13669,2026-05-26,P1427,7,15394.86,Paid,Completed, 
O101458,C12971,2026-03-25,P1212,4,13753.77,Paid,Completed,Bangalore
O101459,C12331,2026-03-07,P1344,1,14280.24,Paid,Completed, 
O101460,C11346,2026-06-15,P1046,2,21724.19,Paid,Completed,Mumbai
O101461,C11032,2026-01-09,P1035,6,18487.52,Paid,Completed,Bangalore
O101462,C11009,2026-03-05,P1081,4,19313.72,Paid,Completed,Mumbai
O101463,C12016,2026-01-27,P1043,3,2523.93,Paid,Returned,Chennai
O101464,C13502,2026-06-17,P1230,5,3923.67,Failed,Completed,Kolkata
O101465,C13527,2026-09-02,P1452,2,16683.62,Paid,Completed,Pune
O101466,C12982,2026-07-08,P1406,1,13649.31,Paid,Completed,Kolkata
O101467,C12171,2026-03-14,P1406,4,19424.67,Paid,Completed,Hyderabad
O101468,C10940,2026-06-11,P1086,5,2598.91,Paid,Completed,Kolkata
O101469,C11916,2026-07-12,P1034,5,14292.23,Paid,Completed,Bangalore
O101470,C12781,2026-01-14,P1348,7,12305.91,Refunded,Completed,Chennai
O101471,C12381,2026-08-11,P1452,3,21410.77,Pending,Completed,Mumbai
O101472,C12057,2026-06-15,P1316,7,4922.58,Paid,Completed,Pune
O101473,C11714,2026-07-22,P1208,6,8913.21,Paid,Processing,Kolkata
O101474,C13012,2026-04-02,P1165,5,4016.65,Paid,Completed,Mumbai
O101475,C13371,2026-06-17,P1179,3,11457.79,Paid,Completed,Kolkata
O101476,C12893,2026-01-18,P1001,1,22070.72,Paid,Completed,Hyderabad
O101477,C13754,2026-05-25,P1402,4,16857.24,Paid,Completed,Hyderabad
O101478,C13121,2026-06-15,P1366,1,18684.18,Paid,Completed,Chennai
O101479,C11803,2026-01-21,P1446,7,2605.42,Paid,Completed,Kolkata
O101480,C12468,2026-01-29,P1194,6,11465.04,Paid,Completed,Pune
O101481,C12019,2026-03-09,P1477,3,21015.16,Failed,Completed,Mumbai
O101482,C12187,2026-09-12,P1352,1,20985.75,Paid,Completed,Delhi
O101483,C13585,2026-02-02,P1022,4,24704.1,Paid,Completed,Mumbai
O101484,C11204,2026-02-04,P1025,4,13293.21,Failed,Processing,Hyderabad
O101485,C10052,2026-03-13,P1029,5,351.16,Failed,Completed,Hyderabad
O101486,C12784,2026-03-19,P1274,6,22506.79,Paid,Cancelled,Hyderabad
O101487,C10724,2026-02-22,P1166,3,23918.06,Paid,Completed,Mumbai
O101488,C10617,2026-03-25,P1089,1,23215.33,Paid,Completed,Pune
O101489,C13973,2026-05-01,P1223,5,19366.21,Paid,Completed,Delhi
O101490,C11067,2026-02-17,P1105,5,5534.3,,Completed,Hyderabad
O101491,C10815,2026-07-04,P1027,1,3734.71,Pending,Completed,Delhi
O101492,C10764,2026-07-02,P1126,3,17611.88,Paid,Cancelled,Pune
O101493,C11650,2026-06-23,P1456,3,3768.45,Paid,Completed,Pune
O101494,C11638,2026-02-11,P1060,7,23846.9,Paid,Completed,
O101495,C12532,2026-07-31,P1175,7,11311.95,Pending,Returned,Mumbai
O101496,C10414,2026-06-25,P1094,7,1061.13,Pending,Processing,Hyderabad
O101497,C12543,2026-02-05,P1462,6,4019.66,Paid,Completed,
O101498,C11815,2026-09-10,P1095,4,7474.89,Failed,Completed,Bangalore
O101499,C10831,2026-07-25,P1140,3,17682.74,Paid,Processing,Delhi
O101500,C13115,2026-02-01,P1085,5,18511.12,Paid,Completed,Hyderabad
O101501,C11897,2026-08-02,P1487,4,5561.72,Failed,Completed,Delhi
O101502,C12870,2026-07-22,P1122,7,16319.32,Paid,Cancelled,Kolkata
O101503,C13685,2026-03-21,P1394,2,1086.14,Paid,Completed,Hyderabad
O101504,C11414,2026-02-15,P1352,4,2840.47,,Completed,Mumbai
O101505,C13594,2026-04-17,P1215,5,13514.76,Paid,Completed,Pune
O101506,C10802,2026-08-18,P1423,6,17684.44,,Completed,Kolkata
O101507,C10889,2026-03-23,P1107,1,22884.87,Paid,Completed,Bangalore
O101508,C12656,2026-03-01,P1178,1,11112.49,Paid,Completed,Hyderabad
O101509,C10410,2026-05-14,P1069,7,3262.84,,Completed,Chennai
O101510,C11820,2026-04-27,P1463,6,23245.72,Paid,Cancelled,Pune
O101511,C10856,2026-05-03,P1413,6,11104.71,Paid,Completed,Hyderabad
O101512,C12285,2026-01-29,P1126,1,12587.59,Paid,Processing,Pune
O101513,C13229,2026-01-13,P1413,7,21404.41,Paid,Processing,Kolkata
O101514,C10169,2026-01-27,P1205,5,14768.76,Paid,Completed,Delhi
O101515,C11654,2026-04-26,P1437,6,7745.82,Paid,Completed,
O101516,C12925,2026-09-03,P1262,4,13657.28,Paid,Completed,Bangalore
O101517,C11370,2026-01-22,P1066,1,15734.07,Paid,Processing,Bangalore
O101518,C10166,2026-01-22,P1478,3,22278.06,Paid,Completed,Hyderabad
O101519,C12367,2026-04-23,P1137,2,6100.41,Paid,Completed,Mumbai
O101520,C10481,2026-04-30,P1224,1,14116.66,Pending,Completed,Hyderabad
O101521,C11480,2026-03-20,P1060,7,23036.33,Refunded,Completed,Mumbai
O101522,C13965,2026-03-12,P1376,6,1423.18,Pending,Completed,Mumbai
O101523,C11593,2026-09-14,P1101,7,5105.82,Failed,Completed,Hyderabad
O101524,C13374,2026-06-13,P1292,1,8853.98,Paid,Processing,Kolkata
O101525,C13441,2026-06-15,P1014,2,17058.17,Paid,Completed,Mumbai
O101526,C11052,2026-07-18,P1049,3,21093.63,Paid,Completed,Kolkata
O101527,C12383,2026-07-22,P1259,2,5219.52,Pending,Processing,Kolkata
O101528,C13792,2026-01-10,P1100,1,6393.6,Pending,Returned,
O101529,C12427,2026-05-29,P1425,1,20635.15,Paid,Cancelled,Kolkata
O101530,C13255,2026-09-10,P1451,4,3964.08,Paid,Completed,Bangalore
O101531,C11851,2026-01-13,P1009,7,6751.07,Pending,Completed,Hyderabad
O101532,C12879,2026-08-01,P1243,6,18397.53,Paid,Completed,Pune
O101533,C10087,2026-02-04,P1122,5,4404.12,Paid,Completed,Chennai
O101534,C13152,2026-01-21,P1149,4,20752.43,Paid,Completed,Delhi
O101535,C12689,2026-04-13,P1382,7,12415.76,Paid,Cancelled,Pune
O101536,C11436,2026-01-19,P1158,4,11355.03,Paid,Processing,Kolkata
O101537,C11669,2026-04-17,P1483,4,3640.8,Paid,Completed,Bangalore
O101538,C11307,2026-04-28,P1252,4,17087.56,Failed,Completed,Mumbai
O101539,C12098,2026-09-09,P1331,4,22134.83,Paid,Completed,Chennai
O101540,C10435,2026-01-04,P1200,3,17395.06,Paid,Completed,
O101541,C13382,2026-06-28,P1283,7,8127.05,Pending,Cancelled,Pune
O101542,C11913,2026-02-11,P1097,6,17560.33,Paid,Completed,Chennai
O101543,C10172,2026-07-08,P1452,5,12895.58,Failed,Completed,Delhi
O101544,C12213,2026-03-26,P1221,5,21387.14,Paid,Completed,Kolkata
O101545,C13725,2026-07-23,P1207,6,11653.28,Paid,Cancelled,Bangalore
O101546,C10350,2026-04-19,P1274,5,6161.38,Pending,Completed,Hyderabad
O101547,C10493,2026-03-19,P1333,3,2801.03,Paid,Cancelled,Delhi
O101548,C11549,2026-01-04,P1046,3,7242.35,Paid,Completed, Pune 
O101549,C12944,2026-05-25,P1114,6,14219.44,Paid,Completed,Chennai
O101550,C12420,2026-05-17,P1407,3,4500.05,Paid,Completed,Chennai
O101551,C11833,2026-07-11,P1183,1,1282.1,Refunded,Completed,
O101552,C13974,2026-07-18,P1369,5,11386.42,Paid,Processing,
O101553,C10743,2026-03-23,P1010,2,8881.57,Pending,Returned,Delhi
O101554,C13289,2026-04-14,P1076,4,10683.65,Paid,Completed, Hyderabad 
O101555,C10495,2026-05-12,P1329,7,11517.1,Paid,Completed,Pune
O101556,C10719,2026-06-21,P1220,1,19221.94,Paid,Completed,Pune
O101557,C11182,2026-04-11,P1486,1,24034.89,Paid,Completed,Pune
O101558,C13495,2026-06-17,P1346,4,6778.43,Paid,Completed,Hyderabad
O101559,C11778,2026-05-14,P1053,1,23577.25,Paid,Completed,Delhi
O101560,C11584,2026-07-21,P1058,3,5940.88,Paid,Completed,Chennai
O101561,C11964,2026-03-03,P1192,1,18947.14,Failed,Returned,
O101562,C12525,2026-05-27,P1031,7,17129.25,Failed,Processing,Kolkata
O101563,C11695,2026-08-20,P1145,5,1589.89,Paid,Completed,Kolkata
O101564,C13853,2026-01-15,P1131,7,18205.57,Pending,Returned,Bangalore
O101565,C10541,2026-08-17,P1207,5,22557.73,Paid,Completed,Chennai
O101566,C11904,2026-07-27,P1337,7,23276.49,Failed,Processing,Pune
O101567,C11663,2026-04-15,P1212,6,17224.28,Paid,Completed,Pune
O101568,C12773,2026-04-05,P1178,6,19728.72,Refunded,Completed,Hyderabad
O101569,C13855,2026-02-27,P1430,2,2067.08,Paid,Cancelled,Delhi
O101570,C11154,2026-01-22,P1309,5,4282.94,Paid,Completed,Chennai
O101571,C13824,2026-07-18,P1408,4,6783.25,Paid,Cancelled,Delhi
O101572,C13313,2026-02-24,P1125,7,13424.06,Paid,Processing,Delhi
O101573,C13244,2026-04-16,P1137,4,9840.25,Refunded,Completed,Chennai
O101574,C10292,2026-04-13,P1390,5,16531.24,Paid,Completed,Kolkata
O101575,C13765,2026-06-02,P1381,3,11308.51,Refunded,Completed,Bangalore
O101576,C13358,2026-04-20,P1244,7,19443.05,Pending,Completed,Bangalore
O101577,C12740,2026-06-05,P1192,5,17925.63,Paid,Completed,Delhi
O101578,C10511,2026-07-04,P1352,3,18757.85,Paid,Completed,Delhi
O101579,C11681,2026-08-26,P1480,6,20772.57,Paid,Completed,Delhi
O101580,C13363,2026-01-28,P1274,4,20905.29,Pending,Returned,Delhi
O101581,C11751,2026-04-28,P1134,5,19554.94,Paid,Cancelled,Bangalore
O101582,C11747,2026-05-10,P1494,6,1928.39,Refunded,Completed,Pune
O101583,C11081,2026-04-22,P1044,2,15693.12,Paid,Cancelled,Hyderabad
O101584,C10204,2026-01-13,P1360,4,788.8,Failed,Completed,Bangalore
O101585,C12053,2026-06-08,P1461,2,18670.85,Pending,Completed,Delhi
O101586,C13100,2026-01-07,P1037,4,1808.13,,Cancelled,Mumbai
O101587,C10584,2026-04-21,P1134,1,24585.41,Paid,Completed,Hyderabad
O101588,C13577,2026-04-03,P1429,6,15467.73,Paid,Processing,Mumbai
O101589,C12222,2026-06-20,P1234,1,4795.35,Paid,Processing,Pune
O101590,C13251,2026-04-16,P1066,1,11866.5,Paid,Completed,Kolkata
O101591,C12670,2026-09-13,P1074,2,20718.92,Paid,Processing,Delhi
O101592,C10540,2026-07-18,P1263,3,4745.95,,Completed,Chennai
O101593,C13629,2026-06-17,P1089,7,13558.35,Paid,Processing, 
O101594,C12874,2026-08-23,P1101,4,388.44,Paid,Completed,Delhi
O101595,C10142,2026-07-20,P1002,1,19774.13,Paid,Processing,Delhi
O101596,C12322,2026-03-26,P1092,2,5106.81,Paid,Cancelled,Kolkata
O101597,C11922,2026-09-09,P1011,4,9863.3,Paid,Completed,Hyderabad
O101598,C13439,2026-09-03,P1081,1,13397.02,Paid,Completed,DELHI
O101599,C10491,2026-05-27,P1170,7,3878.08,Paid,Completed,Hyderabad
O101600,C12365,2026-05-08,P1390,1,23188.77,Paid,Completed,Bangalore
O101601,C11242,2026-02-09,P1349,1,11879.51,Paid,Processing,Kolkata
O101602,C10983,2026-02-24,P1233,7,6025.05,Paid,Completed,Bangalore
O101603,C10090,2026-01-01,P1303,2,18458.03,Paid,Cancelled,Kolkata
O101604,C11329,2026-01-16,P1463,3,22387.07,Paid,Processing,Mumbai
O101605,C11585,2026-01-26,P1494,6,22842.97,Paid,Completed,Mumbai
O101606,C11792,2026-01-06,P1044,6,10949.01,Paid,Completed,Delhi
O101607,C12941,2026-05-21,P1024,7,9178.69,Paid,Completed,Hyderabad
O101608,C11615,2026-01-01,P1003,1,23252.66,Paid,Completed,Pune
O101609,C10781,2026-06-05,P1387,1,1605.1,Paid,Completed,Chennai
O101610,C11593,2026-08-16,P1229,3,18838.34,Failed,Completed,Hyderabad
O101611,C10278,2026-07-15,P1433,6,4684.47,Paid,Completed,
O101612,C13891,2026-03-23,P1441,3,11797.88,Paid,Processing,Chennai
O101613,C10265,2026-02-19,P1448,5,23856.2,Paid,Completed,Hyderabad
O101614,C10808,2026-01-28,P1381,1,14654.36,Failed,Completed,Kolkata
O101615,C11713,2026-07-08,P1361,6,13228.99,Paid,Completed,
O101616,C13736,2026-04-21,P1194,7,1826.48,Paid,Processing, Pune 
O101617,C10715,2026-04-08,P1155,4,7150.31,Paid,Cancelled,Chennai
O101618,C11600,2026-08-05,P1109,5,375.36,Paid,Processing,Delhi
O101619,C13960,2026-07-10,P1458,4,21912.64,Pending,Completed,Pune
O101620,C12410,2026-02-08,P1164,3,16227.91,Paid,Completed,Hyderabad
O101621,C12460,2026-05-24,P1385,7,3215.28,Paid,Completed,Delhi
O101622,C13899,2026-08-02,P1328,7,9277.78,Paid,Completed,Delhi
O101623,C12026,2026-01-12,P1060,6,20341.96,Paid,Processing,HYDERABAD
O101624,C10010,2026-06-02,P1208,5,3765.49,Refunded,Returned,Pune
O101625,C10124,2026-01-18,P1479,2,5987.55,Paid,Completed,Delhi
O101626,C12727,2026-03-03,P1124,5,13672.74,Paid,Completed,Chennai
O101627,C10846,2026-06-04,P1306,5,3880.18,Paid,Completed,Kolkata
O101628,C11915,2026-03-14,P1286,7,9752.85,Pending,Completed,Pune
O101629,C12207,2026-05-15,P1084,3,24558.55,Paid,Completed,Pune
O101630,C12671,2026-08-22,P1208,1,13733.13,Paid,Completed,Delhi
O101631,C10335,2026-04-15,P1499,3,17627.74,Paid,Completed,Pune
O101632,C13042,2026-03-03,P1233,3,16683.04,Paid,Returned,Hyderabad
O101633,C13683,2026-01-16,P1464,3,5529.39,Paid,Completed,Pune
O101634,C11023,2026-09-01,P1042,4,21199.0,Paid,Completed,Chennai
O101635,C11523,2026-03-31,P1474,6,3314.64,Refunded,Completed,Chennai
O101636,C12977,2026-01-08,P1283,2,23063.4,Paid,Completed,Delhi
O101637,C10994,2026-02-27,P1250,4,5636.98,Paid,Completed,Delhi
O101638,C12170,2026-02-14,P1166,5,23882.18,Refunded,Completed,Hyderabad
O101639,C12641,2026-05-01,P1192,7,20009.7,Paid,Completed,Kolkata
O101640,C13519,2026-08-22,P1399,3,4523.29,Paid,Completed,Hyderabad
O101641,C11382,2026-05-20,P1066,7,4261.95,Pending,Completed,Mumbai
O101642,C11972,2026-05-19,P1206,6,2387.88,Paid,Cancelled,Mumbai
O101643,C10738,2026-01-12,P1323,1,6409.68,Paid,Completed,Delhi
O101644,C11231,2026-09-03,P1035,3,16579.94,Paid,Processing,Bangalore
O101645,C10380,2026-02-02,P1382,4,13151.47,Paid,Completed,Pune
O101646,C10791,2026-03-20,P1285,6,15449.76,Paid,Completed,Mumbai
O101647,C11385,2026-04-21,P1348,2,1069.17,,Completed,Mumbai
O101648,C11698,2026-02-03,P1278,7,2275.29,Pending,Completed,Pune
O101649,C12829,2026-07-23,P1446,4,17391.76,Paid,Completed,Mumbai
O101650,C11835,2026-07-13,P1452,3,21243.34,Paid,Completed,Bangalore
O101651,C10196,2026-01-16,P1174,6,9177.72,Failed,Cancelled,Bangalore
O101652,C13025,2026-01-20,P1010,2,4412.12,Paid,Completed,Pune
O101653,C12132,2026-09-12,P1375,1,7916.38,Paid,Completed,Kolkata
O101654,C13760,2026-08-10,P1018,4,10477.14,Paid,Completed,BANGALORE
O101655,C12542,2026-08-27,P1189,6,15864.36,Paid,Completed,Pune
O101656,C12137,2026-07-31,P1071,4,10413.99,Paid,Processing,Kolkata
O101657,,2026-03-31,P1298,6,22456.92,Paid,Returned,Hyderabad
O101658,C10946,2026-01-07,P1074,5,10209.95,Pending,Completed,Chennai
O101659,C10920,2026-01-23,P1380,6,4779.93,Paid,Completed,Chennai
O101660,C11629,2026-02-02,P1136,2,6434.11,Paid,Completed,Kolkata
O101661,C10686,2026-05-24,P1237,4,11789.61,Paid,Completed,Kolkata
O101662,C13379,2026-05-25,P1280,5,19626.83,Paid,Cancelled,Mumbai
O101663,C13223,2026-09-03,P1472,1,21774.35,Paid,Processing,Delhi
O101664,C12917,2026-04-14,P1461,7,4876.68,Paid,Processing,
O101665,C10195,2026-05-17,P1286,6,385.76,Failed,Completed,Mumbai
O101666,C10287,2026-01-13,P1140,4,21774.4,Paid,Completed,Hyderabad
O101667,C12547,2026-05-20,P1320,4,5936.45,Paid,Processing,Chennai
O101668,C12998,2026-04-07,P1157,3,20595.07,Paid,Completed,Kolkata
O101669,C10106,2026-05-01,P1200,4,13903.47,Paid,Completed,Kolkata
O101670,C11162,2026-08-18,P1487,1,10281.65,Paid,Completed,Pune
O101671,C10545,2026-01-01,P1028,6,3924.9,Paid,Completed,Mumbai
O101672,C10925,2026-01-23,P1094,5,16899.32,Paid,Processing,Chennai
O101673,C12075,2026-08-11,P1273,6,20508.49,Paid,Completed,Bangalore
O101674,C10437,2026-09-08,P1130,7,11689.02,Pending,Processing,Delhi
O101675,C10920,2026-04-29,P1246,2,11324.98,Paid,Completed,Mumbai
O101676,C12261,2026-01-25,P1034,1,18955.39,Paid,Completed,Delhi
O101677,C12034,2026-05-27,P1449,2,12652.93,Pending,Completed,Mumbai
O101678,C13433,2026-07-06,P1131,7,19704.63,Paid,Processing,Mumbai
O101679,C10602,2026-02-15,P1296,7,1636.68,Paid,Completed,Hyderabad
O101680,C11480,2026-07-08,P1334,7,21483.48,Paid,Completed,Pune
O101681,C13700,2026-08-22,P1113,1,6773.14,Pending,Completed,Mumbai
O101682,C13185,2026-08-30,P1464,6,4479.11,Failed,Completed,Bangalore
O101683,C12391,2026-03-25,P1089,6,1097.65,,Processing,Bangalore
O101684,C13078,2026-07-11,P1222,5,20901.61,Paid,Cancelled,Chennai
O101685,C11794,2026-07-10,P1285,3,1784.85,Paid,Processing,
O101686,C13645,2026-03-16,P1086,5,23874.43,Paid,Completed,Kolkata
O101687,C12400,2026-06-14,P1221,6,14251.6,,Completed,Chennai
O101688,C12784,2026-06-27,P1266,2,17557.47,Paid,Completed,mumbai
O101689,C12610,2026-07-28,P1032,2,18215.17,Paid,Completed,Chennai
O101690,C12693,2026-03-31,P1293,6,7529.31,Paid,Completed,Kolkata
O101691,C12566,2026-07-25,P1237,4,20219.52,Paid,Cancelled,Kolkata
O101692,C10295,2026-07-10,P1004,6,23672.14,Paid,Completed,Delhi
O101693,C12417,2026-08-28,P1186,3,9435.32,Pending,Processing,Chennai
O101694,C13136,2026-06-27,P1247,5,20933.13,Paid,Completed,Hyderabad
O101695,C10001,2026-05-30,P1098,7,19369.38,Paid,Completed,Chennai
O101696,C13569,2026-03-17,P1050,6,14863.02,Paid,Processing,Delhi
O101697,C13811,2026-09-11,P1064,7,9380.11,Pending,Completed,Pune
O101698,C10513,2026-07-28,P1195,5,10555.08,Pending,Completed,Bangalore
O101699,C12141,2026-07-04,P1057,2,7897.93,Paid,Processing,Pune
O101700,C10442,2026-08-10,P1175,3,10828.88,Paid,Processing,Delhi
O101701,C11132,2026-02-14,P1185,5,24743.78,Pending,Completed,Hyderabad
O101702,C12487,2026-05-10,P1485,3,9276.34,Paid,Processing,Bangalore
O101703,C11212,2026-03-12,P1164,3,16738.09,Paid,Completed,Pune
O101704,C11463,2026-06-20,P1134,5,8194.28,Paid,Completed,Delhi
O101705,C12986,2026-07-03,P1059,6,11826.2,Paid,Completed,Hyderabad
O101706,C12301,2026-08-27,P1314,3,2369.22,Paid,Completed,Mumbai
O101707,C12073,2026-08-19,P1393,6,19151.89,Paid,Completed,Mumbai
O101708,C11297,2026-03-26,P1288,1,16627.3,Paid,Completed,Kolkata
O101709,C12818,2026-01-22,P1178,2,8882.88,Paid,Completed,Delhi
O101710,C11697,2026-06-25,P1122,3,13263.66,Refunded,Completed,Bangalore
O101711,C13598,2026-03-16,P1333,3,21843.88,Paid,Completed,Pune
O101712,C12408,2026-06-24,P1419,1,1397.49,Failed,Completed,Kolkata
O101713,C12154,2026-03-23,P1366,4,23276.35,Paid,Cancelled,Chennai
O101714,C13215,2026-03-13,P1293,7,11928.75,Paid,Completed,Delhi
O101715,C11943,2026-04-16,P1243,3,21533.49,Paid,Completed,Chennai
O101716,C11118,2026-07-22,P1310,5,21578.63,Paid,Completed,Bangalore
O101717,C10620,2026-02-11,P1413,6,1750.19,Paid,Processing,Mumbai
O101718,C12249,2026-08-03,P1281,6,19605.39,Paid,Completed,Kolkata
O101719,C11700,2026-02-27,P1350,4,18401.82,Paid,Completed,Bangalore
O101720,,2026-09-14,P1297,6,1366.88,Pending,Returned,Delhi
O101721,C11398,2026-01-22,P1430,6,23531.29,Failed,Cancelled,kolkata
O101722,C12688,2026-02-23,P1402,7,15973.34,Paid,Completed,Bangalore
O101723,C12077,2026-01-03,P1359,6,4438.09,Paid,Processing,Delhi
O101724,C12150,2026-05-11,P1076,4,3340.5,Paid,Processing,Chennai
O101725,C11233,2026-03-26,P1086,1,14180.73,Paid,Completed,Bangalore
O101726,C12456,2026-04-27,P1466,5,1753.21,Paid,Returned,Kolkata
O101727,C11615,2026-06-21,P1079,6,4360.92,Paid,Completed,Delhi
O101728,C13080,2026-09-08,P1408,4,23726.77,Paid,Cancelled,Hyderabad
O101729,C12119,2026-03-01,P1380,3,18695.1,Paid,Completed,Kolkata
O101730,C11158,2026-06-16,P1473,1,15453.18,Pending,Completed,Bangalore
O101731,C10591,2026-07-11,P1380,1,5457.84,Paid,Processing,Hyderabad
O101732,C12801,2026-07-22,P1084,7,5697.34,Paid,Completed,Delhi
O101733,C11485,2026-07-21,P1273,1,11311.98,Paid,Processing,Mumbai
O101734,C10262,2026-04-23,P1264,6,18925.14,Pending,Cancelled,Bangalore
O101735,C13662,2026-06-29,P1471,2,397.06,Paid,Completed,Pune
O101736,C11547,2026-07-28,P1110,4,1393.6,Paid,Completed,Chennai
O101737,C12986,2026-02-24,P1359,6,21791.76,Paid,Cancelled,Bangalore
O101738,C11837,2026-04-26,P1272,7,20407.42,Paid,Processing,Kolkata
O101739,C13566,2026-08-21,P1349,5,17458.62,Paid,Completed,Mumbai
O101740,C10116,2026-03-21,P1387,5,12638.44,Pending,Completed,Kolkata
O101741,C11038,2026-04-07,P1310,7,3884.63,Paid,Cancelled,Pune
O101742,C12184,2026-01-01,P1309,2,2825.16,Paid,Completed,Hyderabad
O101743,C11293,2026-02-25,P1411,6,22662.8,Failed,Completed,Mumbai
O101744,C12973,2026-09-11,P1104,3,9748.29,Paid,Completed,Mumbai
O101745,C12755,2026-03-15,P1423,4,17484.35,Paid,Returned,Kolkata
O101746,C10102,2026-02-06,P1264,1,11568.09,Paid,Completed,Mumbai
O101747,,2026-06-06,P1163,2,18353.94,Refunded,Completed,Bangalore
O101748,C13346,2026-05-04,P1135,2,5074.73,Paid,Cancelled,Delhi
O101749,C11263,2026-07-27,P1189,4,12268.83,Refunded,Completed,Chennai
O101750,C10557,2026-06-05,P1251,5,9608.6,Paid,Completed,Kolkata
O101751,C12955,2026-04-18,P1213,6,6352.83,Paid,Completed,Hyderabad
O101752,C13604,2026-02-19,P1472,4,15063.47,Paid,Returned,Chennai
O101753,C12629,2026-04-08,P1121,5,13563.24,Failed,Completed,
O101754,C13386,2026-01-13,P1304,4,12543.57,Paid,Completed,Kolkata
O101755,C13997,2026-01-09,P1325,5,14900.24,Paid,Completed,Hyderabad
O101756,C11999,2026-01-16,P1217,6,3820.51,Paid,Processing,Hyderabad
O101757,C13744,2026-06-01,P1169,2,9452.54,Paid,Completed,Hyderabad
O101758,C11378,2026-03-03,P1257,5,8319.45,Paid,Completed,Delhi
O101759,C12984,2026-04-17,P1158,4,19298.63,Paid,Processing,Hyderabad
O101760,C13608,2026-04-06,P1075,7,1182.38,Paid,Completed,Hyderabad
O101761,C12085,2026-02-06,P1274,3,7263.7,Paid,Processing,Pune
O101762,C12507,2026-02-04,P1120,4,22981.87,Paid,Returned, 
O101763,C13885,2026-05-10,P1356,2,7718.66,Paid,Returned,Kolkata
O101764,C11005,2026-08-20,P1239,5,4051.92,Refunded,Completed,Hyderabad
O101765,C11425,2026-03-02,P1356,5,19006.43,,Completed,Hyderabad
O101766,C13091,2026-08-05,P1064,5,1481.75,Pending,Completed,Delhi
O101767,C11364,2026-07-03,P1457,7,10830.1,Paid,Processing,
O101768,C12004,2026-07-26,P1443,2,21427.34,Paid,Completed,Delhi
O101769,C10201,2026-01-06,P1317,6,23866.14,Pending,Completed,Hyderabad
O101770,C12263,2026-06-03,P1187,7,6450.79,Paid,Completed,Bangalore
O101771,C12509,2026-06-25,P1097,4,7616.2,Paid,Cancelled,Bangalore
O101772,C10330,2026-07-18,P1271,5,14311.1,Paid,Completed,Mumbai
O101773,C10976,2026-07-11,P1104,7,5895.82,Paid,Completed,Pune
O101774,C11734,2026-04-17,P1134,3,4023.38,Paid,Cancelled,Mumbai
O101775,C13127,2026-06-05,P1332,6,10821.74,Pending,Completed,Delhi
O101776,C10086,2026-08-08,P1195,3,2084.53,Failed,Completed,Bangalore
O101777,C11326,2026-09-02,P1230,1,22387.23,Paid,Processing,Pune
O101778,C10019,2026-01-22,P1478,3,8554.66,Paid,Completed,Pune
O101779,C12086,2026-09-09,P1201,1,8606.22,Paid,Completed,Delhi
O101780,C11996,2026-01-17,P1395,7,19846.92,Paid,Returned,Bangalore
O101781,C13023,2026-09-13,P1481,5,8736.24,Paid,Processing,Chennai
O101782,C10015,2026-06-13,P1091,2,19094.4,Paid,Completed,Hyderabad
O101783,C13037,2026-06-29,P1388,2,4776.68,Paid,Processing,Mumbai
O101784,C13567,2026-01-16,P1347,7,13366.01,Paid,Completed,Hyderabad
O101785,C11270,2026-05-11,P1046,2,19282.23,Paid,Completed, Chennai 
O101786,C11335,2026-08-31,P1010,7,11412.51,Paid,Processing,Chennai
O101787,C10004,2026-07-16,P1161,5,2073.79,Paid,Completed,Pune
O101788,C11717,2026-02-20,P1462,5,18501.49,Paid,Completed,pune
O101789,C12454,2026-08-05,P1050,4,12503.2,Paid,Completed,Delhi
O101790,C10491,2026-06-29,P1004,6,8115.48,Paid,Completed,Bangalore
O101791,C12630,2026-09-09,P1303,3,24822.05,Pending,Completed,Chennai
O101792,C11464,2026-01-14,P1468,5,21938.98,Paid,Completed,Delhi
O101793,C12694,2026-07-14,P1286,3,1234.22,Paid,Processing,Delhi
O101794,C11005,2026-01-20,P1423,2,14963.25,Pending,Processing,Bangalore
O101795,C13101,2026-09-07,P1390,3,9057.85,Failed,Completed,Mumbai
O101796,C12197,2026-02-14,P1354,4,1223.91,Paid,Completed,Bangalore
O101797,C12134,2026-09-01,P1084,2,579.04,Paid,Cancelled,Mumbai
O101798,C11954,2026-05-10,P1295,3,14718.82,Paid,Cancelled,Hyderabad
O101799,C13370,2026-02-17,P1452,4,8207.23,Paid,Completed,Delhi
O101800,C12218,2026-02-12,P1397,6,17671.91,Paid,Processing,Pune
O101801,C10638,2026-05-06,P1481,3,11524.21,Pending,Completed,Pune
O101802,C12505,2026-02-18,P1265,7,19232.49,Paid,Completed,Hyderabad
O101803,C12057,2026-08-21,P1337,4,20382.71,Paid,Completed,Pune
O101804,C10275,2026-07-14,P1464,3,16533.69,Pending,Completed,
O101805,C12326,2026-06-22,P1229,2,10623.92,Paid,Completed,Hyderabad
O101806,C10317,2026-05-04,P1304,7,24715.39,Failed,Completed,Kolkata
O101807,C12901,2026-08-29,P1479,2,7875.13,Paid,Completed,Mumbai
O101808,C12621,2026-01-18,P1144,1,13010.11,Paid,Completed,Pune
O101809,C11974,2026-06-15,P1375,4,13153.98,Paid,Processing,Pune
O101810,C12997,2026-06-08,P1213,7,10879.97,Paid,Completed,Mumbai
O101811,C11123,2026-08-20,P1472,3,3298.96,Paid,Completed,Bangalore
O101812,C11787,2026-04-21,P1434,6,9042.37,Refunded,Completed,Chennai
O101813,C10061,2026-07-30,P1207,3,5615.19,Paid,Completed,Pune
O101814,C13956,2026-02-18,P1445,3,22526.47,Paid,Processing,Chennai
O101815,C10225,2026-01-06,P1413,5,16487.76,Paid,Completed,Mumbai
O101816,C10418,2026-03-07,P1310,4,7409.01,Paid,Completed,Pune
O101817,C11981,2026-01-15,P1289,3,14273.6,Paid,Processing,Hyderabad
O101818,C11504,2026-08-16,P1452,7,21374.23,,Completed,Chennai
O101819,C12131,2026-02-05,P1235,1,23380.53,Pending,Completed, Delhi 
O101820,C13342,2026-09-15,P1032,2,2153.38,Refunded,Completed,Pune
O101821,C10634,2026-04-03,P1132,5,19736.64,Paid,Completed,Delhi
O101822,C12560,2026-08-26,P1103,5,24167.81,Pending,Completed,Bangalore
O101823,C10072,2026-05-21,P1041,7,11840.97,Failed,Completed,Kolkata
O101824,C13162,2026-07-18,P1130,7,24889.69,Paid,Completed,Chennai
O101825,C13265,2026-01-25,P1190,2,23939.83,Paid,Completed,Chennai
O101826,C11518,2026-05-10,P1421,6,16525.22,Pending,Completed,Hyderabad
O101827,C10693,2026-03-02,P1268,6,21236.0,Refunded,Completed,Pune
O101828,C13246,2026-09-09,P1243,5,7625.11,Failed,Completed,Kolkata
O101829,C13639,2026-03-31,P1391,1,22961.35,Paid,Completed,Kolkata
O101830,C10301,2026-08-20,P1060,1,14919.66,Pending,Completed,Mumbai
O101831,C12321,2026-05-31,P1157,2,12888.74,Paid,Completed,Chennai
O101832,C13755,2026-03-25,P1305,4,20940.85,Paid,Completed,Delhi
O101833,C12577,2026-01-21,P1068,6,22270.51,Pending,Completed,Mumbai
O101834,C13283,2026-05-29,P1293,7,17620.85,Pending,Completed,Hyderabad
O101835,C10920,2026-06-19,P1442,5,918.4,Paid,Completed, 
O101836,C10409,2026-08-07,P1094,3,15050.99,Paid,Completed,Bangalore
O101837,C11505,2026-02-26,P1247,6,20594.9,Paid,Processing,Bangalore
O101838,C11581,2026-03-21,P1257,3,13768.15,Paid,Completed,Pune
O101839,C13147,2026-02-09,P1056,1,23391.01,Paid,Completed,
O101840,C11626,2026-04-12,P1262,4,22463.74,Failed,Completed,Kolkata
O101841,C10947,2026-09-04,P1207,4,13383.0,Paid,Completed,Kolkata
O101842,C13548,2026-09-06,P1393,6,10274.62,Pending,Completed,Bangalore
O101843,C13133,2026-05-08,P1028,5,1660.39,Paid,Completed,Pune
O101844,C12671,2026-01-03,P1221,6,15925.16,Paid,Completed,Pune
O101845,C10829,2026-07-18,P1467,5,6869.33,,Completed,Bangalore
O101846,C10819,2026-04-01,P1489,7,16810.77,Paid,Completed,MUMBAI
O101847,C11966,2026-07-12,P1161,2,20029.4,Paid,Completed,Bangalore
O101848,C12125,2026-01-23,P1455,1,10394.73,Paid,Completed,Mumbai
O101849,C11025,2026-06-04,P1481,2,684.94,Paid,Cancelled, 
O101850,C10493,2026-04-04,P1097,2,21671.76,Paid,Cancelled,Kolkata
O101851,C11453,2026-04-25,P1172,4,13860.48,Refunded,Completed,Chennai
O101852,C11717,2026-06-24,P1126,5,8075.35,Paid,Completed,Hyderabad
O101853,C10210,2026-09-10,P1099,3,15954.76,Paid,Processing,Chennai
O101854,C12260,2026-04-28,P1070,2,16957.53,Paid,Processing,Chennai
O101855,C10008,2026-08-16,P1185,1,3942.43,Paid,Completed,Pune
O101856,C10605,2026-03-01,P1333,2,16266.12,Paid,Completed,Bangalore
O101857,C10588,2026-02-21,P1083,3,7381.17,Paid,Completed,Chennai
O101858,C12752,2026-03-26,P1228,3,20149.53,Paid,Completed, Delhi 
O101859,C11945,2026-03-13,P1288,1,23555.31,Paid,Completed,Delhi
O101860,C13346,2026-03-09,P1350,7,2835.88,Paid,Completed,Bangalore
O101861,C11060,2026-01-13,P1249,6,22958.74,Paid,Completed,Delhi
O101862,C10842,2026-08-13,P1096,3,22615.12,Paid,Processing,Pune
O101863,C13214,2026-09-12,P1345,7,8769.82,Paid,Cancelled,Pune
O101864,C11778,2026-07-07,P1217,3,1012.24,Paid,Completed,Chennai
O101865,C11097,2026-08-09,P1381,6,16681.67,Paid,Completed,
O101866,C11674,2026-01-11,P1434,3,8814.37,Paid,Completed,Mumbai
O101867,C11702,2026-07-08,P1191,2,5033.69,Refunded,Completed,delhi
O101868,C12290,2026-02-24,P1165,1,2981.54,Paid,Completed,Hyderabad
O101869,C10150,2026-08-03,P1463,2,5141.85,Paid,Processing,Pune
O101870,C10992,2026-08-31,P1011,6,6165.43,Paid,Completed,
O101871,C11869,2026-01-18,P1190,1,19956.89,Paid,Completed,Chennai
O101872,C12170,2026-05-23,P1448,3,19660.34,Paid,Cancelled,Pune
O101873,C10635,2026-08-12,P1187,3,12512.03,Paid,Completed,Delhi
O101874,C10775,2026-08-05,P1491,5,13967.13,Paid,Completed,Chennai
O101875,C12912,2026-02-04,P1275,7,22970.07,Paid,Processing,Hyderabad
O101876,C13144,2026-02-03,P1241,3,22728.59,Pending,Completed,Delhi
O101877,C10300,2026-02-14,P1321,1,20768.24,Paid,Completed,Chennai
O101878,C13963,2026-05-15,P1478,7,9544.56,Paid,Completed,Pune
O101879,C11733,2026-07-03,P1017,4,9353.84,Pending,Cancelled,Hyderabad
O101880,C12344,2026-09-01,P1425,1,22230.7,Paid,Completed,Hyderabad
O101881,C12376,2026-07-25,P1457,7,23184.89,Paid,Completed,Bangalore
O101882,C11385,2026-05-05,P1374,3,20021.83,Pending,Completed,kolkata
O101883,C12180,2026-03-12,P1261,3,19001.26,Failed,Completed,Pune
O101884,C12335,2026-03-03,P1065,4,14086.65,Paid,Completed,Bangalore
O101885,C13045,2026-01-13,P1463,3,8656.87,Pending,Returned,Chennai
O101886,C12649,2026-03-24,P1068,5,6243.62,Paid,Completed,Bangalore
O101887,C11788,2026-02-14,P1126,4,3766.36,Paid,Processing,Delhi
O101888,C10765,2026-04-06,P1124,2,18286.58,Refunded,Cancelled,Bangalore
O101889,C10100,2026-04-11,P1101,6,19491.38,Pending,Completed,Bangalore
O101890,C12609,2026-08-17,P1213,5,9158.54,Paid,Returned,Pune
O101891,C11912,2026-07-11,P1377,1,449.22,Paid,Completed,Delhi
O101892,C13865,2026-05-15,P1149,7,23483.33,Failed,Returned,hyderabad
O101893,C10393,2026-09-02,P1405,7,11096.11,Paid,Completed,Kolkata
O101894,C10290,2026-02-04,P1064,6,24372.4,Paid,Completed,Delhi
O101895,C10725,2026-04-05,P1227,6,17030.78,Paid,Cancelled,Delhi
O101896,C11508,2026-07-31,P1432,5,3363.13,Paid,Completed,Pune
O101897,C10701,2026-03-01,P1076,5,8375.72,Paid,Completed,Chennai
O101898,C11856,2026-01-21,P1395,7,16529.14,Paid,Completed,Pune
O101899,C11359,2026-04-29,P1190,3,16336.54,Pending,Returned,Hyderabad
O101900,C99999,2026-04-14,P1140,7,6030.04,Paid,Completed,Kolkata
O101901,,2026-03-17,P1114,2,4668.36,Paid,Cancelled,Bangalore
O101902,C11460,2026-06-03,P1122,4,7136.73,Failed,Returned,Mumbai
O101903,C13170,2026-03-10,P1239,6,19736.23,Pending,Completed,Chennai
O101904,C10967,2026-07-20,P1445,5,6274.18,Paid,Processing,Bangalore
O101905,C10231,2026-01-06,P1058,6,17633.98,Pending,Completed,Chennai
O101906,C10162,2026-07-10,P1378,3,21788.99,Pending,Processing,Hyderabad
O101907,C10116,2026-01-31,P1394,5,9973.07,Paid,Completed,Kolkata
O101908,C12946,2026-01-07,P1113,2,472.75,Pending,Completed,Delhi
O101909,C11369,2026-02-27,P1081,4,3806.36,Paid,Cancelled,Pune
O101910,C13297,2026-05-17,P1213,3,8003.85,Paid,Completed,Kolkata
O101911,C13498,2026-01-05,P1256,5,4991.87,Paid,Completed,Chennai
O101912,C11222,2026-06-05,P1323,2,7450.99,,Completed,Hyderabad
O101913,C11157,2026-03-12,P1008,1,13737.84,Paid,Completed,Kolkata
O101914,C11232,2026-06-13,P1002,1,820.7,Paid,Processing,Chennai
O101915,C11903,2026-05-05,P1455,2,1887.75,Paid,Completed,Hyderabad
O101916,C10063,2026-09-03,P1264,7,21436.76,Paid,Completed,Kolkata
O101917,C10043,2026-04-20,P1337,6,13201.3,Failed,Completed,
O101918,C12944,2026-04-07,P1324,4,23407.62,Refunded,Processing,Kolkata
O101919,C13235,2026-09-01,P1277,7,380.91,Pending,Completed,Pune
O101920,C10817,2026-09-02,P1100,5,303.73,Paid,Completed,Kolkata
O101921,C12377,2026-09-03,P1117,7,18568.04,Paid,Completed,Chennai
O101922,C10864,2026-04-20,P1452,7,12063.44,Paid,Completed,Mumbai
O101923,C12939,2026-02-20,P1406,5,22870.82,Paid,Completed,Delhi
O101924,C11683,2026-03-30,P1079,2,19728.62,Paid,Completed,Chennai
O101925,C13293,2026-07-18,P1132,5,12747.88,Failed,Completed,Mumbai
O101926,C13797,2026-02-06,P1484,7,12119.54,Pending,Completed,Kolkata
O101927,C12223,2026-03-16,P1491,4,20336.16,Paid,Completed,Delhi
O101928,C13605,2026-03-07,P1038,2,20151.55,Paid,Completed,Bangalore
O101929,C10135,2026-03-16,P1002,6,7140.54,Paid,Processing,Kolkata
O101930,C11852,2026-02-04,P1025,1,16963.53,Paid,Completed,Kolkata
O101931,C12015,2026-09-02,P1263,1,16187.1,Paid,Completed,Delhi
O101932,C11664,2026-02-07,P1468,3,21445.29,Pending,Completed,Bangalore
O101933,C11260,2026-03-26,P1051,6,21753.92,Failed,Completed,Chennai
O101934,C12894,2026-05-07,P1465,6,6926.53,Paid,Completed,Pune
O101935,C12212,2026-07-31,P1196,1,22029.64,Paid,Cancelled,Chennai
O101936,C10329,2026-07-05,P1389,5,23136.91,Paid,Processing,Chennai
O101937,C13805,2026-04-26,P1381,4,3008.03,Paid,Completed,Kolkata
O101938,C13552,2026-05-15,P1154,7,14471.53,Paid,Completed,Kolkata
O101939,C11415,2026-07-28,P1376,4,11080.65,Paid,Processing,Hyderabad
O101940,C10985,2026-01-31,P1213,3,10229.02,Pending,Completed,Mumbai
O101941,C12515,2026-08-10,P1405,6,17709.29,Paid,Cancelled,Delhi
O101942,C10173,2026-01-22,P1485,5,3500.34,Failed,Completed,Pune
O101943,C11985,2026-06-14,P1055,7,20552.66,Paid,Completed,Mumbai
O101944,C12692,2026-07-22,P1485,6,957.01,Pending,Processing,KOLKATA
O101945,C11628,2026-01-15,P1042,7,14584.03,Paid,Completed,Mumbai
O101946,C13892,2026-04-09,P1026,2,5866.39,Refunded,Completed,Pune
O101947,C12877,2026-07-11,P1044,3,16786.48,Failed,Completed,Bangalore
O101948,C13739,2026-07-20,P1301,5,13278.17,Pending,Cancelled,Kolkata
O101949,C13634,2026-08-19,P1368,2,24993.88,Paid,Completed,Pune
O101950,C10527,2026-04-26,P1032,1,21599.37,Paid,Completed,Delhi
O101951,C12676,2026-03-07,P1126,1,8614.83,Paid,Processing,
O101952,C12388,2026-09-03,P1489,2,13353.52,Paid,Completed, Kolkata 
O101953,C10219,2026-07-28,P1094,7,8149.96,Paid,Cancelled,Delhi
O101954,C11272,2026-03-22,P1283,3,18301.2,Paid,Completed,Bangalore
O101955,C12140,2026-05-04,P1349,2,10733.6,Paid,Completed,Hyderabad
O101956,C12194,2026-05-28,P1353,6,3151.31,Paid,Completed,Kolkata
O101957,C13258,2026-09-12,P1108,5,16621.86,Paid,Processing,Chennai
O101958,C12352,2026-02-08,P1080,6,573.31,Paid,Completed,Mumbai
O101959,C11867,2026-08-10,P1178,6,7643.06,Paid,Completed,Mumbai
O101960,C13010,2026-01-16,P1191,2,22706.43,Paid,Completed,Kolkata
O101961,C12285,2026-08-02,P1034,5,2626.11,Paid,Processing,Chennai
O101962,C13537,2026-02-03,P1419,-5,12759.32,Paid,Completed, 
O101963,C13624,2026-02-13,P1261,1,19938.69,Paid,Completed,Chennai
O101964,C12419,2026-03-16,P1492,5,22641.2,Paid,Completed,Bangalore
O101965,C12259,2026-01-21,P1220,4,14128.01,Pending,Processing,Delhi
O101966,C12807,2026-07-09,P1185,6,4083.58,Paid,Processing,Delhi
O101967,C12904,2026-05-23,P1127,1,23539.18,Paid,Completed,Mumbai
O101968,C12911,2026-07-21,P1406,6,18806.69,Failed,Completed,Chennai
O101969,C12484,2026-05-24,P1269,1,10073.06,Paid,Cancelled,Kolkata
O101970,C13053,2026-08-26,P1200,2,7141.42,Paid,Completed,Hyderabad
O101971,C10576,2026-06-24,P1311,7,1478.6,Paid,Completed, Mumbai 
O101972,C13288,2026-06-05,P1078,5,5028.35,Paid,Completed,Pune
O101973,C11242,2026-06-17,P1229,6,19508.62,Paid,Completed,Mumbai
O101974,C13545,2026-06-07,P1408,2,2983.1,Paid,Completed,Kolkata
O101975,C10527,2026-08-29,P1147,5,3496.49,Failed,Processing,Hyderabad
O101976,C10014,2026-09-07,P1490,1,5139.54,Paid,Completed,Pune
O101977,C10062,2026-07-17,P1213,4,10064.94,Paid,Returned,Hyderabad
O101978,C10841,2026-03-12,P1454,6,4970.06,Pending,Completed,Chennai
O101979,C10455,2026-08-29,P1401,7,22636.3,Paid,Completed,Delhi
O101980,C12217,2026-06-22,P1123,1,6664.09,Pending,Completed,Mumbai
O101981,C11795,2026-02-16,P1144,3,23011.34,Pending,Completed,Pune
O101982,C12426,2026-09-08,P1141,2,24628.09,Paid,Cancelled,Delhi
O101983,C10771,2026-06-25,P1025,4,18943.64,Paid,Cancelled,Chennai
O101984,C13017,2026-02-02,P1231,2,483.7,Paid,Completed,Hyderabad
O101985,C12443,2026-05-09,P1159,7,6228.5,Failed,Processing,Kolkata
O101986,C10885,2026-05-18,P1348,5,6903.14,Paid,Processing,Delhi
O101987,C11596,2026-05-19,P1231,2,13706.04,Pending,Completed,Pune
O101988,C12875,2026-05-28,P1442,1,4212.32,Paid,Completed,Kolkata
O101989,C12723,2026-04-27,P1070,1,2207.21,Paid,Completed,
O101990,C12251,2026-06-10,P1312,7,4656.04,Paid,Completed,Kolkata
O101991,C13919,2026-06-15,P1200,2,8385.59,Paid,Completed,Kolkata
O101992,C10527,2026-05-03,P1267,5,1515.49,Paid,Completed,Mumbai
O101993,C11954,2026-04-08,P1002,5,5125.5,Pending,Completed,Chennai
O101994,C12498,2026-06-28,P1415,4,4437.74,Paid,Returned,Kolkata
O101995,C13979,2026-06-06,P1352,1,19377.28,Paid,Completed,Hyderabad
O101996,C12172,2026-04-09,P1142,2,4488.48,Paid,Processing,Chennai
O101997,C11770,2026-06-21,P1136,4,19851.03,Failed,Completed,Kolkata
O101998,C13692,2026-07-30,P1048,3,12852.1,Pending,Completed,Kolkata
O101999,C12027,2026-05-23,P1171,4,19019.0,Paid,Completed,Pune
O102000,C13759,2026-05-16,P1080,7,11423.82,Paid,Cancelled,chennai
O102001,C13004,2026-08-06,P1155,6,22556.06,Paid,Completed,Bangalore
O102002,C10672,2026-04-07,P1428,7,7130.01,Paid,Returned,Mumbai
O102003,C10670,2026-03-13,P1268,3,19240.13,Paid,Completed,
O102004,C11272,2026-06-01,P1302,7,4336.47,Paid,Completed,Pune
O102005,C10270,2026-04-08,P1020,7,22101.32,Paid,Processing,Mumbai
O102006,C12171,2026-07-05,P1049,3,1002.49,Paid,Completed,Mumbai
O102007,C13441,2026-06-14,P1174,4,11598.67,Refunded,Processing,Mumbai
O102008,C11601,2026-04-15,P1113,1,10705.08,Refunded,Completed,Bangalore
O102009,C12595,2026-08-25,P1260,4,15707.63,Failed,Completed,Kolkata
O102010,C13929,2026-03-30,P1262,4,11191.05,Paid,Completed,Delhi
O102011,C10775,2026-03-02,P1421,6,14847.77,Pending,Processing,Kolkata
O102012,C11433,2026-05-30,P1292,1,21584.06,Paid,Completed,Mumbai
O102013,C10100,2026-05-07,P1338,1,3808.1,Paid,Completed,Pune
O102014,C10928,2026-04-16,P1488,6,6330.44,Paid,Completed,Hyderabad
O102015,C13120,2026-06-22,P1415,1,20129.65,Paid,Completed,Bangalore
O102016,C12628,2026-04-04,P1439,7,5933.18,Paid,Completed,Delhi
O102017,C13137,2026-09-12,P1253,1,22669.65,Paid,Cancelled,Mumbai
O102018,C11702,2026-07-11,P1426,6,13658.04,Paid,Processing,Delhi
O102019,C12944,2026-05-06,P1066,1,2322.05,Paid,Completed,Bangalore
O102020,C12400,2026-07-20,P1102,7,810.31,Pending,Cancelled,Chennai
O102021,C11314,2026-09-05,P1354,6,19143.74,Paid,Cancelled,Pune
O102022,C11650,2026-05-19,P1282,1,21451.87,Paid,Processing,Mumbai
O102023,C12167,2026-08-24,P1485,4,6224.66,Paid,Completed,Bangalore
O102024,C13828,2026-06-24,P1050,7,6247.26,Paid,Completed,Chennai
O102025,C13728,2026-03-16,P1175,6,23866.32,Paid,Completed,Pune
O102026,C13949,2026-05-11,P1327,2,16507.82,Paid,Completed,Bangalore
O102027,C10065,2026-02-06,P1242,7,4440.07,Paid,Completed,Kolkata
O102028,C12871,2026-05-10,P1180,2,11380.1,Paid,Completed,Chennai
O102029,C13581,2026-03-05,P1210,2,22787.77,Paid,Completed,Mumbai
O102030,C12959,2026-07-12,P1349,4,15643.0,Paid,Processing,Mumbai
O102031,C11666,2026-07-21,P1047,1,10364.5,Paid,Cancelled,Hyderabad
O102032,C12901,2026-01-02,P1231,3,4030.53,Paid,Completed,Chennai
O102033,C11777,2026-02-04,P1265,1,18232.25,Paid,Completed,Kolkata
O102034,C12859,2026-04-07,P1093,5,7126.16,Paid,Completed,Mumbai
O102035,C13123,2026-05-11,P1392,1,14277.99,Paid,Completed,Pune
O102036,C13375,2026-09-11,P1495,7,15123.46,Paid,Completed,Pune
O102037,C12914,2026-08-21,P1254,6,14019.6,Paid,Processing,Chennai
O102038,,2026-05-22,P1085,7,6388.37,Paid,Completed, Mumbai 
O102039,C13748,2026-08-04,P1094,6,17794.38,Paid,Completed,Delhi
O102040,C10854,2026-04-12,P1045,7,14281.44,Paid,Completed,Hyderabad
O102041,C11431,2026-05-17,P1393,2,10270.97,Paid,Completed,Bangalore
O102042,C11717,2026-01-27,P1035,1,1587.63,Paid,Completed,Hyderabad
O102043,C12851,2026-08-07,P1009,1,8482.22,Paid,Completed,Chennai
O102044,C12807,2026-09-08,P1243,6,9005.45,Paid,Returned,Kolkata
O102045,C13849,2026-02-25,P1379,5,19841.74,Paid,Completed,Hyderabad
O102046,C10754,2026-09-01,P1026,7,12982.14,Paid,Cancelled,Chennai
O102047,C11804,2026-08-12,P1078,3,23323.34,Failed,Completed,Chennai
O102048,C10815,2026-07-18,P1402,3,18843.03,Paid,Completed,Hyderabad
O102049,C12692,2026-06-10,P1138,2,13588.71,Paid,Returned,Pune
O102050,C10852,2026-03-03,P1031,6,4471.48,Paid,Processing,Hyderabad
O102051,C13474,2026-03-13,P1147,3,5759.52,Failed,Completed,Delhi
O102052,C13934,2026-04-03,P1045,2,4253.96,Refunded,Completed,Kolkata
O102053,C11268,2026-03-04,P1059,4,11238.41,Paid,Completed, 
O102054,C12959,2026-07-05,P1462,7,18146.36,Paid,Completed,Pune
O102055,C12132,2026-01-28,P1067,5,19055.32,Paid,Completed,Chennai
O102056,C11438,2026-01-22,P1016,1,2674.94,Paid,Completed,
O102057,C10765,2026-02-05,P1064,5,12549.0,Paid,Completed,Chennai
O102058,C12879,2026-05-23,P1184,3,12191.58,Paid,Completed,Pune
O102059,C10635,2026-02-25,P1274,6,11140.5,Refunded,Processing,Bangalore
O102060,C11123,2026-05-18,P1004,7,7740.04,Paid,Completed,Chennai
O102061,C13681,2026-03-07,P1081,7,12052.46,Paid,Completed,Chennai
O102062,C12035,2026-02-19,P1464,7,13060.19,Failed,Cancelled,Delhi
O102063,C13419,2026-08-05,P1054,1,15112.5,Paid,Cancelled,Pune
O102064,C13072,2026-04-15,P1361,5,9620.92,Pending,Completed,Kolkata
O102065,C11506,2026-01-21,P1488,5,23643.99,Failed,Completed,Pune
O102066,C10872,2026-01-31,P1003,7,8669.31,Paid,Completed,Pune
O102067,C10399,2026-01-06,P1179,6,22407.76,Paid,Completed,PUNE
O102068,C13845,2026-02-27,P1018,6,20090.96,Paid,Completed,Delhi
O102069,C11299,2026-06-22,P1414,2,11792.19,Paid,Returned,CHENNAI
O102070,C12694,2026-05-22,P1130,6,12558.92,Paid,Processing,Chennai
O102071,C12923,2026-05-26,P1497,6,21785.58,Pending,Completed,Delhi
O102072,C10791,2026-08-09,P1066,6,12470.31,Paid,Completed, Mumbai 
O102073,C12777,2026-05-04,P1284,7,17080.68,Paid,Completed,hyderabad
O102074,C10037,2026-04-29,P1180,4,20289.78,Paid,Completed,Bangalore
O102075,C11674,2026-04-23,P1135,5,22724.67,Paid,Completed,Mumbai
O102076,C11402,2026-05-17,P1375,6,5688.65,Pending,Completed,Delhi
O102077,C13734,2026-07-01,P1132,1,24391.53,Paid,Completed,Delhi
O102078,C13947,2026-05-02,P1063,4,24143.74,Paid,Returned,Mumbai
O102079,C11152,2026-03-19,P1478,4,7644.67,Paid,Processing,Bangalore
O102080,C12441,2026-01-12,P1026,7,15459.08,Paid,Completed,Hyderabad
O102081,C12983,2026-06-12,P1288,6,1458.87,Paid,Cancelled,Kolkata
O102082,C10765,2026-04-23,P1313,1,4445.34,Paid,Completed,Pune
O102083,C12748,2026-03-29,P1317,4,14720.28,Pending,Completed,Hyderabad
O102084,C11031,2026-07-16,P1337,3,16357.62,Paid,Completed,Pune
O102085,C10675,2026-04-15,P1471,7,13504.69,Paid,Returned,Pune
O102086,C13405,2026-01-09,P1281,4,17706.64,Paid,Cancelled,Hyderabad
O102087,C12011,2026-03-24,P1222,2,19884.4,Paid,Completed,Pune
O102088,C11188,2026-02-16,P1269,4,4460.91,Paid,Completed,Mumbai
O102089,C11620,2026-05-19,P1472,5,16592.55,Pending,Returned,Mumbai
O102090,C11654,2026-09-06,P1031,6,14196.18,Paid,Completed,Mumbai
O102091,C13082,2026-03-05,P1486,4,3204.38,Paid,Completed,Bangalore
O102092,C13549,2026-02-18,P1296,2,5946.53,Paid,Processing,Chennai
O102093,C11904,2026-05-07,P1248,2,10665.82,Paid,Processing,Mumbai
O102094,C11292,2026-07-28,P1141,6,21634.83,Pending,Completed,Mumbai
O102095,C12911,2026-04-24,P1047,7,5660.54,Paid,Returned,Mumbai
O102096,C13624,2026-05-04,P1175,7,4818.22,Refunded,Completed,Delhi
O102097,C10456,2026-08-24,P1346,4,18107.51,Paid,Completed,Bangalore
O102098,C13189,2026-03-26,P1469,3,24402.09,Paid,Processing,Pune
O102099,C12230,2026-03-30,P1293,4,11349.02,Paid,Completed,Chennai
O102100,C13473,2026-04-23,P1390,1,8948.4,Paid,Cancelled,Kolkata
O102101,C12058,2026-05-24,P1032,2,6572.33,Paid,Completed,Hyderabad
O102102,C13453,2026-02-24,P1362,4,1528.6,Paid,Completed,Kolkata
O102103,C12219,2026-01-02,P1488,3,4706.83,Paid,Completed,
O102104,C10579,2026-05-03,P1096,7,2607.35,Paid,Cancelled,Delhi
O102105,C10019,2026-06-07,P1023,7,12504.31,Refunded,Returned,Hyderabad
O102106,C12482,2026-08-11,P1025,3,24461.48,Pending,Completed,Mumbai
O102107,C12370,2026-07-17,P1049,3,19748.84,Pending,Cancelled,Bangalore
O102108,C10841,2026-08-17,P1169,5,15161.75,Paid,Completed,Hyderabad
O102109,C13405,2026-04-20,P1094,5,12319.97,Paid,Completed,Pune
O102110,C13473,2026-04-29,P1218,5,15544.4,Paid,Completed,Hyderabad
O102111,C13219,2026-02-21,P1380,6,9587.86,Paid,Completed,Kolkata
O102112,C13749,2026-02-11,P1140,1,4706.12,Paid,Completed,Chennai
O102113,C12028,2026-07-29,P1414,1,14867.41,Paid,Completed,Hyderabad
O102114,C12811,2026-08-16,P1223,6,13344.15,Paid,Completed,Chennai
O102115,C13620,2026-08-15,P1278,4,23630.06,Paid,Completed,Pune
O102116,C11826,2026-03-18,P1164,5,16350.87,Paid,Completed,Hyderabad
O102117,C12475,2026-07-16,P1487,5,19403.73,Paid,Completed,Pune
O102118,C12052,2026-07-14,P1364,1,2589.73,Paid,Completed,Pune
O102119,C13936,2026-01-12,P1058,3,19095.14,Refunded,Completed,Pune
O102120,C11751,2026-05-20,P1441,3,24576.37,Paid,Completed,
O102121,C11269,2026-04-16,P1271,6,16540.14,Paid,Processing,Kolkata
O102122,C12520,2026-09-09,P1294,6,18629.47,Paid,Completed,Delhi
O102123,C11123,2026-08-12,P1199,6,24494.17,Refunded,Completed,Delhi
O102124,C13433,2026-06-25,P1081,2,9964.49,Failed,Completed,hyderabad
O102125,C13571,2026-06-14,P1249,6,20657.21,Paid,Completed,Pune
O102126,C11381,2026-01-11,P1346,4,10172.41,Pending,Completed,Chennai
O102127,C11434,2026-09-13,P1264,4,10820.19,Paid,Completed,Bangalore
O102128,C10346,2026-07-18,P1447,7,16558.57,Paid,Completed,Bangalore
O102129,C11024,2026-08-15,P1091,7,6633.55,Paid,Completed,
O102130,C10271,2026-04-16,P1277,5,24821.71,Paid,Completed,Hyderabad
O102131,C13031,2026-07-10,P1074,1,8432.02,Paid,Completed,Hyderabad
O102132,C10721,2026-03-15,P1309,4,3334.39,Paid,Processing,Hyderabad
O102133,C10315,2026-02-09,P1405,3,8267.09,Paid,Completed,Delhi
O102134,C10657,2026-07-13,P1496,7,21442.37,Paid,Completed,Hyderabad
O102135,C11510,2026-03-28,P1013,1,8054.02,Paid,Completed,Pune
O102136,C11691,2026-07-26,P1214,5,15400.48,Paid,Completed,Chennai
O102137,C13597,2026-04-17,P1449,6,23402.41,Paid,Cancelled,Bangalore
O102138,C11119,2026-04-22,P1078,5,6721.16,Paid,Completed,Pune
O102139,C12873,2026-06-10,P1433,4,3544.72,Refunded,Completed,Mumbai
O102140,C13582,2026-06-30,P1132,4,2692.15,Paid,Completed,Kolkata
O102141,C13429,2026-07-27,P1476,7,11177.09,Paid,Completed,Mumbai
O102142,C10796,2026-05-21,P1224,6,2875.88,Paid,Completed,Bangalore
O102143,C11119,2026-05-08,P1239,2,11509.07,Paid,Processing,Pune
O102144,C10217,2026-05-29,P1363,6,21609.11,Paid,Completed,Bangalore
O102145,C11934,2026-04-29,P1349,6,19503.85,Paid,Completed,Chennai
O102146,C11622,2026-07-14,P1493,4,14668.01,Refunded,Completed,Chennai
O102147,C12182,2026-08-29,P1400,4,21305.44,Paid,Completed,Hyderabad
O102148,C11832,2026-01-13,P1256,3,2776.67,Paid,Completed,Mumbai
O102149,C12945,2026-05-05,P1141,3,15352.62,Paid,Completed,Pune
O102150,C12681,2026-02-03,P1238,1,3156.34,Paid,Completed,
O102151,C11715,2026-08-20,P1054,4,12208.84,Paid,Processing,
O102152,C10151,2026-01-12,P1491,4,11747.52,Paid,Returned,Delhi
O102153,C11376,2026-07-19,P1016,5,6849.34,Pending,Completed,Chennai
O102154,C11297,2026-06-26,P1008,7,20797.41,Paid,Completed,Pune
O102155,C10357,2026-07-04,P1383,3,5937.22,Paid,Completed,Delhi
O102156,C11217,2026-07-15,P1354,5,13931.79,Paid,Completed,Mumbai
O102157,C13952,2026-01-11,P1350,4,12211.86,Paid,Completed,Hyderabad
O102158,C13287,2026-09-09,P1267,3,10961.81,Paid,Completed,Pune
O102159,C13209,2026-08-12,P1121,7,1128.49,Paid,Completed,Kolkata
O102160,C13375,2026-08-17,P1364,4,17509.33,Paid,Completed,Mumbai
O102161,C13462,2026-08-06,P1321,2,613.33,Paid,Completed,Hyderabad
O102162,C11302,2026-02-15,P1398,7,20567.52,Pending,Returned,Kolkata
O102163,C11290,2026-08-12,P1417,6,6879.95,Paid,Cancelled,Hyderabad
O102164,C11346,2026-05-11,P1036,7,3264.13,,Completed,Pune
O102165,C13276,2026-06-28,P1308,5,10600.9,Pending,Completed,Hyderabad
O102166,C13191,2026-04-28,P1168,3,14116.21,Paid,Completed,Delhi
O102167,C10067,2026-05-18,P1379,3,7965.96,Refunded,Processing,Pune
O102168,C13799,2026-07-07,P1477,4,3308.08,Paid,Completed, Pune 
O102169,C11143,2026-05-14,P1333,4,752.68,Paid,Completed,Pune
O102170,C12506,2026-09-03,P1492,1,17684.19,Paid,Completed,Mumbai
O102171,C12561,2026-03-22,P1259,1,22194.96,Paid,Completed,Kolkata
O102172,C10453,2026-03-28,P1391,5,2782.87,Paid,Completed,
O102173,C12785,2026-04-23,P1342,3,5996.65,Paid,Cancelled,Delhi
O102174,C12136,2026-04-11,P1070,4,799.66,Paid,Completed,Pune
O102175,C12445,2026-01-19,P1016,5,22161.14,Paid,Completed,Kolkata
O102176,C11789,2026-07-15,P1405,3,11285.04,Refunded,Completed,Chennai
O102177,C13220,2026-07-06,P1101,4,23152.32,Paid,Completed,Kolkata
O102178,C12542,2026-01-25,P1217,1,11862.05,Pending,Completed,Bangalore
O102179,C10772,2026-04-28,P1391,3,21595.92,Paid,Cancelled,Pune
O102180,C13013,2026-02-16,P1277,4,23808.38,Paid,Completed,Kolkata
O102181,C12011,2026-03-23,P1295,5,8578.25,Paid,Returned,Hyderabad
O102182,C10149,2026-02-17,P1236,5,16125.56,Paid,Completed,
O102183,C11580,2026-01-26,P1405,2,16760.57,Paid,Cancelled,Chennai
O102184,C11608,2026-05-09,P1103,3,828.8,Pending,Completed,Delhi
O102185,C13208,2026-02-10,P1132,5,11124.26,Paid,Completed,Chennai
O102186,C10936,2026-05-11,P1008,3,21426.6,Paid,Returned,Bangalore
O102187,C11811,2026-08-20,P1059,-5,23673.25,Paid,Completed,Bangalore
O102188,C10217,2026-03-18,P1275,3,22510.76,Pending,Completed,Chennai
O102189,C13528,2026-05-31,P1341,3,24330.58,Pending,Cancelled,Hyderabad
O102190,C11776,2026-03-14,P1122,3,16430.13,Paid,Cancelled,Pune
O102191,C13429,2026-08-12,P1289,2,6050.14,Paid,Processing,Delhi
O102192,C12711,2026-05-23,P1482,7,14511.94,Paid,Cancelled,Pune
O102193,C11280,2026-04-06,P1419,1,10702.26,Paid,Completed,Bangalore
O102194,C12853,2026-04-28,P1466,6,6688.72,Paid,Completed,Bangalore
O102195,C11876,2026-07-29,P1347,3,19387.82,Paid,Processing,Pune
O102196,C11366,2026-06-09,P1124,1,15841.21,Paid,Returned,Chennai
O102197,C12673,2026-03-27,P1382,7,19815.57,Paid,Cancelled,Bangalore
O102198,C13099,2026-02-04,P1070,6,6956.42,Paid,Completed, 
O102199,C12756,2026-04-29,P1488,1,22625.95,Paid,Completed,Pune
O102200,C11852,2026-02-17,P1165,1,6196.23,Paid,Completed,Mumbai
O102201,C11038,2026-01-27,P1450,5,15167.48,Paid,Cancelled,Delhi
O102202,C13244,2026-04-01,P1031,4,1705.3,Paid,Completed,Bangalore
O102203,C11387,2026-05-28,P1173,6,13661.82,Paid,Completed,Delhi
O102204,C12453,2026-08-29,P1364,1,2738.47,Paid,Completed,Hyderabad
O102205,C10461,2026-08-05,P1350,7,8505.71,Pending,Completed,Delhi
O102206,C12963,2026-03-27,P1492,3,21559.02,Paid,Completed,Hyderabad
O102207,,2026-05-01,P1024,4,22370.12,Paid,Completed,Mumbai
O102208,C11798,2026-01-09,P1319,5,19252.27,Paid,Completed,Hyderabad
O102209,C12195,2026-04-11,P1160,2,9382.28,Paid,Completed, Chennai 
O102210,C13600,2026-02-09,P1302,1,14594.45,Failed,Processing,Pune
O102211,C13183,2026-02-04,P1324,1,5832.28,Refunded,Completed,Hyderabad
O102212,C13852,2026-02-21,P1125,5,17055.23,Pending,Completed,Kolkata
O102213,C11065,2026-05-18,P1284,3,8880.85,Paid,Completed,Hyderabad
O102214,C11881,2026-04-02,P1186,7,5758.67,Paid,Completed,Mumbai
O102215,C11824,2026-03-05,P1158,6,14748.77,Pending,Completed,Hyderabad
O102216,C11893,2026-08-25,P1025,6,3061.51,Paid,Completed,Pune
O102217,C13655,2026-07-08,P1062,6,17261.46,Paid,Completed,Pune
O102218,C10822,2026-04-02,P1441,3,4919.03,Paid,Completed,Hyderabad
O102219,C13582,2026-03-20,P1084,7,13970.35,,Completed,Pune
O102220,C12286,2026-04-06,P1225,7,9994.96,Failed,Processing,Mumbai
O102221,C12149,2026-05-06,P1484,4,14286.24,Paid,Cancelled,Hyderabad
O102222,C11667,2026-01-05,P1176,4,6375.26,Paid,Completed,Hyderabad
O102223,C12160,2026-06-16,P1448,3,7966.62,Paid,Processing,Delhi
O102224,C13215,2026-03-29,P1314,2,3765.93,,Completed,Chennai
O102225,,2026-05-20,P1445,3,19491.05,Failed,Cancelled,KOLKATA
O102226,C13106,2026-01-11,P1451,2,2031.77,Paid,Cancelled,Hyderabad
O102227,C11667,2026-09-14,P1238,7,9597.93,Refunded,Completed,Pune
O102228,C10732,2026-01-30,P1046,5,11392.69,Paid,Processing,Bangalore
O102229,C11659,2026-07-21,P1277,6,5121.59,Paid,Completed,Mumbai
O102230,C12895,2026-03-11,P1463,2,9805.09,Paid,Completed,Bangalore
O102231,C13409,2026-03-27,P1364,7,10626.78,Paid,Completed,Chennai
O102232,C13088,2026-01-25,P1191,6,5840.96,Paid,Completed,Pune
O102233,C11499,2026-08-29,P1173,5,16089.62,Refunded,Processing,Bangalore
O102234,C12318,2026-03-21,P1442,6,1062.09,Paid,Completed,Bangalore
O102235,C11442,2026-03-09,P1159,6,5179.85,Refunded,Completed,Pune
O102236,C12820,2026-05-04,P1353,1,15714.65,Paid,Returned,Chennai
O102237,C11747,2026-07-08,P1212,3,15799.93,Refunded,Completed,Chennai
O102238,C13061,2026-05-23,P1090,7,6851.99,Failed,Processing,Bangalore
O102239,C10051,2026-08-25,P1233,4,17171.32,Paid,Completed,Mumbai
O102240,C11361,2026-05-06,P1164,1,11903.78,Paid,Processing,Kolkata
O102241,C13515,2026-08-21,P1322,4,13322.99,Refunded,Completed,Pune
O102242,C11295,2026-03-31,P1179,2,8515.48,Paid,Completed,CHENNAI
O102243,C11580,2026-02-26,P1426,3,24611.53,Paid,Returned,Bangalore
O102244,C13165,2026-05-08,P1108,3,18513.46,Refunded,Cancelled,Chennai
O102245,C10378,2026-03-24,P1033,3,6436.22,Paid,Completed,Chennai
O102246,C11248,2026-01-22,P1188,1,6143.11,Paid,Cancelled,Delhi
O102247,C13100,2026-02-04,P1326,5,19422.09,Paid,Completed,Hyderabad
O102248,C13831,2026-07-13,P1220,2,9883.87,Paid,Completed,Bangalore
O102249,C13133,2026-03-11,P1450,1,2560.35,Paid,Completed,Bangalore
O102250,C10690,2026-01-01,P1172,1,1179.32,Paid,Processing,Hyderabad
O102251,C13342,2026-05-28,P1485,5,10524.71,Paid,Completed,Pune
O102252,C11904,2026-08-24,P1168,4,10543.29,Paid,Completed,Hyderabad
O102253,C13134,2026-09-08,P1374,4,17759.36,Paid,Processing,Chennai
O102254,C10958,2026-07-22,P1435,3,14496.86,Paid,Returned,MUMBAI
O102255,C11365,2026-07-26,P1065,1,19321.97,Failed,Completed,Chennai
O102256,C13609,2026-08-27,P1267,5,8148.48,,Returned,Hyderabad
O102257,C13646,2026-07-01,P1270,7,15719.01,Paid,Processing,Kolkata
O102258,C11141,2026-07-27,P1125,5,22176.86,Paid,Completed,Pune
O102259,C10334,2026-05-09,P1246,4,2011.39,Pending,Completed,Delhi
O102260,C13719,2026-07-28,P1271,5,17798.75,Paid,Processing,Bangalore
O102261,C11202,2026-03-27,P1258,4,17982.31,Paid,Completed,Mumbai
O102262,C10480,2026-09-15,P1410,4,19912.55,Paid,Processing,Bangalore
O102263,C11393,2026-09-13,P1237,7,6945.47,Paid,Processing,Pune
O102264,C11128,2026-03-06,P1406,6,10588.07,Refunded,Completed,Pune
O102265,C10322,2026-01-19,P1447,1,6220.8,Paid,Cancelled,Kolkata
O102266,C13938,2026-04-16,P1416,6,7921.97,Paid,Processing,Chennai
O102267,C11176,2026-02-07,P1303,2,24222.16,Failed,Completed,Bangalore
O102268,C11090,2026-07-08,P1090,6,11307.65,Failed,Processing,Delhi
O102269,C11681,2026-06-02,P1215,3,21259.25,Paid,Completed,Pune
O102270,C11660,2026-03-01,P1438,2,19933.53,Paid,Completed,
O102271,C11736,2026-07-31,P1229,7,11279.79,Paid,Completed,Bangalore
O102272,C13629,2026-07-15,P1154,5,24806.82,Paid,Completed,Chennai
O102273,C10241,2026-07-12,P1302,6,21067.28,Paid,Completed,Hyderabad
O102274,C13769,2026-06-03,P1414,2,12222.57,Paid,Completed,Hyderabad
O102275,C12665,2026-07-11,P1462,2,7949.73,Paid,Completed,Chennai
O102276,C12792,2026-01-13,P1418,4,2159.78,Pending,Completed,Delhi
O102277,C10631,2026-06-11,P1163,1,11780.56,Paid,Completed,Kolkata
O102278,C11317,2026-09-07,P1407,5,9192.24,Failed,Processing,Mumbai
O102279,C10209,2026-04-12,P1144,3,17871.01,Paid,Processing,Hyderabad
O102280,C12614,2026-01-09,P1300,7,786.06,Paid,Completed,
O102281,C11360,2026-04-21,P1353,7,20836.76,Paid,Completed,Pune
O102282,C12206,2026-08-11,P1189,7,10590.72,Paid,Completed,Hyderabad
O102283,C13013,2026-03-17,P1128,4,11902.39,Paid,Completed,Bangalore
O102284,C12215,2026-08-19,P1275,3,4814.92,Failed,Completed,
O102285,C10286,2026-03-13,P1453,7,23455.81,Paid,Returned,Kolkata
O102286,C10246,2026-06-04,P1196,1,10140.16,Paid,Processing,Hyderabad
O102287,C13471,2026-07-22,P1191,2,21115.3,Paid,Completed,Bangalore
O102288,C11049,2026-05-06,P1348,6,6165.1,Paid,Processing,Mumbai
O102289,C11450,2026-03-14,P1325,2,2687.43,Failed,Processing,Mumbai
O102290,C10874,2026-01-09,P1433,1,16003.3,Paid,Completed,Hyderabad
O102291,C12797,2026-04-27,P1254,5,24615.09,Paid,Cancelled,Hyderabad
O102292,C11545,2026-08-13,P1052,4,16279.46,Paid,Completed,Hyderabad
O102293,C11826,2026-05-10,P1480,7,15335.21,Paid,Completed,Kolkata
O102294,C12700,2026-09-07,P1108,7,11223.1,Paid,Completed,Hyderabad
O102295,C12494,2026-07-24,P1421,2,7309.89,Paid,Completed,Bangalore
O102296,C13099,2026-08-27,P1435,6,10941.58,Paid,Cancelled,Mumbai
O102297,C12997,2026-08-27,P1348,1,3979.24,Paid,Completed,Kolkata
O102298,C11760,2026-07-10,P1107,4,6769.1,Paid,Processing,Mumbai
O102299,C10768,2026-04-15,P1188,4,12338.42,Paid,Cancelled,Pune
O102300,C10893,2026-08-26,P1329,1,3876.45,Paid,Cancelled,Kolkata
O102301,C12829,2026-03-08,P1479,2,19850.84,Paid,Completed,Mumbai
O102302,C11045,2026-08-01,P1280,5,585.56,Paid,Processing,Chennai
O102303,C11763,2026-01-27,P1475,2,8243.36,Pending,Completed,Pune
O102304,C10431,2026-05-06,P1028,2,13061.29,Paid,Completed,Pune
O102305,C10489,2026-03-16,P1114,2,23245.01,Pending,Completed,Pune
O102306,C11000,2026-02-21,P1034,6,14464.27,Paid,Processing,Hyderabad
O102307,C10339,2026-06-01,P1302,2,7584.13,Failed,Completed,Hyderabad
O102308,C11099,2026-07-11,P1440,6,8999.11,Paid,Completed,BANGALORE
O102309,C12274,2026-01-28,P1159,6,8677.23,Paid,Processing,Hyderabad
O102310,C12981,2026-06-29,P1126,3,4755.12,Paid,Completed,PUNE
O102311,C10130,2026-08-27,P1301,1,3877.76,Refunded,Completed,Mumbai
O102312,C12404,2026-07-17,P1035,5,12171.7,Paid,Completed,Bangalore
O102313,C11453,2026-08-10,P1070,6,6975.45,Pending,Processing,Mumbai
O102314,C10907,2026-02-09,P1393,5,2568.52,Paid,Returned,Delhi
O102315,C10127,2026-05-31,P1301,3,5647.02,Paid,Processing,
O102316,C11304,2026-07-01,P1097,5,13161.93,Paid,Completed,Bangalore
O102317,C13161,2026-09-02,P1096,3,6645.26,Paid,Completed,Kolkata
O102318,C12121,2026-01-21,P1025,3,6172.23,Paid,Completed,Chennai
O102319,C13105,2026-09-03,P1175,6,15630.22,Paid,Cancelled,Mumbai
O102320,C11650,2026-02-04,P1175,5,17328.58,Paid,Completed,Mumbai
O102321,C13375,2026-06-30,P1012,5,6258.77,Paid,Completed,Mumbai
O102322,C10601,2026-06-19,P1157,7,11961.89,Paid,Completed,Hyderabad
O102323,C13282,2026-04-10,P1223,2,19184.8,Paid,Completed,Kolkata
O102324,C11905,2026-06-08,P1224,6,17340.64,Paid,Completed,Kolkata
O102325,C12986,2026-03-26,P1453,3,2011.48,Paid,Completed,
O102326,C10962,2026-01-06,P1483,4,9193.75,Paid,Completed,Hyderabad
O102327,C11946,2026-02-21,P1193,1,18164.91,Paid,Returned,Mumbai
O102328,C12933,2026-03-16,P1124,2,4732.11,Paid,Completed,Hyderabad
O102329,C11936,2026-05-19,P1006,7,5139.4,Paid,Processing, Chennai 
O102330,C11833,2026-01-31,P1311,6,15865.24,Paid,Completed,Delhi
O102331,C13245,2026-01-13,P1285,3,7308.65,Paid,Completed,Kolkata
O102332,C10649,2026-04-22,P1237,6,8296.64,Paid,Returned,Delhi
O102333,C11901,2026-07-10,P1054,2,13213.55,Paid,Completed,Bangalore
O102334,C13292,2026-01-13,P1217,2,18839.34,Paid,Completed,Kolkata
O102335,C13383,2026-08-18,P1216,6,12607.73,Paid,Processing,DELHI
O102336,C10473,2026-07-26,P1416,7,22367.64,Paid,Completed,Delhi
O102337,C13403,2026-06-21,P1169,6,2934.03,Paid,Cancelled,Pune
O102338,C10048,2026-08-24,P1005,1,18927.49,Paid,Completed,Bangalore
O102339,C13424,2026-06-27,P1263,5,13727.86,Paid,Completed,Hyderabad
O102340,C11059,2026-06-17,P1328,5,20472.16,Paid,Returned,Chennai
O102341,C12314,2026-05-26,P1127,6,8115.16,Paid,Cancelled,Chennai
O102342,C10038,2026-07-08,P1074,1,12207.91,Refunded,Completed,Chennai
O102343,C12928,2026-01-27,P1215,6,20642.86,Paid,Processing,Bangalore
O102344,C11727,2026-03-05,P1325,2,20845.0,Paid,Completed,Hyderabad
O102345,C13385,2026-08-13,P1039,3,9586.96,Paid,Completed,Chennai
O102346,C12223,2026-09-07,P1183,5,20608.24,Paid,Completed,Bangalore
O102347,C13341,2026-08-10,P1079,7,17155.24,Pending,Completed,kolkata
O102348,C12448,2026-01-19,P1272,4,10412.91,Pending,Completed,Chennai
O102349,C12985,2026-02-04,P1343,6,24251.73,Paid,Completed,
O102350,C12994,2026-03-20,P1390,6,1063.09,Pending,Completed,Delhi
O102351,C10987,2026-07-13,P1295,3,9751.77,Paid,Completed,Pune
O102352,C12310,2026-06-19,P1103,2,7881.73,Paid,Completed,Hyderabad
O102353,C13498,2026-08-14,P1313,4,23413.28,Pending,Completed,Pune
O102354,C13518,2026-05-17,P1445,3,2756.49,Pending,Completed,Bangalore
O102355,C11540,2026-03-15,P1346,1,15812.2,Paid,Processing,Pune
O102356,C11300,2026-03-14,P1457,4,18000.71,Paid,Completed,Mumbai
O102357,C12617,2026-04-11,P1309,6,4849.14,Failed,Completed,Kolkata
O102358,C13116,2026-02-17,P1008,2,4003.7,Paid,Completed,Mumbai
O102359,C10141,2026-07-16,P1306,7,1481.43,Paid,Completed,Pune
O102360,C10374,2026-05-22,P1137,6,4224.22,Paid,Completed,Delhi
O102361,C13117,2026-07-21,P1048,4,20262.91,Refunded,Processing,Chennai
O102362,C11748,2026-04-23,P1157,1,23615.72,Paid,Processing, 
O102363,C12672,2026-01-22,P1264,5,22565.13,Paid,Returned,Hyderabad
O102364,C13284,2026-01-23,P1173,5,9323.03,Failed,Completed,Hyderabad
O102365,C13029,2026-06-05,P1377,6,18229.13,Paid,Completed,Chennai
O102366,C13241,2026-01-07,P1381,7,20727.98,Paid,Completed,Chennai
O102367,C12057,2026-03-10,P1281,5,20368.39,Paid,Completed,Hyderabad
O102368,C10631,2026-04-10,P1191,1,1848.32,Paid,Cancelled,Pune
O102369,C11895,2026-08-03,P1161,6,5606.31,Paid,Completed,Delhi
O102370,C13856,2026-04-10,P1226,7,23491.94,Pending,Cancelled,
O102371,C11222,2026-08-02,P1127,3,18575.68,Paid,Returned,Mumbai
O102372,C11678,2026-03-19,P1026,1,20908.5,Pending,Processing,Delhi
O102373,C13064,2026-08-07,P1083,4,12998.84,Refunded,Completed,Bangalore
O102374,C10304,2026-05-11,P1215,3,10008.48,Failed,Completed,Hyderabad
O102375,C13030,2026-04-18,P1410,5,16385.22,Paid,Completed,Bangalore
O102376,C11097,2026-01-01,P1168,6,11979.56,Pending,Processing,Delhi
O102377,C11070,2026-02-03,P1082,1,9531.92,Paid,Completed,Bangalore
O102378,C12331,2026-03-25,P1017,2,8892.53,Pending,Completed,Mumbai
O102379,C11021,2026-01-20,P1305,5,4200.3,Paid,Completed,Pune
O102380,C12566,2026-05-16,P1298,2,13376.51,Paid,Completed,Hyderabad
O102381,C13638,2026-09-05,P1040,6,13140.21,Paid,Completed,Mumbai
O102382,C11619,2026-02-03,P1459,3,14892.01,Paid,Completed,Hyderabad
O102383,C13777,2026-04-23,P1359,5,3170.72,Paid,Completed,Hyderabad
O102384,C13772,2026-08-28,P1017,6,22898.6,Paid,Completed,Pune
O102385,C10830,2026-03-26,P1188,1,18628.79,Paid,Completed,Bangalore
O102386,C11728,2026-09-10,P1199,2,3534.81,Refunded,Completed,Bangalore
O102387,C13963,2026-02-28,P1355,1,2259.8,Paid,Completed,Hyderabad
O102388,C10514,2026-02-10,P1485,7,16180.14,Pending,Completed,Hyderabad
O102389,C11902,2026-08-24,P1052,5,8735.12,Paid,Completed,Bangalore
O102390,C11728,2026-06-25,P1079,1,8180.5,Paid,Completed,Bangalore
O102391,C13242,2026-07-10,P1308,5,21047.78,Paid,Completed,Pune
O102392,C10648,2026-08-29,P1268,4,8825.04,Paid,Completed,Pune
O102393,C10886,2026-05-13,P1281,1,15914.9,Paid,Completed,Delhi
O102394,C10702,2026-06-19,P1111,4,13565.74,Paid,Cancelled,Bangalore
O102395,C10667,2026-06-17,P1089,2,6795.29,Paid,Completed,Mumbai
O102396,C11031,2026-03-21,P1246,7,8491.51,Refunded,Processing,Delhi
O102397,C12114,2026-05-23,P1055,6,23596.86,Paid,Completed,Pune
O102398,C12829,2026-05-06,P1340,1,8484.91,Paid,Completed,Chennai
O102399,C11522,2026-04-26,P1188,1,19664.88,Paid,Cancelled,Mumbai
O102400,C11786,2026-01-12,P1499,2,21573.5,Paid,Processing,Pune
O102401,C13172,2026-08-11,P1433,1,2054.64,Paid,Completed,Delhi
O102402,C12102,2026-09-05,P1148,7,16678.71,Failed,Cancelled,Delhi
O102403,C12360,2026-05-20,P1263,5,18806.74,Paid,Completed,Hyderabad
O102404,C12073,2026-06-18,P1224,4,11020.34,Paid,Completed,Delhi
O102405,C13161,2026-06-03,P1453,3,14362.33,Paid,Completed,Pune
O102406,C10734,2026-09-13,P1191,5,4296.6,Paid,Cancelled,Pune
O102407,C13928,2026-07-27,P1433,3,8166.88,Paid,Completed,
O102408,C13520,2026-01-27,P1385,2,17779.37,,Cancelled,Kolkata
O102409,C11602,2026-06-03,P1327,2,15183.51,Paid,Cancelled,Delhi
O102410,C11661,2026-05-12,P1069,1,3668.73,Paid,Processing,PUNE
O102411,C13398,2026-02-24,P1005,5,24704.8,Pending,Completed,Delhi
O102412,C11783,2026-03-17,P1021,6,23463.39,Paid,Completed,Mumbai
O102413,C12034,2026-04-25,P1472,3,5835.7,Paid,Completed,
O102414,C12986,2026-04-23,P1173,4,21915.48,Paid,Completed, Pune 
O102415,C11553,2026-05-08,P1094,6,6899.08,Failed,Completed,Bangalore
O102416,C11817,2026-08-26,P1188,5,14224.36,Paid,Completed,Chennai
O102417,C10148,2026-03-20,P1418,6,19616.66,Pending,Completed,Mumbai
O102418,C10533,2026-02-20,P1497,2,8798.78,Pending,Cancelled,Mumbai
O102419,C11836,2026-07-05,P1317,5,14012.14,Paid,Completed,Mumbai
O102420,C10182,2026-07-31,P1068,4,11423.73,Paid,Completed,Mumbai
O102421,C11229,2026-07-24,P1085,5,19076.91,Paid,Processing,Bangalore
O102422,C11750,2026-08-03,P1056,1,12123.29,Paid,Cancelled,Mumbai
O102423,C10406,2026-06-19,P1111,6,14302.71,Paid,Processing,Chennai
O102424,C10261,2026-06-03,P1152,4,21185.28,Pending,Completed,Mumbai
O102425,C10065,2026-02-11,P1465,3,17556.54,Paid,Completed,Bangalore
O102426,C11942,2026-05-05,P1328,2,13329.33,Paid,Completed,Chennai
O102427,C10587,2026-03-25,P1152,7,11693.9,Failed,Completed,Delhi
O102428,C12756,2026-09-04,P1092,7,3431.11,Paid,Completed,Kolkata
O102429,C11973,2026-02-03,P1373,7,1692.25,Paid,Completed,Delhi
O102430,C10075,2026-06-10,P1160,5,23833.55,Paid,Completed,
O102431,C10236,2026-01-30,P1362,4,4907.21,Paid,Processing,Bangalore
O102432,C13674,2026-08-12,P1007,1,7138.73,Paid,Processing,Delhi
O102433,C10497,2026-07-27,P1359,1,15390.43,Paid,Processing,Mumbai
O102434,C13031,2026-08-10,P1119,7,20749.77,Paid,Processing,BANGALORE
O102435,C10985,2026-03-20,P1140,3,20878.61,Paid,Completed,
O102436,C11287,2026-08-01,P1316,7,20792.29,Paid,Returned,Kolkata
O102437,C10099,2026-08-31,P1391,2,24458.77,Paid,Processing,Kolkata
O102438,C12226,2026-01-16,P1239,7,1675.87,Paid,Completed,Chennai
O102439,C11869,2026-06-20,P1116,1,10176.25,Paid,Completed,Chennai
O102440,C12982,2026-07-09,P1113,2,22865.62,Paid,Completed,
O102441,C13625,2026-03-02,P1360,7,11843.24,Paid,Completed,Delhi
O102442,C12192,2026-06-07,P1491,4,21821.03,Paid,Completed,Mumbai
O102443,C13812,2026-05-01,P1026,5,736.11,Paid,Completed,Kolkata
O102444,C10593,2026-09-07,P1309,3,12757.89,Paid,Returned,Delhi
O102445,C11379,2026-09-09,P1386,1,23084.57,Paid,Completed,Delhi
O102446,C13322,2026-07-22,P1288,5,6753.69,Paid,Completed,Hyderabad
O102447,C12215,2026-04-20,P1222,1,23262.56,Failed,Completed,Hyderabad
O102448,C12189,2026-07-27,P1155,3,509.39,Paid,Completed,Pune
O102449,C11843,2026-08-09,P1212,1,2249.51,Failed,Completed,Mumbai
O102450,C10074,2026-05-01,P1179,3,12077.57,Paid,Completed,Hyderabad
O102451,C10321,2026-05-27,P1284,5,2927.58,Paid,Completed,Pune
O102452,C10358,2026-05-05,P1092,4,5872.25,Refunded,Completed,Mumbai
O102453,C10758,2026-03-26,P1188,3,7648.87,Paid,Processing,Mumbai
O102454,C10377,2026-06-22,P1243,4,12192.95,Paid,Processing,Chennai
O102455,C10426,2026-03-23,P1328,2,9945.69,Paid,Processing,Bangalore
O102456,C12549,2026-06-17,P1316,5,23077.05,Paid,Processing,Pune
O102457,C10473,2026-07-12,P1149,7,22184.56,Paid,Completed, Delhi 
O102458,C11861,2026-02-12,P1199,3,18777.35,Paid,Completed,Hyderabad
O102459,C10252,2026-02-21,P1312,7,16584.92,Refunded,Completed,
O102460,C11078,2026-02-12,P1044,5,5347.22,Paid,Completed,Mumbai
O102461,C13700,2026-02-12,P1080,6,15165.11,Paid,Completed,Mumbai
O102462,C10124,2026-01-05,P1214,4,3932.45,Pending,Cancelled,Delhi
O102463,C13510,2026-03-18,P1230,4,11482.16,Failed,Processing,
O102464,C13040,2026-08-08,P1029,5,11699.64,Paid,Completed,Hyderabad
O102465,C13686,2026-09-10,P1462,5,17335.84,Paid,Completed,Hyderabad
O102466,C13150,2026-02-17,P1141,6,20927.63,Failed,Completed,Pune
O102467,C13307,2026-03-19,P1216,4,8216.41,Paid,Completed,Mumbai
O102468,C10431,2026-01-27,P1335,6,1317.18,Pending,Completed,Bangalore
O102469,C13344,2026-01-02,P1496,6,1460.17,Paid,Processing,Chennai
O102470,C11910,2026-08-30,P1431,5,21908.16,Paid,Cancelled,Kolkata
O102471,C11407,2026-04-01,P1145,6,12312.25,Refunded,Completed,Kolkata
O102472,C10615,2026-01-17,P1159,4,6425.91,Paid,Completed,Mumbai
O102473,C10002,2026-03-10,P1365,2,1097.48,Paid,Completed,delhi
O102474,C12572,2026-05-30,P1165,4,13360.48,Paid,Completed,Chennai
O102475,C12906,2026-07-07,P1115,-3,3686.24,Paid,Completed,Mumbai
O102476,C11553,2026-07-02,P1052,1,10600.59,Paid,Completed,Mumbai
O102477,C10657,2026-02-14,P1142,4,13047.12,Pending,Processing,Kolkata
O102478,C10578,2026-01-21,P1420,2,5961.25,Paid,Completed,Chennai
O102479,C10673,2026-03-26,P1377,4,5211.27,Paid,Returned,Mumbai
O102480,C10225,2026-06-08,P1304,5,789.26,Refunded,Cancelled,Chennai
O102481,C11439,2026-06-19,P1032,6,14762.36,Paid,Completed,Mumbai
O102482,C12466,2026-02-21,P1268,2,5250.9,Paid,Completed,Delhi
O102483,C11789,2026-01-20,P1198,7,21992.24,Pending,Completed,BANGALORE
O102484,C10502,2026-02-12,P1191,3,15213.28,Paid,Processing,Pune
O102485,C13267,2026-01-21,P1146,4,14043.43,Paid,Completed,Kolkata
O102486,C11149,2026-01-01,P1084,5,12765.71,Failed,Completed,Bangalore
O102487,C12412,2026-04-09,P1055,3,5618.16,Paid,Completed,Chennai
O102488,C10983,2026-03-29,P1292,3,24244.44,Paid,Completed,Delhi
O102489,C12381,2026-07-20,P1057,3,24186.0,Paid,Completed,Hyderabad
O102490,C10519,2026-09-09,P1008,1,8235.43,Pending,Processing,Chennai
O102491,C12624,2026-02-25,P1131,6,19472.54,Paid,Processing,Chennai
O102492,C12294,2026-05-17,P1478,5,3245.38,Paid,Completed,Chennai
O102493,C12078,2026-05-30,P1070,7,19579.06,Paid,Completed,Mumbai
O102494,C10869,2026-02-06,P1396,1,7372.4,Pending,Completed,Bangalore
O102495,C12118,2026-05-26,P1190,5,7441.62,Pending,Completed,Pune
O102496,C13591,2026-03-12,P1103,5,12828.66,Paid,Completed,Pune
O102497,C10501,2026-02-03,P1246,6,9990.53,Failed,Completed,Mumbai
O102498,C12817,2026-08-25,P1318,2,3210.43,Paid,Completed,Mumbai
O102499,C10455,2026-05-14,P1060,3,14949.01,Paid,Completed,Kolkata
O102500,C11353,2026-03-22,P1419,4,5581.94,Paid,Completed,Pune
O102501,C12737,2026-02-19,P1263,2,11278.65,Paid,Completed, 
O102502,C12242,2026-09-12,P1089,4,6005.96,Paid,Completed,Chennai
O102503,C12715,2026-04-25,P1282,7,21482.36,Paid,Completed,Hyderabad
O102504,C13856,2026-05-26,P1495,6,8649.14,Paid,Completed,Kolkata
O102505,C13881,2026-01-17,P1409,3,22221.02,Pending,Completed,Mumbai
O102506,C13662,2026-07-21,P1044,5,8354.6,Paid,Processing,Pune
O102507,C11980,2026-06-23,P1425,7,4733.58,Paid,Completed,Bangalore
O102508,C11365,2026-03-25,P1269,6,14542.88,Paid,Completed,Bangalore
O102509,C11119,2026-08-31,P1467,7,14011.9,Failed,Completed,Kolkata
O102510,C12304,2026-08-20,P1361,2,15587.16,Paid,Completed,Hyderabad
O102511,C11815,2026-07-03,P1492,1,7762.85,Paid,Cancelled, Kolkata 
O102512,C13981,2026-06-06,P1475,5,8203.23,Paid,Completed,Hyderabad
O102513,C12144,2026-05-31,P1071,6,6164.52,Paid,Completed,Kolkata
O102514,C11316,2026-07-25,P1375,7,23231.5,Paid,Completed,Bangalore
O102515,C12545,2026-08-03,P1051,1,17169.01,Paid,Completed,Mumbai
O102516,C10175,2026-05-01,P1452,7,18979.52,Paid,Completed,HYDERABAD
O102517,C10443,2026-06-08,P1180,5,5095.83,Paid,Completed,Pune
O102518,C12656,2026-06-17,P1306,5,16640.98,Pending,Completed,Pune
O102519,C10493,2026-04-18,P1460,3,19137.81,Paid,Completed,Bangalore
O102520,C13024,2026-05-04,P1129,2,8758.67,Paid,Completed,Hyderabad
O102521,C10247,2026-08-25,P1047,6,4195.01,Paid,Completed,Hyderabad
O102522,C12377,2026-03-18,P1461,6,17516.0,Paid,Completed,Hyderabad
O102523,C12716,2026-03-21,P1432,6,15395.25,Paid,Completed,Chennai
O102524,C13120,2026-01-19,P1186,7,14517.77,,Processing,Kolkata
O102525,C13545,2026-02-10,P1322,4,4809.4,Paid,Processing,Chennai
O102526,C11249,2026-01-31,P1079,3,6783.55,Paid,Completed,Hyderabad
O102527,C12878,2026-03-02,P1136,4,15734.65,Paid,Completed,Chennai
O102528,C10323,2026-03-17,P1102,5,15455.58,Paid,Cancelled,Mumbai
O102529,C13321,2026-02-25,P1001,1,14001.65,Refunded,Completed,Hyderabad
O102530,C13563,2026-08-18,P1074,4,19273.04,Failed,Completed,Kolkata
O102531,C12997,2026-03-06,P1471,1,20422.03,Paid,Completed,Hyderabad
O102532,C11126,2026-03-18,P1426,7,7129.9,Paid,Completed,Kolkata
O102533,C10249,2026-02-07,P1220,4,4192.91,Paid,Completed,Bangalore
O102534,C11687,2026-05-25,P1269,1,5268.84,Paid,Completed,Mumbai
O102535,C11083,2026-06-20,P1495,3,7248.33,Paid,Completed,Kolkata
O102536,C12122,2026-06-13,P1423,4,23709.39,Paid,Completed,Delhi
O102537,C11576,2026-05-03,P1438,3,3687.9,Paid,Returned,Delhi
O102538,C10544,2026-09-04,P1251,3,22005.41,Paid,Completed,Bangalore
O102539,C13349,2026-08-11,P1314,1,5323.42,Paid,Completed,Hyderabad
O102540,C13461,2026-07-29,P1469,4,8906.61,Paid,Completed,Mumbai
O102541,C13255,2026-03-04,P1302,4,3409.05,Paid,Completed,Pune
O102542,C10842,2026-06-04,P1367,2,2853.0,Paid,Completed,Chennai
O102543,C11715,2026-04-18,P1417,7,2650.03,Pending,Completed,Bangalore
O102544,C10686,2026-08-31,P1382,1,8766.14,Failed,Completed,Hyderabad
O102545,C12662,2026-01-18,P1383,4,13235.19,Paid,Completed,Bangalore
O102546,C13222,2026-07-06,P1163,5,5259.95,Paid,Processing,Hyderabad
O102547,C12328,2026-03-22,P1032,2,23337.05,Paid,Cancelled,Hyderabad
O102548,C12186,2026-07-20,P1358,7,14784.54,Failed,Processing,Delhi
O102549,C12862,2026-04-09,P1190,4,22161.1,Paid,Processing,Bangalore
O102550,C10454,2026-06-26,P1234,7,3975.82,Paid,Completed,Hyderabad
O102551,C10991,2026-02-03,P1017,1,3844.31,Paid,Completed,
O102552,C11255,2026-01-26,P1405,7,21214.79,Paid,Completed,Mumbai
O102553,C12131,2026-01-17,P1216,6,14329.14,Refunded,Processing,Mumbai
O102554,C13907,2026-05-10,P1356,7,23483.09,Paid,Completed,Bangalore
O102555,C13454,2026-07-19,P1004,5,3928.35,Pending,Completed,Kolkata
O102556,C10988,2026-04-06,P1287,7,942.64,Paid,Completed,Chennai
O102557,C10932,2026-09-12,P1371,4,22939.05,Paid,Completed,Delhi
O102558,C11743,2026-08-26,P1176,3,17561.28,Paid,Completed,
O102559,C13901,2026-07-23,P1419,3,20237.05,Paid,Processing,Chennai
O102560,C10610,2026-06-15,P1072,7,7611.55,Paid,Cancelled,Delhi
O102561,C13830,2026-08-19,P1269,5,375.74,Paid,Completed,Mumbai
O102562,C10762,2026-03-10,P1319,5,12227.13,Paid,Completed,Delhi
O102563,C13548,2026-06-17,P1031,7,24753.23,Paid,Processing,Bangalore
O102564,C13323,2026-08-05,P1136,5,22716.17,Paid,Completed, 
O102565,C13532,2026-06-11,P1470,5,2078.96,Refunded,Completed, 
O102566,C13569,2026-04-05,P1108,1,4938.26,Paid,Processing,Chennai
O102567,C10873,2026-01-04,P1303,3,7987.33,Paid,Completed,Bangalore
O102568,C13117,2026-03-26,P1307,4,20810.89,Paid,Completed,Mumbai
O102569,C12730,2026-05-09,P1108,4,20670.45,Paid,Completed,Delhi
O102570,C13518,2026-08-01,P1136,3,4869.61,Paid,Completed,Pune
O102571,C11962,2026-02-17,P1468,7,13467.08,Paid,Completed,
O102572,C11655,2026-09-07,P1107,7,12694.33,Paid,Completed,Kolkata
O102573,C12907,2026-06-21,P1031,4,10532.73,Paid,Completed,Chennai
O102574,C11080,2026-03-17,P1363,6,13537.24,Paid,Returned,Hyderabad
O102575,C13282,2026-01-22,P1137,3,7531.88,Paid,Cancelled,Delhi
O102576,C11144,2026-03-13,P1092,7,13429.26,Paid,Completed,Delhi
O102577,C10172,2026-05-03,P1481,7,17234.52,Failed,Processing,Hyderabad
O102578,C12207,2026-09-11,P1213,6,1843.83,Paid,Completed,Pune
O102579,C13346,2026-05-23,P1068,7,24192.46,Paid,Completed,Delhi
O102580,C12764,2026-04-14,P1266,6,4383.0,Paid,Completed,Bangalore
O102581,C13960,2026-04-03,P1185,2,9199.38,Paid,Cancelled,Chennai
O102582,C10563,2026-08-02,P1283,3,11924.5,Paid,Completed,Pune
O102583,C11379,2026-01-20,P1343,4,1312.32,Paid,Completed, Chennai 
O102584,C11520,2026-01-05,P1161,7,13844.54,Pending,Completed,Pune
O102585,C10232,2026-07-04,P1436,2,21788.35,Paid,Completed,Mumbai
O102586,C10172,2026-06-25,P1105,4,22555.15,Paid,Completed,Delhi
O102587,C10117,2026-07-10,P1295,1,8356.93,Paid,Completed,Mumbai
O102588,C11636,2026-06-22,P1191,6,14102.28,Paid,Completed, 
O102589,C13381,2026-01-02,P1371,4,19486.9,Paid,Completed,Chennai
O102590,C12840,2026-02-23,P1137,2,6545.29,Failed,Completed,Bangalore
O102591,C11788,2026-09-05,P1281,3,13353.27,Paid,Returned,Chennai
O102592,C11056,2026-09-14,P1042,4,9358.02,Pending,Completed,HYDERABAD
O102593,C10062,2026-04-14,P1232,3,9640.92,Pending,Completed,Chennai
O102594,C10702,2026-04-19,P1454,4,2625.2,Failed,Completed,Delhi
O102595,C11549,2026-03-17,P1427,5,10350.17,Paid,Completed,Kolkata
O102596,C11483,2026-06-20,P1326,6,4273.72,Paid,Completed,Delhi
O102597,C11038,2026-05-21,P1111,4,7741.37,Paid,Completed,Bangalore
O102598,C13991,2026-07-20,P1440,6,8457.94,Paid,Cancelled,Bangalore
O102599,C11790,2026-04-11,P1370,5,10935.82,Paid,Processing,Pune
O102600,C11072,2026-08-11,P1431,4,22947.77,Paid,Cancelled,Hyderabad
O102601,C11629,2026-01-21,P1334,4,15885.63,Paid,Completed,Mumbai
O102602,C11118,2026-08-21,P1061,5,24369.21,Paid,Completed,Kolkata
O102603,C11409,2026-05-29,P1365,6,14889.09,Paid,Completed,DELHI
O102604,C10503,2026-08-22,P1236,6,20195.6,Paid,Processing,Kolkata
O102605,C10003,2026-01-23,P1444,1,20903.54,Paid,Completed,Mumbai
O102606,C11968,2026-05-26,P1194,3,18553.39,Paid,Completed,Mumbai
O102607,C11958,2026-06-20,P1300,2,16846.9,Paid,Completed,Kolkata
O102608,C10628,2026-01-10,P1188,6,10622.5,Paid,Processing,Bangalore
O102609,C13333,2026-07-28,P1217,6,14311.72,Failed,Completed,Pune
O102610,C10767,2026-02-02,P1198,4,5084.8,Paid,Completed,Mumbai
O102611,C13083,2026-08-31,P1385,2,15570.69,Paid,Processing,Chennai
O102612,C10761,2026-08-02,P1201,1,13003.12,Paid,Completed,Delhi
O102613,C11125,2026-08-26,P1349,4,20166.83,Paid,Completed,Kolkata
O102614,C11080,2026-04-29,P1046,5,22592.83,Failed,Completed,Mumbai
O102615,C10919,2026-06-11,P1254,5,3580.03,Paid,Completed,Bangalore
O102616,C13813,2026-04-25,P1322,4,17365.42,Paid,Completed,Pune
O102617,C11054,2026-08-19,P1229,5,23766.14,Paid,Returned,Kolkata
O102618,C11941,2026-05-16,P1284,1,22971.66,Paid,Completed,Bangalore
O102619,C12943,2026-06-03,P1190,7,20910.33,Paid,Processing,Delhi
O102620,C11277,2026-01-20,P1024,-5,1494.02,Paid,Returned,Pune
O102621,C10046,2026-04-28,P1109,3,6536.36,Paid,Completed,Pune
O102622,,2026-05-11,P1259,7,3962.73,Paid,Completed,Hyderabad
O102623,C11137,2026-07-22,P1430,1,23195.28,Refunded,Returned,Kolkata
O102624,C13495,2026-05-16,P1068,5,18797.58,Paid,Completed,Delhi
O102625,C11966,2026-01-03,P1062,3,13435.08,Pending,Processing,
O102626,C12499,2026-04-28,P1261,5,24491.19,Paid,Processing,Bangalore
O102627,C13806,2026-01-21,P1338,5,5109.55,Pending,Completed,Bangalore
O102628,C13482,2026-04-24,P1017,2,16146.83,Paid,Completed,Kolkata
O102629,C13173,2026-08-19,P1371,6,15351.71,Pending,Processing,Delhi
O102630,C12124,2026-05-03,P1357,3,8709.22,Paid,Completed,Bangalore
O102631,C10677,2026-07-23,P1035,5,12288.89,Paid,Completed,Bangalore
O102632,C13366,2026-01-02,P1331,2,6114.04,Paid,Completed,Hyderabad
O102633,C10376,2026-08-09,P1087,1,17024.73,Paid,Completed,Delhi
O102634,C13552,2026-01-25,P1184,6,10630.55,Pending,Completed,Chennai
O102635,C13067,2026-02-08,P1157,3,881.69,Paid,Completed,Delhi
O102636,C13216,2026-05-21,P1247,1,23784.4,Paid,Completed,Hyderabad
O102637,C11509,2026-08-02,P1397,1,12685.05,Paid,Processing,Bangalore
O102638,C10340,2026-01-09,P1294,6,17729.16,Failed,Completed,Mumbai
O102639,C12910,2026-09-14,P1385,7,5164.17,Paid,Completed,Chennai
O102640,C13915,2026-06-06,P1377,6,3442.57,Paid,Completed,Pune
O102641,C13436,2026-01-27,P1289,7,22589.82,Paid,Completed, Bangalore 
O102642,C13368,2026-09-12,P1057,4,14896.03,Paid,Completed,Mumbai
O102643,C12531,2026-04-20,P1372,7,12485.77,Paid,Completed,Chennai
O102644,C10465,2026-05-28,P1211,3,13172.41,Paid,Completed,Bangalore
O102645,C13455,2026-03-01,P1355,1,6134.2,Paid,Completed,Delhi
O102646,C10888,2026-05-01,P1371,6,22843.35,Paid,Completed,Chennai
O102647,C11058,2026-07-19,P1214,1,5591.73,Paid,Cancelled,Delhi
O102648,C13025,2026-06-18,P1418,1,4202.76,Pending,Completed,Mumbai
O102649,C12869,2026-04-01,P1289,5,23272.13,Paid,Completed,Kolkata
O102650,C10290,2026-04-13,P1468,3,6662.07,Paid,Completed,Pune
O102651,C11008,2026-01-08,P1380,7,21603.37,Paid,Processing,Kolkata
O102652,C13273,2026-08-08,P1357,3,19381.07,Paid,Completed,Bangalore
O102653,C13801,2026-02-10,P1493,3,9734.01,Paid,Cancelled,Hyderabad
O102654,C11066,2026-06-18,P1135,3,6573.85,Paid,Processing,Pune
O102655,C13045,2026-05-06,P1298,3,19047.02,Pending,Completed,Bangalore
O102656,C12024,2026-09-03,P1318,1,15060.69,Paid,Cancelled,Mumbai
O102657,C11521,2026-01-11,P1254,7,6574.8,Paid,Completed,Pune
O102658,C13595,2026-02-20,P1370,2,22304.72,Paid,Processing,Mumbai
O102659,C12194,2026-03-08,P1189,4,18108.27,Paid,Completed,Pune
O102660,C12769,2026-05-13,P1349,3,22759.17,Refunded,Completed,Delhi
O102661,C12371,2026-03-28,P1110,5,11105.52,Paid,Completed,Bangalore
O102662,C12576,2026-05-30,P1275,2,3466.53,Failed,Completed,Hyderabad
O102663,C12070,2026-05-12,P1179,5,23124.66,Paid,Completed,Pune
O102664,C12135,2026-08-01,P1083,1,15155.22,Paid,Completed,Bangalore
O102665,C13411,2026-03-24,P1470,6,15269.67,Pending,Cancelled,Bangalore
O102666,C11211,2026-08-07,P1083,7,14731.36,Paid,Completed, 
O102667,C12947,2026-04-15,P1301,4,11968.11,Paid,Completed,Kolkata
O102668,C11075,2026-03-25,P1342,1,6599.56,Paid,Completed,
O102669,C10283,2026-07-05,P1387,1,15441.64,Paid,Completed,BANGALORE
O102670,C13615,2026-02-19,P1061,6,18049.49,Paid,Completed,Kolkata
O102671,C11643,2026-05-28,P1382,3,22938.62,Paid,Completed,Bangalore
O102672,C12734,2026-06-08,P1137,6,2082.05,Paid,Completed,Hyderabad
O102673,C13033,2026-02-05,P1423,6,6591.33,Refunded,Completed,Delhi
O102674,C13190,2026-02-09,P1132,5,19484.14,Paid,Completed,Kolkata
O102675,C10906,2026-03-21,P1351,3,19446.22,Paid,Cancelled,Mumbai
O102676,C12624,2026-03-04,P1145,1,5537.25,Refunded,Completed,Mumbai
O102677,C13043,2026-01-02,P1316,7,4862.53,Paid,Completed,Kolkata
O102678,C10479,2026-05-03,P1440,4,9368.36,Paid,Processing,Mumbai
O102679,C10565,2026-02-03,P1318,2,1854.01,Paid,Returned, Mumbai 
O102680,C11456,2026-05-19,P1088,7,18339.91,Paid,Cancelled,Mumbai
O102681,C11207,2026-04-02,P1254,1,16844.28,Refunded,Processing,Hyderabad
O102682,C13191,2026-02-28,P1208,7,21510.52,Paid,Completed,Chennai
O102683,C12572,2026-08-20,P1260,7,10922.21,Paid,Returned,PUNE
O102684,C11993,2026-06-22,P1354,1,16027.38,Pending,Completed,Pune
O102685,C10425,2026-03-04,P1489,1,23862.55,Refunded,Completed,Mumbai
O102686,C10450,2026-09-14,P1250,5,23982.42,Paid,Completed,Delhi
O102687,C12069,2026-08-27,P1020,2,2055.62,Refunded,Completed,Pune
O102688,C13534,2026-03-04,P1099,4,346.54,Paid,Completed,Pune
O102689,C13102,2026-09-04,P1274,1,24011.61,Pending,Completed,Hyderabad
O102690,C13529,2026-05-23,P1150,2,13522.32,Refunded,Completed,Kolkata
O102691,C12262,2026-02-12,P1324,7,17599.89,Paid,Completed,Bangalore
O102692,C10886,2026-07-02,P1160,7,22841.15,Paid,Completed,Chennai
O102693,C10127,2026-02-17,P1387,1,10998.92,Paid,Completed,
O102694,C13764,2026-06-30,P1480,6,11184.14,Paid,Completed,Pune
O102695,C11902,2026-04-01,P1238,2,4424.44,Paid,Completed,
O102696,C13438,2026-07-18,P1034,2,22673.96,Paid,Cancelled,Hyderabad
O102697,C12934,2026-04-07,P1314,5,16297.53,Failed,Returned,Mumbai
O102698,C13331,2026-05-09,P1041,5,4752.65,Paid,Completed,Bangalore
O102699,C10843,2026-01-10,P1126,2,14126.86,Paid,Cancelled,
O102700,C12719,2026-02-14,P1217,3,8405.65,Paid,Completed,Chennai
O102701,C12893,2026-02-02,P1356,7,3935.39,Pending,Processing,Bangalore
O102702,C12212,2026-03-25,P1085,1,4792.18,Paid,Completed,
O102703,C13343,2026-03-16,P1202,5,14113.65,Paid,Processing, 
O102704,C13955,2026-06-25,P1048,6,14240.32,Paid,Completed,Hyderabad
O102705,C10042,2026-03-24,P1473,2,19811.54,Pending,Completed,Kolkata
O102706,C11821,2026-04-10,P1296,6,6425.21,Pending,Completed,Delhi
O102707,C13018,2026-09-03,P1332,3,22921.08,Failed,Completed,Bangalore
O102708,C12904,2026-06-29,P1205,-4,13109.74,Paid,Completed,Kolkata
O102709,C11872,2026-01-16,P1104,4,5343.07,Refunded,Completed,Kolkata
O102710,C13371,2026-06-24,P1048,2,10508.03,Paid,Processing,Pune
O102711,C12702,2026-07-19,P1070,4,23106.97,Paid,Processing,Pune
O102712,C12195,2026-08-10,P1463,5,12110.47,Paid,Completed,Delhi
O102713,C11092,2026-02-23,P1083,5,21905.46,Pending,Completed,Delhi
O102714,C11470,2026-07-26,P1492,2,4247.87,Pending,Completed,Hyderabad
O102715,C13959,2026-04-19,P1173,5,22874.77,Paid,Completed, Delhi 
O102716,C13627,2026-03-27,P1319,2,10936.28,Paid,Cancelled,Delhi
O102717,C12784,2026-04-08,P1433,6,23422.34,Paid,Completed,Pune
O102718,C13438,2026-09-05,P1251,2,21692.14,Failed,Processing,BANGALORE
O102719,C10544,2026-02-04,P1426,4,16601.17,Paid,Completed,Kolkata
O102720,C11071,2026-04-27,P1154,1,16919.31,Pending,Processing,Delhi
O102721,C13543,2026-09-11,P1289,2,5524.25,Paid,Completed,Mumbai
O102722,C11884,2026-08-23,P1213,1,15189.9,Failed,Completed,Pune
O102723,C12365,2026-07-18,P1190,7,13872.54,Paid,Completed,Hyderabad
O102724,C13537,2026-06-14,P1357,3,8553.43,Paid,Completed, Delhi 
O102725,C11617,2026-07-08,P1100,5,12788.85,Paid,Completed,Delhi
O102726,C11928,2026-04-12,P1194,3,23249.85,Failed,Cancelled,Delhi
O102727,C10449,2026-01-22,P1154,3,431.05,Paid,Completed,Delhi
O102728,C13968,2026-01-19,P1006,7,10602.97,Paid,Completed,Hyderabad
O102729,C13896,2026-08-20,P1482,2,8540.88,Paid,Cancelled,Bangalore
O102730,C11187,2026-04-07,P1492,3,24042.41,Paid,Completed,Bangalore
O102731,C13412,2026-01-02,P1122,2,24355.19,Paid,Completed,Hyderabad
O102732,C12950,2026-07-01,P1278,5,14765.82,Paid,Completed,
O102733,C10586,2026-01-09,P1449,5,13885.17,Pending,Completed,Pune
O102734,C10095,2026-07-10,P1126,3,22609.35,Paid,Completed,Kolkata
O102735,C10056,2026-06-23,P1215,2,461.6,Paid,Completed,Chennai
O102736,C10263,2026-08-01,P1385,4,14188.33,Paid,Completed,Pune
O102737,C12511,2026-01-04,P1241,4,908.42,Paid,Completed,Delhi
O102738,C11970,2026-06-11,P1163,1,24213.61,Paid,Completed,
O102739,C13990,2026-08-26,P1313,1,8207.94,Failed,Completed,Pune
O102740,C11147,2026-02-13,P1464,6,13163.79,Paid,Completed,Chennai
O102741,C12905,2026-03-10,P1010,7,10613.94,,Completed,Mumbai
O102742,C11549,2026-02-19,P1262,1,22372.52,Refunded,Completed,Bangalore
O102743,C10393,2026-03-01,P1321,3,24995.5,Refunded,Completed,bangalore
O102744,C13511,2026-03-11,P1462,7,1989.18,Failed,Completed,Kolkata
O102745,C11601,2026-08-31,P1365,2,18381.17,Failed,Completed,Mumbai
O102746,C13670,2026-09-11,P1286,7,9389.57,Paid,Processing,Bangalore
O102747,C13750,2026-06-24,P1045,1,3735.1,Refunded,Processing,Mumbai
O102748,C13283,2026-03-03,P1325,2,10314.31,Paid,Processing,Bangalore
O102749,C10110,2026-01-17,P1253,3,24954.22,Paid,Processing,Kolkata
O102750,C13867,2026-06-12,P1228,2,9131.91,Failed,Completed,Bangalore
O102751,C10497,2026-05-06,P1493,6,7151.77,Paid,Completed,Bangalore
O102752,C13728,2026-06-09,P1308,2,21200.43,Failed,Completed,Pune
O102753,C12428,2026-08-06,P1348,3,21738.07,Paid,Completed,Kolkata
O102754,C11511,2026-05-31,P1067,6,8670.07,Paid,Completed,Pune
O102755,C12887,2026-01-20,P1045,4,7677.23,Paid,Completed,Hyderabad
O102756,C12029,2026-02-24,P1292,7,16287.85,Paid,Completed,Hyderabad
O102757,C13180,2026-01-29,P1331,2,5367.91,Paid,Processing,Bangalore
O102758,C12056,2026-06-03,P1154,7,12247.03,Refunded,Processing,Hyderabad
O102759,C11476,2026-03-12,P1280,2,3791.19,Paid,Completed,Pune
O102760,C11444,2026-05-13,P1492,7,7827.44,Failed,Completed,Delhi
O102761,,2026-07-14,P1011,5,7647.79,Paid,Completed,Hyderabad
O102762,C11893,2026-03-20,P1187,5,17464.03,Failed,Completed,Mumbai
O102763,C10440,2026-05-24,P1016,6,7272.14,Paid,Completed,Delhi
O102764,C12648,2026-06-24,P1433,1,22492.84,Pending,Completed,Hyderabad
O102765,C11366,2026-07-30,P1459,7,24581.24,Paid,Completed,Delhi
O102766,C12247,2026-02-08,P1127,1,2302.22,Pending,Processing,Chennai
O102767,C12107,2026-07-06,P1350,3,10121.9,Paid,Completed,Delhi
O102768,C13431,2026-02-08,P1118,3,7755.47,Failed,Completed,Hyderabad
O102769,C13449,2026-09-13,P1008,5,8994.16,Failed,Completed,Mumbai
O102770,C13959,2026-06-07,P1210,5,6854.27,Paid,Completed,Mumbai
O102771,C10967,2026-06-03,P1117,7,9751.82,Paid,Processing,Delhi
O102772,C10137,2026-07-28,P1028,1,3792.94,Paid,Completed,Hyderabad
O102773,C11700,2026-01-12,P1116,5,7211.51,Paid,Cancelled,Mumbai
O102774,C13589,2026-01-14,P1383,2,18771.1,Paid,Completed,Chennai
O102775,C12402,2026-05-26,P1408,7,8797.95,Failed,Completed,Hyderabad
O102776,C11495,2026-06-17,P1398,2,5433.52,Paid,Processing,Hyderabad
O102777,C13090,2026-04-05,P1392,7,2978.57,Paid,Processing,Bangalore
O102778,C12851,2026-02-17,P1140,5,8895.7,Paid,Completed,Bangalore
O102779,C12856,2026-03-12,P1302,3,16192.2,Paid,Completed,Bangalore
O102780,C12059,2026-02-21,P1427,1,6556.63,Paid,Cancelled,Chennai
O102781,C12123,2026-07-05,P1233,2,10734.41,Pending,Completed,Hyderabad
O102782,C12225,2026-02-28,P1130,7,23824.24,Paid,Processing,Chennai
O102783,C12212,2026-02-18,P1377,6,13943.36,Paid,Completed,Kolkata
O102784,C10825,2026-05-16,P1457,3,13438.88,Paid,Completed,Hyderabad
O102785,C10983,2026-06-20,P1401,6,10425.6,Paid,Processing,Mumbai
O102786,C11497,2026-06-12,P1393,5,14053.95,Paid,Processing,Mumbai
O102787,C13424,2026-03-05,P1163,7,24618.81,Paid,Processing,Mumbai
O102788,C11851,2026-04-04,P1379,6,6569.03,Paid,Processing,Kolkata
O102789,C13708,2026-04-19,P1475,1,23565.62,Pending,Completed,Delhi
O102790,C13176,2026-02-10,P1184,1,3982.05,Paid,Completed,Hyderabad
O102791,C13448,2026-04-29,P1258,3,3044.3,Paid,Completed, 
O102792,C10537,2026-01-26,P1403,3,16470.34,Paid,Completed,Mumbai
O102793,C10595,2026-05-22,P1401,3,6504.12,Paid,Completed,Chennai
O102794,C10947,2026-06-09,P1432,6,11276.49,Paid,Processing,Mumbai
O102795,C12652,2026-02-10,P1164,5,18322.47,Paid,Completed,Delhi
O102796,C11906,2026-06-02,P1019,5,13510.59,Paid,Processing,Pune
O102797,C10679,2026-06-02,P1329,3,639.61,Paid,Completed,Delhi
O102798,C12985,2026-02-21,P1481,5,7854.33,Paid,Completed,Delhi
O102799,C12071,2026-07-26,P1447,1,1897.76,Pending,Completed,HYDERABAD
O102800,C12926,2026-01-21,P1277,7,23175.03,Paid,Completed,Mumbai
O102801,C13640,2026-06-09,P1148,4,19927.82,Paid,Completed,Kolkata
O102802,C13661,2026-08-04,P1224,5,24600.89,Failed,Completed,Kolkata
O102803,C11205,2026-02-17,P1335,1,22162.2,Paid,Completed,Delhi
O102804,C10634,2026-06-20,P1489,4,12040.7,Paid,Completed,Kolkata
O102805,C11736,2026-05-18,P1418,4,22100.16,Paid,Processing,Hyderabad
O102806,C10335,2026-01-27,P1099,3,16909.23,Paid,Completed, 
O102807,C10176,2026-03-12,P1384,6,13257.61,Paid,Cancelled,Delhi
O102808,C13915,2026-02-05,P1379,3,9454.96,Pending,Completed,Kolkata
O102809,C13890,2026-02-18,P1395,1,17119.86,Paid,Returned,Mumbai
O102810,,2026-01-03,P1012,3,14876.3,Paid,Processing,Hyderabad
O102811,C13284,2026-02-24,P1250,7,15470.37,Pending,Completed,Hyderabad
O102812,C10894,2026-09-02,P1007,4,10175.83,Paid,Completed,HYDERABAD
O102813,C11670,2026-01-22,P1370,1,18561.08,Paid,Completed,Mumbai
O102814,C12908,2026-08-29,P1158,1,2309.17,Paid,Processing,Pune
O102815,C12203,2026-07-04,P1260,6,18236.13,Paid,Completed,Chennai
O102816,C13287,2026-07-27,P1127,6,18349.8,Paid,Completed,Mumbai
O102817,C13923,2026-02-24,P1171,1,13043.8,Pending,Completed,Mumbai
O102818,C10036,2026-05-16,P1306,6,6803.09,Paid,Completed,Bangalore
O102819,C13701,2026-03-23,P1355,6,13126.13,Paid,Completed,Hyderabad
O102820,C11655,2026-05-07,P1494,3,3340.23,Refunded,Processing,Chennai
O102821,C11633,2026-02-11,P1152,7,7343.05,Paid,Completed,Delhi
O102822,C10002,2026-06-21,P1428,6,10706.11,Paid,Completed,Kolkata
O102823,C13340,2026-03-28,P1012,3,16928.87,Refunded,Completed,Bangalore
O102824,C13038,2026-04-05,P1418,3,4924.25,Paid,Cancelled,Kolkata
O102825,C13578,2026-02-23,P1031,5,4206.82,Paid,Completed,Kolkata
O102826,C10669,2026-01-09,P1455,6,15312.57,Paid,Cancelled,Mumbai
O102827,C10861,2026-08-29,P1405,6,17084.77,Paid,Cancelled,Bangalore
O102828,C11215,2026-04-22,P1133,5,2366.3,Paid,Cancelled,Delhi
O102829,C12122,2026-03-06,P1048,5,1119.13,Paid,Completed,Kolkata
O102830,C11381,2026-03-28,P1266,1,3934.6,Paid,Completed,Kolkata
O102831,C11199,2026-05-03,P1070,3,22555.36,Pending,Completed,Bangalore
O102832,C10731,2026-07-28,P1142,5,16914.17,Pending,Completed,Delhi
O102833,C10637,2026-01-03,P1067,1,23049.34,Paid,Completed,Delhi
O102834,C11893,2026-05-20,P1167,4,16718.46,Paid,Completed,Chennai
O102835,C11785,2026-04-07,P1417,5,24141.36,Paid,Completed,Delhi
O102836,C13143,2026-09-10,P1247,1,11140.99,Paid,Completed,kolkata
O102837,C13297,2026-05-02,P1362,7,15097.74,Failed,Completed,Mumbai
O102838,C12804,2026-01-31,P1103,2,15149.28,Paid,Processing,Bangalore
O102839,C13327,2026-08-09,P1213,5,377.56,Paid,Processing,Delhi
O102840,C10435,2026-04-19,P1157,4,978.13,Paid,Completed, Chennai 
O102841,C11832,2026-07-18,P1274,1,3888.05,Failed,Completed,Mumbai
O102842,C11146,2026-04-09,P1100,6,12924.9,Paid,Returned,Delhi
O102843,C11007,2026-05-30,P1113,6,10934.01,Paid,Cancelled,Kolkata
O102844,C12853,2026-06-26,P1445,5,13631.8,Paid,Completed,Delhi
O102845,C13327,2026-03-11,P1317,5,20072.12,Paid,Completed,Chennai
O102846,C10459,2026-07-27,P1165,2,20609.33,Paid,Returned,Kolkata
O102847,C10496,2026-07-30,P1029,1,24432.27,Pending,Completed, 
O102848,C12559,2026-05-28,P1031,7,14071.43,Paid,Completed,Kolkata
O102849,C10577,2026-05-18,P1338,1,8876.22,Paid,Completed,Delhi
O102850,C13075,2026-05-08,P1115,1,7908.28,Paid,Completed,Chennai
O102851,C13317,2026-03-05,P1408,3,8716.32,Paid,Processing,Hyderabad
O102852,C12093,2026-08-04,P1100,6,8298.59,Failed,Completed,Chennai
O102853,C13636,2026-05-11,P1364,2,10005.12,Paid,Completed,Mumbai
O102854,C10081,2026-09-12,P1086,6,2149.57,Failed,Returned,Kolkata
O102855,C10906,2026-01-01,P1011,1,15945.78,Paid,Completed,Pune
O102856,C13094,2026-02-28,P1264,2,14330.62,Paid,Completed,Kolkata
O102857,C13832,2026-07-27,P1380,3,11710.43,Paid,Processing, 
O102858,C13845,2026-04-08,P1420,7,2303.3,Paid,Completed,Pune
O102859,C10001,2026-05-10,P1272,1,2602.25,Failed,Cancelled,Delhi
O102860,C12529,2026-03-07,P1497,2,13764.1,Paid,Processing, 
O102861,C10109,2026-04-05,P1418,2,1203.54,Paid,Completed,CHENNAI
O102862,C12803,2026-03-03,P1498,3,18202.29,Paid,Completed,Mumbai
O102863,C13074,2026-05-08,P1494,2,24846.32,Paid,Returned,Chennai
O102864,C13433,2026-03-09,P1368,3,15055.95,Paid,Completed,Mumbai
O102865,C12119,2026-01-21,P1360,5,18168.76,Paid,Completed,Mumbai
O102866,C13403,2026-04-29,P1477,7,11141.72,Paid,Completed,Pune
O102867,C13698,2026-05-08,P1376,2,16785.08,Paid,Completed,Bangalore
O102868,C12134,2026-01-24,P1059,3,16398.97,Paid,Completed,Kolkata
O102869,C12098,2026-02-06,P1259,6,20655.05,Paid,Completed,Chennai
O102870,C12025,2026-07-22,P1424,4,17870.09,Paid,Completed,Bangalore
O102871,C12020,2026-03-10,P1451,1,18801.52,Pending,Processing,Bangalore
O102872,C13100,2026-04-22,P1471,7,14048.91,Refunded,Completed,Delhi
O102873,C10269,2026-05-22,P1386,1,12267.52,Paid,Completed,Kolkata
O102874,C11811,2026-02-27,P1136,1,11630.3,Pending,Completed,Chennai
O102875,C12097,2026-01-02,P1266,3,9982.67,Refunded,Completed,Delhi
O102876,C10858,2026-04-18,P1479,7,6870.89,Paid,Completed,Bangalore
O102877,C12166,2026-02-26,P1234,3,1122.78,Paid,Completed,Delhi
O102878,C11824,2026-01-08,P1499,1,16876.06,Failed,Processing,Bangalore
O102879,C12952,2026-07-31,P1254,3,22553.74,Pending,Completed,Hyderabad
O102880,C11414,2026-02-24,P1316,6,23282.92,Paid,Completed,Bangalore
O102881,C13802,2026-06-24,P1487,2,14639.87,Paid,Completed,Kolkata
O102882,C11656,2026-04-16,P1348,2,2625.17,Paid,Cancelled,Delhi
O102883,,2026-08-17,P1225,2,22003.01,Paid,Completed,Mumbai
O102884,C10887,2026-03-15,P1367,5,18769.3,Failed,Completed,Mumbai
O102885,C12756,2026-03-17,P1097,1,6509.85,Refunded,Processing,Pune
O102886,C12057,2026-03-05,P1276,4,20147.56,Paid,Processing,Kolkata
O102887,C11370,2026-07-08,P1024,1,11958.6,Paid,Completed,Delhi
O102888,C11392,2026-06-16,P1468,2,22223.55,Paid,Processing,Mumbai
O102889,C11503,2026-07-30,P1061,1,6415.99,Paid,Cancelled,Delhi
O102890,C11751,2026-07-13,P1083,5,20082.38,Refunded,Completed,Pune
O102891,C10991,2026-05-21,P1023,2,17884.18,Paid,Completed,Mumbai
O102892,C11110,2026-08-16,P1196,7,656.7,Paid,Completed,Pune
O102893,C13836,2026-04-14,P1424,5,14214.36,Pending,Completed,Kolkata
O102894,C11206,2026-03-16,P1440,5,17973.7,Paid,Completed,Mumbai
O102895,C12509,2026-04-16,P1065,7,4163.35,Paid,Completed,Chennai
O102896,C11382,2026-07-19,P1249,5,13437.9,Failed,Completed,Mumbai
O102897,C13245,2026-06-30,P1264,2,7810.72,Paid,Completed,Pune
O102898,C12786,2026-04-07,P1234,7,17497.45,Paid,Completed,Mumbai
O102899,C11313,2026-05-05,P1135,5,13641.45,Paid,Completed,Kolkata
O102900,C12868,2026-09-08,P1125,5,15650.01,Failed,Completed,Bangalore
O102901,C13029,2026-09-08,P1095,4,2091.73,Paid,Completed,Pune
O102902,C10553,2026-05-21,P1313,1,3703.54,Paid,Completed,Delhi
O102903,C12314,2026-08-12,P1326,4,13936.6,Paid,Completed,Hyderabad
O102904,C13233,2026-01-26,P1037,1,4774.97,Failed,Completed,Hyderabad
O102905,C10201,2026-05-10,P1147,-4,12617.67,Paid,Completed,
O102906,C12033,2026-01-02,P1046,4,17343.72,Paid,Cancelled,Delhi
O102907,C13362,2026-08-10,P1078,3,20301.36,Paid,Completed,Mumbai
O102908,C13814,2026-08-26,P1486,2,3832.27,Paid,Processing,Delhi
O102909,C12626,2026-03-23,P1027,2,18624.41,Paid,Returned,Pune
O102910,C11312,2026-02-01,P1478,1,9270.7,Failed,Completed,Hyderabad
O102911,C12421,2026-01-31,P1443,1,17069.64,Paid,Completed,Chennai
O102912,C10109,2026-08-23,P1277,5,3888.53,Paid,Processing,Pune
O102913,C11824,2026-05-29,P1231,3,13024.83,Paid,Completed,Mumbai
O102914,C12911,2026-04-15,P1112,6,20987.79,Paid,Completed,Pune
O102915,C10144,2026-07-31,P1178,2,2928.86,Paid,Completed,Mumbai
O102916,C12414,2026-02-26,P1279,2,20743.71,Paid,Completed,Delhi
O102917,C12355,2026-05-28,P1225,7,11483.38,Paid,Processing,Chennai
O102918,C10759,2026-03-14,P1072,4,20634.81,Refunded,Completed,Bangalore
O102919,C12278,2026-05-26,P1060,1,23972.18,Failed,Completed,Mumbai
O102920,C11639,2026-05-24,P1001,4,4243.42,Paid,Processing,Hyderabad
O102921,C11916,2026-04-01,P1364,1,16961.87,Paid,Returned,Mumbai
O102922,C11302,2026-08-07,P1088,7,6106.88,Paid,Processing,Kolkata
O102923,C13243,2026-01-08,P1459,7,3648.19,Failed,Cancelled,Kolkata
O102924,C11463,2026-08-31,P1438,1,15813.64,Paid,Completed,Chennai
O102925,C13165,2026-02-03,P1003,4,2967.2,Paid,Cancelled,Bangalore
O102926,C10306,2026-08-21,P1498,4,11789.76,Paid,Processing,Delhi
O102927,C11115,2026-06-28,P1231,4,16008.07,Paid,Completed,Kolkata
O102928,C11611,2026-06-05,P1057,6,12640.88,Paid,Completed,Mumbai
O102929,C11619,2026-04-25,P1126,1,17517.61,Paid,Completed,Mumbai
O102930,C11766,2026-08-19,P1268,7,20094.88,Paid,Completed,Chennai
O102931,C12611,2026-04-13,P1220,3,21844.49,Paid,Completed,Delhi
O102932,C12298,2026-05-22,P1223,4,14128.84,Paid,Returned,Kolkata
O102933,C12085,2026-09-02,P1154,1,7132.77,Paid,Cancelled,Hyderabad
O102934,C13353,2026-07-19,P1029,4,12888.65,Paid,Completed,Delhi
O102935,C10785,2026-05-19,P1109,6,9875.91,Paid,Returned,Hyderabad
O102936,C13443,2026-03-24,P1358,7,5880.36,Paid,Completed, Pune 
O102937,C13248,2026-09-03,P1377,3,13367.96,Paid,Completed,Mumbai
O102938,C10783,2026-04-23,P1251,3,859.58,Paid,Cancelled,
O102939,C12498,2026-08-13,P1317,5,15257.45,Paid,Cancelled,
O102940,C10893,2026-03-10,P1192,5,20593.61,Paid,Processing,Kolkata
O102941,,2026-01-09,P1010,3,24986.06,Failed,Completed,
O102942,C11973,2026-05-01,P1342,4,23065.47,Paid,Completed,Bangalore
O102943,C10815,2026-09-06,P1432,-3,2518.45,Paid,Completed,Bangalore
O102944,C12546,2026-07-16,P1016,6,4312.01,Paid,Returned,Hyderabad
O102945,C12831,2026-04-23,P1398,1,3724.52,Paid,Completed,Mumbai
O102946,C12421,2026-03-16,P1154,3,14091.28,Paid,Completed,Kolkata
O102947,C10967,2026-02-26,P1116,4,1434.62,Paid,Processing,Hyderabad
O102948,C12943,2026-05-18,P1393,6,23443.72,Paid,Processing,Delhi
O102949,C13721,2026-07-09,P1463,1,1827.37,Paid,Completed,Bangalore
O102950,C13811,2026-05-11,P1228,3,9963.89,Paid,Completed,Kolkata
O102951,C12720,2026-02-20,P1411,3,22381.05,Paid,Completed,Bangalore
O102952,C13363,2026-05-20,P1385,4,23724.94,Paid,Completed,Kolkata
O102953,C13917,2026-06-08,P1486,4,11792.68,Pending,Processing, Pune 
O102954,C10173,2026-07-26,P1290,2,12364.26,Paid,Completed,Pune
O102955,C11909,2026-01-11,P1398,4,16013.57,Paid,Processing,Kolkata
O102956,C11166,2026-02-02,P1186,1,10368.68,Paid,Completed,Pune
O102957,C11900,2026-02-24,P1458,5,8319.13,Paid,Completed,Bangalore
O102958,C13670,2026-05-04,P1160,4,18563.85,Paid,Completed,PUNE
O102959,C13936,2026-05-25,P1054,4,15005.35,Paid,Completed,Bangalore
O102960,C13622,2026-05-10,P1207,5,12197.28,,Processing,pune
O102961,C10789,2026-05-06,P1330,5,2789.45,Paid,Completed,Chennai
O102962,C13214,2026-04-04,P1467,6,2000.88,Refunded,Completed,Delhi
O102963,C13273,2026-09-12,P1051,3,12917.14,Refunded,Completed,Delhi
O102964,C12319,2026-01-02,P1018,7,15599.96,Paid,Processing,Kolkata
O102965,C12861,2026-03-18,P1422,3,16540.54,Paid,Completed,Delhi
O102966,C13624,2026-01-11,P1241,5,22403.79,Paid,Completed,Delhi
O102967,C13979,2026-06-17,P1470,5,20460.75,Paid,Completed,Delhi
O102968,C10160,2026-08-03,P1187,5,3776.83,Pending,Completed,Pune
O102969,C11029,2026-06-24,P1009,1,19922.44,Paid,Completed,Chennai
O102970,C13741,2026-01-01,P1455,7,17004.69,Paid,Completed,Pune
O102971,C11317,2026-09-04,P1321,7,20752.31,Paid,Completed,Kolkata
O102972,C10426,2026-04-10,P1439,6,21130.86,Paid,Processing,Mumbai
O102973,C11254,2026-04-06,P1006,2,8834.65,Paid,Returned,Mumbai
O102974,C12075,2026-02-25,P1089,1,6802.74,Paid,Completed,Pune
O102975,C11545,2026-06-06,P1167,2,13950.06,Paid,Completed,Hyderabad
O102976,C13155,2026-08-06,P1402,7,7675.61,Failed,Completed,Mumbai
O102977,C12446,2026-05-09,P1197,7,8937.23,Paid,Completed,Bangalore
O102978,C11741,2026-05-20,P1480,3,2008.25,Paid,Completed,Bangalore
O102979,C13992,2026-04-13,P1374,7,24786.68,Paid,Processing,Pune
O102980,C13546,2026-07-25,P1383,5,7939.63,Paid,Completed,Delhi
O102981,C13451,2026-07-02,P1010,1,19567.81,Paid,Cancelled,
O102982,C12270,2026-02-19,P1051,6,24831.01,Paid,Processing,Hyderabad
O102983,C13122,2026-07-14,P1355,5,24237.41,Paid,Completed,Chennai
O102984,C11344,2026-08-30,P1139,6,15956.91,Pending,Completed,Chennai
O102985,C11320,2026-04-11,P1219,7,13604.94,Paid,Completed,Delhi
O102986,C13571,2026-05-06,P1189,6,7939.13,Refunded,Processing,Delhi
O102987,C12389,2026-06-16,P1328,5,21579.22,Paid,Completed,Mumbai
O102988,C11375,2026-01-24,P1150,5,8648.48,Failed,Completed,Pune
O102989,C13383,2026-06-22,P1295,7,2936.08,Paid,Completed,Delhi
O102990,C11771,2026-07-02,P1197,1,7564.23,Paid,Completed,Hyderabad
O102991,C11601,2026-08-30,P1305,7,8082.9,Paid,Completed,Mumbai
O102992,C10104,2026-05-04,P1063,5,18046.59,Paid,Completed,Hyderabad
O102993,C12718,2026-06-20,P1146,3,4487.69,Paid,Completed,Delhi
O102994,C12132,2026-09-10,P1211,2,8126.52,Failed,Cancelled,Delhi
O102995,C11248,2026-04-27,P1273,6,2191.68,Paid,Completed,Mumbai
O102996,C10557,2026-08-09,P1410,4,21255.51,Paid,Completed,Kolkata
O102997,C10730,2026-01-09,P1096,3,18201.95,Paid,Processing,Pune
O102998,C10900,2026-02-09,P1092,2,11105.93,Paid,Completed,Mumbai
O102999,C13463,2026-02-22,P1328,4,10921.38,Failed,Completed,Pune
O103000,C11924,2026-03-12,P1492,5,4409.38,Paid,Completed,Kolkata
O103001,C12784,2026-04-29,P1299,3,9796.49,Paid,Completed,Kolkata
O103002,C11846,2026-07-30,P1313,6,22698.58,Paid,Completed,Chennai
O103003,C11896,2026-01-23,P1061,6,3724.85,Failed,Completed,Mumbai
O103004,C13291,2026-04-15,P1433,4,19196.2,Paid,Processing,Delhi
O103005,C13087,2026-08-28,P1090,4,1465.24,Paid,Completed,Hyderabad
O103006,C10929,2026-07-31,P1308,4,7998.48,Paid,Completed,Delhi
O103007,C12504,2026-02-07,P1358,5,21219.36,Failed,Cancelled,Kolkata
O103008,C12722,2026-02-22,P1060,2,11291.1,Paid,Completed,Bangalore
O103009,C11620,2026-08-14,P1458,2,17656.54,Failed,Completed,Hyderabad
O103010,C10273,2026-03-11,P1305,3,2857.48,Paid,Completed,Pune
O103011,C11486,2026-04-24,P1053,5,17180.62,Paid,Completed,Pune
O103012,C11434,2026-04-20,P1297,2,20529.81,Paid,Completed,Delhi
O103013,C12764,2026-04-22,P1186,3,20189.57,Paid,Completed,Bangalore
O103014,C13240,2026-07-09,P1263,2,11140.08,Paid,Completed,Bangalore
O103015,C11585,2026-02-19,P1397,7,22632.29,Pending,Completed,Hyderabad
O103016,C12584,2026-01-19,P1237,-1,14501.88,Paid,Completed,
O103017,C12573,2026-05-12,P1268,5,20501.43,Refunded,Completed,chennai
O103018,C12594,2026-01-06,P1198,1,5572.44,Paid,Completed,Bangalore
O103019,C12219,2026-07-29,P1334,2,5492.94,Pending,Processing,Bangalore
O103020,C12518,2026-03-03,P1357,2,18932.75,Paid,Completed,Hyderabad
O103021,C13473,2026-05-24,P1427,7,16271.89,Paid,Completed,Mumbai
O103022,C13690,2026-08-19,P1298,1,17004.85,Pending,Completed,
O103023,C10367,2026-04-18,P1247,5,6143.29,Paid,Returned,Chennai
O103024,C10047,2026-02-17,P1255,7,10170.68,Paid,Completed,Kolkata
O103025,C12077,2026-06-24,P1401,3,6681.98,Paid,Processing,Delhi
O103026,C11652,2026-05-02,P1419,4,1982.71,Paid,Completed,Pune
O103027,C11806,2026-03-02,P1158,6,5337.35,Paid,Completed,Delhi
O103028,C11835,2026-02-17,P1387,1,24880.56,Paid,Completed,Chennai
O103029,C13583,2026-05-09,P1332,6,6080.84,Paid,Completed,Bangalore
O103030,C12548,2026-05-04,P1294,7,4234.54,Paid,Cancelled,Bangalore
O103031,C11770,2026-01-23,P1093,5,17512.86,Paid,Completed,Chennai
O103032,C11820,2026-09-01,P1182,7,15172.97,Paid,Completed,Bangalore
O103033,C13380,2026-05-22,P1018,7,18726.52,Paid,Completed,Delhi
O103034,C10868,2026-03-27,P1195,5,16445.73,Paid,Returned,Delhi
O103035,C10059,2026-01-04,P1064,6,5807.94,Paid,Completed,Kolkata
O103036,C11914,2026-09-08,P1295,4,12672.38,Paid,Completed,Chennai
O103037,C13844,2026-04-21,P1351,7,4663.08,Paid,Completed,Mumbai
O103038,C13260,2026-07-30,P1203,3,6562.39,Pending,Completed,Mumbai
O103039,C11634,2026-06-19,P1075,3,24676.87,Paid,Completed,Bangalore
O103040,C10700,2026-02-21,P1211,2,18298.39,Paid,Returned,Kolkata
O103041,C12282,2026-02-15,P1458,2,19636.41,Pending,Returned,Mumbai
O103042,C13521,2026-09-15,P1244,6,1042.46,Paid,Completed,Bangalore
O103043,C12871,2026-04-28,P1372,1,9738.71,Paid,Completed,Mumbai
O103044,C12162,2026-05-23,P1112,6,14014.65,Paid,Completed,
O103045,C12941,2026-01-01,P1029,7,3996.95,Refunded,Completed,Pune
O103046,C13861,2026-08-07,P1496,3,21259.1,Paid,Cancelled,Mumbai
O103047,C12212,2026-06-28,P1246,1,3748.13,Paid,Cancelled,Delhi
O103048,C12223,2026-07-02,P1491,2,16021.69,Paid,Completed,Kolkata
O103049,C11915,2026-08-20,P1478,1,13963.72,Paid,Returned,DELHI
O103050,C12268,2026-03-26,P1411,4,21278.04,Paid,Processing,Bangalore
O103051,C12542,2026-01-14,P1235,7,8001.72,Paid,Completed,Mumbai
O103052,C10817,2026-02-19,P1176,6,7316.87,Paid,Processing,Chennai
O103053,C12273,2026-01-11,P1092,1,21206.4,Paid,Completed,Pune
O103054,C10053,2026-05-21,P1168,2,5768.72,Failed,Completed,
O103055,C13754,2026-04-09,P1085,2,18727.22,Paid,Processing,Delhi
O103056,C10151,2026-03-30,P1108,4,5021.3,Paid,Completed,Delhi
O103057,C13835,2026-03-22,P1304,4,21929.68,Paid,Completed,Chennai
O103058,C13879,2026-04-30,P1156,3,21024.87,Paid,Cancelled,Pune
O103059,C12108,2026-01-24,P1128,4,19750.34,Paid,Completed,Mumbai
O103060,C11330,2026-04-02,P1468,4,12439.34,Paid,Completed,Mumbai
O103061,C10740,2026-04-11,P1286,7,1135.83,Paid,Processing,Chennai
O103062,C10649,2026-04-18,P1282,3,3571.89,Pending,Completed,Bangalore
O103063,C10952,2026-04-12,P1290,4,11578.15,Pending,Completed,Pune
O103064,C11906,2026-03-09,P1007,5,1378.1,Paid,Completed,Delhi
O103065,C12973,2026-06-01,P1039,5,1867.77,Paid,Cancelled,Mumbai
O103066,C11596,2026-08-24,P1441,5,3399.94,Paid,Completed,Bangalore
O103067,C13126,2026-02-01,P1199,4,6742.91,Paid,Completed,Pune
O103068,C12260,2026-08-19,P1133,2,18808.27,Paid,Cancelled,Pune
O103069,C10077,2026-04-26,P1142,2,1485.17,,Completed,Pune
O103070,C10527,2026-03-10,P1276,3,24595.89,Paid,Completed,Bangalore
O103071,C12290,2026-01-17,P1420,2,7063.59,Paid,Completed,Delhi
O103072,C10645,2026-03-02,P1197,2,8208.89,Paid,Completed,Bangalore
O103073,C12435,2026-04-15,P1309,3,6422.76,Failed,Processing,Pune
O103074,C11782,2026-07-07,P1412,5,15179.05,Paid,Completed,Hyderabad
O103075,C12762,2026-06-03,P1441,3,779.84,Paid,Completed,Kolkata
O103076,C11166,2026-08-10,P1344,2,2611.17,Paid,Completed,Bangalore
O103077,C13289,2026-03-20,P1470,7,2739.8,Paid,Processing,Kolkata
O103078,C11556,2026-02-02,P1229,2,16713.95,Paid,Completed,Bangalore
O103079,C13189,2026-03-23,P1090,3,8439.19,Failed,Completed,Delhi
O103080,C10077,2026-08-31,P1105,4,11106.11,Paid,Completed,Pune
O103081,C11573,2026-07-13,P1086,2,23764.34,Failed,Completed,Kolkata
O103082,C10881,2026-01-04,P1274,2,5241.06,Paid,Completed,Kolkata
O103083,C11776,2026-03-29,P1091,3,2033.86,Paid,Completed,Kolkata
O103084,C13790,2026-07-11,P1255,6,11203.15,Refunded,Returned,Chennai
O103085,C10636,2026-01-18,P1033,2,4352.61,Paid,Processing,Pune
O103086,C10352,2026-03-31,P1057,6,3873.03,Pending,Completed,Chennai
O103087,C10234,2026-08-04,P1198,4,10430.26,Paid,Completed, Kolkata 
O103088,C10493,2026-02-25,P1242,4,16840.38,Paid,Processing,Bangalore
O103089,C10248,2026-02-13,P1396,3,6298.44,Pending,Completed,Chennai
O103090,C12741,2026-03-22,P1259,1,21936.31,Paid,Completed,Kolkata
O103091,C10469,2026-04-19,P1394,5,9252.46,Paid,Cancelled,Chennai
O103092,C10790,2026-02-07,P1177,4,23370.99,Paid,Completed,Delhi
O103093,C12584,2026-03-20,P1020,7,12462.16,Paid,Completed,Chennai
O103094,C11786,2026-08-01,P1059,4,18250.43,Paid,Completed,Delhi
O103095,C10218,2026-02-25,P1404,7,21270.72,Paid,Completed, 
O103096,C13885,2026-08-11,P1170,5,13384.08,Paid,Completed,Chennai
O103097,C12401,2026-04-28,P1044,3,21302.99,Paid,Completed,Delhi
O103098,C12457,2026-03-27,P1041,2,9636.15,Paid,Processing,Bangalore
O103099,C13413,2026-05-17,P1409,3,9276.08,Paid,Cancelled,Delhi
O103100,C13639,2026-06-18,P1414,1,19913.37,Failed,Completed,Pune
O103101,C10228,2026-08-20,P1176,6,6259.36,Pending,Completed,Mumbai
O103102,C10273,2026-03-22,P1382,1,18010.85,Paid,Returned,Kolkata
O103103,C13108,2026-04-21,P1195,5,2204.05,Paid,Completed,Delhi
O103104,C12785,2026-08-18,P1002,6,15999.94,Paid,Returned,Bangalore
O103105,C10867,2026-08-06,P1294,1,23565.17,Paid,Completed,Pune
O103106,C11285,2026-03-30,P1047,1,11574.71,Paid,Completed,Chennai
O103107,C12446,2026-08-16,P1148,5,10574.34,Failed,Processing,Delhi
O103108,C13158,2026-05-23,P1229,5,13651.36,Paid,Completed,Bangalore
O103109,C12414,2026-06-11,P1017,7,18073.28,Paid,Completed,Pune
O103110,C13170,2026-05-14,P1480,5,9163.26,Failed,Completed,Mumbai
O103111,C10915,2026-04-20,P1242,-1,303.21,Paid,Completed,Kolkata
O103112,C11325,2026-01-11,P1105,5,12701.49,Paid,Completed,Chennai
O103113,C10406,2026-04-11,P1162,5,10656.17,Paid,Completed,Mumbai
O103114,C13942,2026-07-27,P1031,7,13457.77,Paid,Completed,Mumbai
O103115,C13238,2026-06-01,P1121,4,17968.21,Paid,Completed,Chennai
O103116,C12865,2026-07-12,P1438,6,7299.76,Paid,Completed,Pune
O103117,C10779,2026-08-27,P1394,6,12779.91,Paid,Completed,
O103118,C12796,2026-02-16,P1102,2,6558.7,Paid,Completed,
O103119,C13452,2026-03-01,P1185,5,11645.86,Refunded,Completed,Kolkata
O103120,C13243,2026-03-06,P1222,2,8810.12,Paid,Completed,Pune
O103121,C13021,2026-01-28,P1349,1,9415.32,Paid,Completed,Pune
O103122,C11549,2026-04-28,P1421,4,14610.22,Paid,Completed,Mumbai
O103123,C13070,2026-02-27,P1045,5,17333.39,Refunded,Processing,Mumbai
O103124,C11939,2026-09-03,P1125,6,612.66,Paid,Cancelled,Pune
O103125,C11619,2026-07-22,P1380,7,21953.04,Paid,Completed,Chennai
O103126,C13862,2026-03-11,P1147,7,9299.08,Paid,Processing,Kolkata
O103127,C10587,2026-01-28,P1359,7,16197.17,Paid,Completed,Mumbai
O103128,C13461,2026-04-03,P1025,4,3323.09,Paid,Completed,Delhi
O103129,C11289,2026-04-29,P1138,3,14414.97,Refunded,Completed,Delhi
O103130,C12067,2026-03-06,P1193,2,17057.95,Paid,Returned,Pune
O103131,C11452,2026-05-04,P1358,6,4188.72,Paid,Completed,Delhi
O103132,C12014,2026-01-26,P1464,6,22830.22,Paid,Completed,Kolkata
O103133,C13276,2026-02-07,P1215,6,19009.42,Paid,Completed,Delhi
O103134,C10732,2026-05-04,P1349,7,13487.81,Refunded,Completed,Mumbai
O103135,C13021,2026-02-12,P1036,5,4401.83,Paid,Processing,Pune
O103136,C11784,2026-06-23,P1389,2,21679.12,Paid,Completed,Delhi
O103137,C13742,2026-02-17,P1437,2,1995.06,Refunded,Completed,Chennai
O103138,C12189,2026-05-13,P1496,3,3144.74,Paid,Cancelled,Hyderabad
O103139,C10165,2026-05-14,P1214,7,17544.9,Paid,Completed,Chennai
O103140,C13643,2026-06-20,P1174,2,6570.36,Paid,Processing,Kolkata
O103141,C13700,2026-03-11,P1482,1,11645.15,Refunded,Returned,Bangalore
O103142,C10720,2026-04-02,P1113,2,13611.08,Paid,Processing,Delhi
O103143,C13893,2026-01-23,P1302,7,11618.38,Paid,Completed,Hyderabad
O103144,C11784,2026-08-07,P1153,7,2372.17,Paid,Completed, Delhi 
O103145,C13660,2026-09-09,P1280,7,18515.62,Paid,Completed,Bangalore
O103146,C11457,2026-04-16,P1419,7,6227.76,Paid,Completed,Bangalore
O103147,C10090,2026-03-13,P1276,-5,18541.73,Paid,Completed,Hyderabad
O103148,C13182,2026-04-23,P1489,3,21672.68,Paid,Completed,Pune
O103149,C13546,2026-02-15,P1441,6,13548.43,Paid,Completed,Chennai
O103150,C10651,2026-03-17,P1298,5,17747.5,Paid,Completed,Bangalore
O103151,C12217,2026-08-15,P1278,1,1212.36,Paid,Completed,pune
O103152,C13328,2026-02-06,P1064,7,1207.68,Paid,Completed,Pune
O103153,C11847,2026-08-05,P1442,2,5169.91,Paid,Completed,Delhi
O103154,C13155,2026-02-11,P1316,6,9152.07,Paid,Completed,Pune
O103155,C12554,2026-06-14,P1329,7,4814.76,Paid,Returned,Hyderabad
O103156,C12885,2026-08-24,P1088,3,15983.52,Failed,Processing,Hyderabad
O103157,C13678,2026-03-26,P1085,3,7139.12,Paid,Completed,Mumbai
O103158,C11668,2026-05-22,P1238,2,21190.05,Failed,Completed,Kolkata
O103159,C13086,2026-06-22,P1199,2,14146.91,Paid,Cancelled,Bangalore
O103160,C12853,2026-01-16,P1104,5,9638.56,Pending,Processing,Mumbai
O103161,C11757,2026-01-17,P1063,5,22359.03,Failed,Completed,Delhi
O103162,C11525,2026-01-06,P1416,1,20760.57,Refunded,Completed,Kolkata
O103163,C13528,2026-01-14,P1372,5,20554.87,Paid,Completed,Chennai
O103164,C10819,2026-01-13,P1203,5,18290.28,Paid,Completed,Delhi
O103165,C11275,2026-01-16,P1175,7,15471.09,Paid,Processing,Mumbai
O103166,C13901,2026-02-12,P1038,4,9360.54,Paid,Completed,Mumbai
O103167,C11110,2026-06-15,P1139,2,10738.23,Paid,Cancelled,Mumbai
O103168,C13492,2026-03-26,P1459,5,16283.96,Paid,Completed,Kolkata
O103169,C11486,2026-02-11,P1138,7,4569.92,Paid,Cancelled,Kolkata
O103170,C12206,2026-02-12,P1047,4,20747.02,Paid,Completed,Chennai
O103171,C11594,2026-04-08,P1135,4,23485.15,Paid,Completed,Chennai
O103172,C10885,2026-09-04,P1306,6,2720.32,Paid,Completed,Mumbai
O103173,C12766,2026-02-20,P1391,5,854.66,Refunded,Completed,Bangalore
O103174,C13869,2026-08-13,P1100,3,3824.69,Paid,Completed,Chennai
O103175,C13574,2026-07-10,P1240,5,19069.59,Paid,Cancelled,Chennai
O103176,C13944,2026-01-30,P1207,5,2963.32,Paid,Processing,Hyderabad
O103177,C12766,2026-01-14,P1483,2,9494.56,Paid,Completed,Bangalore
O103178,C10138,2026-03-18,P1383,3,1859.15,Paid,Completed,Mumbai
O103179,C12218,2026-06-30,P1209,6,10984.16,Failed,Processing,Bangalore
O103180,C12492,2026-06-10,P1107,1,15215.32,Paid,Processing,Mumbai
O103181,C10480,2026-07-14,P1340,5,15824.19,Pending,Processing,Mumbai
O103182,C13316,2026-02-28,P1067,5,13117.21,Paid,Completed,Mumbai
O103183,C12922,2026-05-29,P1369,2,23471.27,Paid,Processing, 
O103184,C11795,2026-05-30,P1070,1,13419.07,Paid,Completed,Bangalore
O103185,C11168,2026-05-14,P1097,4,21523.18,Paid,Completed,Mumbai
O103186,C10887,2026-03-23,P1481,3,24827.74,Paid,Returned,Delhi
O103187,C13860,2026-02-13,P1108,1,5974.71,Paid,Completed,Pune
O103188,C13210,2026-03-17,P1163,6,6858.72,Paid,Cancelled,Chennai
O103189,C12775,2026-09-02,P1356,5,13190.18,Pending,Processing,Mumbai
O103190,C13796,2026-05-28,P1285,4,4804.75,Paid,Completed,Pune
O103191,C10814,2026-09-09,P1089,7,14233.89,Paid,Completed,Bangalore
O103192,C13433,2026-02-09,P1395,7,17204.43,Paid,Completed,Mumbai
O103193,C12335,2026-03-19,P1074,2,1791.82,Paid,Completed,Pune
O103194,C13735,2026-03-31,P1028,5,17130.45,Paid,Returned,Delhi
O103195,C12644,2026-05-28,P1002,2,4238.83,Paid,Completed, Bangalore 
O103196,C12968,2026-09-14,P1317,3,7693.17,Paid,Cancelled,Hyderabad
O103197,C10889,2026-01-22,P1010,2,18548.6,Paid,Completed,Chennai
O103198,C11381,2026-06-10,P1072,1,4340.67,Paid,Cancelled,Pune
O103199,C11210,2026-07-14,P1217,1,13432.57,Pending,Completed,Pune
O103200,C12778,2026-08-29,P1117,7,14852.63,Paid,Completed,Chennai
O103201,C11646,2026-01-21,P1186,3,4359.64,Paid,Completed,Delhi
O103202,C13442,2026-08-11,P1255,7,7087.1,Refunded,Returned,Mumbai
O103203,C10851,2026-08-28,P1071,3,15279.66,Paid,Returned,Bangalore
O103204,C13185,2026-01-14,P1212,3,11691.6,Paid,Completed,Hyderabad
O103205,C13255,2026-01-23,P1071,1,16601.54,Pending,Completed,mumbai
O103206,C12513,2026-01-26,P1297,5,21411.51,Failed,Cancelled,Kolkata
O103207,C10593,2026-01-02,P1389,1,3635.34,Paid,Completed,Mumbai
O103208,C11307,2026-05-14,P1310,6,2044.63,Failed,Returned,Hyderabad
O103209,C11592,2026-05-06,P1465,2,16768.15,Paid,Completed, Delhi 
O103210,C11863,2026-07-13,P1261,3,19334.9,Paid,Completed,Hyderabad
O103211,C12949,2026-06-26,P1276,4,11397.88,Paid,Completed,Mumbai
O103212,C11354,2026-06-24,P1427,1,10029.56,Pending,Processing,Delhi
O103213,C10072,2026-02-15,P1495,7,15040.26,Paid,Returned,Bangalore
O103214,C13467,2026-07-05,P1247,4,13920.91,Paid,Completed,Delhi
O103215,C11730,2026-05-21,P1372,-2,12407.22,Paid,Completed,Mumbai
O103216,C11132,2026-03-18,P1431,1,20522.02,,Cancelled,Mumbai
O103217,C13279,2026-07-27,P1086,5,4585.46,Paid,Cancelled,Delhi
O103218,C13518,2026-07-13,P1419,5,17125.86,Paid,Completed,Delhi
O103219,C12926,2026-03-04,P1209,1,18611.09,Failed,Cancelled,Chennai
O103220,C11418,2026-05-01,P1380,1,22562.16,Pending,Completed,Pune
O103221,C10925,2026-07-31,P1218,5,23643.98,Paid,Completed,Delhi
O103222,C12853,2026-03-18,P1428,6,12844.28,Paid,Completed,Mumbai
O103223,C10230,2026-05-18,P1130,6,11010.91,Paid,Processing,Kolkata
O103224,C11565,2026-04-27,P1442,3,12746.54,Failed,Completed,Chennai
O103225,C13037,2026-06-14,P1249,1,18394.71,Paid,Completed,Pune
O103226,C12342,2026-07-09,P1267,7,724.13,Paid,Completed,DELHI
O103227,C12937,2026-01-26,P1083,6,4601.36,Failed,Completed,Delhi
O103228,C12293,2026-07-07,P1018,5,22719.36,Pending,Completed,Pune
O103229,C10959,2026-06-08,P1022,2,5127.24,Paid,Completed,Bangalore
O103230,C11934,2026-03-29,P1379,4,5943.54,Pending,Returned,pune
O103231,C13094,2026-07-12,P1388,2,23504.77,Paid,Returned,Pune
O103232,C10922,2026-01-22,P1050,7,7568.72,Paid,Completed,Hyderabad
O103233,C13855,2026-01-21,P1402,1,7473.94,Paid,Processing,Pune
O103234,C10812,2026-08-29,P1267,7,23115.61,Pending,Processing,Bangalore
O103235,C10056,2026-01-28,P1091,1,9564.53,Refunded,Cancelled,Chennai
O103236,C13114,2026-07-28,P1184,1,12500.37,Failed,Completed,
O103237,C13716,2026-04-17,P1420,1,14142.06,Paid,Completed,Delhi
O103238,C10987,2026-05-04,P1289,6,21746.58,Paid,Completed,Mumbai
O103239,C10620,2026-07-30,P1249,2,2216.01,Failed,Completed,Kolkata
O103240,C10896,2026-08-24,P1079,7,6743.15,Paid,Cancelled,Mumbai
O103241,C12513,2026-07-01,P1318,3,14799.1,Paid,Completed,Delhi
O103242,C12317,2026-01-09,P1372,7,11034.94,Paid,Completed,Chennai
O103243,C12487,2026-04-05,P1131,6,7173.53,Refunded,Completed,Hyderabad
O103244,C10030,2026-03-06,P1437,6,10418.16,Paid,Completed,Mumbai
O103245,C10628,2026-02-03,P1366,5,24166.19,Paid,Completed,Chennai
O103246,C10973,2026-02-01,P1233,5,819.5,Paid,Completed,Bangalore
O103247,C12790,2026-05-18,P1309,7,3930.27,Pending,Cancelled, 
O103248,C12436,2026-01-25,P1005,5,760.78,Paid,Completed,PUNE
O103249,C12497,2026-03-04,P1390,4,14956.9,Paid,Completed,Mumbai
O103250,C12284,2026-07-20,P1289,1,619.54,Failed,Completed,Bangalore
O103251,C12980,2026-05-10,P1067,6,11514.19,Paid,Cancelled,Kolkata
O103252,C13769,2026-03-05,P1398,2,21522.15,Failed,Completed,Kolkata
O103253,C12696,2026-01-03,P1012,2,2700.96,Paid,Completed,Delhi
O103254,C12982,2026-05-14,P1200,7,9319.8,Paid,Completed,Pune
O103255,C12434,2026-05-13,P1292,2,9636.55,Pending,Completed,Mumbai
O103256,C13193,2026-04-01,P1464,3,9247.68,Paid,Cancelled,Kolkata
O103257,C13774,2026-08-31,P1421,1,18268.31,Paid,Completed,Delhi
O103258,C12422,2026-09-13,P1205,5,408.92,Pending,Completed,
O103259,C10724,2026-05-08,P1228,5,19565.14,Paid,Completed,Bangalore
O103260,C13083,2026-04-10,P1414,1,21024.32,Paid,Processing,Mumbai
O103261,C12605,2026-07-13,P1449,6,10957.15,Paid,Completed,Delhi
O103262,C13737,2026-04-07,P1365,5,22212.78,Pending,Completed,Bangalore
O103263,C11089,2026-02-02,P1466,6,9711.66,Pending,Completed,Kolkata
O103264,C13883,2026-07-24,P1210,5,17459.65,Paid,Processing,Hyderabad
O103265,C12209,2026-05-18,P1315,1,9903.97,Paid,Completed,Hyderabad
O103266,C13859,2026-05-05,P1268,2,1234.73,Paid,Completed,Chennai
O103267,C13138,2026-03-21,P1404,7,2360.63,Paid,Completed,Hyderabad
O103268,C13466,2026-02-03,P1094,6,11218.62,Paid,Returned,Delhi
O103269,C11296,2026-03-14,P1171,7,24755.37,Paid,Completed, 
O103270,C10878,2026-07-24,P1283,4,4685.65,Paid,Completed,Chennai
O103271,C12498,2026-06-01,P1440,6,22420.87,Paid,Processing,Bangalore
O103272,C11498,2026-03-29,P1128,7,23009.04,Paid,Completed,Pune
O103273,C13946,2026-06-07,P1482,7,10418.33,Paid,Completed,Delhi
O103274,C11983,2026-07-28,P1393,6,11707.09,Pending,Cancelled,Chennai
O103275,C10442,2026-06-02,P1007,7,12719.66,Paid,Completed,Hyderabad
O103276,C11996,2026-03-23,P1460,6,19329.05,Paid,Completed,MUMBAI
O103277,C12142,2026-01-11,P1446,7,3355.99,Paid,Completed,Pune
O103278,C10018,2026-05-05,P1466,1,8417.34,Paid,Processing,Mumbai
O103279,C10982,2026-08-03,P1322,5,4516.35,Paid,Completed,Delhi
O103280,C10005,2026-03-08,P1375,5,21996.83,Paid,Completed,Chennai
O103281,C12245,2026-07-08,P1249,4,2041.8,Paid,Cancelled,PUNE
O103282,C11169,2026-08-09,P1066,4,18768.29,Refunded,Completed,Mumbai
O103283,C10693,2026-04-20,P1410,6,11161.61,Paid,Completed,Hyderabad
O103284,C13357,2026-02-23,P1273,7,17950.72,Paid,Completed,Delhi
O103285,C10120,2026-06-08,P1034,4,22280.41,Paid,Completed,Bangalore
O103286,C12769,2026-05-09,P1380,1,8689.66,Failed,Completed,Delhi
O103287,C12293,2026-02-12,P1299,2,5906.93,Paid,Completed,
O103288,C13088,2026-08-25,P1097,4,16360.4,Paid,Completed,Kolkata
O103289,C10529,2026-01-21,P1477,6,24938.89,Pending,Cancelled,Hyderabad
O103290,C13489,2026-07-19,P1391,3,18318.86,Failed,Completed,Bangalore
O103291,C11287,2026-05-30,P1126,6,19951.87,Paid,Completed,Kolkata
O103292,C10034,2026-07-19,P1084,2,15857.47,Paid,Completed,Hyderabad
O103293,C12628,2026-03-22,P1429,4,9394.13,Failed,Processing,Bangalore
O103294,C13440,2026-07-01,P1210,7,16469.71,Paid,Completed,Kolkata
O103295,C11415,2026-07-11,P1042,5,3475.19,Paid,Completed,Bangalore
O103296,C12111,2026-05-29,P1239,7,12373.81,Pending,Completed,Mumbai
O103297,C11650,2026-01-22,P1301,1,14454.54,Paid,Cancelled,Chennai
O103298,C10169,2026-04-06,P1039,5,22696.72,Paid,Processing,Chennai
O103299,C13014,2026-07-26,P1221,5,23017.07,Paid,Returned,Delhi
O103300,C13768,2026-04-28,P1311,1,1785.08,Failed,Completed,delhi
O103301,C11681,2026-07-08,P1154,2,15907.46,Paid,Completed,Hyderabad
O103302,C10578,2026-06-24,P1147,5,19970.85,Refunded,Completed,Bangalore
O103303,C12021,2026-04-06,P1205,2,13550.28,Paid,Completed,Pune
O103304,C13621,2026-05-31,P1312,7,2663.05,Paid,Processing,Bangalore
O103305,C12425,2026-04-09,P1011,1,6048.41,Paid,Completed,Mumbai
O103306,C10850,2026-01-12,P1240,4,8047.01,Paid,Completed,Bangalore
O103307,C12214,2026-02-13,P1022,5,16671.15,Paid,Processing,Chennai
O103308,C11308,2026-08-29,P1011,5,1919.79,Pending,Completed,
O103309,C10094,2026-07-13,P1116,1,13875.62,Paid,Processing,Bangalore
O103310,C13657,2026-06-07,P1107,1,2990.68,Paid,Processing,Bangalore
O103311,C13180,2026-07-30,P1171,4,10059.46,Failed,Completed,Mumbai
O103312,C13699,2026-05-24,P1038,7,10811.24,Paid,Completed,
O103313,C12733,2026-05-29,P1041,1,11460.39,Paid,Processing,
O103314,C11800,2026-01-12,P1221,7,17858.47,Paid,Cancelled,Mumbai
O103315,C11974,2026-04-26,P1047,3,2305.55,Paid,Completed,Mumbai
O103316,C10819,2026-02-25,P1346,3,6925.59,Paid,Completed,Bangalore
O103317,C11546,2026-07-08,P1343,6,16135.91,Paid,Completed,Bangalore
O103318,C10655,2026-05-04,P1322,6,23606.07,Paid,Completed,Delhi
O103319,C11895,2026-09-14,P1477,1,15633.7,Paid,Completed,Bangalore
O103320,C12585,2026-04-02,P1034,4,22119.14,Paid,Completed,Pune
O103321,C11027,2026-05-22,P1255,7,24219.63,Paid,Completed,Pune
O103322,C13778,2026-06-19,P1352,3,22132.44,Paid,Completed,Hyderabad
O103323,C12589,2026-03-10,P1292,5,24313.51,Paid,Completed,Mumbai
O103324,C10880,2026-08-27,P1423,4,19492.92,Paid,Completed,Bangalore
O103325,C10668,2026-02-01,P1496,1,22212.76,Paid,Completed,Chennai
O103326,C10680,2026-06-24,P1271,3,12438.85,Paid,Returned,Mumbai
O103327,C13898,2026-01-20,P1431,4,8832.34,Pending,Completed,Pune
O103328,C10947,2026-05-29,P1017,6,24992.85,Failed,Completed,Mumbai
O103329,C10674,2026-01-30,P1401,7,2714.67,Paid,Completed,Hyderabad
O103330,C10656,2026-05-30,P1397,-3,23967.51,Paid,Completed,Mumbai
O103331,C11378,2026-05-03,P1223,7,10942.6,Paid,Completed,Mumbai
O103332,C12463,2026-04-15,P1126,1,852.87,Paid,Completed,Mumbai
O103333,C10316,2026-04-21,P1331,2,20134.51,Paid,Completed,
O103334,C10638,2026-04-17,P1297,3,11272.15,Failed,Returned,Delhi
O103335,C13908,2026-07-01,P1001,5,20027.55,Paid,Completed,
O103336,C12473,2026-04-10,P1052,4,1406.97,Paid,Completed,Delhi
O103337,C10559,2026-05-12,P1217,3,24361.42,Paid,Completed,Bangalore
O103338,C12202,2026-06-11,P1470,6,16874.64,Paid,Completed,Delhi
O103339,C10964,2026-03-04,P1059,3,1485.51,Paid,Completed,Pune
O103340,C13897,2026-07-22,P1034,1,414.78,Paid,Returned,Hyderabad
O103341,C11556,2026-04-24,P1447,5,14971.84,Failed,Completed,Mumbai
O103342,C10569,2026-03-14,P1160,3,24419.53,Pending,Completed,Hyderabad
O103343,C12453,2026-02-22,P1296,-2,13242.79,Paid,Processing,Bangalore
O103344,C10549,2026-02-16,P1190,5,9041.19,Paid,Completed,Bangalore
O103345,C12073,2026-02-18,P1344,4,23491.47,Refunded,Processing,Pune
O103346,C13411,2026-08-21,P1259,1,24603.65,Pending,Completed,Kolkata
O103347,C11384,2026-08-27,P1276,3,19676.77,Failed,Completed,Chennai
O103348,C11911,2026-03-05,P1111,6,18032.49,Paid,Completed,Delhi
O103349,C10433,2026-01-25,P1131,5,350.97,Paid,Completed,Pune
O103350,C12587,2026-04-12,P1094,2,8047.96,Paid,Completed,Chennai
O103351,C10448,2026-05-04,P1311,6,23151.85,Refunded,Completed,Delhi
O103352,C11308,2026-02-16,P1240,6,9392.95,Paid,Completed,Hyderabad
O103353,C13367,2026-04-12,P1462,4,8564.12,Pending,Processing,Chennai
O103354,C10600,2026-09-10,P1259,1,13568.36,Paid,Cancelled,Pune
O103355,C13363,2026-04-21,P1131,2,11360.32,Paid,Completed,Delhi
O103356,C12524,2026-03-10,P1235,7,21512.31,Paid,Processing,Chennai
O103357,C10564,2026-07-27,P1258,7,2317.89,Paid,Completed,Pune
O103358,C10674,2026-06-15,P1243,4,16571.11,Paid,Completed,Hyderabad
O103359,C12654,2026-04-26,P1054,3,17520.6,Paid,Processing,Delhi
O103360,C12919,2026-01-21,P1196,1,22038.79,Paid,Processing,Mumbai
O103361,C12625,2026-07-28,P1082,4,10569.87,Paid,Completed,Pune
O103362,C12858,2026-01-18,P1357,4,7586.63,Paid,Completed,Bangalore
O103363,C11447,2026-02-09,P1287,6,15776.05,Pending,Cancelled,Delhi
O103364,C10005,2026-02-12,P1379,4,18205.65,Paid,Returned,Pune
O103365,C12117,2026-09-12,P1313,7,4523.19,Paid,Completed,Mumbai
O103366,C12379,2026-06-17,P1456,4,4206.64,Paid,Processing,Pune
O103367,C12752,2026-07-19,P1450,2,6811.0,Failed,Completed,Pune
O103368,C10925,2026-02-18,P1417,1,6423.56,Paid,Completed,Kolkata
O103369,C10681,2026-08-25,P1190,3,18841.16,Paid,Processing,Kolkata
O103370,C13323,2026-09-14,P1216,1,13408.35,Paid,Completed, Chennai 
O103371,C13367,2026-07-28,P1244,6,13830.43,Paid,Completed,Hyderabad
O103372,C13953,2026-01-05,P1265,2,663.14,,Completed,Chennai
O103373,C11360,2026-01-06,P1031,1,24858.16,Paid,Completed,Mumbai
O103374,C10236,2026-04-05,P1260,2,20795.81,Paid,Cancelled,Pune
O103375,C11905,2026-04-17,P1156,2,11258.51,Paid,Completed,Kolkata
O103376,C11920,2026-01-14,P1134,2,1951.99,Paid,Cancelled,Hyderabad
O103377,C10146,2026-01-16,P1398,2,17448.91,Paid,Completed,
O103378,C12302,2026-02-24,P1257,4,13515.64,Failed,Processing,Kolkata
O103379,C11044,2026-06-21,P1265,1,17035.21,Paid,Completed,Kolkata
O103380,C10476,2026-08-01,P1394,5,17036.16,Paid,Completed,Delhi
O103381,C12421,2026-02-27,P1052,2,4121.94,Paid,Completed,Bangalore
O103382,C11130,2026-03-07,P1311,2,8421.6,Paid,Completed,Kolkata
O103383,C12248,2026-01-07,P1039,1,738.67,Paid,Completed,Pune
O103384,C10060,2026-05-06,P1185,4,24561.89,Paid,Completed,Delhi
O103385,C11466,2026-07-13,P1246,7,20219.7,Paid,Completed,Hyderabad
O103386,C13464,2026-06-20,P1468,3,23241.57,Failed,Completed,Chennai
O103387,C12602,2026-08-30,P1075,2,1390.03,Paid,Completed,Chennai
O103388,C13472,2026-09-12,P1451,4,12658.57,Paid,Completed,Hyderabad
O103389,C12964,2026-05-16,P1091,6,18761.61,Paid,Cancelled,Mumbai
O103390,C12881,2026-05-26,P1220,7,2861.51,Failed,Completed,Mumbai
O103391,C13482,2026-03-03,P1204,4,19494.05,Failed,Completed,Delhi
O103392,C10078,2026-08-01,P1113,7,16293.31,Paid,Completed,Kolkata
O103393,C11681,2026-01-02,P1081,5,24628.4,Failed,Cancelled,Hyderabad
O103394,C13844,2026-04-20,P1410,2,3779.39,Paid,Completed,Pune
O103395,C10709,2026-07-20,P1386,4,15843.15,Failed,Completed,Hyderabad
O103396,C12617,2026-07-08,P1226,5,23694.22,Paid,Completed,Pune
O103397,C13163,2026-06-27,P1422,4,18668.63,Paid,Completed,Chennai
O103398,C13737,2026-03-10,P1021,6,8602.85,Paid,Completed,Mumbai
O103399,C13489,2026-01-30,P1208,6,3245.5,Paid,Processing,Delhi
O103400,C12708,2026-02-09,P1475,5,24105.03,Pending,Completed,Kolkata
O103401,C12846,2026-06-09,P1444,6,2076.02,Paid,Completed,Kolkata
O103402,C11373,2026-02-06,P1421,7,24386.66,Paid,Completed,Mumbai
O103403,C10896,2026-03-05,P1271,7,7796.74,Paid,Processing,Kolkata
O103404,C13837,2026-05-27,P1379,5,21549.68,Paid,Completed,Delhi
O103405,C13905,2026-02-25,P1324,7,13991.5,Paid,Completed,Hyderabad
O103406,C11699,2026-05-30,P1127,6,22840.99,Paid,Cancelled,Pune
O103407,C11644,2026-04-26,P1341,5,10837.49,Refunded,Completed,mumbai
O103408,C11808,2026-04-29,P1247,4,21290.16,Paid,Cancelled,Kolkata
O103409,C11847,2026-07-23,P1272,3,6188.11,Pending,Completed,Chennai
O103410,C13371,2026-09-02,P1188,1,11828.52,Paid,Returned,Chennai
O103411,C11724,2026-06-25,P1330,5,21203.67,Paid,Completed,Hyderabad
O103412,C13532,2026-01-14,P1469,6,3223.53,Paid,Processing,
O103413,C12782,2026-03-13,P1427,2,18297.27,Failed,Completed,Mumbai
O103414,C13864,2026-07-28,P1299,1,11090.73,Paid,Completed, 
O103415,C12700,2026-04-10,P1227,3,12976.41,Paid,Returned,Bangalore
O103416,C11650,2026-03-29,P1296,7,14602.09,Paid,Returned,Delhi
O103417,C13674,2026-03-22,P1493,1,7108.8,Pending,Completed,Mumbai
O103418,C10919,2026-04-21,P1235,1,2680.39,Paid,Completed,Hyderabad
O103419,C13862,2026-03-17,P1233,3,760.89,Paid,Completed,Hyderabad
O103420,C10173,2026-02-07,P1359,2,10943.78,Paid,Returned,Mumbai
O103421,C12565,2026-05-03,P1182,-5,6941.11,Paid,Cancelled,Delhi
O103422,C10073,2026-08-20,P1258,4,15933.37,Paid,Completed,Bangalore
O103423,C10816,2026-05-21,P1090,2,17983.67,Paid,Completed,Mumbai
O103424,C11857,2026-06-21,P1108,6,12742.5,Paid,Returned,Mumbai
O103425,C10633,2026-06-22,P1239,2,15588.34,Paid,Completed,Chennai
O103426,C13958,2026-08-03,P1012,5,14150.43,Paid,Cancelled,Pune
O103427,C13094,2026-02-09,P1460,7,413.08,Paid,Completed,Delhi
O103428,C13406,2026-02-17,P1178,2,21090.04,Paid,Completed,Delhi
O103429,C13919,2026-05-11,P1181,6,1771.19,Paid,Completed,Hyderabad
O103430,C12701,2026-01-19,P1477,7,10435.41,Paid,Processing,Chennai
O103431,C11067,2026-05-31,P1145,7,3042.16,Pending,Completed,Delhi
O103432,C13030,2026-03-08,P1295,2,16659.15,Pending,Completed,Hyderabad
O103433,C12339,2026-07-28,P1096,6,8342.02,Paid,Processing,Mumbai
O103434,C11070,2026-01-22,P1208,1,2057.46,Paid,Completed,Chennai
O103435,C11470,2026-07-07,P1375,1,1420.21,Paid,Cancelled,Delhi
O103436,C12433,2026-01-11,P1488,3,6157.4,Paid,Completed,Pune
O103437,C11583,2026-06-22,P1393,6,16781.44,Paid,Completed,Pune
O103438,C10941,2026-05-02,P1424,3,18040.07,Paid,Completed,
O103439,C11721,2026-09-10,P1043,3,3472.23,Paid,Processing,Delhi
O103440,C10935,2026-07-22,P1471,4,3736.07,Paid,Cancelled, Bangalore 
O103441,C13503,2026-08-08,P1233,5,14952.71,Paid,Processing,Hyderabad
O103442,C12778,2026-08-11,P1092,4,23944.48,Refunded,Completed,
O103443,C11507,2026-01-24,P1135,4,13956.9,Pending,Completed,Chennai
O103444,C13784,2026-02-19,P1163,3,17880.03,Pending,Completed,Delhi
O103445,C11557,2026-03-01,P1439,5,14512.77,Paid,Processing,Mumbai
O103446,C12299,2026-03-07,P1397,4,2889.44,Paid,Completed,Delhi
O103447,C12049,2026-08-07,P1028,1,23677.66,Pending,Cancelled,Hyderabad
O103448,C10488,2026-01-10,P1390,4,2078.03,Paid,Completed,Chennai
O103449,C11696,2026-01-22,P1216,7,19068.79,,Completed,BANGALORE
O103450,C10310,2026-04-09,P1425,1,24490.0,Paid,Completed,Hyderabad
O103451,C10682,2026-01-29,P1029,4,8179.23,Paid,Completed,Chennai
O103452,C13152,2026-04-15,P1247,6,4539.27,Paid,Completed,Pune
O103453,C11211,2026-07-04,P1219,6,14284.51,Failed,Completed,Mumbai
O103454,C10356,2026-07-19,P1457,5,19938.14,Paid,Completed,Mumbai
O103455,C12878,2026-07-23,P1494,6,23752.03,Paid,Cancelled,Bangalore
O103456,C13212,2026-02-15,P1046,7,17433.75,Refunded,Processing,Mumbai
O103457,C12314,2026-01-14,P1161,1,8596.07,Paid,Completed,Mumbai
O103458,C13665,2026-07-17,P1375,6,12510.35,Paid,Completed,Kolkata
O103459,C13400,2026-03-20,P1445,1,19101.65,Paid,Completed,Hyderabad
O103460,C12212,2026-08-22,P1143,3,19761.93,Paid,Completed,Pune
O103461,C12950,2026-02-07,P1247,1,2138.6,Paid,Completed,Mumbai
O103462,C11318,2026-06-14,P1073,6,15459.37,Paid,Completed,
O103463,C12547,2026-04-19,P1028,-5,24194.04,Refunded,Processing,Pune
O103464,C13910,2026-02-21,P1249,7,19695.84,Paid,Completed,Hyderabad
O103465,C13202,2026-03-31,P1120,7,480.87,Failed,Completed,Kolkata
O103466,C11499,2026-04-22,P1014,-3,5856.06,Pending,Returned,Kolkata
O103467,C13732,2026-05-11,P1219,4,11291.72,Pending,Completed,Delhi
O103468,C13303,2026-06-24,P1306,7,17744.86,Paid,Processing,Chennai
O103469,C10149,2026-07-02,P1311,7,14014.59,Paid,Completed,Bangalore
O103470,C12986,2026-01-27,P1471,4,2210.0,Paid,Completed,Kolkata
O103471,C13908,2026-08-09,P1169,3,18535.23,Paid,Returned,Mumbai
O103472,C11271,2026-04-04,P1403,2,21016.23,Paid,Completed,BANGALORE
O103473,C11102,2026-08-12,P1174,1,5382.22,Paid,Completed,Chennai
O103474,C12562,2026-02-25,P1319,1,1965.36,Pending,Processing,Kolkata
O103475,C10440,2026-09-06,P1116,1,19836.65,Paid,Completed,Chennai
O103476,C12702,2026-09-06,P1348,7,16119.02,Paid,Completed,Mumbai
O103477,C10907,2026-08-06,P1001,4,20146.55,Paid,Completed,Mumbai
O103478,C11807,2026-03-15,P1365,5,14294.94,Paid,Completed,Pune
O103479,C13570,2026-04-18,P1031,5,10884.89,Paid,Processing,Pune
O103480,C13189,2026-05-16,P1366,5,24088.02,Paid,Processing,Kolkata
O103481,C10432,2026-05-29,P1309,3,19565.01,Pending,Completed, 
O103482,C13047,2026-01-21,P1297,3,10474.33,Paid,Completed,Kolkata
O103483,C11648,2026-03-01,P1157,4,22715.7,Paid,Completed,Hyderabad
O103484,C13980,2026-05-04,P1264,5,24839.43,Paid,Completed,Kolkata
O103485,C11199,2026-06-05,P1274,2,7913.44,Paid,Completed,Bangalore
O103486,C11883,2026-01-03,P1133,6,22344.18,Paid,Completed,Delhi
O103487,C11365,2026-08-18,P1455,1,1421.32,Failed,Cancelled,Kolkata
O103488,C12346,2026-04-10,P1353,5,5594.42,Pending,Completed,Kolkata
O103489,C11064,2026-06-25,P1441,2,4274.53,Paid,Returned,Hyderabad
O103490,C13653,2026-06-02,P1256,1,9107.86,Paid,Completed,Bangalore
O103491,C12469,2026-05-02,P1396,1,14196.78,Pending,Completed,Pune
O103492,C13773,2026-09-02,P1261,3,18083.5,Paid,Completed,Mumbai
O103493,C12724,2026-03-11,P1098,7,22599.25,Paid,Completed,Kolkata
O103494,C10743,2026-07-28,P1156,2,4216.13,Paid,Completed,Pune
O103495,C10061,2026-01-24,P1193,5,14583.6,Paid,Completed,Mumbai
O103496,C11631,2026-04-19,P1073,7,14000.93,Paid,Processing,Delhi
O103497,C13977,2026-04-30,P1286,5,11624.3,Pending,Completed,Chennai
O103498,C13510,2026-07-11,P1071,4,17456.19,Paid,Completed, 
O103499,C13389,2026-03-05,P1424,7,12980.02,Paid,Completed,Kolkata
O103500,C12276,2026-01-28,P1383,2,13889.73,Paid,Completed,Chennai
O103501,C10379,2026-02-22,P1294,1,22612.28,Paid,Completed,Delhi
O103502,C10060,2026-07-09,P1312,6,21548.72,Paid,Completed,Mumbai
O103503,C13357,2026-08-20,P1124,7,14560.15,Paid,Completed,Kolkata
O103504,C10710,2026-01-10,P1155,7,4158.38,Paid,Completed,
O103505,C10307,2026-01-25,P1030,3,23979.93,Paid,Processing,Bangalore
O103506,C12841,2026-07-08,P1012,4,15680.69,Paid,Processing,Pune
O103507,C10004,2026-02-03,P1070,3,20244.62,,Completed,Bangalore
O103508,C12965,2026-05-29,P1050,1,1659.04,Paid,Completed,Kolkata
O103509,C10769,2026-05-27,P1064,7,22451.59,Paid,Completed,delhi
O103510,C11286,2026-04-04,P1044,1,17429.34,Paid,Completed,Hyderabad
O103511,C10687,2026-01-09,P1112,6,17229.99,Paid,Cancelled,Delhi
O103512,C13111,2026-08-20,P1491,3,3019.78,Refunded,Completed,Bangalore
O103513,C11940,2026-05-11,P1052,4,17907.72,Paid,Cancelled,Bangalore
O103514,C10663,2026-03-26,P1440,1,2192.94,Paid,Completed,Hyderabad
O103515,C10154,2026-07-26,P1281,5,1678.9,Paid,Completed,Bangalore
O103516,C13949,2026-08-04,P1109,5,8336.09,Failed,Completed,Bangalore
O103517,C12859,2026-07-12,P1143,7,872.29,Pending,Completed,Chennai
O103518,C12721,2026-06-01,P1267,5,4242.74,,Completed,Mumbai
O103519,C12012,2026-08-22,P1245,6,18235.33,,Processing,Hyderabad
O103520,C11741,2026-02-15,P1271,4,20922.66,Pending,Cancelled,Bangalore
O103521,C13186,2026-06-01,P1481,4,4734.18,Failed,Processing,Chennai
O103522,C13309,2026-03-16,P1437,2,20635.45,Failed,Completed,Chennai
O103523,C10244,2026-07-07,P1346,2,12169.09,Failed,Processing,Delhi
O103524,C13440,2026-07-16,P1051,6,23960.0,Paid,Completed,Bangalore
O103525,C13048,2026-05-08,P1216,6,3740.93,Pending,Completed,KOLKATA
O103526,C11946,2026-03-17,P1082,5,1623.05,Paid,Completed,Hyderabad
O103527,C11906,2026-06-19,P1454,7,21173.47,Pending,Completed,Pune
O103528,C13341,2026-02-22,P1075,6,9241.04,Paid,Completed,Chennai
O103529,C13176,2026-05-31,P1365,3,11592.1,Paid,Completed,Chennai
O103530,C10555,2026-01-11,P1151,3,12941.31,Paid,Processing,Delhi
O103531,C12198,2026-09-14,P1113,5,20681.62,Failed,Completed,Pune
O103532,C13880,2026-06-08,P1057,7,2177.21,Paid,Completed,Chennai
O103533,C12944,2026-04-10,P1166,2,13912.77,Failed,Cancelled,Kolkata
O103534,C13895,2026-03-31,P1452,4,10935.04,Paid,Processing,Pune
O103535,C13106,2026-04-08,P1256,3,8704.92,Paid,Completed,
O103536,C12100,2026-02-25,P1454,4,8898.84,Pending,Completed,Mumbai
O103537,C12421,2026-04-05,P1495,5,23279.42,Paid,Returned,Mumbai
O103538,C12839,2026-04-25,P1345,4,6922.38,Refunded,Completed,Delhi
O103539,C12917,2026-05-31,P1087,3,11529.09,Paid,Cancelled,Chennai
O103540,C12992,2026-03-14,P1188,7,12472.22,Paid,Completed,Hyderabad
O103541,C13724,2026-08-09,P1047,7,18080.64,Refunded,Completed,Delhi
O103542,C11237,2026-07-26,P1061,6,13118.97,Failed,Completed,Pune
O103543,C13320,2026-01-29,P1208,2,15644.45,Paid,Processing,Chennai
O103544,C12280,2026-07-28,P1387,3,10151.12,Paid,Completed,Kolkata
O103545,C13544,2026-01-12,P1207,7,18049.83,Paid,Completed,MUMBAI
O103546,C12526,2026-08-31,P1483,1,11806.54,Failed,Processing,Kolkata
O103547,C13743,2026-03-21,P1068,4,5801.01,Paid,Completed,Kolkata
O103548,C11697,2026-07-23,P1068,7,20478.18,Paid,Completed,Pune
O103549,C10397,2026-03-02,P1051,4,19206.67,Paid,Completed,Mumbai
O103550,C12581,2026-08-23,P1106,4,15799.01,Paid,Completed,Chennai
O103551,C13100,2026-08-02,P1045,5,13192.1,Paid,Completed,Pune
O103552,C12767,2026-01-16,P1144,5,5449.85,Paid,Completed,Mumbai
O103553,C12902,2026-08-15,P1488,3,21748.35,Paid,Completed,Hyderabad
O103554,C10115,2026-03-31,P1084,2,2700.65,Paid,Processing,
O103555,C13862,2026-04-21,P1029,1,9764.64,Refunded,Completed,Mumbai
O103556,C11057,2026-06-08,P1176,2,21358.26,Paid,Completed,Delhi
O103557,C11656,2026-04-27,P1434,6,15010.5,Paid,Completed,Kolkata
O103558,C11675,2026-04-23,P1032,2,11133.91,Paid,Completed,Chennai
O103559,C13629,2026-06-16,P1364,1,19846.61,Pending,Processing,Chennai
O103560,C12977,2026-07-05,P1470,5,24741.0,Paid,Cancelled,Hyderabad
O103561,C12482,2026-05-05,P1313,4,4963.69,Paid,Completed,Hyderabad
O103562,C10480,2026-03-12,P1361,7,1553.11,Paid,Completed,Chennai
O103563,C11294,2026-01-09,P1348,5,11735.8,Paid,Completed,Kolkata
O103564,C11968,2026-05-26,P1233,4,7398.68,,Returned,Bangalore
O103565,C10459,2026-01-02,P1166,7,16768.76,Paid,Completed, Pune 
O103566,C12287,2026-06-26,P1229,4,12508.18,Paid,Completed,Kolkata
O103567,C10858,2026-07-28,P1248,5,12625.37,Paid,Completed,Delhi
O103568,C13300,2026-03-02,P1198,2,9068.06,Paid,Completed,Pune
O103569,C13318,2026-03-14,P1036,4,5503.62,Paid,Processing,Hyderabad
O103570,C12397,2026-08-11,P1454,5,5572.32,Paid,Completed,Pune
O103571,C11439,2026-06-24,P1014,2,9858.16,Refunded,Processing,Mumbai
O103572,C10178,2026-01-16,P1444,1,17141.34,Paid,Completed,Chennai
O103573,C12517,2026-03-17,P1092,4,8627.58,Paid,Processing,Mumbai
O103574,C13140,2026-07-27,P1265,2,8352.62,Paid,Cancelled,Chennai
O103575,C13164,2026-07-03,P1275,4,10797.51,Paid,Returned,Chennai
O103576,C11939,2026-03-17,P1121,7,24774.28,Pending,Completed,Kolkata
O103577,C10562,2026-08-11,P1236,6,2553.52,Paid,Completed,Mumbai
O103578,C10259,2026-05-17,P1136,2,7577.92,Paid,Completed,Kolkata
O103579,C10223,2026-02-17,P1197,1,7512.45,Paid,Completed,Bangalore
O103580,C10998,2026-07-15,P1275,4,24370.17,Paid,Completed,Mumbai
O103581,C10566,2026-07-13,P1063,7,10357.3,Paid,Processing,Chennai
O103582,C10676,2026-06-26,P1340,5,14304.21,Paid,Completed,Delhi
O103583,C12798,2026-07-28,P1119,6,5193.83,Paid,Completed,Pune
O103584,C10718,2026-02-07,P1134,6,613.9,Pending,Completed,Chennai
O103585,C12771,2026-04-21,P1101,6,8679.95,Failed,Processing,Delhi
O103586,C11407,2026-01-08,P1063,2,16084.12,Paid,Completed,Pune
O103587,C13101,2026-09-04,P1303,1,17381.05,Paid,Completed,Hyderabad
O103588,C10636,2026-08-07,P1225,4,18920.73,Paid,Completed,Mumbai
O103589,C10093,2026-02-20,P1302,1,21558.39,Paid,Completed,Kolkata
O103590,C10357,2026-03-16,P1191,1,3155.89,Paid,Completed,
O103591,C13867,2026-04-08,P1322,7,2344.98,Paid,Completed,Pune
O103592,C12153,2026-06-10,P1172,4,19755.83,Paid,Completed,Delhi
O103593,C12430,2026-06-22,P1272,4,11063.06,Paid,Completed, 
O103594,C13871,2026-03-03,P1434,2,23693.78,Paid,Completed,Kolkata
O103595,C13106,2026-05-09,P1426,7,23604.07,Paid,Cancelled,Delhi
O103596,C10450,2026-04-09,P1193,6,3798.81,Paid,Cancelled,Pune
O103597,C11688,2026-05-17,P1361,5,17373.25,Paid,Completed,Mumbai
O103598,C13288,2026-07-24,P1125,6,1957.55,Paid,Completed,Pune
O103599,C12662,2026-03-18,P1203,6,10264.23,Paid,Cancelled,Hyderabad
O103600,C10863,2026-05-04,P1396,7,21090.24,Paid,Completed,Hyderabad
O103601,C13225,2026-06-09,P1229,1,11685.7,Paid,Completed,Kolkata
O103602,C12237,2026-05-20,P1483,6,1130.25,Paid,Cancelled,Hyderabad
O103603,C13155,2026-01-21,P1331,4,6236.12,Paid,Cancelled,
O103604,C12507,2026-01-16,P1026,1,2433.35,Pending,Completed,Kolkata
O103605,C11852,2026-03-26,P1089,7,10383.41,Pending,Completed,Delhi
O103606,C12916,2026-09-02,P1046,6,17508.47,Pending,Processing,Delhi
O103607,C13465,2026-04-25,P1114,2,16610.83,Paid,Completed, Chennai 
O103608,C11863,2026-01-01,P1039,2,18057.82,Pending,Completed,Mumbai
O103609,C10119,2026-01-04,P1068,2,9780.26,Paid,Completed,Hyderabad
O103610,C12374,2026-08-11,P1159,5,6852.41,Paid,Processing, 
O103611,C10361,2026-07-20,P1099,3,1706.23,Paid,Completed,Chennai
O103612,C11299,2026-07-19,P1300,3,23556.91,Paid,Completed,Bangalore
O103613,C12200,2026-02-02,P1357,6,3221.52,Paid,Processing,Bangalore
O103614,C11382,2026-01-29,P1243,7,4702.63,Paid,Completed,Pune
O103615,C11124,2026-03-01,P1335,3,917.52,Paid,Completed,Pune
O103616,C10080,2026-07-18,P1329,5,8134.06,Failed,Completed,Mumbai
O103617,C11077,2026-09-15,P1379,5,20525.52,Paid,Completed,Bangalore
O103618,C11540,2026-04-14,P1036,1,8506.49,Paid,Completed,Bangalore
O103619,C11161,2026-02-08,P1142,1,16749.77,Paid,Completed,Chennai
O103620,C12515,2026-02-11,P1330,2,24148.95,Pending,Completed,
O103621,C12665,2026-04-09,P1499,5,22345.51,Paid,Processing,Chennai
O103622,C13122,2026-06-21,P1264,6,4745.31,Paid,Completed,
O103623,C10744,2026-01-14,P1081,3,9172.42,Paid,Completed,Mumbai
O103624,C12477,2026-01-25,P1224,3,18853.17,Paid,Processing,
O103625,C11721,2026-02-03,P1310,1,24448.17,Failed,Completed,Hyderabad
O103626,C11292,2026-07-12,P1136,2,17983.59,Paid,Processing,Chennai
O103627,C11932,2026-01-29,P1319,2,6529.65,Paid,Completed,Delhi
O103628,C11926,2026-05-23,P1040,6,3580.72,Paid,Returned,Delhi
O103629,C12559,2026-02-11,P1270,4,12530.44,Pending,Cancelled,Hyderabad
O103630,C12238,2026-05-31,P1035,7,5065.9,Failed,Completed,Mumbai
O103631,C12527,2026-02-07,P1419,5,5922.09,Paid,Completed,KOLKATA
O103632,C13925,2026-06-14,P1064,3,15970.47,Paid,Completed,Kolkata
O103633,C13244,2026-01-28,P1411,6,13016.43,Refunded,Processing,Mumbai
O103634,C11169,2026-08-21,P1032,3,3281.12,Failed,Completed,Delhi
O103635,C12135,2026-07-28,P1064,1,4095.85,Failed,Processing,Kolkata
O103636,C10918,2026-04-01,P1437,1,780.03,Failed,Processing,Hyderabad
O103637,C12077,2026-04-11,P1122,5,5725.6,Paid,Completed,Kolkata
O103638,C12850,2026-08-15,P1389,6,22216.64,Refunded,Processing,Hyderabad
O103639,C10263,2026-07-30,P1382,7,19887.92,Failed,Processing,Kolkata
O103640,C10550,2026-03-15,P1330,6,10545.11,Paid,Processing,Delhi
O103641,C10029,2026-01-26,P1175,1,18625.77,Pending,Completed,Mumbai
O103642,C11515,2026-07-08,P1346,6,10352.14,Paid,Completed,Pune
O103643,C13071,2026-04-23,P1452,1,19864.97,Paid,Completed,Pune
O103644,C11799,2026-05-24,P1073,3,4794.07,Paid,Completed,Chennai
O103645,C12284,2026-05-19,P1155,5,4067.18,Paid,Completed,Kolkata
O103646,C12361,2026-01-09,P1015,3,2225.13,Pending,Cancelled,Chennai
O103647,C10358,2026-09-11,P1362,3,6272.62,Pending,Completed,Kolkata
O103648,C10698,2026-08-14,P1025,1,3914.01,Failed,Completed,Chennai
O103649,,2026-08-15,P1177,7,20026.44,Paid,Processing,Pune
O103650,C11836,2026-05-25,P1053,3,6227.3,Paid,Completed,Chennai
O103651,C11675,2026-07-20,P1347,5,13050.33,,Completed,Pune
O103652,C13006,2026-03-25,P1205,1,18978.07,Paid,Completed,Chennai
O103653,C10180,2026-01-30,P1140,5,17023.74,Paid,Returned, 
O103654,C13365,2026-08-18,P1192,2,5353.36,Paid,Completed,Hyderabad
O103655,C12683,2026-03-13,P1290,5,2203.67,Paid,Completed,Chennai
O103656,C10580,2026-07-26,P1206,5,22820.51,Paid,Completed,Kolkata
O103657,C10259,2026-07-30,P1028,4,15663.25,Paid,Completed,Bangalore
O103658,C10011,2026-03-08,P1158,7,17752.12,Paid,Completed,
O103659,C11177,2026-03-12,P1267,7,9834.55,Refunded,Completed,Hyderabad
O103660,C11300,2026-06-26,P1068,7,6267.69,Paid,Completed,Hyderabad
O103661,C10707,2026-01-10,P1495,6,13406.25,Paid,Cancelled,Hyderabad
O103662,C11149,2026-02-17,P1237,6,2223.68,Pending,Completed,Chennai
O103663,C12249,2026-09-09,P1031,5,20059.42,Paid,Completed,Chennai
O103664,C10451,2026-08-31,P1265,7,16466.27,Paid,Completed,PUNE
O103665,C10805,2026-07-16,P1132,3,19112.36,Pending,Completed,Bangalore
O103666,C12249,2026-01-25,P1282,3,14360.74,Paid,Completed,Bangalore
O103667,C12820,2026-03-24,P1166,6,14574.36,Paid,Completed,Delhi
O103668,C13728,2026-02-04,P1276,1,15129.28,Paid,Completed,Pune
O103669,C12043,2026-05-15,P1015,6,19668.73,Refunded,Completed,Delhi
O103670,C10453,2026-01-12,P1284,7,5867.02,Paid,Completed,Delhi
O103671,C12368,2026-07-23,P1249,2,17133.84,Paid,Cancelled,Pune
O103672,C13984,2026-05-15,P1462,1,13951.83,Paid,Processing,Mumbai
O103673,,2026-02-04,P1101,5,12529.16,Paid,Completed,Chennai
O103674,C13123,2026-04-10,P1124,7,13660.39,Paid,Processing,Bangalore
O103675,C12940,2026-04-12,P1070,6,7023.34,Failed,Processing,Mumbai
O103676,C13024,2026-04-14,P1209,7,1215.89,Paid,Cancelled,Mumbai
O103677,C10363,2026-08-21,P1498,7,19051.35,Paid,Completed,Bangalore
O103678,C12082,2026-04-29,P1082,5,22929.49,Paid,Cancelled,Bangalore
O103679,C12760,2026-02-15,P1208,3,12174.84,Paid,Processing,Delhi
O103680,C10291,2026-03-09,P1013,7,20996.17,Paid,Completed,Kolkata
O103681,C13661,2026-06-10,P1296,5,14014.83,Paid,Processing,Chennai
O103682,C10511,2026-07-03,P1367,6,23278.46,Pending,Completed,Mumbai
O103683,C10353,2026-03-29,P1073,6,12857.91,Paid,Completed,Bangalore
O103684,C10494,2026-04-14,P1472,6,5359.86,Paid,Cancelled,Bangalore
O103685,C11694,2026-06-26,P1168,5,21791.84,Paid,Completed,
O103686,C12174,2026-07-25,P1171,3,20066.71,Failed,Completed,Pune
O103687,C10379,2026-02-25,P1328,2,10130.87,Paid,Completed,Chennai
O103688,C13146,2026-08-28,P1271,5,21095.22,Pending,Completed,Pune
O103689,C10801,2026-02-10,P1125,4,523.55,Paid,Completed,Delhi
O103690,C12243,2026-08-26,P1367,2,20053.76,Failed,Completed,Pune
O103691,C11966,2026-01-06,P1023,2,17294.59,Pending,Processing, Delhi 
O103692,C13625,2026-04-15,P1276,6,9678.05,Paid,Completed,Pune
O103693,C13576,2026-03-26,P1186,3,19852.17,Pending,Completed,Mumbai
O103694,C10954,2026-02-22,P1374,1,3428.55,Paid,Completed,Pune
O103695,C12155,2026-02-10,P1481,6,5321.99,Pending,Completed,Kolkata
O103696,C13944,2026-03-25,P1422,6,13479.43,Failed,Completed,Kolkata
O103697,C11328,2026-01-01,P1371,5,22061.35,Paid,Completed,Pune
O103698,C10294,2026-07-14,P1326,5,3513.59,Paid,Completed,Hyderabad
O103699,C12874,2026-02-27,P1134,1,14237.44,Paid,Completed,Hyderabad
O103700,C12014,2026-04-23,P1411,5,18902.35,Paid,Completed,Delhi
O103701,C13761,2026-08-05,P1434,4,18660.83,Paid,Completed,
O103702,C12302,2026-05-02,P1162,1,15810.64,Paid,Processing,Chennai
O103703,C12047,2026-06-12,P1441,3,23540.75,Pending,Returned,MUMBAI
O103704,C13662,2026-03-09,P1265,1,12208.79,Paid,Completed,Pune
O103705,C11522,2026-08-28,P1165,2,22042.04,Paid,Completed,Hyderabad
O103706,C12391,2026-09-11,P1287,3,15603.72,Paid,Completed,Mumbai
O103707,C13385,2026-06-26,P1317,2,18515.43,Paid,Completed,Kolkata
O103708,C12392,2026-07-12,P1097,3,11781.35,Pending,Completed,Delhi
O103709,C11192,2026-03-04,P1251,1,4440.2,Paid,Cancelled,Mumbai
O103710,C12235,2026-04-08,P1087,7,2994.66,Paid,Completed,Chennai
O103711,C11729,2026-04-22,P1119,2,17153.56,Pending,Completed,Kolkata
O103712,C13942,2026-08-18,P1371,3,9598.96,Paid,Completed,Kolkata
O103713,C10203,2026-02-08,P1049,7,14316.83,Paid,Cancelled,Mumbai
O103714,C13074,2026-06-01,P1040,5,18727.42,Paid,Processing,Mumbai
O103715,C10096,2026-06-07,P1046,2,19726.1,Paid,Completed,Hyderabad
O103716,C12417,2026-05-16,P1493,4,12888.61,Paid,Processing,Hyderabad
O103717,C11725,2026-01-26,P1488,3,8068.21,Pending,Completed,Pune
O103718,C13644,2026-03-28,P1257,6,19464.24,Paid,Completed,BANGALORE
O103719,C12159,2026-06-15,P1169,7,10559.03,Paid,Processing,Chennai
O103720,C13311,2026-01-25,P1003,6,23437.25,Paid,Completed,Kolkata
O103721,C12690,2026-03-14,P1000,6,20666.93,Paid,Completed,Bangalore
O103722,C11789,2026-07-22,P1405,6,18748.84,Paid,Completed,
O103723,C11351,2026-05-31,P1266,5,6258.73,Paid,Cancelled,Kolkata
O103724,C10468,2026-01-23,P1111,5,9260.22,Paid,Completed,Mumbai
O103725,C10054,2026-02-18,P1010,6,21269.82,Paid,Cancelled,
O103726,C10005,2026-08-09,P1364,6,871.55,Paid,Completed,Mumbai
O103727,C10904,2026-05-22,P1013,1,19602.28,Paid,Completed, Delhi 
O103728,C12245,2026-05-26,P1090,7,10282.54,Paid,Processing,
O103729,C13905,2026-01-28,P1480,6,20043.92,Pending,Completed,Kolkata
O103730,C12823,2026-05-02,P1219,6,13944.08,Paid,Completed,Pune
O103731,C10282,2026-08-20,P1342,1,13312.13,Paid,Completed,Hyderabad
O103732,C12582,2026-04-15,P1248,7,17629.31,Failed,Completed,Mumbai
O103733,C11943,2026-05-09,P1072,6,20216.45,Pending,Completed,Pune
O103734,C12546,2026-02-22,P1314,6,17428.33,Paid,Completed,Bangalore
O103735,C12494,2026-07-23,P1145,2,11432.64,Pending,Completed,Delhi
O103736,C10576,2026-08-29,P1060,2,8224.65,Paid,Completed,Chennai
O103737,C13680,2026-02-25,P1490,4,21187.06,Paid,Completed,Delhi
O103738,C12219,2026-03-14,P1279,5,13163.21,Paid,Processing,Mumbai
O103739,C12805,2026-08-26,P1026,3,19651.48,Paid,Cancelled,Bangalore
O103740,C11549,2026-09-13,P1290,-4,24894.22,Paid,Completed,
O103741,C10489,2026-03-29,P1451,7,16204.02,Paid,Completed,Pune
O103742,C12765,2026-04-06,P1021,6,7175.15,Paid,Completed,Kolkata
O103743,C13772,2026-02-08,P1010,7,21679.25,Paid,Completed,Pune
O103744,C12326,2026-01-08,P1123,4,7059.72,Paid,Completed,Chennai
O103745,C10795,2026-03-24,P1123,7,6731.9,Paid,Completed,Delhi
O103746,C12495,2026-02-17,P1454,4,2126.24,Paid,Cancelled,Mumbai
O103747,C11717,2026-09-09,P1360,7,2240.5,Failed,Completed,Bangalore
O103748,C11597,2026-04-04,P1185,6,21599.34,Paid,Completed,Mumbai
O103749,C13656,2026-02-22,P1484,3,5999.02,Paid,Completed,Kolkata
O103750,C12950,2026-04-10,P1097,7,2984.6,Paid,Completed,Mumbai
O103751,C12036,2026-05-14,P1075,6,9008.92,Paid,Completed,Mumbai
O103752,C11671,2026-08-03,P1131,4,17924.54,Paid,Completed,Chennai
O103753,C10972,2026-03-29,P1492,1,8688.89,Paid,Completed,Bangalore
O103754,C11374,2026-06-24,P1193,1,7939.22,Paid,Completed,Chennai
O103755,C12164,2026-09-09,P1366,1,12355.22,Paid,Completed,Bangalore
O103756,C10193,2026-08-13,P1320,-2,823.64,Paid,Completed,Bangalore
O103757,C11431,2026-04-30,P1145,4,12429.51,Paid,Completed,Hyderabad
O103758,C11977,2026-08-07,P1314,5,24753.47,Paid,Completed,Kolkata
O103759,C12435,2026-04-29,P1278,7,20043.91,Paid,Completed,Pune
O103760,C12974,2026-05-05,P1353,2,2041.15,Paid,Processing,Pune
O103761,C10055,2026-02-28,P1259,5,16474.12,Paid,Returned,Bangalore
O103762,C11180,2026-04-01,P1436,6,11689.47,Refunded,Completed,Hyderabad
O103763,C11044,2026-06-13,P1498,1,20708.34,Paid,Completed,Kolkata
O103764,C12086,2026-07-29,P1243,7,2733.6,Paid,Completed,pune
O103765,C11865,2026-01-15,P1233,2,6048.4,Paid,Completed,Chennai
O103766,C10319,2026-06-23,P1364,5,19841.18,Paid,Completed,KOLKATA
O103767,C13047,2026-04-28,P1210,3,21275.22,Refunded,Completed,Delhi
O103768,C12751,2026-08-19,P1295,3,13374.1,Refunded,Completed,Pune
O103769,C13287,2026-01-12,P1361,3,786.52,Paid,Completed,Bangalore
O103770,C10444,2026-09-10,P1167,1,22374.76,Pending,Completed,
O103771,C12026,2026-08-08,P1178,2,9754.3,Paid,Returned,Hyderabad
O103772,C12416,2026-07-26,P1232,1,1280.11,Pending,Completed,Pune
O103773,C10195,2026-03-02,P1392,7,20524.66,Pending,Completed,Hyderabad
O103774,C13840,2026-08-21,P1150,3,10626.31,Paid,Returned,Hyderabad
O103775,C13180,2026-09-02,P1140,4,4992.76,Paid,Completed, 
O103776,C10975,2026-02-01,P1256,1,20098.98,Paid,Completed,Chennai
O103777,C12517,2026-07-26,P1331,2,11605.58,Paid,Completed,Mumbai
O103778,C10573,2026-09-12,P1137,1,15312.9,Paid,Returned,Kolkata
O103779,C13495,2026-05-01,P1410,2,20631.1,Paid,Completed,Mumbai
O103780,C10393,2026-07-27,P1402,6,13203.83,Paid,Completed,Chennai
O103781,C13619,2026-03-17,P1359,4,3028.81,Paid,Cancelled,Bangalore
O103782,C13314,2026-01-08,P1223,5,24104.92,Paid,Completed,Pune
O103783,C11914,2026-07-06,P1021,2,7377.55,Refunded,Completed,Chennai
O103784,C12612,2026-01-02,P1088,2,24857.96,Paid,Completed, 
O103785,C10984,2026-07-12,P1266,3,448.81,Paid,Completed,Mumbai
O103786,C11538,2026-03-15,P1074,7,12249.57,Paid,Completed,Hyderabad
O103787,C10870,2026-02-13,P1089,3,17711.89,Paid,Completed,Chennai
O103788,C12112,2026-03-29,P1271,4,22685.66,Paid,Cancelled,Delhi
O103789,C11275,2026-04-03,P1383,7,19574.32,Paid,Completed,Pune
O103790,C11407,2026-04-25,P1156,6,6614.01,Paid,Cancelled,Chennai
O103791,C11772,2026-06-28,P1157,6,6309.62,Failed,Completed,Hyderabad
O103792,C13493,2026-06-17,P1394,7,9107.69,Refunded,Completed,Kolkata
O103793,C12196,2026-03-23,P1312,1,3030.34,Paid,Completed,Hyderabad
O103794,C13228,2026-02-14,P1064,7,16838.46,Paid,Completed,Hyderabad
O103795,C13396,2026-07-21,P1005,5,23549.08,Paid,Completed,Kolkata
O103796,C10982,2026-07-07,P1076,5,16159.98,Pending,Completed,BANGALORE
O103797,C13113,2026-01-08,P1090,7,13474.33,Paid,Completed,Bangalore
O103798,C12596,2026-06-21,P1490,4,12732.73,Paid,Completed,Mumbai
O103799,,2026-08-18,P1290,5,14937.54,Paid,Completed,Kolkata
O103800,C10354,2026-02-23,P1127,1,17852.14,Pending,Processing,Bangalore
O103801,C12291,2026-05-16,P1116,3,19936.48,Paid,Completed,Chennai
O103802,C10622,2026-07-27,P1224,6,17548.53,Paid,Completed,Kolkata
O103803,C13267,2026-03-18,P1314,4,17714.29,Paid,Completed,Delhi
O103804,C13741,2026-02-07,P1383,5,23807.83,Paid,Completed,Pune
O103805,C11913,2026-03-31,P1013,7,22513.78,Paid,Completed,Pune
O103806,C11763,2026-02-07,P1426,6,20650.91,Pending,Completed,Bangalore
O103807,C11956,2026-03-13,P1173,4,1371.0,Paid,Completed,Hyderabad
O103808,C10268,2026-06-17,P1374,4,16821.02,Paid,Completed,Mumbai
O103809,C10948,2026-07-23,P1149,2,11538.03,Refunded,Processing,Pune
O103810,C13765,2026-08-22,P1187,2,15554.7,Paid,Completed, Chennai 
O103811,C11381,2026-01-21,P1489,4,17251.17,Pending,Cancelled,Bangalore
O103812,C12367,2026-05-18,P1084,6,17951.9,Paid,Completed,Chennai
O103813,C12598,2026-05-01,P1385,2,21774.83,Paid,Completed,Bangalore
O103814,C13511,2026-08-09,P1119,5,22776.78,Paid,Completed,Delhi
O103815,C10953,2026-05-28,P1324,4,15288.66,Failed,Completed, Kolkata 
O103816,C13563,2026-01-09,P1142,2,22385.86,Paid,Completed,Pune
O103817,C11567,2026-03-23,P1305,5,19186.16,Paid,Completed,Pune
O103818,C13690,2026-03-06,P1239,3,5307.32,Paid,Completed,Chennai
O103819,C11646,2026-01-20,P1211,7,1172.2,Paid,Completed,Hyderabad
O103820,C10416,2026-06-19,P1473,3,544.24,Paid,Completed,Pune
O103821,C10208,2026-01-18,P1183,6,14789.59,Failed,Cancelled,Chennai
O103822,C13872,2026-04-28,P1190,-4,13183.35,Paid,Completed,Hyderabad
O103823,C10485,2026-08-10,P1471,4,17500.3,Paid,Completed,Delhi
O103824,C12166,2026-05-09,P1418,1,21117.86,Paid,Completed,Kolkata
O103825,C12109,2026-05-30,P1343,5,4361.73,Paid,Completed,Mumbai
O103826,C11606,2026-03-08,P1025,6,21453.86,Refunded,Completed,Kolkata
O103827,C11673,2026-06-02,P1360,6,2722.63,Failed,Completed,Hyderabad
O103828,C11904,2026-06-22,P1124,7,22116.11,Paid,Cancelled,Pune
O103829,C10398,2026-02-03,P1241,6,21307.02,Paid,Cancelled,Mumbai
O103830,C13166,2026-02-13,P1341,4,17514.81,Paid,Completed,Hyderabad
O103831,C11509,2026-05-26,P1282,2,7710.72,Paid,Processing,Chennai
O103832,C10978,2026-06-27,P1274,3,2607.31,Pending,Cancelled,Bangalore
O103833,C11274,2026-08-20,P1036,2,19518.75,Paid,Cancelled,Hyderabad
O103834,C12449,2026-08-23,P1291,5,5681.62,Paid,Completed,Chennai
O103835,C13102,2026-01-19,P1220,4,11191.15,Paid,Completed,Delhi
O103836,C10614,2026-08-14,P1423,6,13412.22,Paid,Completed,Bangalore
O103837,C12372,2026-02-16,P1318,3,17230.43,Refunded,Completed,Kolkata
O103838,C11691,2026-07-02,P1294,5,12339.72,Paid,Completed,Bangalore
O103839,C13450,2026-04-02,P1246,7,17454.97,Paid,Completed,Chennai
O103840,C13800,2026-05-01,P1127,3,20406.74,Paid,Completed,Kolkata
O103841,C12716,2026-07-25,P1106,6,17912.6,Refunded,Completed,Kolkata
O103842,C12361,2026-08-18,P1395,3,7697.72,Paid,Completed,Delhi
O103843,C13123,2026-07-19,P1427,4,22388.87,Paid,Processing,Pune
O103844,C11984,2026-09-02,P1335,4,13899.11,Paid,Completed,Mumbai
O103845,C10221,2026-04-11,P1431,1,11794.76,Paid,Completed,Hyderabad
O103846,C12806,2026-04-06,P1222,1,14503.66,Paid,Completed,Bangalore
O103847,C12323,2026-01-14,P1334,1,12235.53,Paid,Returned,Delhi
O103848,C10606,2026-08-20,P1160,1,18951.22,Paid,Returned,Delhi
O103849,C10852,2026-05-21,P1462,6,10690.4,Paid,Completed,Bangalore
O103850,C10923,2026-07-14,P1287,7,19485.06,Paid,Completed,Chennai
O103851,C12931,2026-02-09,P1405,2,19075.83,Paid,Processing,Mumbai
O103852,C12075,2026-02-02,P1255,1,7138.7,Failed,Returned,Hyderabad
O103853,C10191,2026-08-25,P1241,2,2669.75,Pending,Completed,Delhi
O103854,C13354,2026-09-11,P1119,3,21318.66,Paid,Processing,Kolkata
O103855,C12581,2026-09-10,P1005,7,4472.32,Pending,Completed,Mumbai
O103856,C12934,2026-07-16,P1413,2,1070.21,Paid,Completed,Hyderabad
O103857,C13752,2026-03-18,P1360,3,10237.46,Paid,Processing,Bangalore
O103858,C11041,2026-08-12,P1121,1,6577.49,Paid,Cancelled,Delhi
O103859,C12360,2026-09-12,P1144,2,5742.92,Paid,Completed,Hyderabad
O103860,C13043,2026-03-20,P1491,3,4556.15,Refunded,Completed,Delhi
O103861,C12052,2026-03-08,P1257,1,18805.16,Failed,Completed, 
O103862,C11945,2026-06-13,P1079,6,19650.54,Paid,Cancelled,Kolkata
O103863,,2026-04-11,P1310,3,1445.82,Paid,Processing,Hyderabad
O103864,C10975,2026-09-10,P1110,4,13806.25,Paid,Processing,Chennai
O103865,C12613,2026-01-20,P1250,3,3638.09,Paid,Completed,Kolkata
O103866,C13884,2026-06-12,P1267,1,12638.99,Paid,Processing,Bangalore
O103867,C10880,2026-01-01,P1494,7,8893.87,Paid,Processing,Mumbai
O103868,C11851,2026-07-24,P1364,6,5284.86,Pending,Completed,Hyderabad
O103869,C13904,2026-04-06,P1395,5,23717.07,Failed,Completed,Chennai
O103870,C10143,2026-05-02,P1050,4,23931.63,Paid,Completed,Delhi
O103871,C12521,2026-07-08,P1047,2,14230.07,Paid,Completed,Bangalore
O103872,C11619,2026-01-27,P1166,4,4944.84,Paid,Completed,Hyderabad
O103873,C13086,2026-05-18,P1208,1,14706.67,Paid,Completed,Pune
O103874,C11293,2026-01-16,P1489,3,23233.93,Paid,Completed,Pune
O103875,C11492,2026-07-04,P1104,5,9630.69,Paid,Completed,Bangalore
O103876,C12064,2026-07-19,P1069,1,3702.1,Pending,Processing,Bangalore
O103877,C11384,2026-07-15,P1118,6,17434.15,Paid,Completed,Bangalore
O103878,C11039,2026-06-19,P1360,3,16509.84,Paid,Cancelled,Bangalore
O103879,C11422,2026-08-22,P1345,6,334.29,Failed,Processing,Delhi
O103880,C13634,2026-01-20,P1000,6,21384.06,Pending,Completed,Kolkata
O103881,C11371,2026-01-16,P1399,7,16620.45,Paid,Completed,Kolkata
O103882,C13600,2026-03-05,P1301,1,5133.76,Paid,Cancelled,Chennai
O103883,C10820,2026-03-27,P1062,6,380.0,Failed,Completed,Delhi
O103884,C12690,2026-05-24,P1487,5,24315.81,Paid,Completed,Bangalore
O103885,C12982,2026-04-01,P1058,3,18940.59,Paid,Completed,Delhi
O103886,C10445,2026-06-25,P1302,5,9316.76,Paid,Completed,Bangalore
O103887,C12177,2026-07-11,P1271,3,10989.87,Failed,Processing,Chennai
O103888,C10052,2026-05-18,P1045,7,13609.85,Refunded,Completed,Bangalore
O103889,C13715,2026-05-09,P1079,4,18050.11,Paid,Completed,Mumbai
O103890,C12098,2026-04-04,P1422,1,4571.39,Refunded,Completed,Kolkata
O103891,C10147,2026-07-21,P1476,7,5134.51,Paid,Completed,Delhi
O103892,C12735,2026-08-24,P1049,2,1492.26,Paid,Completed,Hyderabad
O103893,C13545,2026-07-21,P1304,2,24649.12,Paid,Completed,Chennai
O103894,C12952,2026-04-11,P1409,1,21926.6,Paid,Completed, 
O103895,C10535,2026-03-13,P1477,6,13958.06,Pending,Completed,Chennai
O103896,C12161,2026-06-30,P1416,7,10927.76,Paid,Completed,Bangalore
O103897,C12934,2026-05-31,P1362,6,6164.77,Paid,Processing,Hyderabad
O103898,C13204,2026-04-06,P1275,2,14996.08,Paid,Completed,Mumbai
O103899,C10064,2026-05-07,P1228,5,17355.61,Paid,Processing,Chennai
O103900,C11135,2026-03-10,P1374,7,17322.81,Paid,Cancelled,Kolkata
O103901,C13541,2026-05-18,P1332,2,458.97,Paid,Completed,Bangalore
O103902,C11034,2026-07-20,P1071,7,17640.36,Paid,Completed,Hyderabad
O103903,C11891,2026-04-24,P1479,1,21699.41,Failed,Completed,Mumbai
O103904,C12788,2026-04-10,P1465,6,3138.44,Pending,Completed,
O103905,C13945,2026-02-22,P1492,4,18957.81,Paid,Returned,Hyderabad
O103906,C11704,2026-06-24,P1168,7,20633.99,Paid,Completed,Delhi
O103907,C12016,2026-07-27,P1381,6,7121.38,Paid,Completed,Pune
O103908,C12236,2026-03-26,P1266,1,17889.02,Paid,Completed,Pune
O103909,C10937,2026-05-14,P1054,1,2689.85,Paid,Cancelled,Bangalore
O103910,C11475,2026-02-10,P1229,3,16335.54,Paid,Cancelled,Pune
O103911,C11739,2026-06-17,P1490,2,12905.13,Paid,Completed,MUMBAI
O103912,C10077,2026-04-06,P1046,2,21291.35,Paid,Processing,Hyderabad
O103913,C10030,2026-06-22,P1382,3,11463.6,Paid,Completed,Pune
O103914,C10897,2026-09-05,P1077,5,10873.97,Paid,Processing,Delhi
O103915,C12050,2026-04-02,P1359,5,23364.49,Paid,Completed,Pune
O103916,C13825,2026-06-25,P1305,6,23376.39,Pending,Completed,Hyderabad
O103917,C13893,2026-07-19,P1352,3,1182.08,Paid,Completed,Mumbai
O103918,C12590,2026-03-27,P1372,2,12293.46,Paid,Processing,Bangalore
O103919,C13310,2026-03-29,P1360,5,4275.65,Paid,Processing,Kolkata
O103920,C13605,2026-07-26,P1278,5,7060.54,Pending,Completed,Chennai
O103921,C13359,2026-04-24,P1060,4,16753.67,Paid,Completed,Kolkata
O103922,C12176,2026-04-24,P1006,5,3493.41,Paid,Cancelled,Pune
O103923,C12818,2026-06-25,P1270,2,578.38,Paid,Processing,Kolkata
O103924,C10014,2026-07-09,P1334,4,18259.95,Pending,Completed,Mumbai
O103925,C12594,2026-02-22,P1008,4,16141.2,Paid,Completed,Chennai
O103926,C11704,2026-04-25,P1212,7,22595.81,Paid,Completed,Chennai
O103927,C12580,2026-02-24,P1164,6,13695.06,Paid,Completed,Kolkata
O103928,C12779,2026-07-20,P1230,7,23649.67,Failed,Processing,Bangalore
O103929,C10391,2026-07-09,P1314,2,15350.04,Paid,Completed,Mumbai
O103930,C13500,2026-07-07,P1155,3,9862.61,Paid,Completed,
O103931,C10703,2026-01-14,P1363,7,15329.05,Paid,Completed,Chennai
O103932,C10041,2026-09-08,P1389,1,18804.75,Paid,Completed,Chennai
O103933,C11720,2026-05-15,P1393,5,8884.27,Paid,Processing,Chennai
O103934,C10358,2026-07-17,P1014,6,9501.37,Failed,Processing,Hyderabad
O103935,C13826,2026-06-16,P1117,3,15859.45,Paid,Completed,Mumbai
O103936,C11136,2026-01-09,P1087,1,11553.12,Refunded,Completed,Bangalore
O103937,C10895,2026-06-14,P1003,2,13316.24,Pending,Processing,Pune
O103938,C11048,2026-09-07,P1238,5,24557.42,Failed,Completed, 
O103939,C11134,2026-05-28,P1113,3,1381.24,Paid,Completed,Mumbai
O103940,C10250,2026-05-14,P1226,1,16303.14,Paid,Completed,Hyderabad
O103941,C12161,2026-04-25,P1313,6,23095.27,Paid,Processing,Mumbai
O103942,C10072,2026-01-04,P1142,2,6134.42,Paid,Completed,Bangalore
O103943,C12989,2026-04-10,P1243,6,5537.08,Paid,Completed,Kolkata
O103944,C13073,2026-06-06,P1420,4,9266.05,Paid,Completed,Pune
O103945,,2026-03-03,P1001,4,2129.74,Paid,Completed,Pune
O103946,C13886,2026-02-08,P1430,4,14139.03,Paid,Completed,Bangalore
O103947,C13129,2026-02-27,P1359,2,16242.83,Failed,Processing,Bangalore
O103948,C10492,2026-09-04,P1123,1,20551.2,Paid,Cancelled,Hyderabad
O103949,C13922,2026-09-05,P1411,2,1934.55,Paid,Completed,Chennai
O103950,C13383,2026-03-26,P1324,4,11073.77,Pending,Processing,
O103951,C12818,2026-01-25,P1470,2,19669.91,Paid,Completed,Delhi
O103952,C12615,2026-04-12,P1200,5,19277.06,Paid,Completed,Mumbai
O103953,C12420,2026-06-20,P1070,1,2118.92,Paid,Completed,kolkata
O103954,C13964,2026-05-01,P1067,7,581.47,Failed,Completed,Hyderabad
O103955,C11915,2026-05-18,P1146,6,19648.2,Paid,Processing,Chennai
O103956,C10663,2026-01-20,P1263,5,3708.05,Paid,Completed,Mumbai
O103957,C11178,2026-02-14,P1286,6,14571.4,Paid,Cancelled,Hyderabad
O103958,C11502,2026-07-06,P1269,4,2627.88,Paid,Cancelled,Mumbai
O103959,C11266,2026-04-18,P1028,1,7599.13,Paid,Completed,Hyderabad
O103960,,2026-07-21,P1136,5,4203.52,Paid,Processing,Hyderabad
O103961,C10295,2026-06-07,P1100,2,18488.94,Paid,Completed,Hyderabad
O103962,C10019,2026-02-15,P1325,3,16916.29,Paid,Cancelled,Mumbai
O103963,,2026-06-16,P1233,6,3642.05,Paid,Completed,Delhi
O103964,C12660,2026-05-31,P1443,7,1765.46,Paid,Processing,Chennai
O103965,C10272,2026-08-21,P1347,7,11818.48,Paid,Completed,Kolkata
O103966,C11261,2026-02-25,P1300,2,5130.03,Refunded,Completed,Mumbai
O103967,C11132,2026-06-17,P1329,4,501.11,Pending,Processing, Delhi 
O103968,C11815,2026-06-17,P1053,3,6827.54,Paid,Completed,Pune
O103969,C11435,2026-04-14,P1300,6,5616.52,Paid,Completed,Kolkata
O103970,C13284,2026-02-24,P1258,1,17218.49,Paid,Processing,Mumbai
O103971,C13533,2026-04-21,P1075,7,21563.32,Paid,Completed,Pune
O103972,C10824,2026-03-30,P1291,6,6169.68,Refunded,Completed,Kolkata
O103973,C10484,2026-07-07,P1138,3,5809.28,Refunded,Completed,Delhi
O103974,C13359,2026-04-20,P1456,6,9877.83,Failed,Processing,
O103975,C12007,2026-08-03,P1389,6,4562.17,Paid,Returned,Hyderabad
O103976,,2026-09-01,P1459,7,23686.33,Paid,Completed,Chennai
O103977,C10205,2026-02-19,P1237,1,6315.11,Paid,Completed,
O103978,C12426,2026-05-02,P1116,5,2605.23,Paid,Completed,Kolkata
O103979,C10831,2026-08-07,P1040,7,14055.15,Pending,Cancelled,Mumbai
O103980,C10150,2026-08-18,P1327,6,13579.2,Paid,Cancelled,Bangalore
O103981,C11780,2026-06-12,P1424,5,15908.28,Pending,Completed,Kolkata
O103982,C12390,2026-01-24,P1204,6,24177.55,Pending,Completed,Kolkata
O103983,C10686,2026-01-09,P1445,7,8290.13,Paid,Cancelled,Bangalore
O103984,C12607,2026-05-17,P1106,6,9181.41,Paid,Completed,Hyderabad
O103985,C10756,2026-03-18,P1392,5,8624.9,Failed,Completed,Mumbai
O103986,,2026-02-25,P1339,5,15827.15,Refunded,Cancelled,Mumbai
O103987,C10596,2026-05-26,P1103,7,15220.51,Pending,Completed,Pune
O103988,C12349,2026-02-14,P1137,7,13361.53,Failed,Completed,Hyderabad
O103989,C12543,2026-01-19,P1040,7,9298.85,Failed,Cancelled,Delhi
O103990,C13461,2026-07-01,P1410,6,10862.95,Refunded,Completed,Kolkata
O103991,C10249,2026-04-01,P1180,5,19874.93,Paid,Completed,Delhi
O103992,C13814,2026-08-22,P1003,3,15348.39,Paid,Completed,Chennai
O103993,C12089,2026-07-16,P1009,1,17992.8,Paid,Cancelled,Bangalore
O103994,C10983,2026-03-04,P1048,5,7135.22,Paid,Completed,Mumbai
O103995,C11462,2026-08-31,P1402,5,22813.85,Paid,Completed,Bangalore
O103996,C10222,2026-01-31,P1073,1,1168.52,Paid,Completed,Kolkata
O103997,C10440,2026-03-09,P1433,7,15013.71,Pending,Completed,Mumbai
O103998,C13532,2026-09-02,P1047,3,20365.05,Paid,Cancelled,Pune
O103999,C10423,2026-01-04,P1123,6,21697.25,Paid,Completed,Bangalore
O104000,C10223,2026-05-20,P1150,7,8192.93,Failed,Completed,Mumbai
O104001,C12394,2026-07-04,P1099,5,11655.85,Paid,Completed,Mumbai
O104002,C11532,2026-03-08,P1488,6,1161.76,Paid,Completed,Pune
O104003,C11625,2026-05-01,P1392,6,19807.21,Pending,Completed,Mumbai
O104004,C10481,2026-06-28,P1449,7,3376.93,Paid,Processing,Delhi
O104005,C10176,2026-07-25,P1274,3,10873.61,Paid,Completed,Chennai
O104006,C13465,2026-03-25,P1199,5,24772.98,Paid,Completed,Bangalore
O104007,C11559,2026-03-12,P1217,3,22968.11,Paid,Completed,Hyderabad
O104008,C10440,2026-06-19,P1125,6,8451.58,Paid,Processing,Mumbai
O104009,C10801,2026-08-08,P1178,4,5829.85,Failed,Processing,Kolkata
O104010,C10411,2026-08-02,P1227,5,6516.8,Paid,Completed,Chennai
O104011,C11913,2026-01-30,P1266,5,17214.21,Refunded,Completed,Delhi
O104012,C13216,2026-06-16,P1258,6,18227.19,Paid,Completed,Delhi
O104013,C11575,2026-08-01,P1251,6,5647.38,Paid,Cancelled,Chennai
O104014,C12481,2026-08-19,P1444,6,6227.75,Paid,Completed, Hyderabad 
O104015,C12703,2026-08-15,P1477,2,8287.71,Paid,Completed,Pune
O104016,C12850,2026-05-24,P1209,7,10999.5,Paid,Completed,Hyderabad
O104017,C12424,2026-06-02,P1144,2,22961.53,Pending,Completed,Delhi
O104018,C12218,2026-03-27,P1370,7,954.74,Paid,Processing,Delhi
O104019,C11915,2026-03-12,P1072,6,16063.48,Paid,Completed,Bangalore
O104020,C11895,2026-09-10,P1029,6,21583.93,Paid,Completed,Delhi
O104021,C11332,2026-06-22,P1079,6,18167.08,Paid,Cancelled,Delhi
O104022,C12019,2026-06-22,P1007,3,5653.53,Paid,Completed,Mumbai
O104023,C11917,2026-05-24,P1168,2,12075.64,Paid,Completed,Hyderabad
O104024,C11278,2026-06-23,P1409,-3,22783.93,Paid,Completed,Bangalore
O104025,,2026-08-05,P1004,5,3158.22,Paid,Returned,Delhi
O104026,C11785,2026-07-06,P1324,5,24691.53,Paid,Cancelled,Bangalore
O104027,C13214,2026-06-12,P1237,6,3847.5,Paid,Completed,Hyderabad
O104028,C10991,2026-05-28,P1151,4,3817.71,Paid,Processing,Delhi
O104029,C13384,2026-04-02,P1333,4,20377.63,Paid,Completed,Mumbai
O104030,C12898,2026-09-15,P1380,2,20760.16,Paid,Completed,Chennai
O104031,C11048,2026-03-07,P1068,6,1236.59,Paid,Completed,Delhi
O104032,C10055,2026-06-05,P1419,6,4457.14,Paid,Completed,Hyderabad
O104033,C10307,2026-03-02,P1472,5,23728.63,Paid,Processing,Bangalore
O104034,C13534,2026-02-12,P1400,3,7199.83,Pending,Processing,Mumbai
O104035,C13230,2026-08-08,P1255,2,602.32,Paid,Completed,Kolkata
O104036,C11519,2026-06-20,P1453,4,6574.84,Refunded,Cancelled,
O104037,C10247,2026-01-14,P1326,1,18465.18,Paid,Completed,Kolkata
O104038,C13247,2026-03-11,P1429,3,22936.4,Paid,Processing,Hyderabad
O104039,C11021,2026-01-04,P1078,6,4132.37,Paid,Completed,Hyderabad
O104040,C13815,2026-01-21,P1069,1,5843.02,Paid,Processing,Mumbai
O104041,C12093,2026-01-22,P1287,2,11205.82,Pending,Completed,Chennai
O104042,C12863,2026-03-21,P1059,2,18783.07,Paid,Cancelled,Bangalore
O104043,C11848,2026-06-07,P1127,1,16569.82,Paid,Cancelled,Delhi
O104044,C10110,2026-07-10,P1382,2,8390.08,Paid,Processing,Kolkata
O104045,C10252,2026-04-28,P1169,2,1938.89,Paid,Processing,Kolkata
O104046,C13907,2026-04-29,P1039,5,6548.13,Paid,Processing,Hyderabad
O104047,C11650,2026-02-07,P1026,6,5723.22,Paid,Completed,Hyderabad
O104048,C10733,2026-05-02,P1103,3,820.03,Paid,Completed,Bangalore
O104049,C12883,2026-03-09,P1004,4,24383.49,Paid,Completed,Pune
O104050,C13531,2026-03-01,P1444,6,6607.68,Pending,Completed,Pune
O104051,C11068,2026-06-16,P1126,5,20962.42,Paid,Completed,Mumbai
O104052,C12286,2026-06-12,P1444,2,12276.08,Paid,Cancelled,Chennai
O104053,C10982,2026-02-05,P1463,4,24315.58,Paid,Returned,Kolkata
O104054,C13292,2026-04-17,P1307,2,3993.96,Paid,Processing,Bangalore
O104055,C10347,2026-01-03,P1074,6,3033.63,Paid,Completed,Mumbai
O104056,C11491,2026-06-15,P1230,3,360.83,Paid,Completed,Kolkata
O104057,C11520,2026-06-24,P1344,2,18045.64,Paid,Cancelled,Delhi
O104058,C12549,2026-09-04,P1383,1,7867.49,Paid,Processing,Bangalore
O104059,C10713,2026-01-18,P1252,1,21797.77,Pending,Completed,Kolkata
O104060,C11901,2026-04-15,P1321,1,15954.98,Paid,Completed,Mumbai
O104061,C12209,2026-08-06,P1475,1,14562.57,Paid,Cancelled,Kolkata
O104062,C13566,2026-04-04,P1134,4,12326.22,Paid,Processing,Delhi
O104063,C12108,2026-02-21,P1421,6,6676.89,Paid,Cancelled,Hyderabad
O104064,C10528,2026-05-26,P1178,7,1897.81,Paid,Completed,Hyderabad
O104065,C10405,2026-06-05,P1382,1,11256.13,Paid,Completed,Chennai
O104066,C13699,2026-05-26,P1113,2,2748.26,Failed,Cancelled,Bangalore
O104067,C13921,2026-07-16,P1256,7,22671.56,Paid,Completed,Mumbai
O104068,C10668,2026-07-17,P1465,7,20784.43,Paid,Completed,Delhi
O104069,C13007,2026-09-09,P1331,5,15608.1,Refunded,Completed,Mumbai
O104070,C11003,2026-03-15,P1244,2,11475.26,Paid,Completed,Pune
O104071,C13334,2026-09-13,P1176,2,11518.63,Paid,Processing,Bangalore
O104072,C10386,2026-04-24,P1455,2,11773.52,Paid,Cancelled,Delhi
O104073,C11749,2026-08-05,P1019,2,18712.94,Paid,Completed,Kolkata
O104074,C12386,2026-08-18,P1354,5,3417.27,Paid,Completed,Pune
O104075,C13412,2026-08-14,P1041,7,13423.01,Paid,Completed,Hyderabad
O104076,C13429,2026-05-30,P1143,7,20372.87,Paid,Completed,Pune
O104077,C10737,2026-07-31,P1241,1,12900.11,Paid,Completed,Kolkata
O104078,C13871,2026-03-18,P1032,3,639.41,Paid,Completed,Pune
O104079,C12556,2026-01-04,P1487,7,6343.86,Paid,Completed,Chennai
O104080,C12637,2026-03-08,P1088,4,16814.04,Failed,Completed,Kolkata
O104081,C13558,2026-07-07,P1082,5,23374.73,Paid,Completed,Mumbai
O104082,C11282,2026-03-27,P1482,5,22375.58,Paid,Completed,Chennai
O104083,C11662,2026-07-08,P1271,7,20620.81,Refunded,Completed,Mumbai
O104084,C13943,2026-05-28,P1399,5,23769.05,,Cancelled,Chennai
O104085,C10066,2026-04-18,P1175,4,7213.97,Failed,Completed,Bangalore
O104086,C13471,2026-02-05,P1088,2,606.22,Pending,Processing,Pune
O104087,C13372,2026-04-22,P1479,6,9053.05,Paid,Returned,Kolkata
O104088,C11050,2026-03-30,P1310,4,14552.17,Paid,Processing,Kolkata
O104089,C13289,2026-02-24,P1235,7,8116.71,Paid,Completed,Kolkata
O104090,C11322,2026-03-10,P1155,5,1391.83,Paid,Cancelled,Chennai
O104091,C12517,2026-04-08,P1200,2,12827.52,Pending,Processing,Hyderabad
O104092,C11788,2026-02-02,P1209,5,5232.5,Paid,Cancelled,Delhi
O104093,C10405,2026-03-06,P1150,7,18271.01,Paid,Completed,Hyderabad
O104094,C13584,2026-04-13,P1285,3,2503.28,Failed,Processing,Kolkata
O104095,C12182,2026-03-15,P1444,1,23965.71,Refunded,Completed,Bangalore
O104096,C11928,2026-01-04,P1095,1,21954.01,Refunded,Completed,Delhi
O104097,C13520,2026-06-06,P1343,5,21884.2,Paid,Completed,Chennai
O104098,C11313,2026-02-17,P1202,2,19810.3,Paid,Cancelled,Delhi
O104099,C12283,2026-01-31,P1243,3,15949.66,Paid,Cancelled,Kolkata
O104100,C13531,2026-07-13,P1124,3,1619.7,Paid,Processing,Bangalore
O104101,C11372,2026-01-05,P1025,6,16661.92,Paid,Completed,HYDERABAD
O104102,C13176,2026-02-16,P1394,2,18749.1,Pending,Processing,Mumbai
O104103,C12059,2026-05-06,P1275,2,3531.25,Pending,Completed,Hyderabad
O104104,C10631,2026-08-01,P1299,3,15509.17,Paid,Processing,Delhi
O104105,C10162,2026-05-15,P1273,1,12128.03,Paid,Cancelled,Bangalore
O104106,C12909,2026-09-08,P1161,1,11969.31,Paid,Completed,Kolkata
O104107,C11048,2026-03-23,P1099,3,5226.72,Paid,Processing,Hyderabad
O104108,C13265,2026-04-15,P1003,4,18564.12,Paid,Returned,Delhi
O104109,C10756,2026-08-26,P1212,3,23150.58,Paid,Completed,Mumbai
O104110,C12273,2026-06-26,P1089,5,19758.74,Pending,Processing,Kolkata
O104111,C10374,2026-01-13,P1141,6,9415.1,Paid,Completed,Pune
O104112,C12945,2026-03-26,P1345,4,24609.18,Refunded,Completed,Kolkata
O104113,C13065,2026-08-30,P1396,2,9295.01,Paid,Processing,Mumbai
O104114,C13669,2026-07-26,P1089,3,6090.27,Paid,Returned,Pune
O104115,C12247,2026-02-14,P1040,7,24211.69,Pending,Completed,Hyderabad
O104116,C10426,2026-08-22,P1462,3,19808.47,Paid,Processing,Chennai
O104117,C13313,2026-04-01,P1090,4,19102.73,Paid,Completed,Delhi
O104118,C11256,2026-04-03,P1440,3,2212.57,Paid,Completed,Hyderabad
O104119,C13601,2026-06-29,P1470,5,5042.98,Paid,Completed,Mumbai
O104120,C13914,2026-09-03,P1021,1,757.39,Paid,Completed,Bangalore
O104121,C10530,2026-08-26,P1137,3,19483.23,Paid,Completed,Chennai
O104122,C10332,2026-06-14,P1452,1,7172.6,Paid,Completed,Bangalore
O104123,C13593,2026-05-14,P1451,2,3565.93,Pending,Cancelled,Mumbai
O104124,C13598,2026-07-05,P1049,2,4792.71,Paid,Processing,Chennai
O104125,C12342,2026-05-17,P1099,3,16135.96,Paid,Completed,Kolkata
O104126,C13555,2026-09-05,P1271,2,10996.35,Paid,Processing,Delhi
O104127,C13725,2026-03-11,P1479,3,23552.49,Paid,Completed,Delhi
O104128,C12223,2026-07-14,P1394,1,9337.52,Paid,Processing,Kolkata
O104129,C12748,2026-03-21,P1358,4,20896.7,Paid,Completed,Chennai
O104130,C12456,2026-01-17,P1480,3,13797.69,Paid,Processing,Chennai
O104131,C10698,2026-06-16,P1482,6,17722.08,Paid,Completed,Bangalore
O104132,C11746,2026-03-14,P1495,7,4465.92,Paid,Completed,Kolkata
O104133,C12727,2026-02-16,P1451,4,18799.92,Refunded,Processing,Bangalore
O104134,C12443,2026-08-21,P1470,1,2415.69,Refunded,Cancelled,Hyderabad
O104135,C10861,2026-07-15,P1322,1,17370.7,Paid,Completed,Mumbai
O104136,C13641,2026-05-04,P1275,7,11798.28,Paid,Completed,Pune
O104137,C13138,2026-02-22,P1192,4,5944.6,Paid,Processing,Bangalore
O104138,C10274,2026-07-20,P1288,6,12165.56,Paid,Completed,Kolkata
O104139,C11377,2026-01-28,P1137,3,21435.25,Paid,Processing,Mumbai
O104140,C13985,2026-04-04,P1491,4,4121.56,Paid,Completed,Bangalore
O104141,C11560,2026-08-14,P1450,3,4489.77,Paid,Completed,Kolkata
O104142,C12655,2026-03-03,P1310,6,13489.73,Paid,Completed,Hyderabad
O104143,C10403,2026-08-29,P1415,3,15743.79,Pending,Completed,Chennai
O104144,C11244,2026-03-31,P1044,4,10678.93,Paid,Completed,Kolkata
O104145,C13531,2026-02-02,P1186,1,6879.9,Paid,Completed,Hyderabad
O104146,C12043,2026-08-23,P1357,5,1959.64,Pending,Processing,Mumbai
O104147,C13303,2026-04-21,P1286,2,1529.89,Refunded,Completed,Pune
O104148,C10030,2026-04-12,P1468,5,1308.26,Paid,Completed,Hyderabad
O104149,C12666,2026-08-15,P1471,1,22561.69,Paid,Completed,bangalore
O104150,C11200,2026-04-22,P1122,2,3544.52,Pending,Completed, Hyderabad 
O104151,C13445,2026-04-06,P1087,7,7589.55,Paid,Completed,Kolkata
O104152,C13779,2026-01-15,P1435,7,24651.54,Paid,Processing,Bangalore
O104153,C12752,2026-06-16,P1137,6,23208.63,Paid,Completed, 
O104154,C10584,2026-04-04,P1261,6,1358.69,Paid,Cancelled,Kolkata
O104155,C11873,2026-03-30,P1219,4,13916.21,Pending,Completed,
O104156,C11859,2026-03-21,P1128,7,15947.41,Paid,Processing,Mumbai
O104157,C13323,2026-04-20,P1249,5,1636.62,Pending,Completed,Chennai
O104158,C11843,2026-07-30,P1366,3,18284.72,Paid,Completed,Delhi
O104159,C11331,2026-03-29,P1429,1,24700.39,Paid,Completed,chennai
O104160,C12447,2026-02-21,P1363,1,10905.68,Pending,Completed,Pune
O104161,C12590,2026-08-07,P1329,6,11400.61,Paid,Completed,Pune
O104162,C13242,2026-06-17,P1360,1,16585.87,Paid,Completed,Chennai
O104163,C13604,2026-02-08,P1413,6,18492.59,Paid,Completed, Kolkata 
O104164,C13562,2026-06-05,P1116,5,19807.38,Paid,Completed,Bangalore
O104165,C12508,2026-05-01,P1334,3,2216.22,Paid,Completed,Chennai
O104166,C12098,2026-03-15,P1461,5,20077.02,Paid,Completed,Chennai
O104167,C13207,2026-05-02,P1446,3,21642.63,Paid,Completed,Pune
O104168,C11228,2026-03-27,P1343,2,1417.11,,Processing,Mumbai
O104169,C13034,2026-06-16,P1062,4,1266.63,Pending,Completed,Pune
O104170,C12026,2026-07-06,P1073,6,13906.99,Pending,Completed,Mumbai
O104171,C10494,2026-05-06,P1473,1,12571.12,Paid,Completed,Pune
O104172,C13013,2026-04-15,P1384,3,24508.39,Paid,Returned,Pune
O104173,C12595,2026-06-13,P1381,5,7571.72,Pending,Completed,Mumbai
O104174,C10329,2026-06-07,P1019,6,14877.94,Failed,Processing,Pune
O104175,C11802,2026-05-17,P1028,7,12814.83,Paid,Cancelled,Hyderabad
O104176,C11947,2026-08-02,P1161,6,13532.61,Paid,Completed,Mumbai
O104177,C12616,2026-03-04,P1193,6,16593.81,Paid,Completed,Chennai
O104178,C12716,2026-09-08,P1193,5,13578.6,Paid,Processing,Mumbai
O104179,C10762,2026-08-26,P1129,1,471.53,Paid,Completed,Delhi
O104180,C10134,2026-09-10,P1455,1,21139.64,Paid,Returned,Hyderabad
O104181,C13178,2026-04-23,P1309,1,5268.51,Paid,Completed,Kolkata
O104182,C13929,2026-03-24,P1344,2,6009.52,Paid,Cancelled,Kolkata
O104183,C13765,2026-07-21,P1273,4,16304.93,Paid,Processing,Bangalore
O104184,C12004,2026-05-29,P1236,6,12100.47,Paid,Completed,Mumbai
O104185,C12117,2026-05-07,P1208,3,14489.66,Paid,Completed,Pune
O104186,C13725,2026-01-11,P1285,1,12588.22,Failed,Completed,Bangalore
O104187,C12178,2026-06-20,P1263,3,10621.21,Paid,Completed,Kolkata
O104188,C11111,2026-05-14,P1169,5,12237.57,Paid,Completed,Mumbai
O104189,C12712,2026-05-10,P1237,4,3784.81,Paid,Cancelled,
O104190,C11910,2026-09-13,P1156,4,24241.85,Failed,Completed,Kolkata
O104191,C13142,2026-03-01,P1050,3,14496.37,Failed,Processing,Mumbai
O104192,C13135,2026-04-03,P1338,7,7384.38,Paid,Completed,Hyderabad
O104193,C13746,2026-08-17,P1119,5,17907.15,Paid,Completed,Pune
O104194,C10551,2026-08-13,P1356,5,22038.62,Pending,Completed,Mumbai
O104195,C12086,2026-01-02,P1407,2,7622.75,Paid,Cancelled,Mumbai
O104196,C13145,2026-04-06,P1465,6,8315.44,Paid,Completed,Bangalore
O104197,C11740,2026-03-31,P1137,1,11132.15,Paid,Completed,Pune
O104198,C12509,2026-08-14,P1143,5,5667.06,Paid,Completed,Pune
O104199,C13270,2026-02-05,P1120,1,20301.77,Failed,Completed,Delhi
O104200,C11894,2026-03-24,P1049,1,14729.16,Refunded,Completed,
O104201,C11634,2026-01-29,P1040,7,1709.0,Paid,Completed,pune
O104202,C10722,2026-06-19,P1233,7,24918.59,Failed,Processing,Kolkata
O104203,C13300,2026-05-07,P1053,7,14501.8,Pending,Returned,Chennai
O104204,C13185,2026-08-28,P1299,3,22281.43,Failed,Returned,Kolkata
O104205,C12974,2026-09-12,P1315,6,12689.97,Failed,Completed,Pune
O104206,C11574,2026-02-27,P1324,1,14686.5,Paid,Completed,Bangalore
O104207,C12334,2026-04-20,P1334,3,11525.54,Paid,Completed,Pune
O104208,C10496,2026-09-09,P1022,7,10742.19,Paid,Completed,Pune
O104209,C11279,2026-06-17,P1222,4,5692.12,Paid,Processing,Chennai
O104210,C11743,2026-03-12,P1093,5,24064.47,Paid,Returned,Mumbai
O104211,C10174,2026-05-05,P1326,7,4789.75,Paid,Completed,Delhi
O104212,C10414,2026-03-08,P1275,3,13302.19,Paid,Completed,Bangalore
O104213,C13321,2026-03-18,P1038,2,2451.29,Paid,Cancelled,Delhi
O104214,C13887,2026-01-15,P1258,3,24836.41,Paid,Completed,Hyderabad
O104215,C11288,2026-02-20,P1258,1,14025.21,Paid,Completed,Chennai
O104216,C10427,2026-03-10,P1414,7,20420.21,Paid,Processing,Chennai
O104217,C13744,2026-07-06,P1262,2,14204.34,Failed,Completed,
O104218,C13660,2026-07-23,P1384,6,20183.13,,Completed,Hyderabad
O104219,C12620,2026-01-28,P1183,1,13499.93,Paid,Completed,Bangalore
O104220,C11355,2026-04-07,P1410,2,11290.87,Paid,Completed,Bangalore
O104221,C10450,2026-03-30,P1497,3,11560.87,Pending,Completed,Delhi
O104222,C13760,2026-01-20,P1192,1,357.89,Paid,Processing,Bangalore
O104223,C13684,2026-01-23,P1069,3,9455.18,Paid,Completed,Mumbai
O104224,C12975,2026-05-16,P1467,5,23813.02,Refunded,Completed,
O104225,C13738,2026-09-08,P1166,6,16986.75,Paid,Completed,Bangalore
O104226,C10559,2026-08-27,P1107,2,23007.18,,Completed,Bangalore
O104227,C10437,2026-09-15,P1258,7,5246.49,Paid,Cancelled,Chennai
O104228,C10768,2026-08-13,P1186,4,12431.66,Paid,Completed,Mumbai
O104229,C10862,2026-06-28,P1257,6,1151.7,Paid,Processing,Kolkata
O104230,C13311,2026-04-18,P1251,4,17023.19,Failed,Processing,Kolkata
O104231,C13689,2026-07-10,P1430,3,19665.2,Pending,Completed,Hyderabad
O104232,C10863,2026-07-02,P1351,2,18770.69,Paid,Completed,Bangalore
O104233,C11852,2026-04-05,P1275,2,2443.22,Paid,Returned,Pune
O104234,C11819,2026-05-02,P1483,3,6413.93,Pending,Completed,Hyderabad
O104235,C10712,2026-07-21,P1282,4,16498.94,Paid,Completed,Pune
O104236,C13416,2026-02-01,P1083,6,19047.08,Paid,Processing,Bangalore
O104237,C12091,2026-01-21,P1274,5,7073.0,Pending,Completed,Mumbai
O104238,C12266,2026-04-14,P1182,6,10334.15,Paid,Completed,Delhi
O104239,C11034,2026-01-09,P1318,4,8976.27,Paid,Completed,Bangalore
O104240,C12238,2026-05-23,P1212,1,412.75,Paid,Cancelled,Hyderabad
O104241,C13172,2026-06-04,P1042,4,14539.87,Failed,Cancelled,Hyderabad
O104242,C11220,2026-05-01,P1467,1,16827.09,Paid,Returned,Bangalore
O104243,C10453,2026-07-18,P1132,1,7127.96,Paid,Completed,Pune
O104244,C12338,2026-02-11,P1374,5,17288.28,Paid,Completed,Hyderabad
O104245,C12545,2026-06-14,P1403,5,6295.9,Paid,Completed,Hyderabad
O104246,C10808,2026-02-26,P1203,6,17973.6,Paid,Completed,Mumbai
O104247,C10994,2026-08-24,P1111,4,11592.53,Paid,Completed,Hyderabad
O104248,C10612,2026-02-04,P1188,6,21836.79,Paid,Processing,Kolkata
O104249,C13688,2026-06-27,P1189,7,13754.94,Paid,Completed,Kolkata
O104250,C10852,2026-03-25,P1073,7,4860.93,Paid,Completed,Pune
O104251,C10042,2026-04-18,P1190,3,20603.68,Pending,Returned,Delhi
O104252,C13363,2026-02-17,P1149,4,19508.66,Paid,Completed,Kolkata
O104253,C13215,2026-01-12,P1293,7,2380.44,Pending,Completed,Kolkata
O104254,C11827,2026-03-18,P1091,5,1486.61,Paid,Completed,Mumbai
O104255,C13191,2026-03-27,P1139,6,3666.39,Pending,Processing,Bangalore
O104256,C11799,2026-06-28,P1102,1,21179.28,Paid,Processing,Mumbai
O104257,C10898,2026-01-13,P1201,7,8213.45,Paid,Completed,Hyderabad
O104258,C11705,2026-02-17,P1239,1,12767.36,Paid,Completed,Kolkata
O104259,C11949,2026-06-05,P1060,3,15193.27,Paid,Completed,Hyderabad
O104260,C10036,2026-04-12,P1098,4,18663.99,Paid,Completed,Chennai
O104261,C10453,2026-09-02,P1303,3,20799.9,Paid,Returned,Pune
O104262,C13501,2026-05-22,P1235,3,13041.88,Paid,Returned,Pune
O104263,C11570,2026-04-09,P1231,4,10569.26,Pending,Completed,Chennai
O104264,C11326,2026-01-30,P1228,7,5139.76,Paid,Completed,Chennai
O104265,C13556,2026-04-11,P1400,2,15305.75,Paid,Completed,Bangalore
O104266,C10618,2026-01-03,P1243,4,13881.96,Paid,Completed,Bangalore
O104267,C10868,2026-08-01,P1218,3,7491.66,Paid,Cancelled,Delhi
O104268,C13314,2026-08-29,P1307,6,11321.23,Paid,Completed,Delhi
O104269,C11119,2026-02-12,P1045,2,18569.38,Refunded,Completed,Mumbai
O104270,C12534,2026-04-18,P1055,7,15788.88,Paid,Completed,Kolkata
O104271,C12960,2026-09-13,P1284,6,12199.0,Pending,Completed,Chennai
O104272,C10891,2026-02-17,P1217,3,7026.22,Failed,Cancelled,Hyderabad
O104273,C11014,2026-02-28,P1328,3,16799.71,Paid,Completed,Pune
O104274,C12066,2026-03-16,P1178,7,15803.15,Paid,Completed,Delhi
O104275,C13171,2026-07-23,P1126,3,11618.37,Pending,Completed,Bangalore
O104276,C12219,2026-01-25,P1459,6,6191.54,Paid,Completed,Bangalore
O104277,C10269,2026-03-19,P1234,1,4619.45,Paid,Returned,Delhi
O104278,C11404,2026-03-19,P1409,4,8683.17,Pending,Completed,Bangalore
O104279,C11323,2026-03-01,P1224,5,22745.26,Pending,Completed,Kolkata
O104280,C13232,2026-04-17,P1223,7,18921.0,Paid,Completed,Kolkata
O104281,C11159,2026-03-22,P1330,7,22309.42,Failed,Completed,Mumbai
O104282,C13607,2026-03-02,P1028,7,21112.19,Paid,Completed,Kolkata
O104283,C11341,2026-08-24,P1186,1,11634.4,Paid,Completed,Delhi
O104284,C10777,2026-07-29,P1263,4,13401.93,Paid,Cancelled,Delhi
O104285,C12161,2026-08-27,P1280,1,4488.78,Refunded,Completed,Kolkata
O104286,C11546,2026-03-13,P1211,4,18105.54,Paid,Completed,Delhi
O104287,C12592,2026-01-28,P1148,7,10722.14,Paid,Cancelled,Mumbai
O104288,C13665,2026-02-28,P1003,2,4283.34,Paid,Completed,Mumbai
O104289,C13766,2026-02-15,P1291,6,2655.26,Paid,Completed,Bangalore
O104290,C10910,2026-03-01,P1170,5,17494.53,Paid,Completed,Mumbai
O104291,C10649,2026-02-27,P1220,2,12210.41,Paid,Completed,Hyderabad
O104292,C13762,2026-07-15,P1082,2,522.19,Paid,Returned,Kolkata
O104293,C13252,2026-07-26,P1153,4,20665.54,,Completed,Pune
O104294,C11047,2026-02-23,P1291,3,15600.72,Paid,Completed,Pune
O104295,C13222,2026-03-08,P1472,6,1247.9,Paid,Returned,Chennai
O104296,C12966,2026-04-03,P1406,7,7825.72,Paid,Completed,Delhi
O104297,C11015,2026-01-22,P1485,3,18143.42,Paid,Completed,Delhi
O104298,C13626,2026-03-03,P1475,3,1758.03,Paid,Cancelled,Mumbai
O104299,C11288,2026-01-17,P1168,3,18485.44,Paid,Completed,Mumbai
O104300,C11922,2026-08-17,P1330,6,12770.91,Paid,Completed,Mumbai
O104301,C12438,2026-03-11,P1348,5,19636.58,Pending,Completed,Delhi
O104302,C10765,2026-06-25,P1427,2,21424.35,Paid,Processing,Hyderabad
O104303,C12447,2026-08-13,P1305,1,19263.63,Paid,Completed,Delhi
O104304,C12827,2026-05-08,P1467,5,2228.45,Paid,Completed,Mumbai
O104305,C10406,2026-04-12,P1264,7,11671.23,Pending,Completed,Hyderabad
O104306,C11518,2026-04-20,P1215,6,8172.77,Refunded,Processing,Mumbai
O104307,C12450,2026-01-19,P1174,4,12859.76,Pending,Completed,Hyderabad
O104308,C13707,2026-05-31,P1112,5,24155.31,Paid,Completed,Chennai
O104309,C13566,2026-04-09,P1168,5,3372.59,Pending,Completed,Chennai
O104310,C10679,2026-08-09,P1268,6,21680.28,Paid,Completed,
O104311,C12443,2026-07-14,P1185,4,24774.07,Paid,Completed,Hyderabad
O104312,C10392,2026-06-22,P1449,1,24753.54,Pending,Processing,Kolkata
O104313,C11176,2026-04-17,P1336,2,19978.23,Paid,Completed,Hyderabad
O104314,C12390,2026-01-07,P1241,7,11799.84,Pending,Completed,Pune
O104315,C10325,2026-04-02,P1185,5,4696.62,Paid,Completed,Pune
O104316,C13558,2026-08-22,P1218,7,15322.86,Paid,Returned,Chennai
O104317,C13318,2026-06-04,P1357,4,15376.21,Pending,Completed,Mumbai
O104318,C11895,2026-02-23,P1321,4,8115.93,Paid,Completed,Bangalore
O104319,C11968,2026-03-18,P1253,1,15535.51,Paid,Completed,Mumbai
O104320,C13528,2026-05-25,P1160,7,3178.72,Paid,Returned,Pune
O104321,C10201,2026-04-01,P1452,5,15960.01,Refunded,Completed,
O104322,C10575,2026-02-21,P1333,4,22449.04,Failed,Completed,Bangalore
O104323,C11233,2026-02-16,P1026,6,11960.01,Paid,Completed,Pune
O104324,C11458,2026-05-26,P1305,7,19184.71,Paid,Completed,Delhi
O104325,C13952,2026-01-12,P1058,6,16000.32,Paid,Completed,Hyderabad
O104326,C10590,2026-07-22,P1355,1,375.68,Pending,Completed,Hyderabad
O104327,C11213,2026-03-13,P1474,7,3313.36,Pending,Completed, Mumbai 
O104328,C13314,2026-06-22,P1077,7,19438.43,Paid,Completed,pune
O104329,C13139,2026-01-05,P1462,1,1299.19,Paid,Completed,Delhi
O104330,C12621,2026-06-17,P1154,4,23919.32,Paid,Completed,Chennai
O104331,C11315,2026-03-10,P1186,4,22383.68,Paid,Completed,Mumbai
O104332,C10471,2026-03-18,P1183,5,9250.66,Paid,Processing,Kolkata
O104333,C13937,2026-05-27,P1378,5,7966.48,Pending,Processing,Kolkata
O104334,C11006,2026-07-12,P1327,2,15439.42,Paid,Returned,Chennai
O104335,C13381,2026-03-07,P1468,4,15411.28,Pending,Completed,Bangalore
O104336,C13582,2026-01-09,P1161,7,2499.12,Failed,Returned,Chennai
O104337,C11765,2026-04-10,P1304,3,5620.03,Failed,Completed,Hyderabad
O104338,C13406,2026-07-07,P1219,6,16020.72,Paid,Processing,Bangalore
O104339,C11117,2026-06-29,P1215,3,20079.03,Paid,Processing,Chennai
O104340,C13562,2026-07-14,P1144,6,5042.46,Paid,Completed,chennai
O104341,C12545,2026-02-03,P1377,2,17637.73,Pending,Processing,Bangalore
O104342,C10778,2026-01-01,P1248,4,21800.74,Paid,Completed,Hyderabad
O104343,C13148,2026-04-20,P1371,1,3209.79,Failed,Completed,Kolkata
O104344,C13657,2026-06-26,P1255,6,11145.85,Paid,Completed,Bangalore
O104345,C12283,2026-03-07,P1325,7,21308.72,Paid,Completed,Hyderabad
O104346,C13043,2026-09-12,P1421,3,9454.48,Refunded,Completed,Chennai
O104347,C13181,2026-01-09,P1466,5,6955.6,Failed,Completed,Kolkata
O104348,C13152,2026-02-19,P1000,3,18716.68,Paid,Completed,Hyderabad
O104349,C11819,2026-04-28,P1165,4,10199.21,Paid,Processing,Hyderabad
O104350,C12962,2026-08-21,P1025,6,17745.9,Paid,Completed,Mumbai
O104351,C12195,2026-03-02,P1196,3,3421.86,Paid,Returned,Kolkata
O104352,C11659,2026-03-14,P1195,2,13971.72,Paid,Completed,BANGALORE
O104353,C10663,2026-05-22,P1280,7,9672.68,Paid,Completed,Chennai
O104354,C13639,2026-04-08,P1364,7,24933.44,Paid,Completed,Hyderabad
O104355,C11660,2026-08-06,P1115,5,14907.37,Paid,Completed,Mumbai
O104356,C10959,2026-07-03,P1496,2,17149.48,Paid,Completed,Delhi
O104357,C10969,2026-06-17,P1057,1,3536.57,Paid,Completed,Pune
O104358,C10969,2026-07-07,P1428,1,24801.64,,Completed,Chennai
O104359,C10009,2026-07-18,P1021,1,1569.69,Paid,Cancelled,Delhi
O104360,C11754,2026-06-07,P1431,1,2049.67,Paid,Completed,Mumbai
O104361,C13565,2026-03-08,P1268,4,2170.66,Failed,Completed,Kolkata
O104362,C10100,2026-04-19,P1470,4,21803.84,Paid,Completed,DELHI
O104363,C13829,2026-01-14,P1096,4,18296.16,Paid,Processing,Bangalore
O104364,C10717,2026-05-13,P1408,2,24334.41,Paid,Completed,Pune
O104365,C12877,2026-02-08,P1009,2,1944.04,Paid,Returned,Pune
O104366,C13143,2026-03-21,P1273,7,17384.39,Paid,Completed, 
O104367,C12942,2026-01-14,P1054,3,13471.75,Paid,Completed,Hyderabad
O104368,C11357,2026-03-14,P1410,5,16086.66,Paid,Completed,Mumbai
O104369,C12817,2026-09-04,P1311,2,12969.03,Paid,Completed,Bangalore
O104370,C11893,2026-01-28,P1055,3,16981.07,Refunded,Completed,Mumbai
O104371,C10609,2026-08-05,P1048,1,22704.36,Paid,Completed,Bangalore
O104372,C10804,2026-03-05,P1409,1,14810.6,Paid,Completed,Bangalore
O104373,C10104,2026-07-05,P1368,7,22441.47,Paid,Returned,Mumbai
O104374,C11328,2026-03-24,P1489,2,19619.41,Paid,Completed,Pune
O104375,C12914,2026-09-03,P1115,4,21663.62,Paid,Completed,Mumbai
O104376,C13879,2026-04-29,P1257,7,16583.5,Paid,Completed,Mumbai
O104377,C10534,2026-09-11,P1329,3,13109.56,Failed,Completed,Hyderabad
O104378,C11414,2026-05-23,P1443,6,2017.99,Paid,Processing,Hyderabad
O104379,C10726,2026-01-31,P1083,7,20922.09,Paid,Completed,Chennai
O104380,C13045,2026-03-27,P1293,5,6277.67,Pending,Completed,Bangalore
O104381,C13681,2026-02-01,P1130,3,1205.53,Paid,Returned, 
O104382,C10456,2026-08-15,P1457,4,13121.06,Paid,Completed,Pune
O104383,C13617,2026-02-13,P1475,6,15923.14,Refunded,Completed,Mumbai
O104384,C11086,2026-08-09,P1466,4,16647.24,Paid,Completed,Chennai
O104385,C10892,2026-08-07,P1378,2,16841.98,Paid,Completed,Delhi
O104386,C10226,2026-01-12,P1464,7,16446.94,Pending,Returned,Kolkata
O104387,C10322,2026-07-31,P1107,7,20262.35,Paid,Processing,Kolkata
O104388,C10277,2026-04-27,P1052,7,19303.23,Paid,Completed, 
O104389,C11787,2026-03-08,P1427,4,20377.0,Paid,Completed,Kolkata
O104390,C12636,2026-03-06,P1382,4,11668.47,Paid,Completed,Delhi
O104391,C10738,2026-05-25,P1278,5,1851.62,Refunded,Completed,Kolkata
O104392,C10871,2026-02-24,P1027,4,16097.53,Paid,Completed,
O104393,C10692,2026-06-25,P1346,6,5492.3,Paid,Processing,Bangalore
O104394,C13228,2026-06-13,P1159,1,21530.18,Pending,Completed,Hyderabad
O104395,C10549,2026-05-14,P1229,4,18125.14,Paid,Returned,Hyderabad
O104396,C10293,2026-03-23,P1203,1,19216.99,Paid,Processing,Hyderabad
O104397,C10146,2026-01-04,P1019,5,7374.63,Pending,Cancelled,Bangalore
O104398,C10160,2026-04-24,P1389,6,15936.44,Paid,Completed,Pune
O104399,C12188,2026-05-27,P1258,2,13343.67,Failed,Completed,
O104400,C10376,2026-01-17,P1002,1,6930.76,Paid,Completed,Hyderabad
O104401,C10890,2026-05-08,P1278,2,20361.97,Paid,Completed,Delhi
O104402,C13333,2026-01-31,P1328,6,13883.97,Paid,Processing,Kolkata
O104403,C13875,2026-03-05,P1032,6,5012.47,Pending,Completed,BANGALORE
O104404,C13446,2026-01-09,P1419,7,7839.6,Paid,Completed,Chennai
O104405,C13841,2026-07-05,P1319,6,5909.55,Paid,Completed,Hyderabad
O104406,C12683,2026-07-27,P1395,6,8016.28,Paid,Processing,Kolkata
O104407,C13952,2026-09-12,P1189,2,4947.78,Paid,Completed, Bangalore 
O104408,C11986,2026-08-20,P1281,1,9467.13,Paid,Completed,Mumbai
O104409,C13181,2026-07-08,P1292,3,17441.38,Paid,Completed,Chennai
O104410,C13889,2026-08-05,P1369,4,23994.7,Paid,Completed,Hyderabad
O104411,C12839,2026-06-07,P1175,7,5500.24,Paid,Cancelled,Pune
O104412,,2026-02-03,P1073,5,7705.79,Pending,Completed,Mumbai
O104413,C11015,2026-07-09,P1043,6,353.19,Paid,Completed,Mumbai
O104414,C11202,2026-08-15,P1138,2,5865.03,Paid,Returned,Hyderabad
O104415,C11590,2026-06-28,P1466,3,10635.76,Failed,Completed,Delhi
O104416,C11859,2026-07-10,P1452,2,11704.91,Paid,Completed,Mumbai
O104417,C13592,2026-05-26,P1279,3,6878.39,Paid,Completed,Bangalore
O104418,C13554,2026-08-06,P1226,5,4012.98,,Processing,Delhi
O104419,C12633,2026-03-30,P1091,7,14207.82,Paid,Completed,Mumbai
O104420,C10929,2026-05-07,P1349,3,10406.97,Paid,Completed,Mumbai
O104421,C10962,2026-05-09,P1018,7,10828.77,Pending,Completed,Hyderabad
O104422,C12528,2026-09-03,P1197,7,22406.02,Paid,Processing,Hyderabad
O104423,C12015,2026-02-24,P1311,7,14167.64,Paid,Completed,Pune
O104424,C11034,2026-03-12,P1304,5,9891.98,Paid,Cancelled,Kolkata
O104425,C10673,2026-05-09,P1118,4,6568.61,Paid,Completed,Chennai
O104426,C12892,2026-08-25,P1108,6,10886.36,Pending,Returned,Hyderabad
O104427,C13255,2026-08-11,P1486,6,21588.15,Paid,Completed,Hyderabad
O104428,C11046,2026-01-02,P1210,7,24137.97,Paid,Returned,
O104429,C11701,2026-02-26,P1498,6,9617.6,Pending,Returned,Pune
O104430,C12856,2026-01-23,P1056,3,5461.86,Refunded,Completed,
O104431,C11878,2026-01-31,P1094,6,22888.64,Paid,Completed,Delhi
O104432,C13848,2026-03-02,P1121,2,3867.59,Paid,Completed,Chennai
O104433,C10518,2026-03-04,P1491,4,7645.42,Paid,Completed,Pune
O104434,C13420,2026-01-20,P1266,2,5342.4,Pending,Completed,Chennai
O104435,C11225,2026-04-17,P1446,2,14275.99,Paid,Completed,Kolkata
O104436,C12750,2026-01-14,P1253,4,10393.44,Paid,Processing,Hyderabad
O104437,C11015,2026-07-31,P1336,4,7393.01,Paid,Completed,Delhi
O104438,C13868,2026-04-28,P1144,5,19267.82,Paid,Completed,Chennai
O104439,C10200,2026-02-21,P1369,7,16703.68,Paid,Processing,Kolkata
O104440,C12055,2026-08-19,P1270,3,24889.13,Paid,Completed,Kolkata
O104441,C13644,2026-07-24,P1453,5,8006.11,Failed,Processing,Chennai
O104442,C11880,2026-05-22,P1445,1,21178.44,Refunded,Completed,Kolkata
O104443,C13364,2026-02-16,P1159,1,7771.93,Paid,Processing,Hyderabad
O104444,C13802,2026-09-08,P1167,5,523.22,Paid,Processing,Mumbai
O104445,C10271,2026-03-24,P1138,5,4027.17,Paid,Completed,Kolkata
O104446,C11956,2026-08-05,P1377,3,12859.22,Paid,Completed,Delhi
O104447,C12747,2026-01-22,P1268,4,20307.23,Paid,Completed,Hyderabad
O104448,C13331,2026-01-07,P1336,1,1718.09,Paid,Processing,Delhi
O104449,C10653,2026-02-19,P1027,7,20850.76,Paid,Completed,Mumbai
O104450,C12268,2026-07-07,P1240,7,17987.04,Paid,Returned,
O104451,C10652,2026-08-18,P1465,4,1152.62,Paid,Processing,Chennai
O104452,C13024,2026-02-24,P1155,2,2925.51,Paid,Completed,Delhi
O104453,C11139,2026-03-17,P1431,2,2168.06,Paid,Returned,Kolkata
O104454,C11076,2026-01-16,P1438,4,17071.13,Paid,Completed,Chennai
O104455,C13081,2026-02-25,P1015,2,14157.43,Paid,Completed,Delhi
O104456,C13370,2026-06-25,P1291,1,9163.8,Paid,Completed,Delhi
O104457,C11374,2026-02-01,P1240,1,2481.3,Paid,Completed,
O104458,C12006,2026-08-26,P1167,2,10006.64,Paid,Completed,Hyderabad
O104459,C12776,2026-02-13,P1403,1,17149.67,Paid,Completed,
O104460,C12983,2026-04-11,P1230,2,2607.27,Paid,Completed,Delhi
O104461,C13082,2026-01-22,P1090,3,21457.65,Paid,Processing,Bangalore
O104462,C11562,2026-07-29,P1231,3,1853.84,Paid,Completed,Bangalore
O104463,C12147,2026-08-20,P1352,4,15322.39,Paid,Cancelled,Hyderabad
O104464,C10438,2026-02-22,P1001,7,4971.95,Paid,Returned,Bangalore
O104465,C13797,2026-05-07,P1204,7,2563.5,Paid,Cancelled,Pune
O104466,C12807,2026-01-28,P1257,2,9067.8,Paid,Completed,Hyderabad
O104467,C11503,2026-08-25,P1250,3,16773.12,Paid,Completed,
O104468,C11559,2026-04-28,P1383,3,3290.01,Paid,Completed,Delhi
O104469,C10362,2026-06-20,P1356,1,12049.72,Paid,Cancelled,Pune
O104470,C11829,2026-02-10,P1324,4,10330.85,Paid,Processing,Chennai
O104471,C12694,2026-01-25,P1069,4,10858.12,Paid,Processing,Hyderabad
O104472,C13813,2026-05-28,P1049,3,23602.39,Paid,Processing,Bangalore
O104473,C12592,2026-07-04,P1351,3,8921.04,Paid,Processing,Kolkata
O104474,C12604,2026-05-22,P1175,4,24793.23,Paid,Cancelled,Kolkata
O104475,C13148,2026-09-09,P1151,6,13598.26,Paid,Processing,Bangalore
O104476,C12040,2026-06-03,P1208,1,21109.28,Paid,Processing, 
O104477,C10128,2026-04-13,P1392,5,8916.95,Pending,Completed,Hyderabad
O104478,C13562,2026-07-25,P1244,1,2393.91,Paid,Completed,Bangalore
O104479,C11611,2026-03-31,P1121,5,2384.77,Paid,Completed,Mumbai
O104480,C13941,2026-02-28,P1167,4,14481.49,Paid,Completed,Delhi
O104481,C11626,2026-04-11,P1423,4,23268.92,Failed,Processing,Mumbai
O104482,C12675,2026-01-13,P1129,4,2059.15,Paid,Completed,Pune
O104483,C11840,2026-01-09,P1072,2,17321.2,Paid,Completed,Hyderabad
O104484,C10930,2026-08-11,P1389,2,14212.3,Paid,Completed,Bangalore
O104485,C13726,2026-04-04,P1146,2,16410.59,Paid,Returned,Pune
O104486,C12510,2026-06-28,P1096,4,5623.86,Paid,Completed,Pune
O104487,C11803,2026-07-01,P1376,3,2041.56,Paid,Completed,Pune
O104488,C10577,2026-08-17,P1018,4,2145.79,Pending,Completed,Delhi
O104489,C13999,2026-08-07,P1160,5,6394.1,Pending,Completed,Pune
O104490,C13583,2026-08-08,P1372,1,5576.89,Paid,Processing,Mumbai
O104491,C11692,2026-05-10,P1236,6,3421.03,Paid,Cancelled,Hyderabad
O104492,C10686,2026-09-12,P1316,5,6837.67,Paid,Completed,Chennai
O104493,C10118,2026-01-16,P1029,7,13489.15,Paid,Completed,Hyderabad
O104494,C10607,2026-04-15,P1486,1,23752.99,Paid,Processing,Pune
O104495,C12139,2026-03-03,P1116,7,23080.04,Paid,Completed,Kolkata
O104496,C13265,2026-01-03,P1189,5,7011.33,Paid,Completed,Pune
O104497,C11455,2026-06-20,P1140,1,1935.38,Paid,Returned,Delhi
O104498,C11737,2026-04-12,P1401,6,24892.15,Paid,Cancelled,Delhi
O104499,C11894,2026-04-13,P1385,3,12067.29,Paid,Processing,Mumbai
O104500,C10070,2026-07-26,P1002,1,24464.04,Paid,Completed,Delhi
O104501,C10708,2026-03-22,P1389,4,13579.76,Paid,Completed,Mumbai
O104502,C12005,2026-08-14,P1411,5,22193.11,Paid,Completed,Bangalore
O104503,C11118,2026-05-11,P1332,2,11346.35,Paid,Completed,Bangalore
O104504,C12094,2026-08-12,P1339,7,15663.97,Paid,Processing,Bangalore
O104505,C10432,2026-07-21,P1159,3,13532.79,Paid,Completed,Mumbai
O104506,C13213,2026-08-12,P1382,6,5730.97,Paid,Completed, 
O104507,C13137,2026-03-18,P1315,5,19165.82,Paid,Completed,Chennai
O104508,C12681,2026-02-10,P1414,3,1653.7,Refunded,Completed,Chennai
O104509,C12127,2026-06-30,P1060,2,9251.57,Paid,Completed,Mumbai
O104510,C11560,2026-02-02,P1264,2,21786.6,Failed,Returned,Bangalore
O104511,C12732,2026-05-04,P1066,2,12716.29,Paid,Returned,Bangalore
O104512,C13129,2026-03-12,P1437,2,2217.84,Paid,Completed,Pune
O104513,C13236,2026-09-01,P1094,2,5426.0,Failed,Completed,Delhi
O104514,C11391,2026-01-10,P1206,4,3008.1,Paid,Processing, 
O104515,C10776,2026-01-17,P1067,1,7157.54,Failed,Returned,Mumbai
O104516,C11368,2026-01-30,P1240,7,4383.2,Paid,Returned,Kolkata
O104517,C10030,2026-05-17,P1016,2,17885.18,Paid,Completed, Chennai 
O104518,C11694,2026-07-26,P1236,5,16587.83,Paid,Completed,Kolkata
O104519,C11094,2026-08-01,P1314,5,3636.45,Paid,Processing,Delhi
O104520,C13162,2026-08-06,P1414,2,11291.27,Refunded,Completed,Pune
O104521,C12701,2026-02-21,P1220,3,7607.29,Failed,Completed,Hyderabad
O104522,C10104,2026-06-09,P1202,2,8629.23,Paid,Completed,Kolkata
O104523,C10577,2026-06-19,P1188,6,14526.7,Paid,Completed,Mumbai
O104524,C12170,2026-01-13,P1351,7,22497.62,Paid,Completed,Pune
O104525,C12474,2026-02-04,P1039,4,22463.93,Paid,Completed,Hyderabad
O104526,C13077,2026-03-01,P1130,6,10501.63,Failed,Completed,Mumbai
O104527,C13876,2026-01-26,P1177,1,10011.92,Paid,Processing, Delhi 
O104528,C12809,2026-08-17,P1128,5,13094.0,Paid,Returned,Chennai
O104529,C12181,2026-09-06,P1007,7,12010.64,Paid,Completed,Mumbai
O104530,C11659,2026-08-28,P1317,7,1826.09,Paid,Processing,Kolkata
O104531,C12955,2026-03-05,P1191,2,14595.11,Paid,Completed,Bangalore
O104532,C13741,2026-05-10,P1424,1,14742.89,Paid,Cancelled,Mumbai
O104533,C11692,2026-01-20,P1272,1,11423.33,,Processing,Kolkata
O104534,C12340,2026-01-11,P1455,2,10524.93,Pending,Completed,Bangalore
O104535,C10828,2026-05-15,P1298,7,23491.96,Paid,Completed,Mumbai
O104536,C13432,2026-05-01,P1224,1,15140.35,Paid,Completed,Hyderabad
O104537,C12856,2026-02-04,P1217,5,20462.1,Paid,Completed,Mumbai
O104538,C11419,2026-05-19,P1001,2,23859.87,Paid,Returned,Mumbai
O104539,C13498,2026-01-02,P1174,3,20309.51,Paid,Returned,Mumbai
O104540,C13886,2026-06-11,P1315,2,23591.6,Paid,Completed,Hyderabad
O104541,C11155,2026-05-08,P1176,5,19054.55,Paid,Processing,Mumbai
O104542,C10747,2026-02-03,P1092,2,4501.98,Failed,Processing,Pune
O104543,C13330,2026-06-12,P1270,2,5905.18,Paid,Processing,Hyderabad
O104544,C12331,2026-03-30,P1380,7,5089.21,Paid,Cancelled,Mumbai
O104545,C13540,2026-01-22,P1093,2,8256.51,Refunded,Completed,Pune
O104546,C11391,2026-05-11,P1433,4,9068.32,Failed,Completed,Bangalore
O104547,C12326,2026-09-14,P1235,4,20336.19,Paid,Completed,Bangalore
O104548,C12310,2026-01-20,P1429,5,9213.04,Failed,Completed,Hyderabad
O104549,C10753,2026-06-02,P1459,1,18262.3,Paid,Completed,Bangalore
O104550,C13970,2026-09-12,P1001,7,22624.27,Failed,Completed,Mumbai
O104551,C12658,2026-07-22,P1123,2,3129.47,Refunded,Completed,Kolkata
O104552,C12658,2026-09-10,P1212,7,306.45,Paid,Completed,Kolkata
O104553,C11188,2026-04-25,P1156,2,22249.87,Paid,Cancelled,Mumbai
O104554,C12603,2026-02-03,P1377,7,6184.93,Failed,Returned,Bangalore
O104555,C13334,2026-04-12,P1412,6,4089.91,Paid,Completed,Delhi
O104556,C13256,2026-08-26,P1079,4,7591.66,Paid,Completed,Kolkata
O104557,C13681,2026-08-13,P1370,3,4894.84,Paid,Processing,Bangalore
O104558,C10595,2026-03-03,P1094,6,19903.2,Paid,Completed,Chennai
O104559,C10731,2026-08-01,P1188,4,15972.35,Failed,Completed,Chennai
O104560,C12842,2026-07-15,P1352,1,4432.42,Pending,Completed,Hyderabad
O104561,C13233,2026-05-30,P1121,6,14714.03,Paid,Processing,Bangalore
O104562,C12699,2026-02-22,P1321,2,5439.85,Paid,Completed,Kolkata
O104563,C10571,2026-07-30,P1043,2,5179.63,Paid,Completed,Pune
O104564,C12381,2026-07-15,P1259,7,15007.54,Paid,Completed,delhi
O104565,C12995,2026-02-20,P1294,5,16717.77,Pending,Cancelled,Delhi
O104566,C10548,2026-03-18,P1187,3,8851.19,Paid,Cancelled,Kolkata
O104567,C10223,2026-04-21,P1304,5,19156.17,Paid,Completed,Mumbai
O104568,C11020,2026-09-06,P1260,3,20979.2,Paid,Completed,
O104569,C10363,2026-05-27,P1449,6,22933.7,Paid,Completed,HYDERABAD
O104570,C10594,2026-01-26,P1044,6,15763.68,Paid,Completed,Bangalore
O104571,C10814,2026-09-06,P1059,3,5734.61,Paid,Completed,Kolkata
O104572,C12124,2026-09-03,P1263,6,18787.08,Paid,Completed,Hyderabad
O104573,C10623,2026-05-17,P1305,3,2963.79,Paid,Completed,Pune
O104574,C12420,2026-05-08,P1035,3,4776.01,Refunded,Completed,Mumbai
O104575,C11163,2026-04-30,P1325,5,20869.87,,Completed,Delhi
O104576,C11243,2026-03-31,P1424,2,22797.49,Pending,Completed,Mumbai
O104577,C13872,2026-06-15,P1009,2,1947.91,Paid,Completed,Pune
O104578,C13223,2026-08-12,P1291,6,8009.4,Pending,Completed,Kolkata
O104579,C11697,2026-04-04,P1323,7,15840.69,Refunded,Cancelled,Delhi
O104580,C11791,2026-04-18,P1102,5,23484.6,Paid,Completed,Bangalore
O104581,C10459,2026-05-29,P1397,6,14396.92,Paid,Cancelled,Kolkata
O104582,C13380,2026-02-28,P1331,4,20578.52,Paid,Completed,Chennai
O104583,C10015,2026-08-17,P1110,7,23092.05,Paid,Completed,Pune
O104584,C10578,2026-01-08,P1272,6,13120.36,Pending,Processing,Delhi
O104585,C12137,2026-02-04,P1020,1,18589.1,Paid,Returned,Kolkata
O104586,C10754,2026-05-16,P1204,3,16661.6,Paid,Completed,Bangalore
O104587,C12533,2026-03-26,P1096,7,16882.65,Paid,Completed,Kolkata
O104588,C10014,2026-08-09,P1309,7,13071.55,Paid,Completed,Hyderabad
O104589,C10393,2026-03-13,P1396,7,15692.83,Paid,Completed,Mumbai
O104590,C13061,2026-01-14,P1383,5,13993.05,Paid,Completed,Kolkata
O104591,C12307,2026-04-20,P1431,3,16052.25,Paid,Completed,Chennai
O104592,C10077,2026-08-28,P1300,3,12778.39,Paid,Completed,Pune
O104593,C10823,2026-01-27,P1136,3,5795.68,Paid,Completed,Pune
O104594,C10956,2026-08-24,P1054,5,17432.38,Paid,Completed,Chennai
O104595,C13398,2026-03-29,P1049,2,9785.58,Paid,Completed,Chennai
O104596,C12332,2026-02-24,P1495,4,3455.22,Paid,Completed,Hyderabad
O104597,C12167,2026-02-15,P1019,4,21327.71,Paid,Completed,Hyderabad
O104598,C10347,2026-07-30,P1363,6,4779.27,Paid,Completed,
O104599,C12629,2026-01-29,P1423,5,13655.51,Refunded,Completed,Kolkata
O104600,C10624,2026-03-23,P1256,1,18111.6,Paid,Completed,Chennai
O104601,C12088,2026-01-15,P1204,4,16298.25,Paid,Returned,Delhi
O104602,C12372,2026-05-13,P1341,4,4273.23,Paid,Completed,Pune
O104603,C13370,2026-02-18,P1498,3,5095.21,Paid,Cancelled,delhi
O104604,C13228,2026-02-12,P1460,5,3976.55,Failed,Completed,Mumbai
O104605,C10761,2026-05-01,P1191,6,2091.92,Pending,Completed,Delhi
O104606,C13667,2026-07-09,P1290,6,7296.86,Pending,Processing,Bangalore
O104607,C10011,2026-08-18,P1123,2,13246.22,Paid,Completed,Kolkata
O104608,C11321,2026-03-17,P1125,5,4571.89,Paid,Completed,Pune
O104609,C10265,2026-02-27,P1192,5,24280.22,Paid,Completed,Delhi
O104610,C12886,2026-02-12,P1237,4,17561.11,Paid,Completed,Bangalore
O104611,C12002,2026-08-16,P1247,7,14710.83,Pending,Completed,Chennai
O104612,C10700,2026-01-12,P1308,7,17131.04,Paid,Completed,Bangalore
O104613,C10340,2026-09-15,P1224,7,11067.97,Refunded,Completed,Hyderabad
O104614,C10905,2026-05-29,P1188,3,11906.73,Paid,Returned,Delhi
O104615,C13685,2026-01-16,P1260,7,22250.02,Paid,Processing,Mumbai
O104616,C12712,2026-02-06,P1221,5,18131.9,Paid,Completed,Bangalore
O104617,C10969,2026-07-24,P1452,2,14828.21,Paid,Completed,Chennai
O104618,C13577,2026-05-14,P1106,3,23770.25,Paid,Completed,Delhi
O104619,C10546,2026-06-05,P1088,3,16667.24,Paid,Completed,Kolkata
O104620,C12755,2026-03-12,P1443,2,10147.65,Paid,Completed,Mumbai
O104621,C11700,2026-03-24,P1089,2,1472.21,Paid,Completed,Delhi
O104622,,2026-03-03,P1402,6,9949.7,Paid,Completed,Kolkata
O104623,C11050,2026-08-20,P1459,2,23142.7,Paid,Completed,Bangalore
O104624,,2026-07-02,P1056,5,1402.85,Refunded,Cancelled,Bangalore
O104625,C13728,2026-04-30,P1007,6,4858.7,Paid,Completed,kolkata
O104626,C12971,2026-08-14,P1457,3,20276.06,Pending,Cancelled,Delhi
O104627,C12650,2026-07-11,P1401,6,9314.38,Paid,Completed,Bangalore
O104628,C13504,2026-08-13,P1360,3,4891.7,Failed,Processing,Chennai
O104629,C12283,2026-01-06,P1394,1,20446.93,Paid,Cancelled,Delhi
O104630,C10768,2026-03-30,P1445,7,14093.46,Paid,Completed,Bangalore
O104631,C13911,2026-02-01,P1157,1,13847.05,Refunded,Completed,Hyderabad
O104632,C12140,2026-01-14,P1126,7,7556.49,Paid,Completed,Chennai
O104633,C11262,2026-05-13,P1004,1,16975.83,Paid,Returned,Pune
O104634,C13115,2026-01-24,P1471,6,21587.1,Paid,Completed,Bangalore
O104635,C11857,2026-08-03,P1236,5,18830.07,Paid,Completed,Pune
O104636,C10049,2026-08-31,P1332,6,15426.92,Paid,Completed,Bangalore
O104637,C11280,2026-06-13,P1311,5,8957.83,Paid,Completed,Hyderabad
O104638,C11830,2026-08-31,P1035,2,21413.65,Paid,Completed,Pune
O104639,C11491,2026-02-17,P1112,5,14282.86,Failed,Completed,
O104640,C12208,2026-04-03,P1154,3,22272.74,Paid,Cancelled,Chennai
O104641,C10734,2026-04-07,P1031,3,6578.21,Paid,Completed,Mumbai
O104642,C12291,2026-07-14,P1397,7,16461.1,Paid,Processing,Pune
O104643,C13949,2026-02-13,P1424,6,23399.17,Paid,Completed,Hyderabad
O104644,C13017,2026-06-03,P1117,7,9539.92,Paid,Completed,
O104645,C12740,2026-07-26,P1321,4,23796.28,Pending,Completed,Mumbai
O104646,C10803,2026-02-16,P1003,4,9993.81,Paid,Processing,Bangalore
O104647,C12328,2026-02-13,P1266,7,11110.89,Paid,Completed,Mumbai
O104648,C13281,2026-03-22,P1361,5,20219.25,Paid,Completed,Kolkata
O104649,C10963,2026-09-13,P1484,7,6741.06,Paid,Completed,Kolkata
O104650,C10347,2026-05-19,P1303,6,17735.06,Paid,Completed,Kolkata
O104651,C12649,2026-03-26,P1229,6,7670.21,Paid,Cancelled,Hyderabad
O104652,C12696,2026-08-05,P1420,4,14966.12,Paid,Completed,Kolkata
O104653,C13220,2026-03-19,P1396,5,19466.23,Paid,Processing,Delhi
O104654,C12520,2026-08-26,P1200,2,945.64,Paid,Completed,Kolkata
O104655,C13394,2026-07-20,P1297,2,2485.38,Paid,Completed,Bangalore
O104656,C11065,2026-09-02,P1410,4,23379.05,Paid,Completed,Chennai
O104657,C10141,2026-01-26,P1321,5,20450.99,Failed,Completed,Pune
O104658,C12933,2026-05-17,P1302,4,21962.14,Pending,Returned,Kolkata
O104659,C11544,2026-01-23,P1474,3,11141.86,Failed,Completed,MUMBAI
O104660,C10839,2026-07-01,P1331,5,17993.89,Paid,Completed,Bangalore
O104661,C10206,2026-04-28,P1011,1,24957.4,Refunded,Completed,Bangalore
O104662,C13023,2026-03-02,P1450,3,10983.52,Paid,Completed,Kolkata
O104663,C13307,2026-05-13,P1025,5,21215.46,Paid,Completed,Chennai
O104664,C11557,2026-02-15,P1206,4,2258.29,Paid,Processing,Mumbai
O104665,C13543,2026-08-05,P1410,6,13733.41,Pending,Processing,
O104666,C11663,2026-02-27,P1498,4,8531.02,Refunded,Returned,Bangalore
O104667,C13809,2026-07-01,P1108,4,13220.33,Paid,Returned,Delhi
O104668,C13935,2026-08-07,P1162,5,3117.64,Paid,Completed,Hyderabad
O104669,C13273,2026-01-23,P1012,4,9381.74,Paid,Completed,Mumbai
O104670,C11025,2026-09-11,P1126,7,2190.28,Paid,Cancelled,Kolkata
O104671,C11466,2026-05-08,P1245,7,11491.4,Paid,Returned,Bangalore
O104672,C12132,2026-04-01,P1311,5,11212.33,Paid,Completed,Bangalore
O104673,C11315,2026-09-07,P1255,7,8443.84,Pending,Cancelled,Hyderabad
O104674,C13278,2026-05-26,P1452,5,23723.31,Paid,Completed,Chennai
O104675,C13713,2026-04-25,P1170,4,2348.46,Paid,Completed,Kolkata
O104676,C13946,2026-06-20,P1373,2,20674.5,Paid,Completed,Delhi
O104677,C11346,2026-07-13,P1208,2,9066.7,Failed,Cancelled,Pune
O104678,C11081,2026-07-01,P1249,7,5223.05,Paid,Processing,Delhi
O104679,C10644,2026-02-24,P1338,3,7032.2,Paid,Cancelled,Mumbai
O104680,C10190,2026-08-24,P1339,5,22576.78,Paid,Processing,Hyderabad
O104681,C10708,2026-07-23,P1058,4,20675.0,Paid,Completed,Chennai
O104682,C11138,2026-04-04,P1470,6,689.21,Paid,Completed,Chennai
O104683,C11565,2026-05-30,P1267,7,3939.04,Paid,Completed,Hyderabad
O104684,C10439,2026-01-24,P1479,4,16973.17,Pending,Completed,Pune
O104685,C13283,2026-08-04,P1156,4,8140.13,Failed,Cancelled,Bangalore
O104686,C12478,2026-05-25,P1004,2,23002.79,Paid,Completed,Bangalore
O104687,C12252,2026-07-12,P1432,1,19726.59,Paid,Returned,Bangalore
O104688,C12182,2026-07-16,P1447,6,21913.46,Paid,Processing,Bangalore
O104689,C11160,2026-05-08,P1370,5,5063.9,Pending,Returned,Kolkata
O104690,C13753,2026-05-16,P1042,3,4022.42,Paid,Cancelled,Kolkata
O104691,C10927,2026-08-08,P1065,3,23318.67,Paid,Completed,Mumbai
O104692,C12676,2026-01-14,P1133,7,10283.59,Paid,Completed,Pune
O104693,C11013,2026-05-17,P1212,3,10568.2,Paid,Completed,Pune
O104694,C13961,2026-08-20,P1098,5,17208.89,Pending,Completed,
O104695,C13649,2026-06-09,P1270,5,10117.04,Paid,Completed,Mumbai
O104696,C11059,2026-03-19,P1145,3,21917.23,Paid,Completed,Bangalore
O104697,C13953,2026-02-03,P1048,3,23989.15,Pending,Completed,Hyderabad
O104698,C12505,2026-08-16,P1174,4,8513.22,Paid,Completed,Kolkata
O104699,C12916,2026-01-06,P1001,6,5439.02,Paid,Processing,
O104700,C11132,2026-03-20,P1388,1,2160.05,Paid,Processing,Pune
O104701,C10864,2026-06-23,P1292,2,5594.76,Paid,Completed,Kolkata
O104702,C13435,2026-02-22,P1488,5,3744.3,Paid,Completed,Chennai
O104703,C11101,2026-07-17,P1005,1,1019.27,Paid,Completed,Pune
O104704,C13673,2026-03-14,P1242,3,1452.44,Paid,Completed,
O104705,C11467,2026-03-23,P1041,7,12881.28,Paid,Cancelled,Pune
O104706,C10036,2026-07-02,P1306,6,17782.51,Paid,Completed,Chennai
O104707,C12370,2026-05-05,P1466,3,24586.48,Paid,Completed,Kolkata
O104708,C11415,2026-07-28,P1015,3,4145.31,Failed,Completed,Chennai
O104709,C13907,2026-05-21,P1203,3,17546.28,Paid,Completed,Kolkata
O104710,C11548,2026-03-06,P1215,4,13983.72,Paid,Completed,Hyderabad
O104711,C11258,2026-01-01,P1072,5,12109.7,Failed,Processing,Chennai
O104712,C12267,2026-09-15,P1066,3,18129.46,Paid,Completed,Mumbai
O104713,C12921,2026-04-24,P1080,3,6194.79,Paid,Completed,Kolkata
O104714,C13869,2026-05-17,P1029,5,7988.91,Paid,Completed,Bangalore
O104715,C10278,2026-07-24,P1026,2,9799.9,Paid,Completed,Bangalore
O104716,C11679,2026-09-14,P1087,4,4805.19,Paid,Completed,Mumbai
O104717,C12656,2026-04-27,P1425,4,12121.95,Paid,Processing,Mumbai
O104718,C10019,2026-01-22,P1063,7,3557.1,Failed,Processing,Chennai
O104719,C11957,2026-08-12,P1433,7,8158.14,Paid,Returned, 
O104720,C13228,2026-03-12,P1294,1,3095.11,Paid,Completed,Pune
O104721,C10203,2026-05-13,P1390,4,1186.31,Paid,Completed,Mumbai
O104722,C11363,2026-07-22,P1328,7,9073.69,Paid,Completed,Hyderabad
O104723,C11604,2026-09-03,P1143,7,15553.5,Refunded,Processing,Chennai
O104724,C12867,2026-03-19,P1055,1,4051.69,Refunded,Completed,
O104725,C11183,2026-08-16,P1266,2,24838.39,Paid,Completed,Kolkata
O104726,C10985,2026-02-04,P1392,5,7076.4,Paid,Completed,Pune
O104727,C10462,2026-08-06,P1256,3,860.56,Paid,Completed,Hyderabad
O104728,C13986,2026-01-12,P1299,6,992.45,Paid,Returned,Pune
O104729,C11888,2026-02-02,P1034,1,16764.25,Paid,Completed,Pune
O104730,C10193,2026-02-15,P1083,7,16845.8,Paid,Completed,Pune
O104731,C10306,2026-06-03,P1178,7,22596.76,Paid,Completed,Chennai
O104732,C10512,2026-02-07,P1263,6,2543.78,Paid,Completed,Hyderabad
O104733,C10847,2026-04-20,P1070,6,9596.3,Paid,Completed, Kolkata 
O104734,C12964,2026-02-27,P1036,4,22265.05,Paid,Completed,Hyderabad
O104735,C12236,2026-05-08,P1100,7,20002.63,Paid,Completed,Mumbai
O104736,C13109,2026-07-03,P1467,6,6066.21,Paid,Completed,
O104737,C10079,2026-03-25,P1132,3,22282.19,Failed,Processing,Bangalore
O104738,C11061,2026-04-15,P1203,2,17116.17,Paid,Completed,Mumbai
O104739,C11623,2026-07-28,P1276,5,6828.63,Pending,Completed,Chennai
O104740,C11717,2026-02-25,P1467,1,1407.16,Paid,Completed,Mumbai
O104741,C10214,2026-04-30,P1004,4,12586.85,Paid,Completed,Kolkata
O104742,C12047,2026-04-20,P1022,6,17913.02,Paid,Completed,Chennai
O104743,C11147,2026-09-01,P1184,6,6935.51,Failed,Completed,Delhi
O104744,C10766,2026-07-28,P1326,3,4467.78,Refunded,Completed,Kolkata
O104745,C12686,2026-01-01,P1064,3,2159.45,Paid,Completed,Mumbai
O104746,C10335,2026-06-24,P1408,3,21098.01,Paid,Processing,Chennai
O104747,C13470,2026-04-06,P1146,5,1651.87,,Completed,Hyderabad
O104748,C13602,2026-05-08,P1257,1,15352.27,Paid,Processing,
O104749,C11303,2026-01-23,P1395,5,19152.11,Refunded,Completed,Bangalore
O104750,C13950,2026-05-11,P1425,6,19577.9,Pending,Completed,Chennai
O104751,C11606,2026-06-14,P1024,4,16446.39,Pending,Completed,Bangalore
O104752,C13852,2026-02-18,P1379,1,16424.06,Paid,Returned,Mumbai
O104753,C13950,2026-07-25,P1479,2,12010.07,Paid,Completed,Pune
O104754,C13310,2026-06-20,P1431,2,10592.66,Failed,Cancelled,Kolkata
O104755,C10499,2026-01-12,P1490,6,3692.66,Paid,Completed,Delhi
O104756,C12339,2026-03-26,P1337,5,13523.24,Paid,Completed,Delhi
O104757,C12930,2026-07-04,P1125,5,2054.44,Paid,Cancelled,Mumbai
O104758,C10310,2026-05-23,P1158,6,11864.47,Paid,Completed,Delhi
O104759,C13577,2026-06-04,P1441,5,18353.25,Paid,Completed,Chennai
O104760,C13409,2026-09-11,P1316,2,11238.72,Paid,Completed,Kolkata
O104761,C13738,2026-03-16,P1043,2,12854.59,Paid,Completed,Pune
O104762,C12058,2026-05-15,P1264,1,21102.49,,Completed,Delhi
O104763,C11298,2026-03-05,P1148,6,16270.58,Refunded,Completed,
O104764,C12027,2026-02-19,P1181,1,3451.63,Paid,Completed,Mumbai
O104765,C12919,2026-08-08,P1358,5,13710.55,Paid,Completed,Chennai
O104766,C11666,2026-06-12,P1198,6,9305.01,Paid,Returned,Delhi
O104767,C11408,2026-01-17,P1140,3,5408.76,Paid,Returned,Kolkata
O104768,C10308,2026-04-09,P1211,1,16304.83,Paid,Cancelled,Hyderabad
O104769,C11790,2026-05-29,P1140,2,9846.63,Paid,Completed,
O104770,C11572,2026-05-21,P1307,7,19252.48,Paid,Returned,Chennai
O104771,C12655,2026-01-15,P1283,4,14786.57,Paid,Completed,Bangalore
O104772,C11756,2026-08-02,P1356,7,2875.14,Refunded,Completed, Delhi 
O104773,C10016,2026-07-25,P1088,3,8953.63,Paid,Completed,Delhi
O104774,C11938,2026-02-02,P1173,6,6965.12,Paid,Completed,Hyderabad
O104775,C13097,2026-08-29,P1175,2,4004.32,Paid,Completed,Delhi
O104776,C13784,2026-09-05,P1364,3,20065.42,Paid,Completed,Chennai
O104777,C10772,2026-02-03,P1473,4,9649.66,Paid,Completed,Delhi
O104778,C11691,2026-03-06,P1235,6,15447.49,Paid,Completed,Mumbai
O104779,C13392,2026-05-13,P1224,5,22085.7,Paid,Cancelled,Mumbai
O104780,C10171,2026-01-22,P1359,3,13712.26,Paid,Completed, 
O104781,C11400,2026-01-02,P1423,4,6674.59,Paid,Completed,Bangalore
O104782,C12366,2026-07-25,P1053,7,19829.91,Pending,Processing,Delhi
O104783,C11371,2026-08-25,P1154,4,11063.14,Paid,Completed,Mumbai
O104784,C11959,2026-03-16,P1334,3,14226.76,Pending,Completed,Kolkata
O104785,C13759,2026-02-19,P1386,7,22581.46,Pending,Completed,Pune
O104786,C10095,2026-05-20,P1092,6,12385.1,Paid,Completed,Hyderabad
O104787,C10311,2026-02-10,P1094,3,8566.95,Paid,Completed,Chennai
O104788,C10788,2026-08-15,P1314,7,18266.62,Failed,Processing,Bangalore
O104789,C11540,2026-05-19,P1487,3,3597.46,Paid,Completed,Hyderabad
O104790,C11884,2026-07-31,P1374,3,22868.99,Paid,Completed,Pune
O104791,C10146,2026-02-23,P1375,5,22914.0,Paid,Completed,Kolkata
O104792,C13533,2026-04-26,P1017,7,14611.36,Paid,Processing,Hyderabad
O104793,C13036,2026-06-17,P1151,2,4111.11,Paid,Completed,
O104794,,2026-04-05,P1316,1,11466.65,Paid,Completed,Hyderabad
O104795,C11027,2026-07-21,P1486,5,10755.63,Paid,Cancelled,Pune
O104796,,2026-07-12,P1124,3,7668.35,Paid,Completed,Pune
O104797,C11597,2026-05-16,P1373,4,4624.97,Pending,Completed,Mumbai
O104798,C11018,2026-08-05,P1440,6,6813.28,Paid,Completed,Mumbai
O104799,C12475,2026-05-08,P1299,5,14021.55,Paid,Completed,Chennai
O104800,C12193,2026-07-22,P1174,1,17236.96,Pending,Completed,Hyderabad
O104801,C13831,2026-08-14,P1455,6,24496.03,Paid,Cancelled,Bangalore
O104802,C13183,2026-06-09,P1220,1,5629.23,Paid,Completed,Mumbai
O104803,C10323,2026-07-15,P1367,7,5339.2,Paid,Completed,Hyderabad
O104804,C12819,2026-06-09,P1420,5,3190.72,Pending,Completed,Delhi
O104805,C10428,2026-02-16,P1036,4,23493.14,Pending,Completed,Chennai
O104806,C11293,2026-06-17,P1328,7,9731.67,Failed,Completed,Pune
O104807,C12221,2026-06-24,P1428,4,23122.33,Paid,Completed,Mumbai
O104808,C11984,2026-05-14,P1157,6,22269.06,Paid,Completed,Mumbai
O104809,C12775,2026-06-10,P1142,4,1386.2,Paid,Completed,Chennai
O104810,C13242,2026-01-26,P1231,2,7210.35,Paid,Completed,Hyderabad
O104811,C13320,2026-02-26,P1459,4,7772.32,Paid,Completed,Hyderabad
O104812,C10233,2026-03-05,P1371,1,7150.47,Pending,Completed,Hyderabad
O104813,C12568,2026-03-11,P1380,6,10805.79,Paid,Completed,Bangalore
O104814,C13848,2026-04-03,P1488,3,12632.9,Pending,Returned, Pune 
O104815,C13022,2026-01-30,P1410,3,19027.53,Paid,Completed,Mumbai
O104816,C12081,2026-09-02,P1302,7,6912.26,Paid,Completed, 
O104817,C13997,2026-07-04,P1046,1,7679.04,Paid,Completed,Pune
O104818,C10176,2026-05-07,P1414,4,15085.56,Paid,Processing,Delhi
O104819,C10352,2026-07-15,P1204,3,4727.94,Paid,Completed,Pune
O104820,C13075,2026-01-23,P1270,7,11987.86,Paid,Completed,Kolkata
O104821,C12200,2026-06-29,P1181,6,6499.33,Failed,Completed,Hyderabad
O104822,C10498,2026-02-28,P1196,1,5190.36,Paid,Completed,Kolkata
O104823,C11502,2026-02-06,P1297,4,19952.63,Pending,Processing,Kolkata
O104824,C10257,2026-08-31,P1118,2,17765.93,Refunded,Completed,Bangalore
O104825,C12107,2026-02-10,P1061,7,6470.37,Paid,Completed,Chennai
O104826,C10416,2026-08-05,P1280,3,10554.79,Paid,Completed,Bangalore
O104827,C10027,2026-02-01,P1011,6,4109.33,Paid,Processing,Hyderabad
O104828,C11290,2026-04-27,P1496,4,1613.26,Paid,Completed,Hyderabad
O104829,C10936,2026-07-22,P1264,6,14754.94,Paid,Completed,Chennai
O104830,C11449,2026-04-17,P1124,4,9280.03,Paid,Completed,Hyderabad
O104831,C11402,2026-08-04,P1345,6,5419.1,Paid,Completed,Delhi
O104832,C12522,2026-06-10,P1292,3,3130.77,Paid,Completed,Hyderabad
O104833,C12722,2026-05-08,P1136,4,17096.69,Paid,Processing,Delhi
O104834,C10509,2026-07-30,P1196,6,7005.06,Failed,Completed,Kolkata
O104835,C11956,2026-03-06,P1182,5,22712.51,Paid,Completed,Pune
O104836,C13559,2026-02-21,P1301,5,5062.3,Paid,Completed,Hyderabad
O104837,C10594,2026-05-14,P1454,2,6321.25,Refunded,Cancelled,Mumbai
O104838,C13870,2026-06-17,P1424,1,21337.85,Paid,Completed,Delhi
O104839,C10077,2026-07-10,P1094,5,14439.04,Paid,Completed,Hyderabad
O104840,C10399,2026-01-29,P1235,5,2976.95,Paid,Cancelled,Delhi
O104841,C10710,2026-07-14,P1100,2,13871.67,Paid,Completed,Delhi
O104842,C11880,2026-09-06,P1006,5,7910.76,Paid,Processing,Hyderabad
O104843,C11197,2026-01-04,P1388,5,18502.46,Paid,Completed,Kolkata
O104844,C11674,2026-01-26,P1435,7,2221.42,Pending,Completed,Chennai
O104845,C13766,2026-01-13,P1124,6,22971.77,Paid,Completed,Hyderabad
O104846,C11366,2026-06-04,P1208,3,12111.6,Paid,Completed,Kolkata
O104847,C13395,2026-03-11,P1202,7,18436.84,Pending,Completed,Kolkata
O104848,C10291,2026-06-02,P1164,2,17705.14,Paid,Completed,Pune
O104849,C13250,2026-05-09,P1315,4,4702.8,Paid,Completed,Hyderabad
O104850,C13609,2026-04-02,P1291,4,22038.3,Failed,Completed,Mumbai
O104851,C11140,2026-01-25,P1474,1,6047.72,Refunded,Completed,Mumbai
O104852,C12190,2026-05-31,P1000,7,5007.01,Paid,Completed,Kolkata
O104853,C10749,2026-07-12,P1128,1,13159.85,Paid,Completed,Delhi
O104854,C10363,2026-07-12,P1205,5,24618.3,Pending,Cancelled,Mumbai
O104855,C13084,2026-05-21,P1443,5,8040.85,Paid,Completed,Hyderabad
O104856,C12521,2026-08-11,P1475,4,24121.94,Pending,Completed,Pune
O104857,C13011,2026-08-09,P1296,2,11046.75,Paid,Completed,Mumbai
O104858,C11760,2026-09-12,P1448,7,20916.49,Paid,Completed,Delhi
O104859,C10999,2026-07-30,P1391,3,13390.61,Paid,Completed,Mumbai
O104860,C11708,2026-01-26,P1492,6,5369.95,Paid,Completed,Hyderabad
O104861,C10259,2026-06-17,P1040,1,22035.83,Paid,Completed,Hyderabad
O104862,C11135,2026-08-12,P1430,5,2077.57,Paid,Completed,
O104863,C11191,2026-05-15,P1378,1,17164.04,Paid,Completed,Bangalore
O104864,C12860,2026-03-24,P1362,4,20819.73,Paid,Completed,Delhi
O104865,C10212,2026-01-08,P1345,2,20851.03,Paid,Cancelled,Mumbai
O104866,C10981,2026-06-09,P1419,7,16485.89,Paid,Completed,Chennai
O104867,C11107,2026-06-11,P1092,4,6499.64,Refunded,Completed,Kolkata
O104868,C12207,2026-08-05,P1103,3,13432.17,Paid,Completed,Bangalore
O104869,C10979,2026-07-06,P1364,2,15849.55,Paid,Completed,Bangalore
O104870,C10530,2026-09-08,P1240,3,22275.45,Paid,Completed,Chennai
O104871,C11032,2026-08-15,P1259,3,4243.8,Paid,Completed,Kolkata
O104872,C11688,2026-06-24,P1169,2,11783.51,Paid,Completed,Hyderabad
O104873,C12103,2026-01-15,P1257,3,8528.46,Paid,Completed,Hyderabad
O104874,C10146,2026-08-19,P1249,1,10864.5,Paid,Returned,Delhi
O104875,C11240,2026-06-07,P1477,5,4821.32,Refunded,Completed,Delhi
O104876,C13059,2026-06-13,P1302,-4,5670.54,Paid,Completed,Pune
O104877,C12392,2026-04-24,P1403,4,19315.27,Paid,Completed,Chennai
O104878,C11825,2026-04-09,P1029,4,12115.9,Paid,Completed,Hyderabad
O104879,C11813,2026-01-15,P1081,5,12999.44,Failed,Completed,Delhi
O104880,C11476,2026-08-06,P1285,4,22467.71,Paid,Completed,Delhi
O104881,C11369,2026-03-08,P1365,5,6227.5,Paid,Completed,Mumbai
O104882,C11603,2026-05-05,P1354,1,8433.01,Paid,Completed,Pune
O104883,C13479,2026-07-09,P1256,7,7922.82,Paid,Completed,Pune
O104884,C11876,2026-05-13,P1313,7,16583.18,Paid,Completed,
O104885,C12679,2026-07-27,P1322,4,14192.53,Failed,Completed,Delhi
O104886,C13233,2026-07-15,P1022,4,11947.15,Paid,Completed,Hyderabad
O104887,C11729,2026-03-08,P1428,1,16799.21,Paid,Completed,Kolkata
O104888,C13359,2026-04-05,P1231,4,12252.79,Paid,Completed,Bangalore
O104889,C13973,2026-08-03,P1405,-1,20454.15,Paid,Completed,Hyderabad
O104890,C12018,2026-06-22,P1304,1,10433.01,Paid,Processing,Delhi
O104891,C11612,2026-05-29,P1374,6,22298.01,Paid,Completed,Hyderabad
O104892,C13225,2026-01-28,P1252,1,3254.86,Pending,Completed,Chennai
O104893,C12598,2026-02-25,P1431,6,2620.52,Paid,Completed,Hyderabad
O104894,C12454,2026-07-23,P1062,1,16495.83,Failed,Completed,Bangalore
O104895,C13547,2026-06-21,P1303,7,9925.73,Pending,Processing,Delhi
O104896,C12599,2026-06-27,P1043,6,11556.14,Paid,Completed,Kolkata
O104897,C12568,2026-04-28,P1050,4,17491.66,Pending,Processing,Kolkata
O104898,C10828,2026-01-28,P1189,5,5599.12,Paid,Completed,Mumbai
O104899,C12755,2026-01-05,P1239,6,1385.02,Paid,Completed,Chennai
O104900,C13654,2026-08-06,P1206,5,11140.56,Paid,Cancelled,Bangalore
O104901,C12307,2026-03-24,P1380,7,22399.72,Paid,Completed,Pune
O104902,C13616,2026-04-06,P1040,2,11433.23,Paid,Processing,Hyderabad
O104903,C11359,2026-03-02,P1463,2,14427.52,Paid,Completed,Chennai
O104904,C10170,2026-03-31,P1154,7,5446.69,Pending,Completed,Bangalore
O104905,C11781,2026-03-19,P1479,4,11762.63,Refunded,Completed,Bangalore
O104906,C10015,2026-05-31,P1097,4,12172.17,Paid,Completed,Kolkata
O104907,C10619,2026-04-03,P1056,5,6107.99,Refunded,Completed,Bangalore
O104908,C10762,2026-08-20,P1169,3,4345.78,Pending,Completed,Bangalore
O104909,C12137,2026-08-08,P1267,7,8951.37,Paid,Completed,Chennai
O104910,C13802,2026-09-02,P1465,2,1259.98,Paid,Completed,Hyderabad
O104911,C10079,2026-08-31,P1337,5,4411.36,Paid,Cancelled,Mumbai
O104912,C10947,2026-06-09,P1059,4,18364.43,Paid,Completed,Chennai
O104913,C13880,2026-07-25,P1063,2,16333.61,Paid,Completed,Hyderabad
O104914,C13529,2026-03-10,P1259,2,8025.69,Paid,Completed,Bangalore
O104915,C13342,2026-06-11,P1481,6,13913.7,Paid,Processing,Pune
O104916,C10367,2026-02-04,P1422,2,20785.81,Failed,Completed,Mumbai
O104917,C12578,2026-07-19,P1402,7,21026.87,Paid,Completed,Bangalore
O104918,C10813,2026-01-15,P1362,4,16463.11,Paid,Processing,Delhi
O104919,C12606,2026-02-23,P1189,5,3364.12,Paid,Completed,Chennai
O104920,C11711,2026-02-10,P1428,3,4323.64,Paid,Completed,Delhi
O104921,C12544,2026-04-01,P1060,4,7504.33,Paid,Cancelled,Delhi
O104922,C11716,2026-05-24,P1243,2,16866.65,Paid,Processing,Chennai
O104923,C13633,2026-02-21,P1414,6,6672.7,Paid,Completed,Mumbai
O104924,C10101,2026-02-17,P1176,6,11771.48,Paid,Completed,Hyderabad
O104925,C10766,2026-07-10,P1158,7,20690.48,Pending,Completed,
O104926,C13334,2026-09-15,P1041,7,22326.81,Paid,Completed,Pune
O104927,C12949,2026-05-09,P1431,1,21012.07,Refunded,Completed,Bangalore
O104928,C10745,2026-07-18,P1019,5,3176.04,Paid,Completed,Hyderabad
O104929,C10486,2026-01-31,P1111,4,22795.63,Paid,Completed,Kolkata
O104930,C11246,2026-01-04,P1211,2,17198.23,Paid,Processing,Hyderabad
O104931,C11929,2026-01-08,P1095,7,15584.03,Paid,Completed,Hyderabad
O104932,C10187,2026-02-25,P1019,3,6414.36,Paid,Completed,Pune
O104933,C13385,2026-08-31,P1015,6,23227.23,Paid,Completed,
O104934,C12085,2026-07-22,P1056,2,728.82,Paid,Completed,Pune
O104935,C13680,2026-09-04,P1274,2,2329.99,Refunded,Completed,Delhi
O104936,C11303,2026-09-11,P1222,4,4095.76,Paid,Completed,Mumbai
O104937,C10195,2026-03-07,P1012,6,17445.37,Paid,Completed,Kolkata
O104938,C13488,2026-04-11,P1246,3,15684.57,Paid,Completed,Delhi
O104939,C10598,2026-02-10,P1019,6,23633.54,Pending,Completed,Hyderabad
O104940,C11343,2026-03-30,P1362,1,8919.85,Pending,Completed,Mumbai
O104941,C11858,2026-07-03,P1331,6,8886.13,Paid,Completed,Kolkata
O104942,C11969,2026-08-16,P1432,6,16837.49,Paid,Processing,Mumbai
O104943,C10093,2026-01-07,P1238,4,4601.68,,Completed,Hyderabad
O104944,C12108,2026-05-20,P1409,6,11761.85,Paid,Completed,Bangalore
O104945,C10308,2026-08-17,P1034,5,681.2,Paid,Completed,Mumbai
O104946,C11308,2026-03-11,P1168,3,14923.38,Pending,Completed,Mumbai
O104947,C13905,2026-07-29,P1393,1,19664.56,Paid,Cancelled,Bangalore
O104948,C11122,2026-05-15,P1331,1,5332.73,Paid,Completed,Mumbai
O104949,C13254,2026-03-26,P1279,3,7887.12,Paid,Cancelled,Kolkata
O104950,C12042,2026-08-06,P1200,5,3556.43,Paid,Processing,Delhi
O104951,C10810,2026-02-08,P1324,7,15507.16,Paid,Cancelled, 
O104952,C12890,2026-03-17,P1158,-1,14231.31,Pending,Completed,Bangalore
O104953,C12222,2026-02-26,P1437,4,20711.99,Paid,Completed,Kolkata
O104954,C12133,2026-03-26,P1313,7,24267.49,Paid,Processing,Kolkata
O104955,C10119,2026-01-28,P1097,5,24596.0,Paid,Returned,Hyderabad
O104956,C11336,2026-04-15,P1315,6,2947.04,Paid,Processing,Bangalore
O104957,C12941,2026-05-09,P1364,1,13962.47,Paid,Completed,Delhi
O104958,C13186,2026-04-28,P1010,6,19804.47,Paid,Processing,delhi
O104959,C13261,2026-09-03,P1072,5,16576.88,Paid,Completed,Mumbai
O104960,C10149,2026-06-25,P1213,2,22455.57,Paid,Cancelled,Pune
O104961,C10651,2026-04-27,P1039,6,11210.46,Paid,Completed,Bangalore
O104962,C13945,2026-08-09,P1438,5,10849.3,Paid,Completed,Chennai
O104963,C10622,2026-06-27,P1430,5,944.98,Paid,Completed,Bangalore
O104964,C10852,2026-07-17,P1475,6,686.55,Pending,Processing,Delhi
O104965,C13213,2026-01-25,P1444,1,17408.36,Paid,Completed,Mumbai
O104966,C11575,2026-08-25,P1207,5,11945.21,Failed,Completed,Kolkata
O104967,C10465,2026-06-29,P1073,6,16607.7,Refunded,Completed,Delhi
O104968,C10500,2026-03-28,P1033,4,6184.09,Paid,Processing, 
O104969,C10335,2026-07-08,P1061,3,21618.38,Paid,Completed,Pune
O104970,C10723,2026-05-16,P1078,6,22600.75,Paid,Processing,Bangalore
O104971,C11989,2026-03-31,P1465,7,16658.73,Failed,Returned,Delhi
O104972,C10060,2026-06-08,P1172,1,7161.69,Paid,Returned,Hyderabad
O104973,C10468,2026-03-07,P1094,3,5639.05,Paid,Completed,Pune
O104974,C13631,2026-03-05,P1004,5,15749.85,Refunded,Completed,Pune
O104975,C13509,2026-04-30,P1306,2,23537.22,Pending,Completed,Hyderabad
O104976,C13334,2026-09-15,P1352,6,14579.38,Paid,Completed,Delhi
O104977,C12827,2026-06-16,P1057,6,21030.83,Paid,Processing,Hyderabad
O104978,C12648,2026-05-10,P1122,1,14265.52,Pending,Completed,Chennai
O104979,C11102,2026-07-05,P1092,5,16962.65,Paid,Completed,Pune
O104980,C11341,2026-05-18,P1002,5,14324.08,Pending,Completed,Hyderabad
O104981,C10943,2026-01-25,P1022,2,14511.48,Failed,Completed,Delhi
O104982,C13924,2026-01-17,P1265,5,18559.48,Paid,Cancelled,Kolkata
O104983,C12539,2026-08-08,P1302,4,10087.24,Paid,Completed,Hyderabad
O104984,C13866,2026-05-11,P1287,7,22628.74,Paid,Completed,bangalore
O104985,C11088,2026-06-06,P1376,2,21628.27,Paid,Completed,Bangalore
O104986,C12486,2026-07-08,P1047,1,18215.26,Paid,Completed,Chennai
O104987,C13038,2026-05-27,P1410,1,18662.63,Paid,Processing,Bangalore
O104988,C10379,2026-08-28,P1252,3,10507.05,Paid,Completed,Pune
O104989,C12669,2026-06-23,P1035,4,20863.4,Paid,Completed,Delhi
O104990,C10676,2026-03-16,P1087,6,23335.46,Paid,Returned,Kolkata
O104991,C11313,2026-04-11,P1309,4,19940.17,Paid,Completed,Bangalore
O104992,C12866,2026-02-09,P1019,7,3585.67,Paid,Completed,Mumbai
O104993,C11761,2026-02-27,P1130,1,19729.56,Pending,Processing,Pune
O104994,C13687,2026-03-13,P1196,5,11774.92,Paid,Returned,Pune
O104995,C10965,2026-04-10,P1386,7,15334.88,Failed,Cancelled,Hyderabad
O104996,C10615,2026-03-20,P1423,6,24781.65,Paid,Completed,Pune
O104997,C11349,2026-08-18,P1250,4,9176.06,Pending,Completed, Chennai 
O104998,C13410,2026-05-27,P1315,4,8908.65,Paid,Processing,Pune
O104999,C13392,2026-09-09,P1453,5,6799.38,Pending,Processing,Delhi
O105000,C11478,2026-02-13,P1462,7,3439.94,Failed,Completed,Hyderabad
O105001,C13241,2026-08-19,P1378,2,4453.89,Paid,Returned,Kolkata
O105002,,2026-08-13,P1197,5,13002.44,Paid,Completed,Chennai
O105003,C10030,2026-07-23,P1022,3,22772.06,Paid,Completed,Pune
O105004,C13461,2026-04-16,P1187,3,20304.51,Paid,Completed,Kolkata
O105005,C13499,2026-05-05,P1285,6,4807.55,Paid,Completed,
O105006,C10574,2026-05-31,P1166,1,14173.75,Pending,Completed,Chennai
O105007,C11191,2026-03-27,P1167,2,21219.04,Paid,Processing,Mumbai
O105008,C13405,2026-09-08,P1047,4,13625.48,Paid,Cancelled,Pune
O105009,C10335,2026-03-28,P1212,6,22812.37,Paid,Completed,Mumbai
O105010,C13455,2026-01-16,P1300,1,22724.76,Paid,Cancelled,Bangalore
O105011,C12300,2026-04-09,P1036,1,8901.63,Paid,Cancelled,Delhi
O105012,C12631,2026-07-14,P1405,-3,21886.06,Paid,Completed,Hyderabad
O105013,C12381,2026-03-28,P1051,6,14752.36,Paid,Cancelled,Pune
O105014,C12331,2026-02-07,P1257,4,12152.2,Paid,Completed,Bangalore
O105015,C10740,2026-09-01,P1013,4,19424.35,Paid,Completed, Chennai 
O105016,C10944,2026-07-01,P1017,5,19803.53,Failed,Processing,Delhi
O105017,C12322,2026-01-07,P1113,7,16982.93,Pending,Completed,Kolkata
O105018,C11606,2026-02-01,P1177,3,20329.08,Paid,Completed,Kolkata
O105019,C12166,2026-02-04,P1270,4,23800.17,Paid,Completed,
O105020,C11014,2026-07-18,P1292,5,21865.26,Pending,Cancelled,Kolkata
O105021,C11856,2026-05-07,P1385,7,2134.06,Paid,Completed,Delhi
O105022,C10574,2026-01-22,P1118,3,21295.72,Paid,Completed,Delhi
O105023,C10153,2026-05-11,P1362,2,19603.73,Failed,Cancelled,Hyderabad
O105024,C13807,2026-06-18,P1339,2,23190.51,Refunded,Cancelled,Chennai
O105025,C12894,2026-04-10,P1329,2,18567.35,Paid,Completed,Chennai
O105026,C11993,2026-01-17,P1068,4,21982.98,Pending,Completed, Kolkata 
O105027,C12205,2026-07-17,P1031,3,552.4,Paid,Completed,Bangalore
O105028,C12046,2026-04-28,P1449,6,24451.79,Paid,Processing,Chennai
O105029,C13598,2026-06-16,P1235,7,5015.39,Paid,Cancelled,Delhi
O105030,C13097,2026-09-15,P1240,3,21646.47,Paid,Completed,Chennai
O105031,C11301,2026-03-16,P1312,2,23261.38,Paid,Completed,Mumbai
O105032,C10873,2026-05-17,P1245,1,354.92,Paid,Processing,Hyderabad
O105033,C10266,2026-04-28,P1316,3,22867.85,Paid,Completed,kolkata
O105034,C10591,2026-06-19,P1260,3,20781.53,Paid,Completed,Pune
O105035,C11961,2026-04-28,P1340,5,23083.59,Pending,Completed,
O105036,C10810,2026-06-06,P1145,2,4668.99,Paid,Completed,Hyderabad
O105037,C11250,2026-01-07,P1303,7,19502.79,Paid,Processing,Kolkata
O105038,C10533,2026-01-19,P1295,1,12340.9,Paid,Completed,Chennai
O105039,C13694,2026-02-23,P1067,5,6664.92,Paid,Completed,Bangalore
O105040,C10135,2026-02-05,P1351,1,18977.43,Paid,Completed,Delhi
O105041,C11408,2026-07-22,P1483,6,11989.35,Paid,Returned,Chennai
O105042,C11033,2026-08-14,P1055,1,22527.15,Failed,Completed,Mumbai
O105043,C10033,2026-08-31,P1387,6,17855.07,Paid,Completed,Kolkata
O105044,C13717,2026-05-27,P1144,1,3736.89,Paid,Completed,Hyderabad
O105045,C11255,2026-02-04,P1051,4,6493.86,Paid,Completed,Chennai
O105046,C12010,2026-08-06,P1124,3,6833.98,Paid,Completed,Pune
O105047,C12332,2026-06-26,P1446,3,8798.04,Failed,Completed,Pune
O105048,C12443,2026-03-30,P1425,5,16761.33,Paid,Completed,Hyderabad
O105049,C11842,2026-05-23,P1416,7,22390.01,Pending,Processing,Pune
O105050,C12377,2026-05-11,P1469,6,14964.4,Pending,Completed,Bangalore
O105051,C13009,2026-05-11,P1273,1,18869.5,Paid,Completed,Hyderabad
O105052,C13811,2026-07-04,P1410,7,8123.3,Paid,Cancelled,Chennai
O105053,C12630,2026-05-14,P1127,1,13204.88,Paid,Completed,Pune
O105054,C11850,2026-05-15,P1462,3,12751.92,Paid,Returned,Hyderabad
O105055,C11779,2026-08-07,P1444,6,17616.18,Refunded,Completed,Delhi
O105056,C12841,2026-01-28,P1024,1,13093.59,Paid,Completed,Kolkata
O105057,C12510,2026-04-18,P1060,7,8556.06,Paid,Processing,Delhi
O105058,C11682,2026-07-05,P1393,1,6324.51,Pending,Completed,Pune
O105059,,2026-02-03,P1335,7,6591.24,Paid,Completed,Hyderabad
O105060,C13975,2026-09-01,P1387,1,24527.85,Paid,Completed,Mumbai
O105061,C13069,2026-04-22,P1127,2,9129.67,Paid,Processing,Kolkata
O105062,C10827,2026-08-19,P1158,2,20223.12,Refunded,Completed,Mumbai
O105063,C11169,2026-02-24,P1250,7,2062.75,Pending,Completed,Hyderabad
O105064,C13577,2026-01-08,P1287,2,2514.43,Failed,Completed,Chennai
O105065,C12645,2026-06-14,P1151,6,17247.93,Paid,Completed,Chennai
O105066,C11244,2026-05-04,P1314,6,11593.07,Paid,Completed,Kolkata
O105067,C11458,2026-03-05,P1401,5,22048.18,Paid,Completed,Mumbai
O105068,C11516,2026-03-17,P1479,1,21596.84,Pending,Completed,Mumbai
O105069,C10745,2026-08-22,P1372,7,18964.73,Paid,Cancelled,Bangalore
O105070,C12046,2026-09-15,P1091,2,20438.31,Paid,Completed,Kolkata
O105071,C13064,2026-05-11,P1202,2,21801.45,Paid,Completed,Chennai
O105072,C12258,2026-07-17,P1199,7,19654.32,Failed,Processing,Chennai
O105073,C12625,2026-08-06,P1192,7,13314.24,Paid,Processing,Mumbai
O105074,C12383,2026-03-21,P1373,4,6839.24,Pending,Processing,Kolkata
O105075,C10235,2026-02-01,P1385,5,19748.34,Paid,Completed,Bangalore
O105076,C10752,2026-06-06,P1404,2,8147.39,Paid,Completed,Kolkata
O105077,C11402,2026-06-11,P1496,2,6347.0,Paid,Completed,mumbai
O105078,C13559,2026-09-04,P1123,2,4540.19,Paid,Completed,Mumbai
O105079,C11395,2026-03-10,P1115,4,15791.56,Paid,Completed,Bangalore
O105080,C11309,2026-09-03,P1466,4,6289.23,Paid,Completed,Pune
O105081,C10322,2026-02-23,P1169,5,9558.24,Paid,Completed, Delhi 
O105082,C13891,2026-05-21,P1477,1,17813.86,Paid,Cancelled,Chennai
O105083,C13116,2026-08-19,P1126,1,19907.58,Paid,Returned,Pune
O105084,C13066,2026-03-12,P1359,6,8074.69,Paid,Processing,Pune
O105085,C11536,2026-05-10,P1408,7,21117.16,Paid,Completed,Hyderabad
O105086,C10313,2026-07-12,P1052,5,1731.53,Paid,Cancelled,Hyderabad
O105087,C11054,2026-04-30,P1392,6,24651.06,Paid,Returned,Pune
O105088,C13414,2026-01-19,P1169,1,10596.85,Paid,Completed,Mumbai
O105089,C10721,2026-02-15,P1243,3,8324.66,Paid,Completed,Pune
O105090,C13579,2026-07-15,P1283,6,23114.79,Paid,Completed,Kolkata
O105091,C12144,2026-05-10,P1420,1,3570.01,Paid,Cancelled,Pune
O105092,C12860,2026-03-31,P1060,4,9137.63,Paid,Completed,Pune
O105093,C11816,2026-05-18,P1058,4,9164.86,Paid,Completed,Delhi
O105094,C13732,2026-03-09,P1415,2,10781.73,Paid,Completed,Bangalore
O105095,C10959,2026-04-15,P1424,4,21253.98,Refunded,Completed,Hyderabad
O105096,C12291,2026-04-26,P1074,3,21279.72,Pending,Completed,Delhi
O105097,C10276,2026-08-19,P1369,3,14913.44,Paid,Completed,Bangalore
O105098,C11923,2026-03-25,P1212,7,24796.44,Paid,Processing, 
O105099,C13893,2026-05-01,P1125,3,21150.77,Paid,Completed,Bangalore
O105100,C10352,2026-05-02,P1151,2,17122.41,Paid,Processing,Delhi
O105101,C12028,2026-02-22,P1064,1,5226.62,Paid,Completed,Pune
O105102,C12411,2026-03-19,P1207,7,13878.35,Paid,Completed,
O105103,C13729,2026-02-27,P1115,2,5583.5,Paid,Cancelled,Pune
O105104,C11190,2026-09-13,P1087,4,7750.91,Paid,Completed,Bangalore
O105105,C12013,2026-01-16,P1009,3,17240.84,Pending,Processing,Kolkata
O105106,C13951,2026-07-20,P1479,7,4855.17,Pending,Cancelled,Delhi
O105107,C13078,2026-03-22,P1347,2,2543.77,Paid,Returned,Hyderabad
O105108,C13244,2026-04-18,P1049,6,13429.18,Paid,Returned,Hyderabad
O105109,C13124,2026-03-30,P1096,2,323.5,Paid,Completed,mumbai
O105110,C12062,2026-01-26,P1251,7,15340.21,Paid,Cancelled,Delhi
O105111,C11738,2026-04-19,P1062,3,22563.14,Paid,Returned,Kolkata
O105112,C11020,2026-03-27,P1485,5,4998.99,Paid,Processing,Hyderabad
O105113,C11865,2026-03-16,P1085,3,9754.4,Paid,Processing,Kolkata
O105114,C10082,2026-03-04,P1192,5,22934.25,Paid,Cancelled,Delhi
O105115,C10388,2026-01-23,P1354,3,17685.62,Paid,Completed,Delhi
O105116,C11149,2026-03-01,P1057,1,3642.25,Paid,Completed,Chennai
O105117,C11335,2026-01-08,P1492,5,9735.26,Failed,Completed,Kolkata
O105118,C12832,2026-04-05,P1203,5,18973.08,Paid,Cancelled,Hyderabad
O105119,C10686,2026-04-28,P1301,6,16720.01,Paid,Completed,Mumbai
O105120,C13185,2026-03-31,P1344,2,4144.77,Paid,Completed,Chennai
O105121,C13205,2026-01-02,P1283,5,1843.31,Failed,Completed,Chennai
O105122,C12350,2026-01-09,P1119,4,17137.12,Paid,Completed,Hyderabad
O105123,C11967,2026-02-02,P1464,2,15342.86,Paid,Processing,Bangalore
O105124,C11871,2026-07-17,P1207,7,1765.76,Paid,Completed,Chennai
O105125,C11683,2026-08-25,P1223,2,24377.85,Paid,Completed,Bangalore
O105126,C10354,2026-08-11,P1314,6,6535.23,Pending,Processing,Delhi
O105127,C12623,2026-07-14,P1492,7,9834.78,Paid,Processing,Mumbai
O105128,C12311,2026-02-28,P1259,7,4686.66,Paid,Completed,Bangalore
O105129,C10063,2026-01-24,P1110,1,20764.5,Pending,Completed,Kolkata
O105130,C10811,2026-01-16,P1123,2,24075.43,Paid,Completed,Pune
O105131,,2026-09-04,P1168,7,5568.65,Failed,Completed,Hyderabad
O105132,C13608,2026-07-17,P1112,7,7294.28,Paid,Processing,Mumbai
O105133,C13964,2026-03-04,P1059,2,17750.94,Paid,Completed,
O105134,C13007,2026-01-06,P1317,4,13338.86,Paid,Completed,Chennai
O105135,C12999,2026-02-12,P1010,2,2895.17,Pending,Completed,Mumbai
O105136,C11662,2026-06-01,P1019,5,23236.9,Paid,Completed,DELHI
O105137,C12285,2026-04-07,P1217,6,15395.43,Refunded,Cancelled,Delhi
O105138,C10932,2026-07-10,P1134,7,7741.06,Pending,Processing,Kolkata
O105139,C12954,2026-07-16,P1350,6,12398.14,Paid,Completed,Kolkata
O105140,C10239,2026-02-17,P1061,1,12656.1,Paid,Completed,Delhi
O105141,C11670,2026-05-28,P1390,6,13277.82,Paid,Completed,Bangalore
O105142,C13328,2026-02-01,P1118,6,12583.45,Paid,Completed,Hyderabad
O105143,C13922,2026-05-01,P1319,4,14176.29,Paid,Completed,Hyderabad
O105144,C12788,2026-05-29,P1185,6,10015.81,Paid,Completed,Mumbai
O105145,C10789,2026-06-13,P1131,3,3910.22,Pending,Completed,Kolkata
O105146,C12286,2026-05-05,P1199,3,16715.2,Pending,Processing,Bangalore
O105147,C12243,2026-02-13,P1242,3,19874.42,Paid,Returned,Hyderabad
O105148,C13866,2026-01-25,P1141,4,21073.15,Paid,Completed,Mumbai
O105149,C13363,2026-09-05,P1248,3,842.22,Paid,Processing,Mumbai
O105150,C10196,2026-05-22,P1341,5,10294.25,Paid,Returned,Kolkata
O105151,C10881,2026-08-04,P1150,3,24467.42,Paid,Completed,Pune
O105152,C13370,2026-03-12,P1344,3,1845.31,Paid,Cancelled,Hyderabad
O105153,C13893,2026-04-10,P1291,1,19703.19,Paid,Completed,Hyderabad
O105154,C11179,2026-06-11,P1496,3,3414.99,Paid,Completed,Bangalore
O105155,C12765,2026-06-08,P1089,7,20668.59,Paid,Completed,Pune
O105156,C11232,2026-07-29,P1279,3,16903.87,Paid,Completed,Chennai
O105157,C10164,2026-06-11,P1081,2,18208.32,Paid,Cancelled,Kolkata
O105158,C13320,2026-02-20,P1020,5,24439.83,Pending,Completed,Chennai
O105159,C12957,2026-01-18,P1062,7,23505.25,Paid,Completed,Kolkata
O105160,C10213,2026-01-02,P1302,4,7817.98,Paid,Completed,Delhi
O105161,C10582,2026-04-12,P1324,1,9567.85,Paid,Completed,Hyderabad
O105162,C99999,2026-01-09,P1270,4,10357.39,Paid,Completed,Delhi
O105163,C12605,2026-08-23,P1414,3,4760.2,Paid,Cancelled,Pune
O105164,C13204,2026-07-26,P1217,2,9714.03,Paid,Completed,Pune
O105165,C11555,2026-04-04,P1259,3,24481.91,Paid,Completed,bangalore
O105166,C12074,2026-01-02,P1382,3,12392.21,Paid,Completed,Mumbai
O105167,C12481,2026-07-09,P1131,6,23829.24,Paid,Completed,Kolkata
O105168,C13226,2026-05-23,P1171,6,2065.01,Paid,Completed,
O105169,C11356,2026-06-18,P1113,1,1270.35,Paid,Completed,Pune
O105170,C12691,2026-07-14,P1444,1,14510.65,Pending,Completed,Pune
O105171,C13105,2026-08-13,P1190,4,18485.47,Paid,Completed,Delhi
O105172,C13223,2026-02-08,P1082,7,5671.24,Paid,Completed,Mumbai
O105173,C11998,2026-06-19,P1153,3,12732.95,Paid,Completed,Bangalore
O105174,C11894,2026-01-11,P1433,6,21861.63,Paid,Returned,Hyderabad
O105175,C10418,2026-01-24,P1416,4,19114.59,Paid,Cancelled,Hyderabad
O105176,C11992,2026-08-12,P1387,3,6025.8,Failed,Completed,Kolkata
O105177,C12809,2026-08-10,P1184,1,8561.44,Paid,Completed,Kolkata
O105178,C13685,2026-07-19,P1238,2,7853.04,Paid,Completed,Delhi
O105179,C10501,2026-08-05,P1317,6,18071.82,Paid,Completed,DELHI
O105180,C13878,2026-05-18,P1101,6,24214.07,Paid,Completed,Bangalore
O105181,C10937,2026-02-17,P1343,7,7217.94,Paid,Processing,Mumbai
O105182,C10704,2026-02-07,P1478,4,14831.02,Paid,Completed,Bangalore
O105183,C10458,2026-01-07,P1161,4,24717.4,Paid,Returned,Pune
O105184,C13963,2026-07-21,P1125,5,4192.21,Paid,Completed,Hyderabad
O105185,C12245,2026-07-09,P1289,6,16579.33,Paid,Completed,Delhi
O105186,C11083,2026-06-03,P1129,5,8500.11,Paid,Completed,Pune
O105187,C11271,2026-02-14,P1298,2,24794.21,Paid,Returned,Chennai
O105188,C13804,2026-02-16,P1327,6,2986.65,Pending,Cancelled,Bangalore
O105189,C13602,2026-04-26,P1432,5,11446.04,Paid,Completed,Bangalore
O105190,C11401,2026-05-25,P1020,2,6597.84,Paid,Completed,Kolkata
O105191,C10254,2026-01-01,P1139,3,1082.55,Refunded,Completed,
O105192,C13336,2026-08-17,P1035,5,24100.85,Paid,Processing,Mumbai
O105193,C13660,2026-06-15,P1378,5,14333.85,Paid,Completed,
O105194,C13352,2026-02-21,P1256,4,17609.44,Paid,Completed,Mumbai
O105195,C13654,2026-07-24,P1425,2,15620.79,Pending,Completed,Mumbai
O105196,C12305,2026-05-18,P1358,4,3967.3,Paid,Completed,Chennai
O105197,C13361,2026-08-29,P1143,5,4512.84,Paid,Completed,Pune
O105198,C13778,2026-01-22,P1048,7,15773.2,Paid,Completed,Hyderabad
O105199,C13562,2026-01-08,P1005,6,19561.3,Paid,Completed,Bangalore
O105200,C12350,2026-07-08,P1123,7,15393.43,Paid,Cancelled,Delhi
O105201,C12988,2026-04-10,P1224,3,14388.23,Paid,Completed,Hyderabad
O105202,C12887,2026-08-09,P1490,7,18725.27,Paid,Completed,Kolkata
O105203,C13214,2026-08-03,P1268,1,6317.13,Pending,Completed,Bangalore
O105204,C10916,2026-04-14,P1172,2,18371.66,Paid,Processing,Pune
O105205,C10008,2026-05-31,P1008,2,10457.14,Paid,Cancelled,Hyderabad
O105206,C12041,2026-03-14,P1226,3,16949.04,Paid,Completed,Kolkata
O105207,C13064,2026-07-13,P1155,3,7085.5,Paid,Completed,Pune
O105208,C10500,2026-07-27,P1191,2,3695.38,Paid,Processing,Chennai
O105209,C12132,2026-03-23,P1417,2,1020.23,Pending,Completed,Hyderabad
O105210,C11258,2026-07-18,P1159,3,20145.81,Paid,Completed,Hyderabad
O105211,C13355,2026-08-24,P1118,6,5165.14,Paid,Completed,Hyderabad
O105212,C10401,2026-01-08,P1448,3,9277.57,Paid,Completed,Chennai
O105213,C13394,2026-04-30,P1358,7,19290.72,Paid,Completed,Pune
O105214,C12445,2026-08-10,P1088,3,11419.49,Paid,Completed,Mumbai
O105215,C13680,2026-03-02,P1179,7,5673.46,Pending,Cancelled,Bangalore
O105216,C13745,2026-08-30,P1329,5,5110.63,Paid,Completed,Kolkata
O105217,C13238,2026-09-06,P1449,6,10376.0,Paid,Completed,Chennai
O105218,C12122,2026-02-07,P1131,2,14259.86,Paid,Completed,
O105219,C10570,2026-07-06,P1024,2,9991.09,Paid,Completed,Bangalore
O105220,C10902,2026-01-16,P1079,3,22642.87,Paid,Completed,
O105221,C11672,2026-07-09,P1062,4,394.7,Paid,Completed,Hyderabad
O105222,C12918,2026-08-08,P1295,1,10229.69,Paid,Cancelled,Mumbai
O105223,C12181,2026-04-03,P1107,2,18648.02,Paid,Completed,Delhi
O105224,C11754,2026-07-05,P1324,7,22305.01,Paid,Completed,Hyderabad
O105225,C11911,2026-08-21,P1183,7,9152.52,Paid,Completed,Delhi
O105226,,2026-02-09,P1150,5,16937.65,Paid,Completed, Mumbai 
O105227,C10137,2026-08-21,P1083,1,14634.61,Pending,Completed,Mumbai
O105228,C11771,2026-07-13,P1386,7,5277.85,Refunded,Processing,Delhi
O105229,C12292,2026-01-12,P1383,4,17119.33,Paid,Completed,Mumbai
O105230,C12356,2026-05-02,P1320,6,6464.25,Paid,Cancelled,Delhi
O105231,C12476,2026-03-06,P1493,7,19662.52,Paid,Completed,Mumbai
O105232,C10213,2026-01-12,P1381,5,21687.76,Paid,Completed,Delhi
O105233,C12233,2026-02-14,P1306,3,12117.03,Paid,Processing,Delhi
O105234,C12203,2026-03-09,P1247,4,1636.88,Paid,Processing,
O105235,C13422,2026-08-09,P1280,3,18512.61,Paid,Returned,Bangalore
O105236,C13042,2026-07-03,P1207,5,11840.21,Paid,Completed,Mumbai
O105237,C10125,2026-08-21,P1296,5,2634.62,Failed,Completed,Bangalore
O105238,C12225,2026-04-06,P1004,3,8479.08,Paid,Completed,Pune
O105239,C12765,2026-07-14,P1227,1,7478.84,Paid,Completed,Pune
O105240,C12322,2026-01-08,P1191,2,18241.08,Paid,Completed,Bangalore
O105241,C12707,2026-06-04,P1133,2,10774.45,Failed,Completed,Delhi
O105242,C10466,2026-02-10,P1075,6,14800.08,Refunded,Completed,Hyderabad
O105243,C10677,2026-01-03,P1301,5,12677.14,Paid,Processing,
O105244,C12332,2026-07-08,P1406,4,18189.15,Paid,Completed,Chennai
O105245,C13205,2026-03-13,P1109,7,18035.86,Paid,Completed,Delhi
O105246,C10104,2026-02-07,P1165,7,11385.11,Paid,Completed,Pune
O105247,C11746,2026-08-25,P1388,3,3635.32,Paid,Completed,Mumbai
O105248,C13971,2026-07-04,P1060,4,10374.55,Paid,Processing,Delhi
O105249,C13065,2026-06-21,P1129,3,4255.34,Paid,Completed,Pune
O105250,C11802,2026-06-10,P1002,4,23991.2,Paid,Cancelled,KOLKATA
O105251,C10392,2026-03-02,P1488,6,23768.56,Pending,Completed,Mumbai
O105252,C11437,2026-08-24,P1134,7,11580.14,Paid,Completed,Hyderabad
O105253,C10618,2026-09-07,P1345,3,982.41,Pending,Returned,Kolkata
O105254,C13686,2026-08-22,P1459,5,9553.7,Paid,Completed,Delhi
O105255,C12744,2026-05-29,P1433,1,22408.82,Paid,Completed,Delhi
O105256,C13425,2026-02-16,P1443,7,7414.12,Paid,Completed,Hyderabad
O105257,C13592,2026-03-12,P1492,2,15662.9,Pending,Completed,Delhi
O105258,C12429,2026-09-07,P1448,4,4843.25,Failed,Completed,Hyderabad
O105259,C10026,2026-06-01,P1192,6,20681.56,Paid,Completed,Kolkata
O105260,C12226,2026-07-17,P1352,2,22329.86,Paid,Processing,Hyderabad
O105261,C13212,2026-04-05,P1061,4,15493.46,Paid,Processing,Hyderabad
O105262,C11258,2026-02-08,P1309,5,15706.93,Pending,Completed,Mumbai
O105263,C13713,2026-02-19,P1244,6,9650.43,Paid,Cancelled,Chennai
O105264,C13990,2026-03-16,P1486,5,17765.16,Paid,Completed,Bangalore
O105265,C12198,2026-05-24,P1052,4,12118.0,Refunded,Completed,Mumbai
O105266,C12126,2026-02-17,P1008,4,18713.53,Paid,Completed,Bangalore
O105267,C12622,2026-07-26,P1128,4,24222.24,Pending,Completed,Kolkata
O105268,C12267,2026-03-12,P1398,6,20612.68,Paid,Completed,Kolkata
O105269,C10642,2026-08-12,P1344,5,13078.08,Paid,Completed,Delhi
O105270,C11085,2026-05-17,P1107,1,24478.55,Pending,Completed,
O105271,C10807,2026-04-01,P1291,1,15294.93,Paid,Completed,Pune
O105272,C10288,2026-03-25,P1393,4,1902.35,Paid,Completed,
O105273,C10562,2026-03-14,P1374,3,18340.08,Paid,Completed,Delhi
O105274,C13892,2026-09-02,P1049,1,20555.53,Refunded,Completed,Delhi
O105275,C12221,2026-06-21,P1414,5,3630.53,Pending,Completed,Bangalore
O105276,C10504,2026-02-08,P1498,5,17078.46,Paid,Completed,Mumbai
O105277,C12854,2026-08-19,P1211,6,23046.64,Paid,Completed,Mumbai
O105278,C11908,2026-01-28,P1068,5,6510.22,Paid,Completed,Delhi
O105279,C10899,2026-05-16,P1475,7,14749.71,Paid,Completed,Delhi
O105280,C13777,2026-07-07,P1097,2,7082.33,Paid,Completed,Delhi
O105281,C10898,2026-05-17,P1102,2,19427.86,Paid,Completed, 
O105282,C10390,2026-03-09,P1357,7,14642.3,Paid,Processing,Chennai
O105283,C10823,2026-02-23,P1015,5,10873.49,Pending,Completed,Bangalore
O105284,C13650,2026-06-27,P1078,1,1016.0,Failed,Completed,Hyderabad
O105285,C13433,2026-05-31,P1232,2,23636.53,Refunded,Cancelled,Pune
O105286,C13580,2026-07-10,P1230,3,12594.16,Paid,Completed,Kolkata
O105287,C13667,2026-09-06,P1297,4,20161.51,Paid,Completed,Mumbai
O105288,C10310,2026-01-24,P1409,2,9979.8,Paid,Completed,Pune
O105289,C12847,2026-06-13,P1157,2,21272.86,Pending,Completed,Mumbai
O105290,C12660,2026-08-11,P1257,1,4252.96,Paid,Completed,Kolkata
O105291,C13974,2026-03-06,P1450,1,6017.9,Paid,Cancelled,Chennai
O105292,C12860,2026-01-02,P1210,3,8534.77,Paid,Completed,Pune
O105293,C13170,2026-03-14,P1183,6,2488.3,Paid,Completed,Delhi
O105294,C12862,2026-03-06,P1407,3,11262.87,Paid,Processing,Chennai
O105295,C12484,2026-07-07,P1194,6,12302.33,Paid,Completed,Chennai
O105296,C12213,2026-09-12,P1039,3,3135.56,Paid,Processing,Pune
O105297,C13880,2026-01-01,P1190,7,10849.34,Paid,Completed,Mumbai
O105298,C13748,2026-01-10,P1452,3,5173.21,Paid,Completed,Mumbai
O105299,C11752,2026-01-26,P1314,7,21917.73,Paid,Completed,Delhi
O105300,C11137,2026-02-02,P1479,2,12879.55,Paid,Completed,Mumbai
O105301,C12037,2026-07-24,P1060,3,23813.56,Failed,Completed,Chennai
O105302,C12986,2026-04-23,P1179,6,8733.36,Paid,Completed,Pune
O105303,C11605,2026-06-25,P1478,3,8732.46,Paid,Completed, Bangalore 
O105304,C12150,2026-07-29,P1331,5,8666.18,Paid,Completed,Kolkata
O105305,C11195,2026-05-21,P1234,-3,6926.63,Paid,Completed,Bangalore
O105306,C11712,2026-01-28,P1035,2,19670.64,Paid,Completed,Bangalore
O105307,C13832,2026-08-24,P1227,2,7283.7,Paid,Processing,Mumbai
O105308,C10860,2026-03-29,P1030,4,7413.93,Paid,Completed,Bangalore
O105309,C13958,2026-04-19,P1224,3,1458.34,Failed,Completed,Hyderabad
O105310,C10862,2026-03-11,P1122,6,24144.43,Paid,Completed,Bangalore
O105311,C11277,2026-05-23,P1262,3,22191.46,Paid,Completed,Mumbai
O105312,C10348,2026-08-29,P1122,3,7524.99,Paid,Returned,Delhi
O105313,C13010,2026-04-01,P1217,1,13163.0,Refunded,Completed,Delhi
O105314,C10070,2026-09-15,P1345,1,12223.8,Paid,Cancelled,Chennai
O105315,C13153,2026-03-25,P1275,1,2466.27,Paid,Completed,Mumbai
O105316,C12310,2026-06-17,P1097,4,13420.57,Paid,Cancelled,Bangalore
O105317,C12997,2026-05-24,P1416,3,3099.17,Paid,Completed,Kolkata
O105318,C13134,2026-01-03,P1466,2,11022.01,Paid,Processing,Bangalore
O105319,C10497,2026-01-30,P1400,2,2468.77,Paid,Processing,Pune
O105320,C10085,2026-02-15,P1490,5,14846.23,Pending,Completed,Bangalore
O105321,C10675,2026-09-06,P1484,6,1510.52,Paid,Processing,Kolkata
O105322,C11537,2026-04-04,P1005,1,15822.19,Paid,Completed,Bangalore
O105323,C10293,2026-03-24,P1122,4,17768.3,Paid,Cancelled,Pune
O105324,C11828,2026-05-15,P1085,5,14400.32,Paid,Completed,Bangalore
O105325,C11141,2026-08-20,P1229,4,11896.4,Pending,Cancelled,Pune
O105326,C11456,2026-05-04,P1080,2,1801.58,Paid,Cancelled,Hyderabad
O105327,C13764,2026-02-16,P1403,6,580.43,Paid,Completed,
O105328,C12899,2026-03-11,P1361,3,8758.06,Pending,Completed,Pune
O105329,C12634,2026-08-03,P1425,2,19349.94,Failed,Completed,Chennai
O105330,C12616,2026-02-07,P1190,2,16287.76,Paid,Completed,Mumbai
O105331,C12223,2026-07-19,P1254,1,3394.44,Paid,Processing,
O105332,C12053,2026-07-11,P1040,7,17292.1,Paid,Processing,Chennai
O105333,C13531,2026-01-04,P1217,2,14500.42,Paid,Completed,Pune
O105334,C10300,2026-09-04,P1347,4,4418.06,Paid,Completed,Delhi
O105335,C11155,2026-02-03,P1113,3,18955.95,Paid,Cancelled,Delhi
O105336,C10416,2026-01-31,P1364,7,20808.52,Paid,Completed,Mumbai
O105337,C10044,2026-06-29,P1199,1,6044.17,Failed,Completed,Hyderabad
O105338,C10055,2026-01-31,P1490,5,16006.39,Paid,Completed,Mumbai
O105339,C10096,2026-02-16,P1134,2,9639.87,Paid,Processing,Pune
O105340,C12729,2026-03-01,P1198,1,1743.99,Paid,Returned,Mumbai
O105341,C10445,2026-07-10,P1156,7,21575.42,Pending,Completed,Delhi
O105342,C10810,2026-01-01,P1322,1,20572.39,Paid,Completed,pune
O105343,C11677,2026-04-02,P1399,1,8153.18,Paid,Completed,Hyderabad
O105344,C11077,2026-08-26,P1332,4,13428.18,Refunded,Cancelled,Hyderabad
O105345,C13269,2026-02-25,P1305,7,12955.53,Paid,Completed,Bangalore
O105346,C12495,2026-02-14,P1337,7,4683.24,Failed,Completed,Pune
O105347,C11334,2026-06-11,P1043,5,3898.15,Paid,Completed,Mumbai
O105348,C11272,2026-04-06,P1204,1,21153.42,Paid,Completed,Chennai
O105349,C12736,2026-08-07,P1286,4,21723.75,Paid,Completed,Bangalore
O105350,C10683,2026-02-11,P1322,5,18211.94,Refunded,Completed,Kolkata
O105351,C11123,2026-01-23,P1221,3,2097.31,Paid,Completed,Delhi
O105352,C11414,2026-07-05,P1258,7,22755.81,Paid,Completed,Kolkata
O105353,C11820,2026-04-27,P1089,4,24524.59,,Completed,Kolkata
O105354,C10762,2026-08-14,P1449,1,19457.66,Paid,Completed,Pune
O105355,C10629,2026-01-28,P1102,2,9029.29,Paid,Completed,Kolkata
O105356,C13963,2026-03-11,P1481,4,10322.64,Refunded,Completed,Chennai
O105357,C13655,2026-04-13,P1357,3,21780.03,Pending,Completed,Hyderabad
O105358,C12096,2026-01-23,P1204,5,7220.6,Paid,Returned,Pune
O105359,C13064,2026-01-17,P1330,3,3803.88,Pending,Completed,Bangalore
O105360,C12698,2026-08-25,P1356,5,20623.27,Paid,Completed,Bangalore
O105361,C10300,2026-02-06,P1262,4,5075.31,Paid,Returned,Mumbai
O105362,C12073,2026-08-09,P1490,5,22710.31,Paid,Completed,Mumbai
O105363,C10736,2026-06-10,P1026,1,15013.35,Failed,Completed,Mumbai
O105364,C12338,2026-01-08,P1006,6,14017.64,Paid,Cancelled,Kolkata
O105365,C10247,2026-01-03,P1263,4,19461.01,Paid,Cancelled,
O105366,C10652,2026-09-05,P1355,2,706.69,Paid,Completed,Delhi
O105367,C13129,2026-05-12,P1041,3,17924.41,Pending,Completed,
O105368,C13375,2026-02-14,P1220,3,15082.8,Paid,Completed,Delhi
O105369,C13632,2026-06-09,P1340,4,13237.38,Paid,Cancelled,Delhi
O105370,C13589,2026-06-17,P1153,2,5667.96,Paid,Cancelled,Bangalore
O105371,C13631,2026-05-31,P1060,4,20787.03,Paid,Cancelled,Hyderabad
O105372,C10379,2026-04-27,P1275,1,6491.06,Paid,Completed,Chennai
O105373,C12640,2026-03-14,P1220,6,12397.39,Paid,Processing,Delhi
O105374,C12806,2026-08-28,P1078,6,4204.58,Paid,Completed,Chennai
O105375,C11073,2026-07-31,P1086,1,24350.64,Paid,Cancelled,Delhi
O105376,C13974,2026-04-20,P1078,7,5104.96,Paid,Completed,Hyderabad
O105377,C11144,2026-07-31,P1050,2,20139.49,,Completed,Mumbai
O105378,C12301,2026-06-26,P1329,4,6798.06,Paid,Completed,Bangalore
O105379,C13492,2026-03-09,P1385,7,6624.27,Paid,Completed,Chennai
O105380,C11157,2026-05-12,P1239,2,10716.25,Paid,Completed,Pune
O105381,C12427,2026-05-23,P1371,2,21192.44,Paid,Processing, 
O105382,,2026-08-30,P1127,7,17282.67,Paid,Processing,Bangalore
O105383,C12508,2026-03-01,P1285,7,21829.38,Paid,Processing,Hyderabad
O105384,C11625,2026-07-31,P1228,1,1466.14,Paid,Completed,Kolkata
O105385,C13782,2026-02-15,P1346,1,23905.61,Paid,Completed,Bangalore
O105386,C12451,2026-03-14,P1400,2,2205.28,Paid,Completed,Kolkata
O105387,C10898,2026-08-31,P1194,2,18110.32,Paid,Completed,mumbai
O105388,C13227,2026-04-14,P1455,5,5417.18,Paid,Completed,Pune
O105389,C12625,2026-06-09,P1426,1,21068.87,Paid,Cancelled,Pune
O105390,C10438,2026-02-12,P1100,2,21600.33,Pending,Completed,Chennai
O105391,C11113,2026-04-20,P1304,5,13915.87,Paid,Completed,Bangalore
O105392,C10633,2026-02-06,P1003,7,10250.91,Paid,Cancelled,Bangalore
O105393,C10290,2026-01-19,P1471,6,19896.27,Paid,Completed,
O105394,C10921,2026-05-13,P1284,6,21888.57,Paid,Cancelled,Delhi
O105395,C11113,2026-06-20,P1199,6,18535.01,Paid,Processing,Delhi
O105396,C11867,2026-01-24,P1161,2,22700.84,Pending,Completed,Chennai
O105397,C13880,2026-03-20,P1239,7,15775.33,Paid,Completed,Mumbai
O105398,C13776,2026-06-30,P1392,5,16860.66,Paid,Completed,Hyderabad
O105399,C13017,2026-07-26,P1185,2,14424.99,Paid,Completed,Kolkata
O105400,C12588,2026-04-24,P1080,6,12357.61,Paid,Completed,Hyderabad
O105401,C13792,2026-04-04,P1073,6,16475.06,Failed,Completed,Hyderabad
O105402,C10570,2026-02-05,P1407,6,14160.54,Paid,Completed,Chennai
O105403,C11322,2026-08-28,P1183,4,18361.63,Paid,Completed,
O105404,C12215,2026-06-01,P1236,7,23375.59,Paid,Completed,Kolkata
O105405,C13258,2026-04-20,P1213,1,9514.27,Paid,Completed,PUNE
O105406,C12497,2026-07-04,P1080,7,10455.86,Paid,Completed,Hyderabad
O105407,C13238,2026-08-13,P1222,6,671.33,Paid,Completed,Delhi
O105408,C10612,2026-05-12,P1363,2,13317.75,Paid,Completed,Hyderabad
O105409,C10771,2026-05-04,P1188,3,3545.6,Failed,Completed,Delhi
O105410,C12964,2026-06-22,P1200,6,17985.22,Paid,Completed,Delhi
O105411,C11394,2026-03-19,P1462,7,19555.8,Paid,Completed,Kolkata
O105412,C11745,2026-08-04,P1190,3,18151.69,Paid,Processing,Bangalore
O105413,C13169,2026-01-31,P1169,5,13802.12,Pending,Completed,Delhi
O105414,C10280,2026-07-27,P1370,1,13495.17,Paid,Completed,Chennai
O105415,C10672,2026-05-20,P1221,5,16269.88,Paid,Completed,
O105416,C11184,2026-08-11,P1016,1,14001.11,Paid,Completed,Mumbai
O105417,C13536,2026-01-20,P1198,3,18832.19,Pending,Completed,Bangalore
O105418,C11620,2026-08-08,P1237,-4,22394.84,Refunded,Completed,Mumbai
O105419,C11009,2026-08-18,P1236,3,13542.4,Paid,Completed,Chennai
O105420,C12715,2026-04-10,P1345,6,3025.44,Paid,Completed,Pune
O105421,C10121,2026-04-23,P1244,5,3536.51,Paid,Processing,Delhi
O105422,C13102,2026-05-09,P1449,6,9585.19,Refunded,Completed,Delhi
O105423,C12793,2026-06-03,P1303,6,12558.43,Paid,Completed,Kolkata
O105424,C10220,2026-09-15,P1220,4,5858.74,Paid,Completed,Mumbai
O105425,C11993,2026-04-10,P1112,3,11482.93,Paid,Completed,pune
O105426,C11617,2026-06-05,P1453,1,3652.63,Paid,Completed,
O105427,C10633,2026-04-01,P1416,7,6248.5,Paid,Completed,Hyderabad
O105428,C10616,2026-06-12,P1293,2,18428.79,Paid,Completed,Bangalore
O105429,C10641,2026-04-27,P1256,2,24643.59,Failed,Completed,Bangalore
O105430,C12400,2026-07-15,P1054,2,4899.22,Pending,Completed,Chennai
O105431,C10684,2026-06-02,P1438,3,8675.69,Paid,Returned,Delhi
O105432,C10238,2026-07-27,P1137,7,8961.96,Paid,Completed,Mumbai
O105433,C13833,2026-03-12,P1371,4,5816.15,Paid,Completed,Kolkata
O105434,C10156,2026-01-25,P1310,3,5340.21,Paid,Completed,Kolkata
O105435,C12657,2026-06-19,P1094,1,3552.85,Paid,Cancelled,Bangalore
O105436,C13747,2026-06-21,P1124,6,22715.61,Paid,Completed,Pune
O105437,C10151,2026-01-28,P1023,7,16339.5,,Completed,Hyderabad
O105438,C13866,2026-08-17,P1455,7,7474.56,Paid,Completed,Delhi
O105439,C12010,2026-08-16,P1283,3,6674.93,Paid,Completed,Delhi
O105440,C13142,2026-05-22,P1091,7,14866.16,Refunded,Completed,Chennai
O105441,C12502,2026-01-26,P1495,3,17521.39,Paid,Completed,Pune
O105442,C12469,2026-07-21,P1363,3,6549.31,Paid,Processing,Hyderabad
O105443,C13157,2026-07-04,P1050,3,8874.92,Refunded,Processing,Mumbai
O105444,C10261,2026-08-18,P1381,1,7478.12,Paid,Completed,Hyderabad
O105445,,2026-06-21,P1429,3,2466.4,Failed,Completed,Bangalore
O105446,C13881,2026-06-30,P1199,4,9847.25,Paid,Completed, 
O105447,C10218,2026-02-10,P1156,5,13480.2,Paid,Completed, 
O105448,C11052,2026-07-06,P1146,1,16487.55,Paid,Returned,Hyderabad
O105449,C12690,2026-07-23,P1092,4,10593.4,Refunded,Processing,Delhi
O105450,C10402,2026-03-23,P1378,2,24589.24,Paid,Completed,Kolkata
O105451,C12148,2026-04-16,P1206,2,15758.19,Paid,Returned,Mumbai
O105452,C12855,2026-04-04,P1478,1,22198.64,Paid,Completed,Bangalore
O105453,C13032,2026-01-05,P1004,5,22924.9,Pending,Completed,Kolkata
O105454,C12246,2026-01-18,P1432,3,20588.56,Paid,Completed,Hyderabad
O105455,C12004,2026-06-20,P1091,1,6968.64,Paid,Completed,Kolkata
O105456,C12857,2026-06-16,P1310,3,10952.54,Paid,Completed,Mumbai
O105457,C10580,2026-02-24,P1045,3,309.51,Paid,Completed,Mumbai
O105458,C12724,2026-01-22,P1142,2,11449.75,Paid,Completed,Chennai
O105459,C13679,2026-09-10,P1249,5,7555.69,Paid,Completed,
O105460,C12733,2026-06-08,P1455,3,3063.83,Failed,Completed,Pune
O105461,C10186,2026-01-15,P1483,1,21013.12,Paid,Completed,Chennai
O105462,C12025,2026-02-22,P1223,7,16934.14,Paid,Returned,Chennai
O105463,C12907,2026-04-30,P1166,2,24977.86,Paid,Completed,
O105464,C10173,2026-02-21,P1486,3,12610.19,Paid,Completed,Mumbai
O105465,C13051,2026-02-12,P1405,6,8468.44,Pending,Completed,Pune
O105466,C11127,2026-02-21,P1317,6,6816.14,Pending,Completed,Bangalore
O105467,C12356,2026-08-25,P1196,6,11053.42,Paid,Completed,Hyderabad
O105468,C13868,2026-07-18,P1329,2,7953.84,Paid,Completed,Bangalore
O105469,C13982,2026-02-18,P1499,2,24771.74,Paid,Completed,Hyderabad
O105470,C12539,2026-01-10,P1158,1,4815.01,Paid,Processing,Pune
O105471,C11967,2026-03-14,P1420,1,772.5,Paid,Processing,Delhi
O105472,C10711,2026-06-18,P1150,4,3510.99,Paid,Completed,Pune
O105473,C10834,2026-06-01,P1223,3,22320.85,Pending,Completed,Delhi
O105474,C11718,2026-08-16,P1215,-1,17439.81,Paid,Cancelled,Bangalore
O105475,C12811,2026-07-19,P1387,2,19664.11,Paid,Completed,Pune
O105476,C13079,2026-01-28,P1298,4,8215.65,Pending,Cancelled,Mumbai
O105477,C10888,2026-04-01,P1037,1,15680.78,Paid,Completed,Pune
O105478,C12143,2026-03-28,P1142,5,17785.1,Paid,Processing, Delhi 
O105479,C12368,2026-01-13,P1010,2,8362.48,Paid,Completed,Hyderabad
O105480,C13575,2026-07-27,P1280,5,18195.83,Paid,Processing,Chennai
O105481,C13508,2026-07-09,P1409,5,15852.57,Failed,Completed,
O105482,C13272,2026-04-30,P1038,6,7617.0,,Completed,Chennai
O105483,C12068,2026-06-11,P1055,2,1605.54,Paid,Completed,Bangalore
O105484,C10260,2026-05-18,P1434,4,6175.26,Paid,Completed,Bangalore
O105485,C11338,2026-02-12,P1356,4,15602.54,Paid,Completed,Pune
O105486,C12488,2026-04-01,P1355,2,15096.06,Failed,Completed,Mumbai
O105487,C12552,2026-01-01,P1416,7,12838.93,Failed,Completed,
O105488,C13399,2026-02-12,P1111,6,6511.44,Paid,Completed,Bangalore
O105489,C11518,2026-03-11,P1363,3,11280.06,Paid,Completed,Kolkata
O105490,C13749,2026-04-04,P1147,5,3857.88,Paid,Cancelled,Kolkata
O105491,C10653,2026-08-13,P1497,4,16660.86,,Completed,Pune
O105492,C10199,2026-06-10,P1307,2,21768.25,Paid,Completed,
O105493,C10707,2026-07-02,P1033,1,11753.04,Paid,Completed,Mumbai
O105494,C11850,2026-01-31,P1300,1,5561.04,Paid,Cancelled,Kolkata
O105495,C13294,2026-01-06,P1331,7,20748.79,Failed,Completed,
O105496,C10615,2026-03-22,P1099,2,8033.06,Paid,Completed,
O105497,C12194,2026-08-02,P1259,3,14971.0,Paid,Completed,Delhi
O105498,C13108,2026-01-26,P1268,1,2162.91,Pending,Completed,Bangalore
O105499,C10139,2026-02-10,P1058,3,18033.05,Refunded,Completed,Pune
O105500,C10166,2026-06-13,P1322,2,11678.59,Paid,Completed,Mumbai
O105501,C11963,2026-02-26,P1436,2,10756.71,Paid,Completed,Hyderabad
O105502,C10731,2026-06-22,P1400,5,23390.46,Paid,Processing,Kolkata
O105503,C11803,2026-04-20,P1454,2,12439.79,Paid,Completed,Hyderabad
O105504,C10175,2026-04-04,P1377,3,713.74,Paid,Completed,Mumbai
O105505,C13910,2026-06-27,P1044,7,24007.58,Failed,Cancelled,Pune
O105506,C12618,2026-05-13,P1302,4,601.66,Paid,Completed,Pune
O105507,C12748,2026-08-14,P1205,1,13535.98,Paid,Completed,Hyderabad
O105508,C12040,2026-06-23,P1351,1,15949.85,,Completed,Bangalore
O105509,C13302,2026-01-17,P1111,7,22393.76,Paid,Completed,Chennai
O105510,C13336,2026-08-13,P1240,5,17076.55,Paid,Completed,Hyderabad
O105511,C10636,2026-05-25,P1409,7,20334.98,Paid,Completed,Chennai
O105512,C13076,2026-01-23,P1414,7,19317.09,Paid,Completed,Chennai
O105513,C12268,2026-09-10,P1367,4,5574.31,Paid,Completed,Hyderabad
O105514,C13051,2026-02-21,P1123,3,17601.56,Paid,Completed,Bangalore
O105515,C13677,2026-08-15,P1158,3,16048.28,Paid,Completed,Chennai
O105516,C11341,2026-04-08,P1463,5,6326.08,Pending,Completed,Hyderabad
O105517,C12285,2026-03-08,P1315,7,3469.77,Paid,Completed,Mumbai
O105518,C13152,2026-08-26,P1000,2,18865.49,Paid,Completed,Pune
O105519,C13950,2026-01-26,P1173,4,24286.82,Paid,Completed,Chennai
O105520,C12452,2026-07-01,P1289,1,18539.61,Paid,Processing,Kolkata
O105521,C12887,2026-07-07,P1217,4,18811.41,Paid,Completed,Kolkata
O105522,C13388,2026-01-15,P1181,7,4417.6,Paid,Completed,Kolkata
O105523,C13007,2026-04-29,P1186,5,6402.27,Paid,Completed,Bangalore
O105524,C13772,2026-02-03,P1093,2,14768.34,Paid,Completed,Bangalore
O105525,C10919,2026-01-25,P1040,6,1076.34,Paid,Processing,Chennai
O105526,C13634,2026-01-05,P1050,7,16797.7,Paid,Completed,Pune
O105527,C10829,2026-07-21,P1004,4,3876.84,Paid,Completed,Chennai
O105528,C12262,2026-05-28,P1343,2,10510.89,Paid,Completed,Chennai
O105529,C12093,2026-04-21,P1393,7,8208.65,Paid,Completed,Chennai
O105530,C13327,2026-06-05,P1165,7,2929.45,Paid,Processing,Pune
O105531,C11595,2026-01-07,P1418,4,14595.66,Paid,Completed,Bangalore
O105532,C10573,2026-04-15,P1193,1,9222.77,Paid,Completed,Mumbai
O105533,C12829,2026-03-02,P1476,3,1386.43,Paid,Cancelled,Chennai
O105534,C12428,2026-01-02,P1146,4,11277.17,Pending,Completed,Delhi
O105535,C13310,2026-05-23,P1165,7,14879.39,Paid,Completed,Chennai
O105536,C13036,2026-06-28,P1436,3,3521.23,Paid,Completed,Mumbai
O105537,C13582,2026-03-06,P1375,3,14749.35,Paid,Completed,Chennai
O105538,C13359,2026-01-17,P1233,3,7760.0,Paid,Completed,Kolkata
O105539,C12746,2026-04-20,P1049,7,6713.31,Refunded,Completed,Pune
O105540,C11864,2026-08-08,P1333,7,19948.44,Refunded,Processing,Kolkata
O105541,C10081,2026-01-24,P1347,5,11853.22,Failed,Processing,Delhi
O105542,C11231,2026-05-26,P1161,1,9634.7,Paid,Completed,Chennai
O105543,,2026-02-02,P1387,3,20381.65,Paid,Completed,Pune
O105544,C10238,2026-02-06,P1060,1,22785.5,Paid,Returned,Chennai
O105545,C13028,2026-06-03,P1366,7,8082.57,Paid,Processing,Bangalore
O105546,C12067,2026-02-18,P1344,7,1544.83,Paid,Completed,Kolkata
O105547,C13473,2026-04-24,P1246,4,13655.72,Paid,Completed,Chennai
O105548,C12641,2026-06-22,P1246,6,17964.3,Paid,Completed,Mumbai
O105549,C13196,2026-03-31,P1453,1,14818.43,Paid,Completed,Hyderabad
O105550,C10686,2026-07-03,P1219,2,17294.98,Failed,Processing,Delhi
O105551,C10692,2026-06-27,P1357,3,16274.09,Paid,Completed,Hyderabad
O105552,,2026-05-05,P1392,4,23913.07,Paid,Returned,Delhi
O105553,C11334,2026-07-11,P1179,3,21688.17,Paid,Completed,Delhi
O105554,C13620,2026-06-24,P1337,3,3556.54,Paid,Completed,Mumbai
O105555,C13099,2026-03-17,P1414,4,11479.32,Pending,Completed,Kolkata
O105556,C11459,2026-01-24,P1341,4,11532.78,Paid,Completed,Bangalore
O105557,C13676,2026-07-05,P1067,5,11571.44,Paid,Cancelled,Pune
O105558,C13118,2026-07-18,P1160,5,23288.39,Paid,Completed,Kolkata
O105559,C12626,2026-02-06,P1099,5,8381.66,Paid,Processing,Hyderabad
O105560,C11747,2026-01-18,P1314,1,15472.54,Paid,Completed,Kolkata
O105561,C12608,2026-01-31,P1418,2,22438.94,Paid,Completed,Hyderabad
O105562,C12374,2026-07-28,P1268,2,1548.3,Paid,Completed,Chennai
O105563,C13129,2026-09-07,P1078,1,22000.28,Paid,Completed,Chennai
O105564,C10903,2026-01-07,P1188,5,19194.49,Pending,Completed,Bangalore
O105565,C13545,2026-01-10,P1096,2,5434.45,Paid,Returned,Bangalore
O105566,C12369,2026-07-23,P1475,5,8340.13,Paid,Completed,Chennai
O105567,C13229,2026-08-08,P1303,7,7971.49,Paid,Completed,Delhi
O105568,C11390,2026-01-31,P1353,7,5766.27,Paid,Completed,Kolkata
O105569,C11568,2026-02-07,P1165,4,16071.48,Paid,Completed,Mumbai
O105570,C13752,2026-07-18,P1448,1,24575.86,Paid,Returned,Chennai
O105571,C12489,2026-08-13,P1053,5,4415.31,Paid,Cancelled,Mumbai
O105572,C11271,2026-09-02,P1158,7,6035.06,,Completed,BANGALORE
O105573,C10328,2026-05-15,P1048,1,7472.24,Paid,Cancelled,Bangalore
O105574,C11738,2026-01-23,P1464,7,23458.0,Paid,Completed,Pune
O105575,C13399,2026-05-04,P1149,3,15757.79,Failed,Completed,Hyderabad
O105576,C11006,2026-09-03,P1223,1,5552.91,Pending,Completed,Kolkata
O105577,C13443,2026-09-14,P1412,1,20158.53,Pending,Completed,Chennai
O105578,C10647,2026-05-17,P1192,7,23094.96,Paid,Cancelled,Hyderabad
O105579,C10520,2026-03-06,P1047,5,10265.02,Pending,Returned,Delhi
O105580,C12424,2026-04-22,P1091,1,4568.58,Paid,Completed,Chennai
O105581,C13221,2026-04-10,P1104,6,7954.94,Paid,Completed,Kolkata
O105582,C13122,2026-05-28,P1449,6,5662.73,Paid,Returned,Pune
O105583,C12176,2026-06-07,P1280,3,5275.25,Paid,Processing, 
O105584,C12556,2026-07-11,P1020,7,4518.48,Paid,Completed,Bangalore
O105585,C11033,2026-04-26,P1484,4,21938.38,Refunded,Completed,Bangalore
O105586,C12206,2026-01-11,P1281,7,2421.43,Paid,Cancelled,Kolkata
O105587,C10831,2026-01-02,P1359,6,10509.73,Paid,Completed,Delhi
O105588,C13716,2026-07-21,P1128,7,663.96,Paid,Cancelled,Hyderabad
O105589,C12714,2026-09-09,P1415,7,7546.86,Paid,Completed,
O105590,C12260,2026-08-23,P1072,2,17761.3,,Cancelled,Chennai
O105591,C10989,2026-07-13,P1173,7,5310.04,Paid,Completed,Mumbai
O105592,C11637,2026-03-22,P1240,4,24968.62,Pending,Returned,Kolkata
O105593,C13123,2026-06-21,P1260,1,1492.99,Paid,Completed,Bangalore
O105594,C10958,2026-06-17,P1167,6,3671.15,Pending,Returned,Mumbai
O105595,C10515,2026-01-05,P1144,3,19735.96,Pending,Completed,Delhi
O105596,C11230,2026-04-22,P1052,3,24407.16,Paid,Completed,Delhi
O105597,C13180,2026-03-24,P1220,4,23864.12,Paid,Returned,Bangalore
O105598,C13535,2026-06-28,P1107,5,20016.44,Pending,Processing,Mumbai
O105599,C11658,2026-01-06,P1338,2,24332.77,Paid,Processing,Chennai
O105600,C13127,2026-02-07,P1359,1,21067.62,Pending,Completed,Pune
O105601,C11329,2026-09-10,P1284,1,1733.21,Paid,Completed,Delhi
O105602,C12036,2026-04-19,P1370,7,21187.16,Paid,Completed,Pune
O105603,C10080,2026-07-14,P1075,4,12249.36,Paid,Cancelled,Hyderabad
O105604,C12850,2026-06-10,P1135,3,11581.8,Paid,Completed,Hyderabad
O105605,C12877,2026-05-11,P1106,3,362.42,Paid,Processing,Hyderabad
O105606,C10401,2026-03-08,P1042,5,15620.35,Paid,Completed,Pune
O105607,C11436,2026-07-20,P1222,2,16888.73,Paid,Completed,Mumbai
O105608,C11935,2026-04-05,P1142,7,19830.67,Paid,Cancelled,BANGALORE
O105609,C13098,2026-05-27,P1161,1,8351.04,,Completed,Pune
O105610,C13297,2026-02-24,P1089,4,3464.9,Paid,Processing,Kolkata
O105611,C12878,2026-08-24,P1381,7,11164.3,Refunded,Processing,Hyderabad
O105612,C10864,2026-05-11,P1418,5,9248.51,Pending,Completed,Chennai
O105613,C11426,2026-04-05,P1476,2,18902.39,Paid,Completed,Bangalore
O105614,C10990,2026-02-01,P1416,1,5967.14,Pending,Processing,Delhi
O105615,C12550,2026-04-06,P1352,2,3712.82,Pending,Processing,Kolkata
O105616,C12591,2026-03-18,P1227,1,11172.58,Paid,Completed,
O105617,C10064,2026-04-23,P1276,6,15811.34,Failed,Returned,Chennai
O105618,C12929,2026-04-24,P1477,2,7240.64,Paid,Cancelled,Mumbai
O105619,C10918,2026-06-07,P1146,2,3126.5,Paid,Processing,Chennai
O105620,C13208,2026-06-19,P1095,6,11146.17,Paid,Completed,Pune
O105621,C13333,2026-02-18,P1497,4,24058.37,Paid,Completed,Pune
O105622,C13190,2026-02-05,P1000,7,24192.67,Paid,Completed,Mumbai
O105623,C11633,2026-01-08,P1178,7,17804.54,Paid,Completed,Pune
O105624,C11394,2026-01-17,P1160,5,19495.69,Pending,Processing,Mumbai
O105625,C11741,2026-01-21,P1025,3,5326.7,Paid,Completed,Bangalore
O105626,C12110,2026-08-04,P1425,2,9553.95,Paid,Completed,Delhi
O105627,C11000,2026-01-24,P1309,4,15237.43,Paid,Processing,PUNE
O105628,C13729,2026-07-02,P1044,7,18835.29,Pending,Completed,Mumbai
O105629,C12017,2026-05-06,P1154,6,4415.64,Paid,Completed,Mumbai
O105630,C10293,2026-01-03,P1306,3,11603.42,Paid,Completed,Mumbai
O105631,C13992,2026-07-31,P1027,5,4320.03,Paid,Completed,Delhi
O105632,C11937,2026-05-10,P1211,5,15943.96,Paid,Completed,Mumbai
O105633,C13790,2026-05-05,P1007,2,19372.41,Paid,Cancelled,Kolkata
O105634,C11562,2026-01-08,P1345,6,20882.72,Pending,Completed,Delhi
O105635,C10899,2026-03-19,P1414,7,18389.42,Paid,Completed,Pune
O105636,C12949,2026-03-01,P1004,7,4230.89,Paid,Completed,MUMBAI
O105637,C11731,2026-02-15,P1010,6,20761.77,Failed,Completed,Pune
O105638,C13528,2026-07-16,P1340,1,8560.02,Paid,Completed,Pune
O105639,C11859,2026-07-21,P1199,5,20943.43,Paid,Completed,Delhi
O105640,C11354,2026-08-16,P1153,4,6497.25,Paid,Completed,Hyderabad
O105641,C13869,2026-04-23,P1121,2,12049.87,Pending,Completed,Kolkata
O105642,C13324,2026-03-11,P1187,5,14541.32,Paid,Completed,Chennai
O105643,C10823,2026-01-04,P1301,-3,1157.62,Refunded,Completed,Delhi
O105644,C11956,2026-05-25,P1139,7,22621.26,Paid,Completed,Kolkata
O105645,C10453,2026-06-21,P1234,-5,12935.12,Paid,Completed,BANGALORE
O105646,C10431,2026-08-22,P1012,5,5043.43,Paid,Completed,Mumbai
O105647,C13416,2026-06-21,P1201,2,4272.05,Paid,Returned,Chennai
O105648,C13730,2026-08-19,P1371,4,17257.74,Failed,Completed,Bangalore
O105649,C12957,2026-06-15,P1348,7,2318.81,Failed,Processing,Chennai
O105650,C13960,2026-04-06,P1263,5,11163.6,Paid,Completed,Bangalore
O105651,C10181,2026-02-14,P1425,1,13644.83,Pending,Completed,Bangalore
O105652,C11327,2026-03-29,P1101,3,6058.34,Paid,Cancelled,Delhi
O105653,C10528,2026-08-05,P1192,3,3491.24,Paid,Completed,Chennai
O105654,C13130,2026-06-09,P1392,2,12420.45,Paid,Completed,Pune
O105655,C13564,2026-03-27,P1131,5,8706.1,Paid,Completed,Chennai
O105656,C11789,2026-07-22,P1352,5,3763.97,Paid,Completed,Chennai
O105657,C13319,2026-01-24,P1310,7,5496.23,Paid,Completed,Pune
O105658,C13393,2026-04-29,P1361,7,11932.21,Paid,Processing,Pune
O105659,C10559,2026-05-04,P1499,1,3586.34,Paid,Processing,Kolkata
O105660,C11509,2026-08-03,P1212,3,23422.15,Paid,Completed, Mumbai 
O105661,C10752,2026-04-02,P1378,6,19453.76,Paid,Processing,Delhi
O105662,C12682,2026-01-05,P1326,4,8341.28,Paid,Processing,Mumbai
O105663,C11550,2026-03-14,P1054,6,6681.39,Refunded,Completed,
O105664,C12673,2026-08-23,P1095,3,21895.1,Failed,Completed,Kolkata
O105665,C13506,2026-07-09,P1312,5,10845.12,Paid,Processing,Bangalore
O105666,C11652,2026-07-01,P1184,4,21609.13,Paid,Completed,Hyderabad
O105667,C13890,2026-04-06,P1422,7,18638.67,Paid,Completed,Mumbai
O105668,C11635,2026-02-09,P1155,4,2575.31,Paid,Completed,Delhi
O105669,C10855,2026-05-11,P1153,1,20396.02,Paid,Cancelled,Bangalore
O105670,C12118,2026-08-25,P1100,6,13635.06,Pending,Completed,Chennai
O105671,C11597,2026-08-26,P1353,2,17036.72,Paid,Completed,Mumbai
O105672,C10500,2026-01-13,P1072,2,5709.41,Paid,Completed,Delhi
O105673,C10092,2026-03-06,P1325,1,306.68,Paid,Completed,Mumbai
O105674,C12978,2026-01-01,P1021,7,8542.1,Paid,Completed,Pune
O105675,C13734,2026-08-16,P1200,5,5008.5,Paid,Completed,Pune
O105676,C11763,2026-02-28,P1494,5,11049.85,Paid,Completed,Pune
O105677,C10261,2026-02-16,P1172,2,2545.18,Paid,Completed,Pune
O105678,C12964,2026-06-26,P1142,3,22407.64,Paid,Cancelled,Hyderabad
O105679,C13471,2026-03-24,P1448,1,3232.48,Paid,Completed,Delhi
O105680,C11295,2026-04-26,P1351,3,19175.37,Paid,Completed,Delhi
O105681,C10888,2026-01-04,P1494,1,23501.32,,Processing,Chennai
O105682,C11349,2026-04-03,P1145,1,3961.24,Paid,Completed,Delhi
O105683,C13636,2026-04-07,P1266,2,8857.98,Paid,Completed,Kolkata
O105684,C11673,2026-08-09,P1482,2,18357.24,Paid,Completed,Mumbai
O105685,C12618,2026-03-28,P1352,6,17947.21,Paid,Completed,Kolkata
O105686,C10297,2026-02-20,P1387,3,1223.66,Paid,Completed,Mumbai
O105687,C11127,2026-03-29,P1033,5,2046.14,Pending,Processing,Hyderabad
O105688,C10912,2026-02-04,P1303,4,3267.45,Paid,Completed,Chennai
O105689,C10250,2026-06-30,P1082,6,14330.14,Paid,Completed,Mumbai
O105690,C10482,2026-03-05,P1047,3,1659.56,Paid,Completed,Pune
O105691,C11667,2026-09-08,P1331,7,14833.73,Paid,Processing,Bangalore
O105692,C12233,2026-01-03,P1295,1,8758.81,Refunded,Completed,Hyderabad
O105693,C11248,2026-07-07,P1186,4,16834.44,Paid,Completed,Delhi
O105694,C11679,2026-02-18,P1483,4,19616.45,Pending,Completed,Chennai
O105695,C13040,2026-08-11,P1431,6,19847.56,Paid,Completed,Delhi
O105696,C10989,2026-02-24,P1296,4,1229.58,Pending,Completed,Pune
O105697,C10136,2026-02-27,P1405,6,23695.72,Paid,Completed,Hyderabad
O105698,C11028,2026-09-15,P1366,4,14790.16,Paid,Returned,Pune
O105699,C13688,2026-08-12,P1319,6,22423.77,Paid,Completed,Kolkata
O105700,C10072,2026-04-19,P1203,6,15494.09,Failed,Completed,Delhi
O105701,C10516,2026-07-10,P1048,4,12257.69,Paid,Completed,Mumbai
O105702,C10260,2026-06-20,P1117,3,18324.3,Paid,Completed,Delhi
O105703,C11508,2026-02-11,P1182,2,5719.71,Paid,Completed,Delhi
O105704,C12593,2026-06-10,P1091,2,2849.69,Paid,Completed,Mumbai
O105705,C13644,2026-08-26,P1270,7,2535.31,Paid,Completed,Pune
O105706,C13178,2026-08-29,P1131,1,21273.66,Paid,Completed,Delhi
O105707,C11003,2026-03-27,P1135,5,22837.39,Paid,Completed,Mumbai
O105708,C12541,2026-02-18,P1478,7,20416.03,Paid,Completed,Delhi
O105709,C12657,2026-07-15,P1382,3,22639.51,Paid,Completed,Bangalore
O105710,C10362,2026-01-23,P1315,4,24623.96,Failed,Completed,Pune
O105711,C11709,2026-01-26,P1126,2,13293.65,Pending,Completed,Mumbai
O105712,C11245,2026-06-23,P1345,1,4100.85,Pending,Cancelled,Chennai
O105713,C10628,2026-05-02,P1386,4,15315.79,Paid,Completed,Chennai
O105714,C10234,2026-09-03,P1230,1,9041.16,Paid,Cancelled,Chennai
O105715,C10108,2026-04-21,P1390,4,8857.28,Paid,Completed,Chennai
O105716,C13437,2026-02-04,P1334,6,18276.86,Paid,Processing,Delhi
O105717,C11323,2026-07-12,P1211,4,2539.07,Paid,Completed,Kolkata
O105718,C11973,2026-03-21,P1400,2,1227.03,Paid,Processing,Bangalore
O105719,,2026-09-03,P1379,2,17473.28,Failed,Completed,Chennai
O105720,C10663,2026-03-30,P1223,4,6740.03,Paid,Completed,Pune
O105721,C11046,2026-05-22,P1009,2,9821.88,Paid,Completed,Chennai
O105722,C10680,2026-06-19,P1079,7,7898.53,Paid,Processing,Bangalore
O105723,C13033,2026-06-09,P1111,3,15486.58,Paid,Completed,Kolkata
O105724,C13632,2026-01-28,P1281,4,4116.53,Paid,Completed,Chennai
O105725,C11739,2026-02-19,P1277,2,18098.52,Paid,Returned,Bangalore
O105726,C13294,2026-03-12,P1398,1,23145.7,Paid,Completed,Mumbai
O105727,C11704,2026-03-28,P1057,1,20951.88,Paid,Processing,Bangalore
O105728,C11788,2026-09-02,P1251,1,22703.81,Paid,Returned,Hyderabad
O105729,C11942,2026-03-25,P1315,5,23445.65,Paid,Completed,Delhi
O105730,C13283,2026-01-01,P1331,1,9496.65,Paid,Completed,Bangalore
O105731,C13748,2026-01-28,P1166,6,19954.78,Paid,Completed,DELHI
O105732,C12980,2026-04-01,P1386,1,12522.19,Paid,Completed,Pune
O105733,C13556,2026-04-20,P1443,3,6963.4,Paid,Completed,Chennai
O105734,C12572,2026-05-31,P1180,3,18747.99,Paid,Cancelled,Delhi
O105735,,2026-03-07,P1407,5,6329.98,Paid,Returned,Mumbai
O105736,C12229,2026-04-28,P1438,3,3007.63,Paid,Completed,Mumbai
O105737,C13093,2026-03-11,P1001,2,17704.1,Paid,Processing,Bangalore
O105738,C12823,2026-03-21,P1195,1,7402.61,Failed,Processing,Hyderabad
O105739,C12999,2026-01-31,P1406,2,7856.19,Paid,Completed,Hyderabad
O105740,C10938,2026-05-10,P1381,7,22063.73,Paid,Completed,Mumbai
O105741,C10615,2026-02-15,P1058,5,3647.82,Paid,Completed,Chennai
O105742,C12614,2026-05-23,P1056,2,19191.7,Paid,Completed,Mumbai
O105743,C11933,2026-05-23,P1470,6,9839.45,Paid,Cancelled,Kolkata
O105744,,2026-09-07,P1199,2,22357.36,Paid,Completed,Chennai
O105745,C10586,2026-05-23,P1425,2,11176.5,Paid,Completed,Delhi
O105746,C13793,2026-04-19,P1107,6,10402.87,Paid,Cancelled,Delhi
O105747,C12818,2026-03-09,P1139,3,10917.69,Paid,Completed,Delhi
O105748,C10092,2026-02-26,P1200,1,20990.95,Paid,Completed,Chennai
O105749,C12307,2026-02-03,P1074,6,559.6,Paid,Completed,Chennai
O105750,C11251,2026-08-04,P1236,2,17710.12,Paid,Completed,Pune
O105751,C11099,2026-07-04,P1478,7,5369.44,Paid,Returned,Kolkata
O105752,C13611,2026-04-11,P1000,4,22088.5,Paid,Completed,Delhi
O105753,C13346,2026-01-06,P1354,1,9585.39,Paid,Completed,Hyderabad
O105754,C10038,2026-03-06,P1053,1,8672.2,Refunded,Processing,Chennai
O105755,C10727,2026-01-07,P1247,4,17901.82,Paid,Completed,Delhi
O105756,C12880,2026-03-07,P1298,5,18144.49,Paid,Completed,Chennai
O105757,C13395,2026-01-19,P1445,5,15952.66,Paid,Completed,Chennai
O105758,C12872,2026-04-17,P1398,1,8446.26,Refunded,Completed,Mumbai
O105759,C12102,2026-01-26,P1006,3,15375.72,Failed,Completed,Chennai
O105760,C13941,2026-05-22,P1411,6,1640.37,Paid,Cancelled,Kolkata
O105761,C13191,2026-03-18,P1239,5,23892.94,Paid,Completed,
O105762,C11873,2026-04-23,P1261,5,11481.98,Paid,Completed,Mumbai
O105763,C12335,2026-03-09,P1275,2,7820.6,Paid,Cancelled,Kolkata
O105764,C10179,2026-03-08,P1343,2,21561.24,Pending,Completed,
O105765,C13862,2026-08-13,P1425,5,8307.05,Paid,Completed,Chennai
O105766,C11452,2026-09-12,P1483,3,24930.18,Failed,Completed,Chennai
O105767,C12648,2026-07-03,P1037,2,17357.81,Paid,Processing,Delhi
O105768,C12669,2026-03-07,P1189,6,16344.58,Paid,Completed,Hyderabad
O105769,C10227,2026-02-22,P1331,3,4050.86,Paid,Completed,Delhi
O105770,C11064,2026-05-05,P1258,6,15363.61,Paid,Completed,Delhi
O105771,C12626,2026-07-10,P1155,6,4131.59,Paid,Completed,Delhi
O105772,,2026-04-10,P1011,1,19655.02,Refunded,Completed,Delhi
O105773,C13117,2026-01-22,P1246,6,3718.54,Paid,Completed,Hyderabad
O105774,C12322,2026-03-08,P1335,6,9163.17,Paid,Cancelled,Chennai
O105775,C10930,2026-09-15,P1171,3,12075.3,Paid,Processing,Chennai
O105776,C13798,2026-02-17,P1014,2,20188.28,Paid,Cancelled,Hyderabad
O105777,C11615,2026-08-02,P1373,7,15929.18,Paid,Completed,Delhi
O105778,C10600,2026-06-21,P1310,7,18774.79,Pending,Processing,Hyderabad
O105779,C10086,2026-01-25,P1094,7,6326.16,Paid,Completed,Hyderabad
O105780,C13803,2026-07-28,P1244,6,6160.41,Paid,Returned,CHENNAI
O105781,C13114,2026-05-10,P1468,4,9701.31,Paid,Completed,Mumbai
O105782,C10866,2026-07-22,P1337,3,761.42,Pending,Completed,Bangalore
O105783,C10567,2026-04-11,P1431,5,20818.39,Paid,Cancelled,Bangalore
O105784,C13840,2026-01-02,P1261,6,9438.23,Paid,Completed,Pune
O105785,C10963,2026-01-30,P1063,6,1968.57,Paid,Processing,bangalore
O105786,C11849,2026-06-26,P1208,7,21843.72,Paid,Completed,Hyderabad
O105787,C12445,2026-04-29,P1214,3,24205.31,Paid,Processing,Bangalore
O105788,C10249,2026-08-14,P1034,3,16270.64,Paid,Completed,Chennai
O105789,C11378,2026-08-22,P1465,3,9107.73,Paid,Completed,Mumbai
O105790,C13777,2026-08-24,P1010,5,10519.8,Paid,Completed,Bangalore
O105791,C12803,2026-07-02,P1278,6,6627.04,Failed,Cancelled,Delhi
O105792,C11472,2026-07-23,P1312,3,17868.5,Failed,Cancelled,Hyderabad
O105793,C13169,2026-02-19,P1080,4,9094.98,Paid,Processing,Delhi
O105794,C13351,2026-04-25,P1069,5,1102.35,Paid,Processing,Kolkata
O105795,C10607,2026-03-09,P1471,4,1440.21,Paid,Completed,Hyderabad
O105796,C12348,2026-02-06,P1369,7,15484.31,Paid,Completed,Delhi
O105797,C11468,2026-01-12,P1164,4,7472.48,Paid,Completed,Kolkata
O105798,C12029,2026-03-24,P1062,4,4464.21,Pending,Completed,Mumbai
O105799,C11877,2026-02-15,P1079,5,13943.42,Paid,Completed,Pune
O105800,C12016,2026-08-01,P1476,2,7177.38,Paid,Cancelled,Chennai
O105801,C12089,2026-02-07,P1028,5,2111.38,Paid,Completed,Delhi
O105802,C10277,2026-08-29,P1499,3,5081.49,Pending,Processing,Bangalore
O105803,C10711,2026-06-02,P1169,6,19514.3,Pending,Completed,Mumbai
O105804,C12266,2026-07-13,P1155,4,21344.68,Paid,Completed,Mumbai
O105805,C13747,2026-01-21,P1399,3,21842.05,Paid,Completed,Kolkata
O105806,C12988,2026-03-23,P1450,4,13510.37,Paid,Completed,Delhi
O105807,C10955,2026-04-22,P1105,4,23788.49,Paid,Returned, Bangalore 
O105808,C11448,2026-03-03,P1471,6,4046.22,Pending,Completed,Hyderabad
O105809,C11342,2026-01-15,P1273,3,17055.4,Paid,Processing,Hyderabad
O105810,C13080,2026-05-15,P1431,1,17695.26,Paid,Completed,Delhi
O105811,C13891,2026-05-07,P1400,4,1613.68,Paid,Completed,Delhi
O105812,C11422,2026-05-22,P1240,6,7276.46,Failed,Processing,Pune
O105813,C10059,2026-02-04,P1329,1,23741.49,Paid,Completed,Chennai
O105814,C13750,2026-07-18,P1228,5,19048.01,Paid,Completed,Chennai
O105815,C13015,2026-07-20,P1152,4,1650.94,Paid,Cancelled,Kolkata
O105816,C13340,2026-03-25,P1355,7,13657.61,Paid,Completed,Pune
O105817,C10835,2026-03-19,P1494,4,16320.97,Paid,Completed,Hyderabad
O105818,C12584,2026-02-11,P1303,6,24335.16,Paid,Returned,Bangalore
O105819,C10931,2026-04-14,P1342,5,17995.92,Paid,Returned,Bangalore
O105820,C10046,2026-03-02,P1177,3,16074.75,Paid,Completed,Bangalore
O105821,C10628,2026-08-03,P1018,3,22740.63,Paid,Processing,Kolkata
O105822,C13694,2026-09-07,P1457,1,16625.15,Paid,Completed,Bangalore
O105823,C10861,2026-01-08,P1330,5,23323.41,Pending,Completed,Pune
O105824,C12342,2026-09-14,P1040,4,12471.57,Failed,Processing,Bangalore
O105825,C13875,2026-01-29,P1260,1,18048.56,Paid,Completed,Hyderabad
O105826,C10302,2026-07-07,P1261,3,15904.34,Paid,Completed,Chennai
O105827,C13234,2026-07-27,P1386,4,13947.39,Paid,Processing,Pune
O105828,C12392,2026-07-08,P1300,6,8305.14,Paid,Completed,Pune
O105829,C11294,2026-08-02,P1229,3,22623.33,Paid,Completed,Chennai
O105830,C11458,2026-07-21,P1074,1,6970.1,Paid,Processing,Bangalore
O105831,C10108,2026-08-24,P1188,3,4236.92,Paid,Cancelled,Delhi
O105832,C11024,2026-01-21,P1111,6,17887.64,Refunded,Cancelled, Delhi 
O105833,C11694,2026-07-16,P1362,7,13799.86,Paid,Cancelled,Mumbai
O105834,C12869,2026-04-30,P1233,7,6792.66,Paid,Completed, 
O105835,C11099,2026-07-21,P1175,3,21796.6,Pending,Completed,Hyderabad
O105836,C12323,2026-03-20,P1407,7,7369.31,Paid,Completed,Mumbai
O105837,C12929,2026-02-13,P1365,7,1875.42,Paid,Completed,Mumbai
O105838,C12796,2026-07-21,P1047,5,679.56,Paid,Completed,KOLKATA
O105839,C12363,2026-07-05,P1409,6,23094.52,Paid,Processing,Chennai
O105840,C12322,2026-07-05,P1176,1,10233.8,Paid,Completed,Pune
O105841,C12887,2026-01-31,P1473,7,5573.18,Paid,Completed,Kolkata
O105842,C11343,2026-06-05,P1215,4,14307.4,Paid,Completed,Mumbai
O105843,C11802,2026-05-27,P1231,3,12350.78,Paid,Completed,Bangalore
O105844,C13867,2026-05-11,P1438,3,24996.11,Pending,Cancelled,Delhi
O105845,C12676,2026-06-03,P1387,2,22246.07,Paid,Completed,
O105846,C12081,2026-01-19,P1048,1,6996.23,Paid,Completed,Chennai
O105847,C12315,2026-08-14,P1457,1,17533.42,Paid,Completed,Kolkata
O105848,C10418,2026-08-09,P1097,4,9863.22,Refunded,Completed,Mumbai
O105849,C12369,2026-07-20,P1299,7,9301.61,Paid,Returned,Delhi
O105850,C13348,2026-04-11,P1284,5,9367.55,Failed,Completed,Chennai
O105851,C12096,2026-06-06,P1281,4,16089.6,Paid,Completed, 
O105852,C10708,2026-04-07,P1466,6,13588.2,Paid,Completed,Delhi
O105853,C11794,2026-04-26,P1468,1,18949.73,Paid,Completed,
O105854,C11112,2026-08-02,P1210,3,4078.75,Paid,Completed,Kolkata
O105855,C11440,2026-06-26,P1126,5,10808.05,Paid,Completed,Hyderabad
O105856,C10900,2026-01-05,P1316,5,21549.98,Pending,Returned,Bangalore
O105857,C11336,2026-06-04,P1295,1,378.16,Pending,Completed,Mumbai
O105858,C13289,2026-07-12,P1101,1,15700.26,Paid,Cancelled,Mumbai
O105859,C13033,2026-03-27,P1018,4,19707.7,Paid,Completed,Bangalore
O105860,C11963,2026-08-21,P1209,2,9781.21,Pending,Completed,Chennai
O105861,C13132,2026-04-08,P1141,7,22125.31,Paid,Completed,
O105862,C13905,2026-03-08,P1290,1,18471.59,Paid,Completed,Kolkata
O105863,C11625,2026-03-28,P1337,1,15269.39,Paid,Completed,Bangalore
O105864,C13923,2026-07-17,P1347,4,5198.57,Paid,Processing,Pune
O105865,C10984,2026-03-10,P1146,1,16851.57,Paid,Completed,Mumbai
O105866,C13821,2026-08-11,P1088,6,20894.04,Paid,Cancelled,PUNE
O105867,C13460,2026-03-02,P1334,7,18328.75,,Completed,Hyderabad
O105868,C10797,2026-02-15,P1239,4,14498.96,Paid,Completed,
O105869,C11400,2026-06-01,P1368,6,17950.05,Paid,Completed,Delhi
O105870,C12833,2026-03-17,P1386,7,24429.15,Pending,Completed,Delhi
O105871,C10767,2026-05-11,P1342,1,566.87,Paid,Returned,Bangalore
O105872,C12364,2026-04-21,P1433,3,16699.04,Paid,Completed,Mumbai
O105873,C12140,2026-07-30,P1236,7,19886.92,Paid,Processing,Mumbai
O105874,C11168,2026-03-12,P1139,7,16080.62,Paid,Completed,Kolkata
O105875,C11203,2026-06-25,P1095,1,7045.37,Paid,Completed,Kolkata
O105876,C12066,2026-06-14,P1498,2,20622.11,Pending,Completed,Bangalore
O105877,C11200,2026-05-17,P1181,5,22858.49,Paid,Completed,Chennai
O105878,C10721,2026-03-19,P1347,4,17182.57,Pending,Completed,Bangalore
O105879,C13095,2026-02-21,P1225,2,12922.3,Pending,Completed,Mumbai
O105880,C12328,2026-01-21,P1192,6,9348.13,Paid,Completed,Pune
O105881,C11751,2026-09-10,P1137,4,8452.4,Paid,Completed,Pune
O105882,C10725,2026-02-20,P1369,2,18163.72,Paid,Completed,Chennai
O105883,C12379,2026-07-28,P1282,4,15295.95,Paid,Completed,Bangalore
O105884,C12516,2026-03-17,P1075,6,4174.21,Pending,Completed,Delhi
O105885,C11920,2026-05-03,P1492,4,3785.09,Paid,Completed,Hyderabad
O105886,C11492,2026-06-09,P1355,6,2056.15,Paid,Completed,Mumbai
O105887,C13471,2026-02-13,P1244,-2,17182.74,Paid,Processing,Delhi
O105888,C12821,2026-07-14,P1352,1,8064.8,Paid,Completed,Hyderabad
O105889,C11425,2026-05-15,P1323,4,799.99,Paid,Completed,Mumbai
O105890,C12374,2026-04-23,P1404,4,8641.01,Paid,Completed,Mumbai
O105891,C10935,2026-04-13,P1147,-2,20853.28,Paid,Completed,Mumbai
O105892,C10045,2026-06-23,P1369,7,6417.26,Pending,Completed,Delhi
O105893,C13478,2026-05-03,P1144,5,15948.67,Paid,Completed,Pune
O105894,C13278,2026-03-10,P1115,6,11159.88,Paid,Completed,
O105895,C12559,2026-05-25,P1301,6,13857.73,Paid,Completed,Bangalore
O105896,C13247,2026-08-24,P1417,4,15015.59,Paid,Completed,Bangalore
O105897,C13125,2026-04-06,P1333,4,11533.83,Paid,Processing,Chennai
O105898,C13443,2026-07-07,P1009,3,1729.04,Refunded,Completed,Pune
O105899,C13570,2026-01-30,P1120,3,14322.08,Pending,Completed,Delhi
O105900,C13277,2026-07-06,P1147,6,10118.86,Paid,Completed,Delhi
O105901,C13409,2026-05-01,P1447,3,5237.03,Paid,Completed,Mumbai
O105902,C12008,2026-04-26,P1445,5,22443.75,Paid,Processing,Pune
O105903,C12834,2026-05-06,P1226,6,18480.86,Paid,Completed,Bangalore
O105904,C11334,2026-05-14,P1462,4,7316.49,Paid,Completed, Mumbai 
O105905,C13447,2026-04-14,P1422,5,13612.24,Paid,Completed,Chennai
O105906,C13437,2026-01-18,P1218,6,24088.9,Paid,Completed,Chennai
O105907,C10264,2026-05-04,P1317,5,6362.9,Failed,Processing,Hyderabad
O105908,C11389,2026-02-09,P1078,2,23700.4,Failed,Completed, 
O105909,C10686,2026-02-10,P1466,1,17179.03,Paid,Processing,Chennai
O105910,C10543,2026-07-07,P1345,7,13658.67,Failed,Completed,Chennai
O105911,C11660,2026-09-13,P1139,2,24585.23,Paid,Processing,Bangalore
O105912,C12504,2026-07-27,P1023,6,8542.61,Paid,Completed,Pune
O105913,C11376,2026-01-15,P1308,6,7172.31,Paid,Completed,Delhi
O105914,C11237,2026-07-11,P1227,6,8687.95,Paid,Completed,Hyderabad
O105915,C10378,2026-05-17,P1288,1,18846.2,Pending,Completed,Chennai
O105916,C11532,2026-07-09,P1324,2,8624.06,Refunded,Completed,
O105917,C11885,2026-08-28,P1328,7,2838.23,Paid,Processing,Delhi
O105918,C11596,2026-07-19,P1359,4,16214.51,Paid,Completed,Kolkata
O105919,C12722,2026-05-18,P1461,5,5807.69,Paid,Completed,
O105920,C11153,2026-09-13,P1429,2,402.83,Failed,Completed,Chennai
O105921,C12866,2026-06-19,P1099,2,5219.19,Paid,Completed,Mumbai
O105922,C13533,2026-08-21,P1088,4,20532.89,Paid,Completed,Delhi
O105923,C12366,2026-07-25,P1006,5,23524.13,Pending,Completed,Mumbai
O105924,C11555,2026-05-18,P1353,1,16650.23,Refunded,Completed,Pune
O105925,C10719,2026-06-21,P1170,2,7969.1,Paid,Completed,Mumbai
O105926,C13732,2026-04-13,P1262,1,11081.48,Paid,Completed,
O105927,C13009,2026-07-04,P1350,3,5105.35,Paid,Completed,Kolkata
O105928,C10986,2026-05-03,P1371,6,22055.21,Refunded,Completed,Hyderabad
O105929,C10603,2026-08-12,P1316,2,16739.86,Paid,Completed,Kolkata
O105930,C10197,2026-07-09,P1031,5,2384.99,Failed,Completed,Bangalore
O105931,C10762,2026-08-30,P1212,3,9363.26,Paid,Completed,Kolkata
O105932,C12931,2026-05-19,P1496,3,13589.16,Failed,Completed,Chennai
O105933,C12520,2026-07-21,P1058,2,19994.05,Paid,Completed,Kolkata
O105934,C13872,2026-07-17,P1334,7,23036.46,Paid,Completed,Kolkata
O105935,C11288,2026-09-15,P1029,7,3577.03,Paid,Completed,Pune
O105936,C13148,2026-07-15,P1259,7,20913.52,Paid,Completed,Pune
O105937,C10482,2026-02-02,P1033,2,1924.86,Paid,Completed,Mumbai
O105938,C12252,2026-08-09,P1136,6,6240.11,Paid,Processing,Mumbai
O105939,C11868,2026-04-17,P1315,3,819.0,Paid,Completed,Pune
O105940,C13355,2026-05-24,P1459,7,1876.56,Pending,Completed,Delhi
O105941,C12808,2026-03-06,P1221,2,1100.78,Paid,Completed,Mumbai
O105942,C10777,2026-02-10,P1407,6,3906.39,Paid,Completed,Delhi
O105943,C13938,2026-04-01,P1114,5,21950.24,Paid,Completed,Kolkata
O105944,C13295,2026-06-25,P1182,5,7310.52,Pending,Cancelled,Chennai
O105945,C11419,2026-05-27,P1246,3,12148.97,Paid,Completed,PUNE
O105946,,2026-07-09,P1028,2,12331.77,Paid,Completed,Mumbai
O105947,C13830,2026-01-12,P1309,6,24882.99,Pending,Completed,Pune
O105948,C13563,2026-01-05,P1178,6,9307.42,Paid,Completed,Mumbai
O105949,C12226,2026-06-20,P1376,3,6847.95,Paid,Cancelled,Bangalore
O105950,C12310,2026-06-06,P1277,5,24092.14,Paid,Completed,Hyderabad
O105951,C10426,2026-02-14,P1482,2,14935.38,Paid,Cancelled,Hyderabad
O105952,C10659,2026-06-24,P1275,6,7450.19,Paid,Completed,Pune
O105953,C13933,2026-04-05,P1292,5,7400.9,Paid,Processing,Kolkata
O105954,C13081,2026-07-24,P1127,6,2433.16,Paid,Completed,Kolkata
O105955,C10102,2026-03-15,P1232,2,14054.66,Refunded,Cancelled,Pune
O105956,C12191,2026-06-15,P1306,4,18175.09,Paid,Completed,Hyderabad
O105957,C11382,2026-07-10,P1072,5,12025.43,Paid,Returned,Delhi
O105958,C11247,2026-07-15,P1372,1,22145.59,Paid,Completed,Delhi
O105959,C12228,2026-07-23,P1213,6,12253.93,Paid,Completed,Hyderabad
O105960,C11281,2026-06-04,P1433,6,8855.05,Paid,Completed,
O105961,C11007,2026-08-17,P1207,2,6494.34,Paid,Completed,Mumbai
O105962,C13754,2026-04-04,P1321,4,6309.35,Paid,Completed,Bangalore
O105963,C10159,2026-02-27,P1061,4,8117.89,Paid,Completed,Bangalore
O105964,C11746,2026-05-03,P1251,4,24801.78,Paid,Completed,Bangalore
O105965,C12046,2026-01-07,P1043,5,9212.42,Paid,Completed,Mumbai
O105966,C11761,2026-08-21,P1369,6,13257.62,Paid,Returned,
O105967,C12631,2026-05-22,P1278,1,7084.48,Paid,Completed,Delhi
O105968,C10102,2026-03-11,P1348,4,3845.34,Failed,Processing,Delhi
O105969,C13542,2026-05-03,P1010,6,16252.09,Paid,Completed,Chennai
O105970,C12002,2026-07-08,P1181,3,13766.94,Paid,Completed,Bangalore
O105971,C12216,2026-03-02,P1182,2,1975.31,Paid,Processing, 
O105972,C11852,2026-05-17,P1060,2,22104.84,Paid,Completed,Bangalore
O105973,C11779,2026-04-03,P1482,6,12840.43,Paid,Completed,Pune
O105974,C10747,2026-07-17,P1179,7,8582.4,Refunded,Completed,Kolkata
O105975,C12019,2026-03-04,P1122,1,19550.17,Paid,Completed, Mumbai 
O105976,C11686,2026-05-27,P1021,6,3068.63,Paid,Completed,Hyderabad
O105977,C11873,2026-01-27,P1002,1,12002.37,Paid,Processing,Bangalore
O105978,C10055,2026-05-16,P1238,5,13854.68,Paid,Completed,Pune
O105979,C10523,2026-04-11,P1203,3,19445.59,Refunded,Completed,Pune
O105980,C13055,2026-05-07,P1320,7,9445.04,Paid,Completed,Pune
O105981,C11677,2026-03-22,P1245,2,21417.61,Paid,Completed,Delhi
O105982,C12974,2026-08-01,P1185,4,17532.52,Paid,Completed,Kolkata
O105983,C10684,2026-03-01,P1170,4,19345.56,Paid,Completed,Delhi
O105984,C12795,2026-06-04,P1345,2,24236.22,Paid,Processing,Bangalore
O105985,C11157,2026-06-12,P1481,3,21165.41,Paid,Completed,Mumbai
O105986,C12822,2026-06-08,P1060,3,8865.67,Paid,Processing,Mumbai
O105987,C10347,2026-04-20,P1348,6,16251.53,Paid,Completed,Kolkata
O105988,C11335,2026-01-29,P1052,4,21754.71,Paid,Completed,Delhi
O105989,C10477,2026-08-20,P1493,2,13270.5,Refunded,Completed,Hyderabad
O105990,C12520,2026-07-31,P1160,4,17165.16,Paid,Completed,Pune
O105991,C11571,2026-04-23,P1223,5,4554.85,Paid,Completed,Chennai
O105992,C10297,2026-08-23,P1024,2,20453.08,Paid,Completed,Kolkata
O105993,C12107,2026-04-26,P1305,3,19009.28,Paid,Completed,Mumbai
O105994,C10099,2026-02-23,P1497,4,22255.68,Paid,Cancelled,Kolkata
O105995,C13276,2026-01-10,P1302,1,17840.67,Paid,Completed,Mumbai
O105996,C13756,2026-01-16,P1121,-3,21959.44,Refunded,Completed,Chennai
O105997,C13242,2026-03-04,P1185,5,4306.74,Paid,Completed,Bangalore
O105998,C13809,2026-09-11,P1355,1,20397.09,Paid,Returned,Pune
O105999,C13591,2026-07-02,P1065,5,23838.29,Paid,Completed,Bangalore
O106000,C13582,2026-03-27,P1206,5,20443.04,Paid,Completed,Bangalore
O106001,C10982,2026-03-14,P1268,3,15496.13,Pending,Cancelled,Chennai
O106002,C10925,2026-03-03,P1425,3,23184.55,Refunded,Completed,Mumbai
O106003,C13240,2026-02-10,P1014,2,2633.81,Failed,Cancelled,Bangalore
O106004,C11967,2026-07-08,P1005,4,716.56,Paid,Completed,Bangalore
O106005,C13772,2026-08-17,P1252,7,24143.41,Paid,Completed,Hyderabad
O106006,C13591,2026-02-17,P1084,7,17170.23,Paid,Completed,Hyderabad
O106007,C13575,2026-05-24,P1041,6,3119.91,Paid,Processing,Delhi
O106008,C11305,2026-06-12,P1217,1,8698.3,Pending,Completed,Kolkata
O106009,C10532,2026-03-22,P1162,4,18795.41,Paid,Processing,Hyderabad
O106010,C12713,2026-04-18,P1236,7,18834.57,Failed,Completed,Kolkata
O106011,C11763,2026-07-05,P1081,4,4498.79,Failed,Processing,Kolkata
O106012,C13738,2026-05-24,P1261,7,11912.65,Paid,Completed,Kolkata
O106013,C13418,2026-04-01,P1077,5,20240.58,Paid,Completed,Pune
O106014,C13718,2026-08-10,P1401,1,24179.89,Paid,Completed,Delhi
O106015,C12273,2026-08-24,P1298,-4,15677.37,Paid,Cancelled,Kolkata
O106016,C12106,2026-05-13,P1147,4,16061.89,Paid,Completed,Mumbai
O106017,C13391,2026-05-17,P1462,5,11892.93,Paid,Processing,Pune
O106018,C12049,2026-09-13,P1436,3,13614.73,Paid,Completed,Hyderabad
O106019,C13602,2026-01-25,P1108,5,2743.66,Paid,Completed,Mumbai
O106020,C10137,2026-02-27,P1047,4,8934.83,Paid,Completed,Mumbai
O106021,C11436,2026-09-12,P1154,6,12830.15,Paid,Completed,Pune
O106022,C13342,2026-04-10,P1471,4,7092.04,Paid,Completed,
O106023,C10840,2026-03-25,P1075,4,9187.78,Paid,Cancelled,Mumbai
O106024,C11597,2026-01-13,P1128,7,24288.56,Refunded,Completed,Kolkata
O106025,C10040,2026-07-30,P1118,1,428.5,Paid,Processing,Kolkata
O106026,C11207,2026-06-24,P1269,1,7775.29,Paid,Completed,Kolkata
O106027,C11275,2026-03-17,P1415,6,14723.66,Paid,Cancelled,Bangalore
O106028,C12932,2026-04-24,P1322,4,7190.48,Pending,Completed,Kolkata
O106029,C12711,2026-08-16,P1009,1,17008.66,Paid,Completed,Hyderabad
O106030,C11781,2026-08-25,P1409,5,7692.09,Paid,Completed,Kolkata
O106031,C12916,2026-08-20,P1222,5,16063.73,Refunded,Cancelled,Chennai
O106032,C11714,2026-03-09,P1329,7,21291.61,Paid,Completed, Hyderabad 
O106033,C11739,2026-08-09,P1064,6,16568.51,Paid,Completed,Chennai
O106034,C12584,2026-07-24,P1177,6,1532.15,Failed,Completed,Hyderabad
O106035,C12893,2026-06-15,P1176,2,19941.77,Paid,Returned,Delhi
O106036,C13390,2026-07-28,P1031,3,5556.19,Paid,Completed,BANGALORE
O106037,C13008,2026-04-07,P1338,5,15979.35,Paid,Cancelled,Chennai
O106038,C12683,2026-04-10,P1064,3,16274.32,Paid,Completed,Kolkata
O106039,C12247,2026-08-28,P1025,2,20152.31,Paid,Completed,Chennai
O106040,C11233,2026-01-02,P1196,2,12793.83,Paid,Completed,Mumbai
O106041,C11045,2026-02-27,P1409,6,9586.3,Failed,Returned,Kolkata
O106042,C13375,2026-05-23,P1229,3,13095.3,Paid,Completed,Kolkata
O106043,C12871,2026-02-01,P1064,4,13780.2,Paid,Completed,Chennai
O106044,C12663,2026-01-24,P1477,3,20591.99,Paid,Processing,Hyderabad
O106045,C11036,2026-07-02,P1240,5,5365.25,Paid,Completed,Pune
O106046,C13882,2026-03-20,P1395,3,21216.75,Paid,Completed,Chennai
O106047,C10325,2026-08-13,P1483,5,9332.98,Paid,Completed,Delhi
O106048,C13355,2026-02-02,P1291,5,18673.4,Refunded,Cancelled,Chennai
O106049,C10843,2026-01-13,P1151,5,8592.1,,Completed,Pune
O106050,C11570,2026-07-08,P1425,4,17809.47,Refunded,Returned,Mumbai
O106051,C11712,2026-06-16,P1310,4,20039.73,Failed,Completed,Chennai
O106052,C12652,2026-01-24,P1182,2,14084.22,Paid,Completed,Kolkata
O106053,C12188,2026-01-19,P1088,1,15602.75,Paid,Completed,Chennai
O106054,C10744,2026-01-13,P1263,4,17781.69,Paid,Processing,Pune
O106055,C10120,2026-03-19,P1459,7,17304.16,Paid,Completed,Mumbai
O106056,C12871,2026-09-05,P1188,7,18267.16,Paid,Completed,Mumbai
O106057,C12021,2026-04-02,P1026,4,21286.98,Paid,Completed,Hyderabad
O106058,C11448,2026-03-07,P1250,2,5746.76,Paid,Completed,Hyderabad
O106059,C11139,2026-02-03,P1459,2,5603.87,Paid,Completed,
O106060,C13294,2026-06-08,P1190,2,24275.86,,Completed,Delhi
O106061,C13184,2026-04-06,P1127,7,21327.62,Paid,Completed,Hyderabad
O106062,C13306,2026-06-13,P1415,3,14915.12,Pending,Completed,Delhi
O106063,C10877,2026-08-26,P1315,5,502.02,Paid,Cancelled,Chennai
O106064,C13410,2026-04-10,P1418,7,21412.53,Paid,Completed,Pune
O106065,C13945,2026-03-03,P1143,4,18864.44,Paid,Completed,Delhi
O106066,C12398,2026-08-06,P1419,6,23922.49,Paid,Completed,Delhi
O106067,C10188,2026-01-14,P1311,-3,625.1,Paid,Completed,Delhi
O106068,C12811,2026-06-04,P1157,1,1004.59,Paid,Completed,Delhi
O106069,C12154,2026-04-27,P1228,2,13081.03,Paid,Processing,Hyderabad
O106070,C12850,2026-03-05,P1380,1,21444.42,Paid,Completed,Pune
O106071,C10753,2026-04-22,P1031,6,24785.51,,Completed,Pune
O106072,C12425,2026-07-23,P1078,6,8204.62,Paid,Completed,Pune
O106073,C12158,2026-02-14,P1276,6,1198.18,Failed,Processing,Bangalore
O106074,C12411,2026-09-11,P1055,7,5129.05,Refunded,Processing,Mumbai
O106075,C12913,2026-03-26,P1423,2,21962.16,Paid,Completed,Hyderabad
O106076,C12178,2026-01-18,P1348,2,11821.32,Pending,Processing,Pune
O106077,C11288,2026-04-12,P1053,1,21376.68,Paid,Cancelled,Kolkata
O106078,C11237,2026-03-04,P1413,5,11264.53,Paid,Completed,Bangalore
O106079,C12782,2026-04-12,P1472,6,1618.73,Paid,Completed,Hyderabad
O106080,C12657,2026-07-13,P1019,1,15554.11,Failed,Cancelled,Pune
O106081,C11689,2026-06-27,P1201,3,11061.31,Paid,Returned,Hyderabad
O106082,C11415,2026-06-29,P1222,4,12436.42,Paid,Completed,
O106083,C12482,2026-03-20,P1128,4,23739.58,Paid,Cancelled,Bangalore
O106084,C11249,2026-07-20,P1329,7,11589.75,Paid,Processing,Hyderabad
O106085,C13856,2026-04-01,P1145,5,19974.23,Paid,Processing,Bangalore
O106086,C12387,2026-01-14,P1368,5,1755.14,Paid,Completed,Mumbai
O106087,C12369,2026-04-06,P1227,5,12132.26,Paid,Completed,Kolkata
O106088,C10545,2026-09-06,P1440,1,14791.36,Paid,Completed,Pune
O106089,C12440,2026-05-07,P1314,1,3096.81,Failed,Completed,Hyderabad
O106090,C11180,2026-06-26,P1383,7,7765.16,Pending,Processing,Chennai
O106091,C11808,2026-03-07,P1127,6,18567.96,Paid,Completed,Kolkata
O106092,C12154,2026-07-11,P1140,1,4842.49,Paid,Completed,Chennai
O106093,C11913,2026-06-30,P1287,2,3472.75,Paid,Completed,Pune
O106094,C13240,2026-04-20,P1469,1,7692.11,Paid,Completed,Mumbai
O106095,C10398,2026-05-01,P1069,4,21516.35,Paid,Completed,Pune
O106096,C10669,2026-03-17,P1160,4,19144.7,Paid,Completed,Hyderabad
O106097,C10628,2026-03-28,P1448,2,19487.0,Paid,Processing,Kolkata
O106098,C13269,2026-03-19,P1002,1,8264.7,Paid,Processing,Delhi
O106099,C10473,2026-08-15,P1388,1,2743.79,Paid,Completed,mumbai
O106100,C13888,2026-04-27,P1369,7,1089.23,Paid,Completed,Bangalore
O106101,C13879,2026-04-08,P1474,3,14779.1,Paid,Processing,Bangalore
O106102,C13970,2026-03-31,P1011,3,17646.45,Paid,Cancelled,Kolkata
O106103,C13921,2026-01-01,P1288,7,9633.91,Failed,Processing,Kolkata
O106104,C10596,2026-05-28,P1488,4,13362.89,Paid,Completed,Mumbai
O106105,C12631,2026-07-06,P1026,5,7191.4,Paid,Completed,Bangalore
O106106,C11600,2026-08-31,P1368,7,9298.26,Paid,Processing,Kolkata
O106107,C12929,2026-04-24,P1380,6,18326.46,Paid,Completed,Delhi
O106108,C11624,2026-07-01,P1012,7,18040.04,Paid,Completed,Pune
O106109,,2026-04-26,P1365,-1,993.87,,Cancelled,Delhi
O106110,,2026-03-08,P1122,6,23622.52,Paid,Completed,Hyderabad
O106111,C11979,2026-04-27,P1202,2,6944.59,Failed,Returned,Pune
O106112,C12961,2026-08-05,P1253,1,22717.39,Failed,Completed,Chennai
O106113,C12601,2026-08-07,P1202,7,12943.85,Paid,Completed,Pune
O106114,C12632,2026-02-14,P1163,3,12629.8,Paid,Completed,Hyderabad
O106115,C11397,2026-06-29,P1360,6,11430.15,Paid,Completed,Mumbai
O106116,C11010,2026-01-18,P1185,4,23083.96,Paid,Completed,Kolkata
O106117,C13544,2026-08-29,P1319,6,5440.27,Pending,Cancelled,Mumbai
O106118,C10098,2026-07-23,P1433,7,15407.64,Paid,Completed,Pune
O106119,C10692,2026-02-16,P1121,2,8149.21,Pending,Processing,Pune
O106120,C10531,2026-01-26,P1178,5,22906.39,Paid,Completed,Mumbai
O106121,C13800,2026-08-24,P1131,7,4482.71,Paid,Completed,Chennai
O106122,C10020,2026-01-24,P1299,4,17001.89,Paid,Completed,Delhi
O106123,C10032,2026-04-06,P1017,1,10717.43,Paid,Cancelled,Kolkata
O106124,C10907,2026-07-19,P1017,1,16632.2,Paid,Completed, Bangalore 
O106125,C11117,2026-09-12,P1475,3,4192.91,Paid,Processing,Delhi
O106126,C12241,2026-03-03,P1005,7,10023.38,Refunded,Completed,Kolkata
O106127,C13847,2026-03-23,P1186,2,2949.38,Paid,Completed,Bangalore
O106128,C11861,2026-04-13,P1190,5,24228.79,Pending,Processing,Pune
O106129,C11156,2026-07-15,P1042,7,5585.61,Paid,Completed,Chennai
O106130,C13270,2026-01-20,P1249,7,24832.69,Paid,Completed,Bangalore
O106131,C11544,2026-02-20,P1196,5,10636.9,Paid,Completed,Hyderabad
O106132,C10567,2026-01-08,P1495,2,2067.26,Paid,Processing,Bangalore
O106133,C13180,2026-09-09,P1202,3,734.11,Paid,Completed,Pune
O106134,C10009,2026-03-05,P1452,1,15094.22,Paid,Completed,Delhi
O106135,C10821,2026-03-21,P1264,5,15483.82,Failed,Completed,Hyderabad
O106136,C12542,2026-07-22,P1406,2,13262.39,Paid,Completed,mumbai
O106137,C10410,2026-02-21,P1266,3,1940.06,Paid,Completed,Mumbai
O106138,C11024,2026-07-01,P1188,1,8488.16,Paid,Completed,Pune
O106139,C11574,2026-04-24,P1334,2,9169.05,Paid,Processing,Bangalore
O106140,C11586,2026-04-04,P1472,3,17708.97,Paid,Processing,Chennai
O106141,C13894,2026-02-15,P1272,4,10645.71,Paid,Completed,BANGALORE
O106142,C12704,2026-09-10,P1177,7,14452.29,Paid,Completed,Delhi
O106143,C10148,2026-08-11,P1436,7,7372.36,Paid,Completed,Bangalore
O106144,C10886,2026-05-15,P1089,7,18231.75,Failed,Cancelled,Chennai
O106145,C12467,2026-05-13,P1269,7,1455.12,Paid,Completed,Kolkata
O106146,C12855,2026-07-26,P1038,2,24716.06,Paid,Completed,Pune
O106147,C11523,2026-09-02,P1119,5,16144.87,Failed,Completed,Chennai
O106148,C13429,2026-04-13,P1054,2,3976.87,Pending,Completed,Delhi
O106149,C13776,2026-06-16,P1239,1,18022.02,Paid,Completed,Mumbai
O106150,C12458,2026-08-15,P1264,2,19727.96,Paid,Processing,Hyderabad
O106151,C12251,2026-05-15,P1190,7,19778.32,Pending,Completed,Bangalore
O106152,C13005,2026-03-09,P1282,6,6987.08,Paid,Completed,Bangalore
O106153,C13130,2026-03-16,P1162,1,23978.35,Pending,Completed,Hyderabad
O106154,C10862,2026-04-18,P1346,3,738.13,Failed,Processing,Hyderabad
O106155,C11935,2026-04-21,P1244,4,9682.03,Paid,Cancelled, Delhi 
O106156,C11791,2026-03-20,P1463,1,2874.19,Refunded,Completed,Delhi
O106157,C13768,2026-03-14,P1315,7,9806.03,Paid,Completed,Hyderabad
O106158,C10447,2026-03-24,P1213,3,1713.46,Pending,Processing,Hyderabad
O106159,C13776,2026-01-09,P1285,3,16231.0,Paid,Completed,Bangalore
O106160,C12292,2026-02-24,P1089,4,1842.79,Paid,Completed,Bangalore
O106161,C11153,2026-05-30,P1358,5,15511.42,Paid,Completed,Pune
O106162,C13480,2026-05-10,P1379,5,6081.88,Paid,Processing,Bangalore
O106163,C10201,2026-03-20,P1166,2,4724.95,Failed,Completed,Kolkata
O106164,C11276,2026-06-27,P1179,5,8870.92,Paid,Completed,Pune
O106165,C13012,2026-03-20,P1480,2,16131.74,Paid,Processing,Kolkata
O106166,C13313,2026-04-05,P1103,1,14581.55,Paid,Completed,Mumbai
O106167,C10670,2026-04-02,P1057,7,17107.65,Paid,Completed,Delhi
O106168,C13770,2026-07-01,P1320,6,22998.83,Failed,Completed,Kolkata
O106169,C10215,2026-07-27,P1203,6,5321.59,Paid,Cancelled,Delhi
O106170,C11735,2026-01-30,P1125,6,10509.92,Refunded,Processing,
O106171,C10390,2026-07-13,P1464,6,6865.77,Paid,Completed,Hyderabad
O106172,C10391,2026-04-04,P1344,1,14782.8,Paid,Completed,Bangalore
O106173,C13658,2026-06-22,P1156,2,7300.0,Paid,Completed,Pune
O106174,C13618,2026-04-19,P1441,7,14083.01,Paid,Completed,Hyderabad
O106175,C12463,2026-07-10,P1254,4,20632.15,Paid,Completed,Pune
O106176,C13868,2026-01-26,P1425,4,13908.35,Paid,Cancelled,Hyderabad
O106177,C11965,2026-07-19,P1027,5,21001.79,Paid,Completed,Mumbai
O106178,C13133,2026-05-05,P1210,7,15400.35,Paid,Completed,Delhi
O106179,C10389,2026-09-03,P1488,1,21796.41,Paid,Completed,Hyderabad
O106180,C11583,2026-05-06,P1265,1,23281.3,Pending,Completed,Kolkata
O106181,C12062,2026-02-04,P1266,6,12842.98,Paid,Completed,Kolkata
O106182,C13115,2026-02-28,P1457,4,19828.96,Paid,Completed,Bangalore
O106183,C11338,2026-01-29,P1253,7,11879.74,Paid,Completed,Chennai
O106184,C13924,2026-05-20,P1187,3,17718.29,Paid,Completed,Bangalore
O106185,C12941,2026-07-23,P1029,4,1226.44,Paid,Completed,Mumbai
O106186,C12133,2026-09-09,P1304,4,24182.74,Paid,Processing,
O106187,C11324,2026-05-22,P1454,3,22390.04,Paid,Completed,Bangalore
O106188,C12570,2026-02-23,P1452,5,22364.2,Paid,Completed,Mumbai
O106189,C12694,2026-05-01,P1187,2,7246.91,Paid,Completed,Pune
O106190,C12718,2026-01-04,P1283,5,7294.23,Paid,Returned,hyderabad
O106191,C12346,2026-09-06,P1275,6,10244.24,Paid,Processing,Pune
O106192,C11603,2026-06-11,P1479,3,22040.68,Pending,Cancelled,Bangalore
O106193,C13269,2026-04-28,P1186,7,21508.39,Paid,Cancelled,
O106194,C11033,2026-06-06,P1395,7,7449.66,Paid,Completed,Kolkata
O106195,C12503,2026-03-04,P1132,3,13681.87,Paid,Completed,Mumbai
O106196,C11888,2026-06-15,P1029,5,12036.7,Paid,Cancelled,Bangalore
O106197,C13574,2026-03-18,P1160,6,16371.68,Paid,Cancelled,Pune
O106198,C12364,2026-01-07,P1137,7,5583.33,Paid,Processing,Kolkata
O106199,C13425,2026-02-06,P1422,6,2400.75,Paid,Processing,Chennai
O106200,C13816,2026-04-23,P1346,2,973.2,Paid,Processing,Chennai
O106201,C10508,2026-07-17,P1331,5,9721.01,Paid,Completed,
O106202,C12222,2026-03-31,P1065,1,23681.31,Pending,Completed,Hyderabad
O106203,C13538,2026-07-25,P1221,1,17214.91,Paid,Processing,pune
O106204,C13491,2026-01-30,P1187,1,18803.52,Paid,Cancelled,Delhi
O106205,C10784,2026-05-27,P1424,2,23645.54,Pending,Returned,Mumbai
O106206,C11927,2026-07-24,P1452,7,10724.67,Paid,Completed,Pune
O106207,C10893,2026-04-28,P1036,7,12016.89,Paid,Completed,Pune
O106208,C13590,2026-08-31,P1205,2,9180.67,Paid,Completed,Chennai
O106209,C10012,2026-07-07,P1370,3,4779.9,Pending,Completed,Mumbai
O106210,C10874,2026-07-17,P1473,4,19229.93,Paid,Completed,Delhi
O106211,C11637,2026-02-02,P1369,2,22695.14,Paid,Completed,Delhi
O106212,C10885,2026-06-10,P1391,6,20402.73,Paid,Cancelled,Bangalore
O106213,C13897,2026-05-22,P1478,4,1478.69,Paid,Completed,Hyderabad
O106214,C10976,2026-09-01,P1056,7,7688.88,Paid,Completed,Chennai
O106215,C11450,2026-01-24,P1066,1,14924.51,Paid,Completed,Bangalore
O106216,C10696,2026-07-05,P1027,1,8381.47,Paid,Completed,Kolkata
O106217,C13709,2026-06-13,P1141,4,4007.94,Paid,Completed,Bangalore
O106218,C11646,2026-05-09,P1138,7,13597.57,Paid,Processing,Delhi
O106219,C11048,2026-02-07,P1412,5,13180.86,Paid,Completed,Hyderabad
O106220,C10985,2026-03-31,P1231,3,17834.39,Paid,Returned,chennai
O106221,C12344,2026-02-04,P1437,3,24996.72,Paid,Completed,Bangalore
O106222,C13913,2026-07-08,P1459,7,16311.49,Pending,Completed,Kolkata
O106223,C13899,2026-02-14,P1106,5,8127.07,Refunded,Completed,Delhi
O106224,C13929,2026-08-08,P1136,6,23922.61,Paid,Completed,Mumbai
O106225,C11547,2026-05-18,P1377,4,14411.12,Paid,Completed,Delhi
O106226,C13660,2026-02-06,P1163,4,16249.68,Refunded,Completed,Pune
O106227,C11778,2026-02-09,P1146,2,9131.76,Paid,Completed,Kolkata
O106228,C12043,2026-06-25,P1390,1,11460.36,Paid,Completed,Chennai
O106229,C12081,2026-06-18,P1272,1,10640.18,Refunded,Completed,Bangalore
O106230,C10254,2026-08-08,P1382,4,23424.53,Paid,Completed,Pune
O106231,C10708,2026-05-20,P1303,2,20296.88,Paid,Completed,Bangalore
O106232,C13547,2026-01-09,P1178,6,2540.39,Paid,Completed,Bangalore
O106233,C13588,2026-02-16,P1086,6,8052.5,Paid,Processing,Mumbai
O106234,C10808,2026-07-12,P1075,2,1675.51,Refunded,Processing,Kolkata
O106235,C11211,2026-04-19,P1454,3,13063.96,Refunded,Completed,Hyderabad
O106236,C13321,2026-06-14,P1344,3,7201.78,Paid,Completed, 
O106237,C10817,2026-08-19,P1077,4,2112.98,Paid,Processing,Delhi
O106238,C13526,2026-09-12,P1057,6,19368.62,Paid,Completed,Kolkata
O106239,C13295,2026-07-03,P1222,3,2550.87,Pending,Completed,Kolkata
O106240,C13232,2026-04-05,P1472,2,7007.63,Paid,Completed,Hyderabad
O106241,C13569,2026-01-31,P1202,5,19359.44,Paid,Completed,chennai
O106242,C13550,2026-09-02,P1458,7,12935.83,Paid,Cancelled,Chennai
O106243,C13671,2026-01-01,P1390,7,20482.76,Paid,Completed,Kolkata
O106244,C13520,2026-03-12,P1362,1,10537.69,Pending,Completed,delhi
O106245,C12429,2026-01-10,P1061,4,20427.1,Paid,Completed,Mumbai
O106246,C10631,2026-05-10,P1450,6,13592.64,Paid,Processing,Delhi
O106247,C12438,2026-03-28,P1142,3,2472.46,Paid,Completed,Chennai
O106248,C13771,2026-08-11,P1066,7,11945.82,Paid,Processing,Chennai
O106249,C13873,2026-03-23,P1125,3,13972.53,Paid,Completed,Chennai
O106250,C12916,2026-01-08,P1308,2,15418.91,Pending,Completed,Delhi
O106251,C12777,2026-02-06,P1424,3,23218.72,Failed,Completed,Pune
O106252,C13756,2026-09-12,P1144,1,4833.86,Paid,Cancelled,Kolkata
O106253,C11166,2026-02-19,P1368,4,15268.89,Pending,Completed,Mumbai
O106254,C10604,2026-03-11,P1440,3,18874.95,Paid,Completed,Chennai
O106255,C11160,2026-02-15,P1427,5,22281.89,Pending,Completed,Chennai
O106256,C13798,2026-03-18,P1454,5,13275.06,Paid,Returned,Chennai
O106257,C10849,2026-06-07,P1202,6,5584.58,Paid,Completed,Chennai
O106258,C10899,2026-02-07,P1252,6,20496.75,Paid,Completed, Pune 
O106259,C10772,2026-04-14,P1447,7,22654.68,Paid,Processing,Hyderabad
O106260,C11940,2026-05-05,P1109,4,2927.29,Paid,Completed,Delhi
O106261,C13188,2026-08-09,P1147,5,5974.01,Failed,Completed,Pune
O106262,C11528,2026-07-26,P1126,5,21825.14,Paid,Completed,Bangalore
O106263,C10400,2026-08-25,P1384,6,12265.06,Paid,Returned,Pune
O106264,C12963,2026-08-21,P1351,7,4476.78,Paid,Completed,Chennai
O106265,C12441,2026-07-27,P1485,3,16238.78,Paid,Completed,Mumbai
O106266,C11918,2026-01-19,P1120,5,11619.74,Paid,Completed,Pune
O106267,C13859,2026-08-31,P1373,7,24208.6,Paid,Completed,Kolkata
O106268,C11883,2026-04-21,P1340,3,5801.04,Failed,Completed,Delhi
O106269,C12932,2026-02-07,P1030,1,9245.4,Pending,Completed,PUNE
O106270,C10634,2026-03-26,P1272,2,4403.93,Paid,Processing,Delhi
O106271,C11667,2026-08-07,P1344,7,1528.39,Paid,Completed,delhi
O106272,C10849,2026-09-09,P1040,6,7065.41,Paid,Completed,Delhi
O106273,C11393,2026-09-05,P1480,3,20549.75,Failed,Completed,Delhi
O106274,C11920,2026-04-29,P1203,2,6900.65,Refunded,Cancelled,
O106275,C10698,2026-02-10,P1371,3,17499.67,Paid,Completed,Chennai
O106276,C13214,2026-04-05,P1411,7,13292.78,,Completed,Delhi
O106277,C11505,2026-03-09,P1048,3,13136.84,Paid,Returned,Hyderabad
O106278,C13589,2026-08-13,P1089,7,19604.12,Paid,Completed,Chennai
O106279,C12700,2026-07-19,P1227,4,15558.87,Pending,Completed,Chennai
O106280,C10706,2026-01-15,P1310,3,4248.44,Pending,Completed,Chennai
O106281,C12569,2026-08-24,P1391,5,5752.88,Refunded,Cancelled, 
O106282,C10093,2026-06-23,P1031,7,13731.48,Paid,Completed,Hyderabad
O106283,C13232,2026-09-01,P1178,5,21179.27,Paid,Processing,Hyderabad
O106284,C13900,2026-08-04,P1498,3,4062.29,Pending,Completed, Chennai 
O106285,C12713,2026-06-30,P1345,6,2940.31,Paid,Completed,Chennai
O106286,C13708,2026-05-02,P1196,6,13083.2,Paid,Completed,Chennai
O106287,C11180,2026-04-17,P1234,6,4959.68,Paid,Completed,Delhi
O106288,C11695,2026-06-08,P1293,1,24857.62,Paid,Completed,Delhi
O106289,C11699,2026-04-14,P1076,5,407.65,Paid,Completed,Delhi
O106290,C10448,2026-03-01,P1274,2,11386.92,Paid,Completed,Pune
O106291,C13188,2026-02-16,P1261,1,4314.77,Paid,Completed,Mumbai
O106292,C11981,2026-07-15,P1121,2,17122.65,Refunded,Completed,Kolkata
O106293,C11963,2026-06-18,P1123,7,15864.32,Paid,Completed,Kolkata
O106294,C12676,2026-06-08,P1374,3,20234.58,Pending,Completed,Bangalore
O106295,C10684,2026-04-07,P1044,3,14216.05,Refunded,Cancelled,Hyderabad
O106296,C13243,2026-01-16,P1453,3,4977.4,Paid,Completed,Hyderabad
O106297,C11464,2026-06-21,P1015,5,1616.87,Paid,Completed,Bangalore
O106298,C10318,2026-04-04,P1437,6,18137.03,Pending,Completed,Bangalore
O106299,C10761,2026-04-30,P1348,1,11166.07,Failed,Completed,Mumbai
O106300,C11012,2026-03-05,P1209,2,5788.66,Paid,Processing,Bangalore
O106301,C10712,2026-03-16,P1159,7,6520.0,Failed,Completed, Pune 
O106302,C10969,2026-01-24,P1284,4,3980.96,Paid,Completed,Bangalore
O106303,C13986,2026-03-23,P1490,6,7304.43,Paid,Completed,Bangalore
O106304,C12152,2026-03-03,P1051,1,19862.93,Pending,Processing,Pune
O106305,C12413,2026-02-05,P1080,2,15630.3,Paid,Processing,Delhi
O106306,C10664,2026-06-30,P1361,7,24688.74,Paid,Cancelled,Chennai
O106307,C10176,2026-01-13,P1367,4,13249.75,Paid,Cancelled,Mumbai
O106308,C11242,2026-06-28,P1380,1,13180.79,Paid,Completed,Chennai
O106309,C13081,2026-09-06,P1324,1,5027.24,Paid,Completed,Chennai
O106310,C12236,2026-07-13,P1351,6,14785.45,Paid,Completed,Chennai
O106311,C10043,2026-05-20,P1284,3,15326.68,Paid,Completed,Pune
O106312,C13157,2026-05-25,P1348,6,5401.32,Paid,Completed,
O106313,C10416,2026-08-22,P1489,1,2472.76,Paid,Completed,Mumbai
O106314,C11762,2026-05-26,P1386,6,9408.65,Paid,Returned,Kolkata
O106315,C99999,2026-09-03,P1434,6,4550.96,Paid,Processing,Hyderabad
O106316,C10485,2026-01-04,P1067,7,12729.15,Paid,Completed,Hyderabad
O106317,C13262,2026-01-26,P1043,6,13294.91,Paid,Completed,Kolkata
O106318,C13199,2026-01-01,P1280,7,15321.45,Paid,Cancelled,Bangalore
O106319,C11781,2026-03-13,P1149,2,15189.93,,Completed,Kolkata
O106320,C13956,2026-08-04,P1169,3,16969.49,Paid,Completed,Mumbai
O106321,C11232,2026-08-26,P1074,1,5992.24,Paid,Completed,Kolkata
O106322,C11264,2026-07-22,P1007,7,18351.82,Paid,Completed,Hyderabad
O106323,C10610,2026-06-06,P1474,3,13263.14,Paid,Processing,Pune
O106324,C11480,2026-06-08,P1171,4,11101.46,Paid,Completed,Hyderabad
O106325,C11186,2026-08-11,P1493,2,16303.02,Paid,Completed,Pune
O106326,,2026-09-12,P1436,4,12681.14,Paid,Completed,Bangalore
O106327,C10163,2026-07-25,P1124,2,13284.0,Paid,Completed,Kolkata
O106328,C11242,2026-06-02,P1213,5,874.22,Paid,Completed,Bangalore
O106329,C10018,2026-08-18,P1450,4,20110.31,Paid,Completed,Delhi
O106330,C10025,2026-08-19,P1282,7,10777.14,Paid,Completed,Mumbai
O106331,C13283,2026-06-08,P1138,5,13096.49,Refunded,Processing,Chennai
O106332,C13001,2026-02-15,P1154,6,9930.79,Paid,Completed,Bangalore
O106333,C12978,2026-08-03,P1134,3,13922.8,Failed,Processing,Hyderabad
O106334,C11415,2026-04-14,P1379,4,1634.85,Paid,Completed,Chennai
O106335,C12799,2026-07-17,P1346,1,9782.55,Pending,Cancelled,Mumbai
O106336,C11026,2026-06-27,P1494,6,16816.34,Paid,Cancelled,Chennai
O106337,C11238,2026-08-07,P1458,2,23479.62,Paid,Completed,Delhi
O106338,C12251,2026-01-18,P1184,1,21274.75,Paid,Completed,Kolkata
O106339,C12800,2026-05-12,P1216,7,24081.61,Failed,Completed,Delhi
O106340,C11063,2026-06-19,P1166,1,19603.41,Paid,Completed,Kolkata
O106341,C12719,2026-01-17,P1306,6,15925.65,Paid,Completed,Kolkata
O106342,C13853,2026-01-12,P1463,3,10754.83,Paid,Cancelled,Bangalore
O106343,C11976,2026-07-28,P1276,3,3341.62,Paid,Cancelled,Mumbai
O106344,C11629,2026-05-06,P1089,1,6494.81,Pending,Completed,Chennai
O106345,C10930,2026-06-30,P1218,6,6998.02,Paid,Completed,Pune
O106346,C11425,2026-06-11,P1440,1,10868.71,Paid,Completed,Mumbai
O106347,C12116,2026-04-23,P1178,1,15363.07,Paid,Completed,Delhi
O106348,C13779,2026-08-29,P1108,2,15580.95,Paid,Completed,Hyderabad
O106349,C11043,2026-04-12,P1116,3,11551.9,Failed,Completed, Delhi 
O106350,C10926,2026-01-20,P1272,4,7083.7,Paid,Processing,Delhi
O106351,C13845,2026-07-17,P1414,3,1695.41,Paid,Completed,Pune
O106352,C12425,2026-05-20,P1397,1,24724.26,Paid,Completed,pune
O106353,C12943,2026-08-07,P1470,7,23507.13,Paid,Completed,Bangalore
O106354,C13321,2026-04-06,P1385,4,4818.27,Paid,Completed,Chennai
O106355,C10327,2026-08-26,P1473,6,15253.28,Paid,Completed,Hyderabad
O106356,C11940,2026-08-14,P1409,7,7602.66,Refunded,Completed,Bangalore
O106357,C10560,2026-02-10,P1405,6,5102.38,Pending,Completed,Mumbai
O106358,C12499,2026-02-26,P1105,4,17204.96,Paid,Processing,Bangalore
O106359,C13817,2026-07-03,P1283,4,19718.96,Paid,Completed,Chennai
O106360,C10225,2026-03-12,P1389,3,10342.85,Failed,Returned,Delhi
O106361,C11097,2026-07-14,P1495,1,1758.87,Paid,Completed,Pune
O106362,C88888,2026-04-25,P1230,6,10216.95,Paid,Cancelled,Mumbai
O106363,C10021,2026-06-14,P1146,6,13445.19,Paid,Completed,Bangalore
O106364,C10558,2026-04-16,P1311,6,22362.45,Paid,Completed,Kolkata
O106365,C10323,2026-01-26,P1020,7,16523.03,Paid,Processing,Pune
O106366,C13058,2026-07-09,P1425,1,17849.26,Paid,Completed,Delhi
O106367,C13006,2026-08-27,P1275,7,5304.99,Paid,Completed,
O106368,C13112,2026-01-05,P1478,5,18090.71,Paid,Cancelled,Bangalore
O106369,C13101,2026-04-02,P1346,2,12695.07,Paid,Cancelled,Hyderabad
O106370,C13343,2026-07-08,P1462,3,20564.17,Paid,Completed,Chennai
O106371,C13093,2026-06-29,P1382,6,5644.33,Paid,Completed,Kolkata
O106372,C11935,2026-02-26,P1171,7,13017.1,Paid,Processing,Bangalore
O106373,C12984,2026-03-24,P1376,5,5474.08,Paid,Completed,Pune
O106374,C12392,2026-03-24,P1030,5,7362.14,Paid,Completed,delhi
O106375,C11467,2026-08-25,P1008,6,20855.44,,Returned,Chennai
O106376,C13348,2026-07-31,P1305,-3,17288.52,Paid,Completed,Pune
O106377,C13154,2026-04-16,P1336,7,18293.65,Paid,Completed,Delhi
O106378,C10694,2026-08-07,P1466,3,1992.87,Paid,Completed,Delhi
O106379,C10097,2026-06-03,P1031,-2,18300.29,Paid,Completed,Chennai
O106380,C11264,2026-05-01,P1201,4,12437.76,Failed,Completed,Chennai
O106381,C11616,2026-02-10,P1423,2,11640.85,Paid,Completed,Chennai
O106382,C10697,2026-06-10,P1179,2,10491.89,Paid,Processing,Bangalore
O106383,C13423,2026-05-29,P1196,6,21339.33,Paid,Completed, Mumbai 
O106384,C10134,2026-06-21,P1204,7,4683.36,Pending,Processing,Pune
O106385,C11936,2026-07-21,P1372,6,20408.63,Pending,Processing,Chennai
O106386,C10222,2026-06-28,P1026,1,23229.6,Paid,Completed,Pune
O106387,C12148,2026-05-25,P1001,5,4455.5,Paid,Processing,Hyderabad
O106388,C11856,2026-07-31,P1256,5,24990.02,Paid,Completed,Bangalore
O106389,C13123,2026-08-11,P1382,4,24766.2,Paid,Completed,Bangalore
O106390,C12760,2026-05-07,P1263,1,15646.58,Pending,Completed,Delhi
O106391,C13378,2026-06-02,P1393,4,6932.81,Failed,Completed,Hyderabad
O106392,C12179,2026-06-19,P1475,6,10911.74,Paid,Processing,Delhi
O106393,C13292,2026-05-15,P1068,3,4508.47,Failed,Completed,
O106394,C12878,2026-05-30,P1369,1,3268.99,Paid,Completed,Kolkata
O106395,C13120,2026-04-24,P1193,5,17689.53,Failed,Cancelled, Kolkata 
O106396,C12404,2026-06-07,P1245,4,14622.2,Paid,Completed,Delhi
O106397,C12880,2026-05-12,P1424,1,14220.28,Failed,Returned,kolkata
O106398,C11608,2026-02-07,P1303,1,6419.69,Paid,Completed,Kolkata
O106399,C10340,2026-06-06,P1115,2,6102.18,Failed,Completed,Pune
O106400,C11667,2026-03-04,P1116,1,24746.44,Pending,Completed,Delhi
O106401,C10694,2026-07-22,P1336,1,15830.71,Paid,Completed,Kolkata
O106402,C12519,2026-05-06,P1431,5,20540.55,Paid,Completed,MUMBAI
O106403,C11053,2026-05-05,P1124,3,9649.24,Paid,Completed,Delhi
O106404,C13835,2026-05-13,P1032,4,21138.92,Paid,Completed,Mumbai
O106405,C11085,2026-05-22,P1472,3,18142.8,Paid,Completed,Bangalore
O106406,C10392,2026-08-19,P1452,1,8948.07,Paid,Completed,Mumbai
O106407,C13525,2026-05-26,P1091,7,18027.05,Paid,Processing,Pune
O106408,C11658,2026-04-26,P1250,5,23162.88,Paid,Completed,Chennai
O106409,C11424,2026-05-19,P1434,5,5579.17,Paid,Cancelled,Chennai
O106410,C13544,2026-07-29,P1191,5,13826.53,Paid,Completed,Bangalore
O106411,C12615,2026-05-16,P1337,5,24176.26,Paid,Completed,Chennai
O106412,C12130,2026-01-09,P1377,-5,20588.53,Paid,Completed,Hyderabad
O106413,C11309,2026-03-29,P1022,1,15621.19,Paid,Completed,Kolkata
O106414,C11170,2026-03-16,P1435,7,2023.21,Paid,Processing,Hyderabad
O106415,C12319,2026-04-25,P1482,2,10336.18,Paid,Completed,Kolkata
O106416,C12007,2026-01-25,P1081,7,16373.91,Paid,Completed,Bangalore
O106417,C11104,2026-06-18,P1202,2,10418.65,Paid,Processing,Delhi
O106418,C10736,2026-09-14,P1042,1,24927.97,Paid,Completed,Kolkata
O106419,C13274,2026-08-04,P1106,5,18908.8,Pending,Completed,Mumbai
O106420,C12753,2026-03-07,P1073,4,4920.92,Paid,Completed,Chennai
O106421,C13976,2026-09-02,P1393,5,12412.54,Paid,Completed,Bangalore
O106422,C12064,2026-04-22,P1355,5,9784.11,Paid,Completed,Mumbai
O106423,C13980,2026-05-19,P1200,2,14967.93,Paid,Completed,Kolkata
O106424,C11844,2026-02-21,P1361,3,11330.14,Paid,Completed,Pune
O106425,C12141,2026-05-08,P1076,5,6176.15,Paid,Returned,Pune
O106426,C10837,2026-03-22,P1470,1,18191.97,Paid,Processing,Pune
O106427,C10598,2026-02-23,P1384,1,2934.53,Paid,Completed,Chennai
O106428,C13763,2026-01-05,P1399,1,13443.71,Failed,Completed,chennai
O106429,C13928,2026-08-17,P1018,7,7960.95,Refunded,Completed,BANGALORE
O106430,C12191,2026-03-08,P1331,2,24173.32,Paid,Completed,Mumbai
O106431,C11089,2026-02-01,P1132,4,7797.97,Refunded,Processing, Bangalore 
O106432,C13808,2026-03-30,P1182,4,8721.26,Paid,Processing,Bangalore
O106433,C13189,2026-02-28,P1061,4,17765.05,Paid,Completed,Kolkata
O106434,C10719,2026-09-03,P1132,5,3473.34,Pending,Completed,Kolkata
O106435,C11194,2026-01-23,P1120,5,8318.24,Refunded,Completed,Hyderabad
O106436,C10016,2026-09-03,P1134,3,17489.1,Refunded,Processing,Pune
O106437,C12329,2026-06-17,P1254,3,1059.62,Paid,Completed,pune
O106438,C12107,2026-06-04,P1363,3,7981.72,Paid,Completed,Delhi
O106439,C10656,2026-06-28,P1333,2,503.91,Paid,Completed,Kolkata
O106440,C11358,2026-04-09,P1032,4,4010.66,Paid,Completed, 
O106441,C13759,2026-05-27,P1005,5,15223.68,Paid,Completed,
O106442,C12598,2026-07-31,P1081,3,11580.86,Paid,Cancelled,Delhi
O106443,C13454,2026-07-09,P1133,2,4153.84,Paid,Completed,Bangalore
O106444,C13355,2026-06-22,P1050,6,2227.23,Paid,Cancelled,Pune
O106445,C13685,2026-08-30,P1221,3,1691.21,Paid,Completed,Pune
O106446,C10166,2026-03-09,P1267,5,2408.35,Paid,Completed,Kolkata
O106447,C11050,2026-03-06,P1369,3,2673.1,Paid,Processing,Delhi
O106448,C11663,2026-01-20,P1482,7,2431.92,Failed,Completed,Pune
O106449,C12562,2026-05-06,P1202,7,1660.48,Paid,Cancelled,Hyderabad
O106450,C12434,2026-01-06,P1121,2,17516.66,Paid,Completed,Mumbai
O106451,C10985,2026-01-22,P1131,6,23549.29,Paid,Completed,Delhi
O106452,C10771,2026-06-04,P1460,6,21442.68,Pending,Processing,Mumbai
O106453,C11751,2026-05-23,P1256,2,6866.58,Pending,Completed,
O106454,C11003,2026-08-10,P1051,3,5345.7,Refunded,Returned,Pune
O106455,C13863,2026-06-05,P1254,5,1483.43,Paid,Processing,Mumbai
O106456,C13864,2026-07-15,P1229,2,4154.03,Paid,Completed,CHENNAI
O106457,C10453,2026-02-02,P1308,7,14323.95,Paid,Returned,Hyderabad
O106458,C12822,2026-03-17,P1348,4,24953.68,Pending,Completed,Kolkata
O106459,C10913,2026-04-25,P1269,2,21518.15,Paid,Completed,Chennai
O106460,C12872,2026-01-28,P1404,1,13018.56,Paid,Completed,Pune
O106461,C13070,2026-01-15,P1104,3,10759.34,Pending,Completed,
O106462,C10192,2026-03-14,P1158,4,3951.3,Paid,Completed,
O106463,C12783,2026-07-02,P1168,5,10639.2,Paid,Completed,Delhi
O106464,C13590,2026-02-24,P1440,7,14993.0,Paid,Completed,Bangalore
O106465,C10865,2026-03-11,P1134,4,15008.22,Paid,Completed,Kolkata
O106466,C10462,2026-02-28,P1060,6,14071.4,Pending,Completed,Kolkata
O106467,C12269,2026-04-15,P1270,6,20653.27,Paid,Completed,Kolkata
O106468,C12071,2026-08-25,P1105,2,12899.07,Paid,Completed,Pune
O106469,C13545,2026-06-20,P1264,2,11979.38,Paid,Completed,Kolkata
O106470,C11805,2026-07-21,P1476,1,7852.62,Paid,Completed,Chennai
O106471,C11655,2026-07-02,P1315,7,4751.97,Paid,Completed,
O106472,C12858,2026-07-20,P1311,6,334.68,Paid,Completed,Chennai
O106473,C10309,2026-04-08,P1471,4,8255.83,Paid,Completed,Delhi
O106474,C10228,2026-06-19,P1398,2,15937.09,,Completed,Chennai
O106475,C12021,2026-06-22,P1340,5,14104.77,Paid,Completed,Hyderabad
O106476,C10356,2026-08-30,P1104,5,13403.76,Failed,Completed,Kolkata
O106477,C13759,2026-01-02,P1087,6,19377.71,Paid,Completed,Hyderabad
O106478,C12619,2026-08-09,P1006,4,6051.32,Paid,Cancelled,Bangalore
O106479,C13017,2026-02-10,P1023,4,17059.89,Paid,Completed,Pune
O106480,C10916,2026-04-22,P1056,1,15296.97,Paid,Returned,Bangalore
O106481,C11977,2026-02-05,P1214,4,8673.09,Failed,Completed,Pune
O106482,C10535,2026-05-14,P1319,5,5698.03,Paid,Completed,Kolkata
O106483,C10813,2026-07-04,P1024,4,14198.44,Paid,Completed,Delhi
O106484,C12274,2026-06-02,P1455,2,23645.16,Paid,Completed,
O106485,C11120,2026-04-07,P1417,2,2185.87,Paid,Completed,Mumbai
O106486,C13671,2026-05-13,P1482,6,23838.73,Paid,Processing,Delhi
O106487,C13984,2026-06-17,P1053,6,11779.53,Paid,Completed,Bangalore
O106488,C10015,2026-07-23,P1085,7,17838.07,Paid,Completed,Bangalore
O106489,C13038,2026-07-18,P1289,4,20139.16,Paid,Cancelled,Delhi
O106490,C10461,2026-04-24,P1411,3,4042.42,Paid,Completed,Kolkata
O106491,C12300,2026-02-13,P1256,4,1410.46,Pending,Completed,Hyderabad
O106492,C10914,2026-02-07,P1250,7,3473.75,Paid,Processing,Bangalore
O106493,C13862,2026-04-25,P1363,1,8721.54,Paid,Completed,Bangalore
O106494,C13506,2026-07-09,P1036,5,23926.89,Paid,Completed,Mumbai
O106495,C12383,2026-01-25,P1285,5,1356.55,Paid,Completed,Hyderabad
O106496,C10704,2026-04-15,P1113,4,23019.01,Paid,Completed,Delhi
O106497,C13133,2026-06-01,P1408,3,14163.98,Paid,Completed,Bangalore
O106498,C12082,2026-04-04,P1242,5,2827.82,Pending,Completed,Chennai
O106499,C12448,2026-04-08,P1187,7,4072.89,Paid,Completed,Hyderabad
O106500,C12874,2026-07-28,P1129,7,17326.48,Paid,Completed,Delhi
O106501,C11666,2026-03-22,P1411,7,15328.8,Paid,Completed,Pune
O106502,C10030,2026-03-11,P1303,3,4436.17,Paid,Completed,Hyderabad
O106503,C11457,2026-01-18,P1411,5,22636.98,Refunded,Completed,Mumbai
O106504,C11655,2026-05-08,P1214,2,3582.73,Paid,Cancelled,Bangalore
O106505,C11468,2026-04-10,P1357,1,12935.87,Paid,Completed,Bangalore
O106506,C13326,2026-06-08,P1023,5,13348.87,Paid,Completed,Pune
O106507,C11330,2026-08-23,P1248,4,21801.41,Failed,Completed,Mumbai
O106508,C11666,2026-05-30,P1226,2,847.11,Paid,Completed,Mumbai
O106509,C10246,2026-04-04,P1199,3,3670.36,Failed,Completed,Kolkata
O106510,C12869,2026-05-16,P1483,1,4515.76,Paid,Completed,Delhi
O106511,C10862,2026-07-28,P1145,7,1853.17,Paid,Completed,Bangalore
O106512,C10940,2026-04-17,P1275,3,15897.64,Paid,Returned,Hyderabad
O106513,C12349,2026-02-25,P1323,3,5971.12,Paid,Completed,Mumbai
O106514,C13937,2026-01-10,P1007,5,14543.74,Paid,Cancelled,Kolkata
O106515,C11641,2026-06-04,P1345,2,19630.52,,Completed,Pune
O106516,C11309,2026-04-29,P1055,1,10390.65,Paid,Completed,Pune
O106517,C10144,2026-08-19,P1060,2,19290.6,Paid,Completed,Mumbai
O106518,C13152,2026-08-01,P1038,-1,19513.35,Paid,Completed,Mumbai
O106519,C11045,2026-07-22,P1467,6,6806.55,Paid,Completed,Chennai
O106520,C13077,2026-01-15,P1273,5,688.89,Paid,Cancelled,Chennai
O106521,C11129,2026-01-17,P1096,3,2851.06,Paid,Completed,Bangalore
O106522,C10119,2026-06-10,P1314,2,20641.04,Failed,Processing,Delhi
O106523,C11994,2026-03-14,P1145,3,10311.09,Paid,Completed,Chennai
O106524,C13627,2026-05-24,P1097,2,21025.67,Paid,Cancelled,Bangalore
O106525,C10843,2026-07-15,P1254,1,13823.6,Paid,Completed,Hyderabad
O106526,C10616,2026-01-26,P1210,4,5175.67,Paid,Processing, Mumbai 
O106527,C10739,2026-03-20,P1041,4,17892.26,Paid,Completed,Chennai
O106528,C12763,2026-02-15,P1052,4,14087.2,Paid,Completed,Hyderabad
O106529,C11470,2026-09-07,P1032,5,8989.59,Pending,Completed,Hyderabad
O106530,C11025,2026-08-13,P1276,5,2466.61,Paid,Completed,Mumbai
O106531,C11351,2026-05-27,P1454,3,2826.77,Failed,Completed,Chennai
O106532,C11237,2026-02-02,P1443,5,4956.24,Paid,Cancelled,Pune
O106533,C12176,2026-08-27,P1141,4,16921.4,Pending,Completed,Chennai
O106534,C10533,2026-05-15,P1288,5,18280.89,Paid,Processing,Delhi
O106535,C12036,2026-04-07,P1387,7,15883.62,Paid,Processing,Hyderabad
O106536,C11247,2026-01-20,P1426,4,8630.53,Paid,Completed,Hyderabad
O106537,C13733,2026-06-04,P1129,2,11179.61,Paid,Cancelled,Hyderabad
O106538,C11688,2026-04-17,P1295,7,17826.13,Paid,Processing,Chennai
O106539,C10400,2026-06-13,P1049,6,16598.42,Paid,Completed,Mumbai
O106540,C13737,2026-01-30,P1478,4,19393.43,Paid,Completed,
O106541,C13753,2026-03-21,P1062,4,6256.1,Paid,Completed,Mumbai
O106542,C10702,2026-04-27,P1432,1,410.88,Paid,Completed,Mumbai
O106543,C13268,2026-07-07,P1109,6,6881.12,Refunded,Completed,Delhi
O106544,C13450,2026-01-25,P1349,1,8892.92,Paid,Completed,Hyderabad
O106545,C11423,2026-03-25,P1319,1,24024.68,Paid,Completed,Kolkata
O106546,C10638,2026-03-24,P1177,1,5677.99,Failed,Cancelled, 
O106547,C13196,2026-05-24,P1393,7,20712.19,Paid,Completed,Pune
O106548,C10113,2026-08-05,P1243,7,15676.03,Paid,Completed,Delhi
O106549,C12479,2026-07-20,P1084,7,4438.16,Paid,Completed, Pune 
O106550,C11368,2026-06-23,P1113,4,10266.57,Paid,Completed,Bangalore
O106551,C12386,2026-04-03,P1115,3,12900.92,Paid,Completed,Chennai
O106552,C13157,2026-08-18,P1150,7,8800.51,Paid,Completed,Pune
O106553,C13317,2026-06-22,P1036,1,5885.91,Paid,Cancelled,Chennai
O106554,C13997,2026-03-23,P1071,5,6545.42,Paid,Completed,Kolkata
O106555,C12562,2026-04-12,P1137,5,14754.58,Pending,Completed,Kolkata
O106556,C10894,2026-04-13,P1408,5,17296.22,Paid,Completed,Kolkata
O106557,C11105,2026-03-10,P1288,-4,11883.59,Failed,Completed,Mumbai
O106558,C11745,2026-03-20,P1016,2,23560.88,Paid,Processing,Chennai
O106559,C13396,2026-04-30,P1370,7,18295.59,Paid,Completed,Pune
O106560,C11468,2026-01-05,P1279,6,22326.42,Paid,Completed,Bangalore
O106561,C12755,2026-03-11,P1176,6,12048.89,Failed,Completed,HYDERABAD
O106562,C10180,2026-01-09,P1233,2,667.61,Paid,Completed,Chennai
O106563,C11721,2026-03-10,P1241,7,14924.14,Refunded,Processing,Kolkata
O106564,C10668,2026-06-19,P1029,1,20511.01,Paid,Completed,Hyderabad
O106565,C13756,2026-07-25,P1064,5,13552.42,Paid,Completed,Kolkata
O106566,C13168,2026-02-25,P1381,6,14327.16,Paid,Processing,Hyderabad
O106567,C10555,2026-04-21,P1080,1,24381.78,Paid,Cancelled,Mumbai
O106568,C11608,2026-04-15,P1283,4,9343.71,Paid,Completed,Kolkata
O106569,C10322,2026-01-06,P1012,7,20106.26,Paid,Completed,Kolkata
O106570,C12988,2026-04-28,P1184,5,12775.33,,Processing,Pune
O106571,C10766,2026-01-12,P1443,1,11753.66,Paid,Completed,Pune
O106572,C13219,2026-04-23,P1137,3,3895.75,Paid,Completed,Bangalore
O106573,C10296,2026-04-12,P1192,4,18785.36,Failed,Completed,Hyderabad
O106574,C12293,2026-05-10,P1339,6,20635.37,Paid,Completed, 
O106575,C12434,2026-07-29,P1390,6,10942.67,Paid,Completed,Kolkata
O106576,C11338,2026-08-28,P1443,4,19159.21,Paid,Completed,Chennai
O106577,C10657,2026-08-14,P1318,4,14653.68,Paid,Completed,Kolkata
O106578,C11296,2026-02-04,P1479,3,6661.59,Paid,Completed,Pune
O106579,C11983,2026-03-04,P1468,6,23115.77,Paid,Completed,Mumbai
O106580,C13879,2026-08-08,P1025,2,17510.25,Paid,Completed,Hyderabad
O106581,C11789,2026-08-22,P1236,6,21994.87,Paid,Completed,Chennai
O106582,C10758,2026-07-06,P1116,2,7252.17,Paid,Completed,Kolkata
O106583,C10103,2026-01-06,P1454,3,22934.17,Paid,Completed,Delhi
O106584,C10032,2026-08-13,P1037,6,9307.27,Paid,Completed,Mumbai
O106585,C11668,2026-08-07,P1309,2,535.44,Paid,Completed,
O106586,C11186,2026-03-14,P1044,3,2153.2,Paid,Cancelled,Bangalore
O106587,C10460,2026-09-02,P1487,1,2506.66,Paid,Completed,Delhi
O106588,C10689,2026-06-27,P1367,3,5416.44,Paid,Completed,Pune
O106589,C11400,2026-06-11,P1185,2,4907.09,Failed,Completed,Mumbai
O106590,C12748,2026-05-08,P1168,7,1729.98,Paid,Completed,Kolkata
O106591,C12440,2026-01-30,P1172,3,22416.19,Pending,Completed,Mumbai
O106592,C10320,2026-03-30,P1218,3,20759.26,Paid,Completed,Pune
O106593,C10572,2026-05-23,P1417,7,19141.73,Paid,Cancelled,Chennai
O106594,C13636,2026-07-09,P1075,5,12134.59,Paid,Processing, 
O106595,C10284,2026-04-18,P1203,3,10801.16,Paid,Cancelled,Mumbai
O106596,C10796,2026-01-29,P1313,2,10806.5,Pending,Completed,Delhi
O106597,C11272,2026-02-10,P1078,4,6765.66,Paid,Completed,Delhi
O106598,C10921,2026-03-30,P1211,1,15323.96,Paid,Completed,Delhi
O106599,C11164,2026-04-29,P1137,3,1759.27,Paid,Completed,Hyderabad
O106600,C12913,2026-05-13,P1248,2,16571.96,Paid,Completed,Mumbai
O106601,C10380,2026-09-07,P1237,6,12992.28,Paid,Returned,Pune
O106602,C11410,2026-03-29,P1381,6,20468.05,Paid,Completed,Chennai
O106603,C12448,2026-05-01,P1089,2,24326.73,Pending,Returned,Hyderabad
O106604,C10195,2026-01-15,P1400,5,21952.27,Paid,Completed,Bangalore
O106605,C10177,2026-04-21,P1201,6,18082.13,Failed,Completed,
O106606,C11995,2026-05-19,P1316,2,10989.75,Paid,Completed,Mumbai
O106607,C13602,2026-03-09,P1119,4,5598.75,Paid,Completed,Mumbai
O106608,C11780,2026-01-24,P1010,2,16722.37,Paid,Completed,Kolkata
O106609,C11627,2026-03-07,P1400,4,5279.5,Paid,Completed,Chennai
O106610,C10040,2026-06-01,P1202,6,800.4,Paid,Processing,Kolkata
O106611,C12933,2026-08-23,P1014,1,14458.85,Paid,Completed,Chennai
O106612,C10656,2026-02-04,P1003,7,10035.02,Pending,Completed,Hyderabad
O106613,,2026-01-09,P1344,7,21937.66,Pending,Completed,
O106614,C11395,2026-02-16,P1227,3,16250.77,Paid,Processing,Bangalore
O106615,C10180,2026-08-21,P1180,1,16287.08,Paid,Completed,Chennai
O106616,C11312,2026-03-25,P1430,3,19760.96,Failed,Cancelled,Kolkata
O106617,C12640,2026-03-25,P1222,6,8590.6,Paid,Processing,Chennai
O106618,C13075,2026-03-09,P1045,1,23966.85,Failed,Completed,Pune
O106619,C12544,2026-05-30,P1412,4,5766.64,Paid,Completed,Bangalore
O106620,C12846,2026-01-27,P1030,3,21830.49,Refunded,Cancelled,Chennai
O106621,C10944,2026-07-11,P1328,7,22797.77,Paid,Cancelled,Pune
O106622,C13864,2026-01-30,P1047,3,1264.3,Paid,Completed,Hyderabad
O106623,C10908,2026-08-13,P1183,1,15906.01,Paid,Completed,Delhi
O106624,C10680,2026-07-31,P1448,5,18810.69,Paid,Completed,
O106625,C11000,2026-05-13,P1130,6,23859.61,Paid,Completed,Hyderabad
O106626,C13891,2026-08-25,P1259,5,6509.06,Paid,Completed,Mumbai
O106627,C10260,2026-02-22,P1274,1,14177.7,Pending,Returned,Bangalore
O106628,C13096,2026-09-01,P1424,2,19396.0,Pending,Completed,Bangalore
O106629,,2026-09-11,P1149,7,3964.38,Failed,Completed,Mumbai
O106630,C13095,2026-06-14,P1370,7,21368.66,Paid,Completed,Chennai
O106631,C11108,2026-05-14,P1455,1,10269.86,Paid,Completed,Delhi
O106632,C12908,2026-07-31,P1024,6,16101.85,Paid,Cancelled,Pune
O106633,C10196,2026-02-24,P1387,7,1338.34,Paid,Completed,Kolkata
O106634,C11339,2026-04-04,P1492,4,5806.52,Paid,Completed,Bangalore
O106635,C11859,2026-05-16,P1308,4,12111.17,Paid,Processing,Pune
O106636,C10082,2026-01-26,P1178,2,7443.48,Failed,Processing,Kolkata
O106637,C10723,2026-07-17,P1205,-1,23958.73,Paid,Completed,Chennai
O106638,C10675,2026-07-04,P1004,5,19934.83,Paid,Completed,Pune
O106639,C11927,2026-04-27,P1305,4,21662.53,Paid,Processing,Kolkata
O106640,C10533,2026-08-14,P1177,7,11818.05,Paid,Completed,Bangalore
O106641,C13911,2026-03-20,P1314,6,11998.96,Pending,Cancelled,Bangalore
O106642,C13550,2026-08-29,P1348,4,20188.17,Paid,Completed,Pune
O106643,C10898,2026-03-17,P1404,7,9872.06,Paid,Returned,Pune
O106644,C10937,2026-06-23,P1334,7,12176.98,Pending,Cancelled,Bangalore
O106645,C13792,2026-02-02,P1150,3,13356.17,Paid,Completed,Chennai
O106646,C11199,2026-04-03,P1080,7,15296.79,Paid,Completed,Hyderabad
O106647,C11694,2026-03-21,P1130,6,16354.27,Paid,Returned, 
O106648,C12808,2026-06-12,P1224,3,17114.57,Paid,Completed, Kolkata 
O106649,C11377,2026-01-21,P1305,2,11267.03,Refunded,Completed,Bangalore
O106650,C13612,2026-06-25,P1309,4,7590.13,Paid,Cancelled,Chennai
O106651,C12358,2026-07-17,P1090,1,23027.81,Paid,Completed,Delhi
O106652,C12270,2026-07-21,P1399,5,20720.03,Refunded,Completed,Hyderabad
O106653,C12218,2026-05-25,P1261,2,384.9,Paid,Completed,Bangalore
O106654,C10448,2026-05-11,P1296,1,12969.21,Pending,Completed,Mumbai
O106655,C13164,2026-03-17,P1437,1,7082.7,Failed,Completed,Hyderabad
O106656,C12290,2026-05-07,P1009,7,16175.41,Paid,Completed, 
O106657,C10214,2026-09-06,P1117,2,12715.2,Paid,Completed,Kolkata
O106658,C13404,2026-05-08,P1156,2,822.81,Paid,Completed,Kolkata
O106659,C12920,2026-04-07,P1442,7,18275.98,Paid,Completed,Bangalore
O106660,C11156,2026-08-20,P1080,4,7102.05,Paid,Processing,Hyderabad
O106661,C11145,2026-02-09,P1358,5,6727.84,Paid,Completed,Mumbai
O106662,C12020,2026-04-06,P1173,7,1088.58,Paid,Completed,Mumbai
O106663,C10028,2026-02-21,P1461,6,20759.9,Paid,Returned,Mumbai
O106664,C13241,2026-03-08,P1395,4,14597.34,Paid,Completed,Hyderabad
O106665,C13771,2026-02-13,P1229,7,12275.62,Paid,Completed,Chennai
O106666,C11787,2026-02-14,P1156,6,16992.58,Pending,Completed,Pune
O106667,C12148,2026-01-25,P1333,6,8830.64,Refunded,Completed,
O106668,C13241,2026-03-03,P1199,1,14366.02,Pending,Completed,Hyderabad
O106669,C11111,2026-08-23,P1304,6,6457.05,Paid,Returned,Chennai
O106670,C11968,2026-01-22,P1231,4,1854.99,Paid,Completed,Delhi
O106671,C10444,2026-05-01,P1167,4,14165.18,Paid,Cancelled,Kolkata
O106672,C12809,2026-06-27,P1464,5,5763.44,Paid,Completed,Chennai
O106673,C13173,2026-08-01,P1298,3,18826.04,Paid,Completed,Chennai
O106674,C10267,2026-01-26,P1102,5,11460.53,Paid,Completed,Mumbai
O106675,C13532,2026-02-07,P1342,7,6484.84,Paid,Cancelled,Mumbai
O106676,C11499,2026-08-21,P1006,7,15326.14,Paid,Completed,Chennai
O106677,C13691,2026-01-26,P1139,4,3180.53,Paid,Processing,Pune
O106678,C13603,2026-09-06,P1207,3,19107.17,Failed,Completed, 
O106679,C13166,2026-05-30,P1012,6,11468.8,Paid,Processing,Mumbai
O106680,C13323,2026-01-19,P1188,1,20372.35,Paid,Completed,Delhi
O106681,C11158,2026-04-26,P1382,7,3710.98,Paid,Completed,Pune
O106682,C11470,2026-03-19,P1174,7,9748.79,Paid,Processing,Mumbai
O106683,C10961,2026-06-30,P1402,5,4746.73,Paid,Processing,Hyderabad
O106684,C11419,2026-02-23,P1130,7,1811.53,Paid,Completed,Mumbai
O106685,C12249,2026-05-09,P1362,2,23897.09,Paid,Completed,mumbai
O106686,C13458,2026-07-01,P1119,1,18248.22,Paid,Completed,kolkata
O106687,C12190,2026-04-02,P1455,3,8342.45,Pending,Completed,Delhi
O106688,C12788,2026-06-12,P1167,1,6379.91,Paid,Completed,Bangalore
O106689,C10543,2026-02-26,P1267,2,5346.75,Failed,Completed, 
O106690,C13761,2026-09-10,P1158,2,1362.36,Paid,Completed,Mumbai
O106691,C12334,2026-02-22,P1383,7,2835.93,Paid,Completed,Chennai
O106692,C13105,2026-03-30,P1162,5,2841.81,Paid,Completed,BANGALORE
O106693,C13997,2026-03-31,P1339,6,16756.74,Paid,Completed,Chennai
O106694,C13441,2026-03-14,P1475,5,14989.28,Failed,Processing,Delhi
O106695,C12019,2026-09-10,P1321,4,14334.38,Paid,Completed,Bangalore
O106696,C13474,2026-07-18,P1026,4,18441.24,Failed,Completed,Pune
O106697,C12637,2026-05-11,P1258,1,6503.95,Pending,Completed,Kolkata
O106698,C12922,2026-05-08,P1303,7,8759.13,Paid,Completed,Delhi
O106699,C12551,2026-04-23,P1404,2,3429.53,Paid,Completed,Mumbai
O106700,C11151,2026-08-21,P1370,7,14816.46,Paid,Completed,Pune
O106701,C11338,2026-04-04,P1051,1,23342.77,Failed,Completed,Hyderabad
O106702,C12235,2026-03-25,P1134,3,21619.5,Pending,Completed,Chennai
O106703,C13499,2026-01-11,P1306,3,14008.47,Paid,Completed,Pune
O106704,C11811,2026-07-04,P1480,4,16221.81,Paid,Completed,hyderabad
O106705,C12164,2026-05-29,P1300,6,24810.03,Paid,Completed,Bangalore
O106706,C11477,2026-03-18,P1301,1,13078.66,Failed,Returned,Bangalore
O106707,C10072,2026-03-15,P1288,3,21803.53,Refunded,Completed,Delhi
O106708,C12576,2026-02-27,P1291,4,12666.23,Paid,Processing,
O106709,C12265,2026-07-12,P1016,1,1482.35,Failed,Completed,Kolkata
O106710,C13916,2026-04-01,P1389,7,23386.14,Refunded,Cancelled,Bangalore
O106711,C12033,2026-07-12,P1115,2,3063.44,Paid,Completed,
O106712,C12141,2026-06-14,P1404,3,17693.44,Paid,Completed,Mumbai
O106713,C11129,2026-05-14,P1293,6,6177.59,Pending,Completed, Hyderabad 
O106714,C10398,2026-07-15,P1417,3,22555.61,Failed,Completed,Mumbai
O106715,C12832,2026-04-09,P1048,7,5252.07,Paid,Completed,Mumbai
O106716,C13236,2026-04-10,P1060,2,3759.84,Paid,Completed,Mumbai
O106717,C13481,2026-01-01,P1313,7,11136.21,Paid,Completed,Chennai
O106718,C11618,2026-04-11,P1495,4,12568.01,Paid,Completed,
O106719,C12816,2026-04-14,P1075,3,20527.51,Refunded,Returned,Mumbai
O106720,C11051,2026-05-29,P1267,2,19131.35,Paid,Processing,delhi
O106721,C11011,2026-05-31,P1145,7,8408.24,Pending,Completed,Mumbai
O106722,C13986,2026-06-04,P1189,4,9808.26,Paid,Returned,Delhi
O106723,C13400,2026-08-15,P1495,5,14543.76,Paid,Completed,Delhi
O106724,C11025,2026-01-10,P1005,4,13923.93,Paid,Cancelled,Pune
O106725,C11734,2026-06-06,P1204,3,21592.55,Paid,Processing,Bangalore
O106726,C12261,2026-09-15,P1350,4,11970.1,,Completed,Chennai
O106727,C10051,2026-09-13,P1249,6,22369.67,Paid,Completed,Bangalore
O106728,C13840,2026-06-19,P1344,3,5365.27,Paid,Completed,Mumbai
O106729,C10435,2026-01-07,P1431,4,21730.36,Paid,Processing,Bangalore
O106730,C13271,2026-05-19,P1343,5,7816.03,Paid,Processing,Bangalore
O106731,C13906,2026-08-26,P1105,4,19794.66,Paid,Completed,Bangalore
O106732,C12819,2026-01-11,P1266,5,14265.07,Paid,Completed,Delhi
O106733,C13869,2026-03-27,P1416,3,21926.38,Pending,Completed,CHENNAI
O106734,C10078,2026-01-06,P1020,7,6011.97,Paid,Returned,Delhi
O106735,C11419,2026-07-11,P1486,4,17627.03,Paid,Completed,Chennai
O106736,C11907,2026-07-13,P1407,2,21269.3,Paid,Completed,Bangalore
O106737,C13134,2026-06-28,P1054,7,19484.26,Paid,Completed,Chennai
O106738,C12620,2026-02-06,P1176,6,14280.18,Paid,Processing,Kolkata
O106739,C12946,2026-06-10,P1235,5,16982.36,Pending,Returned,Bangalore
O106740,C10579,2026-04-08,P1371,1,5153.97,Paid,Completed,Delhi
O106741,C13381,2026-08-18,P1467,5,5646.65,Paid,Completed,Kolkata
O106742,C13291,2026-09-12,P1494,4,6902.08,Paid,Cancelled,Mumbai
O106743,C13078,2026-05-12,P1008,5,20751.94,Paid,Completed, 
O106744,C13274,2026-04-04,P1350,4,4435.76,Paid,Completed,Kolkata
O106745,C10855,2026-07-23,P1475,3,7683.39,Paid,Completed,Mumbai
O106746,C10561,2026-08-07,P1117,3,23034.73,Paid,Completed,Kolkata
O106747,C13583,2026-04-18,P1293,6,18954.31,Paid,Completed,Delhi
O106748,C13831,2026-03-23,P1388,2,18408.2,Paid,Completed,Delhi
O106749,C11698,2026-06-12,P1100,1,11541.99,Paid,Completed,Mumbai
O106750,C11789,2026-08-01,P1424,6,17648.33,Paid,Processing,Chennai
O106751,C12966,2026-04-30,P1417,3,14273.48,Paid,Completed,Mumbai
O106752,C11981,2026-05-18,P1201,2,2065.18,Failed,Processing,Hyderabad
O106753,C11255,2026-04-05,P1351,1,14540.2,Paid,Returned,Pune
O106754,C10760,2026-08-20,P1356,2,11470.51,Paid,Processing,Kolkata
O106755,C10090,2026-09-12,P1446,3,3114.88,Paid,Completed,Chennai
O106756,C12352,2026-08-31,P1144,6,8803.35,Refunded,Completed,Pune
O106757,C10569,2026-06-13,P1180,1,22401.5,Failed,Completed,Mumbai
O106758,C13436,2026-03-29,P1035,3,20151.45,Paid,Processing,
O106759,C13934,2026-03-23,P1035,4,22873.41,Paid,Returned,Hyderabad
O106760,C11832,2026-07-03,P1396,6,18011.87,Paid,Completed,Chennai
O106761,C10462,2026-03-20,P1019,-2,15924.08,Paid,Cancelled,Kolkata
O106762,C12333,2026-01-09,P1306,2,3739.17,Paid,Completed,Delhi
O106763,C12297,2026-08-03,P1229,4,2948.08,Refunded,Cancelled,Hyderabad
O106764,C10533,2026-02-11,P1210,2,6394.81,Paid,Completed,Bangalore
O106765,C12589,2026-07-24,P1469,3,8060.67,Paid,Completed,Delhi
O106766,C11265,2026-06-28,P1271,7,15293.78,Paid,Completed,Delhi
O106767,C13384,2026-02-12,P1005,3,21969.53,Failed,Cancelled,Pune
O106768,C12353,2026-03-14,P1458,4,22301.05,Paid,Completed,Hyderabad
O106769,C11733,2026-03-10,P1393,4,17154.21,Failed,Completed,Hyderabad
O106770,C13856,2026-01-15,P1158,1,14475.68,Paid,Returned,kolkata
O106771,C11966,2026-07-08,P1145,2,6336.4,Paid,Completed,Delhi
O106772,C13552,2026-03-22,P1351,5,23467.23,Paid,Completed,Hyderabad
O106773,C11058,2026-03-19,P1168,3,16876.49,Paid,Returned,Mumbai
O106774,C11768,2026-05-27,P1361,5,13476.39,Paid,Completed,Pune
O106775,C10335,2026-03-01,P1046,5,2867.72,Paid,Completed,Mumbai
O106776,C11692,2026-02-06,P1023,4,20699.32,Paid,Processing,Hyderabad
O106777,C13580,2026-06-15,P1109,7,8920.11,Paid,Processing,Hyderabad
O106778,C13320,2026-07-30,P1463,2,22544.49,Paid,Processing,Kolkata
O106779,C13905,2026-04-22,P1092,5,4459.85,Refunded,Completed,Chennai
O106780,C13001,2026-01-22,P1486,2,1500.3,Paid,Cancelled,Hyderabad
O106781,C11086,2026-03-19,P1216,4,11037.78,Paid,Completed,Mumbai
O106782,C10643,2026-06-12,P1103,7,2234.09,Paid,Completed,Hyderabad
O106783,C10718,2026-06-11,P1216,6,1826.53,Paid,Processing,Hyderabad
O106784,C12647,2026-07-25,P1167,6,17929.19,Paid,Completed,Delhi
O106785,C11530,2026-04-30,P1044,6,6657.18,Paid,Completed,Delhi
O106786,C11657,2026-08-12,P1338,6,16079.61,Paid,Completed,Hyderabad
O106787,C13445,2026-05-06,P1201,5,14399.57,Pending,Processing,Chennai
O106788,C12908,2026-08-26,P1256,5,3776.59,Paid,Completed,Mumbai
O106789,C10837,2026-03-20,P1282,3,9828.74,Refunded,Completed,Bangalore
O106790,C10684,2026-07-29,P1021,7,1931.78,Paid,Cancelled,Bangalore
O106791,C13290,2026-03-30,P1027,7,10715.33,Paid,Processing,Hyderabad
O106792,,2026-06-01,P1253,5,4804.34,Paid,Completed,Pune
O106793,C10741,2026-04-03,P1431,-5,2678.84,Pending,Completed,Hyderabad
O106794,C13810,2026-01-22,P1034,4,8129.54,Paid,Completed,Delhi
O106795,C11720,2026-08-09,P1002,1,384.46,Paid,Processing,Delhi
O106796,C13625,2026-07-13,P1421,6,19016.89,Paid,Completed,
O106797,C13005,2026-02-08,P1217,5,4207.14,,Returned,Delhi
O106798,C13623,2026-06-21,P1299,5,15758.17,Pending,Cancelled,Chennai
O106799,C12582,2026-05-13,P1253,1,20864.78,Paid,Cancelled,Pune
O106800,C10628,2026-01-14,P1388,-4,22955.79,Refunded,Completed,Chennai
O106801,C10241,2026-06-23,P1239,3,14072.1,Pending,Returned,Kolkata
O106802,C12510,2026-02-19,P1240,3,19770.61,Paid,Completed,Hyderabad
O106803,C10233,2026-04-10,P1201,1,11532.86,Paid,Completed,Delhi
O106804,C10944,2026-04-15,P1134,1,12407.47,Paid,Completed,Mumbai
O106805,C10825,2026-02-24,P1477,4,13805.27,Paid,Completed,Chennai
O106806,C11709,2026-04-25,P1472,3,16852.38,Paid,Completed,Bangalore
O106807,C12391,2026-01-21,P1425,6,16846.96,Paid,Completed,Chennai
O106808,C13647,2026-01-23,P1353,7,19698.83,Paid,Completed,Chennai
O106809,C13747,2026-05-20,P1366,2,15538.52,Paid,Completed,Delhi
O106810,C13932,2026-04-25,P1056,6,22101.06,Failed,Completed,Pune
O106811,C13057,2026-03-22,P1084,5,17818.13,Paid,Completed,Delhi
O106812,C13688,2026-02-02,P1156,5,23245.13,Paid,Completed,Mumbai
O106813,C13165,2026-02-12,P1336,1,18835.79,Paid,Processing,Delhi
O106814,C13645,2026-04-01,P1190,6,18546.0,Paid,Completed,Mumbai
O106815,C10417,2026-03-19,P1419,2,21551.81,Paid,Cancelled,Pune
O106816,C13849,2026-02-18,P1423,3,16498.51,Paid,Completed, 
O106817,C10939,2026-03-30,P1498,7,4735.51,Paid,Completed,Kolkata
O106818,C12275,2026-02-09,P1020,3,2349.32,Failed,Processing,Kolkata
O106819,C12068,2026-07-10,P1097,3,8100.91,Paid,Completed,Delhi
O106820,C12259,2026-06-01,P1180,6,20415.53,Pending,Completed,Kolkata
O106821,C12810,2026-02-27,P1143,1,836.18,Paid,Completed,
O106822,C12160,2026-07-10,P1173,1,4005.98,Paid,Completed,Delhi
O106823,C12757,2026-03-20,P1491,5,2921.06,Paid,Completed,Hyderabad
O106824,C12139,2026-08-11,P1136,6,1218.22,Pending,Completed,Hyderabad
O106825,C10048,2026-08-02,P1235,5,20314.01,Paid,Completed,Kolkata
O106826,C12511,2026-09-13,P1002,3,7205.77,Paid,Completed,Bangalore
O106827,C12222,2026-07-25,P1022,7,18304.47,Pending,Completed,Kolkata
O106828,C12345,2026-06-02,P1140,5,3805.23,Paid,Completed,Mumbai
O106829,C10006,2026-01-05,P1037,5,10400.66,Paid,Cancelled,Delhi
O106830,C11876,2026-02-23,P1161,3,3176.7,Paid,Cancelled,Chennai
O106831,C13502,2026-02-26,P1221,1,361.27,Paid,Completed,Hyderabad
O106832,C11331,2026-06-17,P1230,5,15445.11,Paid,Cancelled,Bangalore
O106833,C11780,2026-05-15,P1409,1,12180.25,Paid,Completed,Chennai
O106834,C10490,2026-01-30,P1415,2,10590.92,Paid,Completed,Pune
O106835,C11802,2026-07-19,P1019,1,2242.89,Paid,Processing,Bangalore
O106836,C11584,2026-06-08,P1045,4,14828.66,Paid,Completed,Delhi
O106837,C13534,2026-06-06,P1101,4,19566.03,Paid,Cancelled,Kolkata
O106838,C10141,2026-03-10,P1310,3,1960.94,Paid,Completed,Kolkata
O106839,C13807,2026-01-01,P1392,4,10512.42,Paid,Processing,Kolkata
O106840,C12307,2026-01-22,P1486,2,7995.44,Pending,Completed,Pune
O106841,C12120,2026-07-18,P1306,7,22329.35,Paid,Cancelled,Hyderabad
O106842,C13547,2026-04-01,P1056,7,6787.6,Paid,Completed,Mumbai
O106843,C10764,2026-09-15,P1335,1,23623.73,Paid,Processing,Bangalore
O106844,C10836,2026-09-12,P1428,7,20761.54,Paid,Completed,Mumbai
O106845,C13500,2026-08-15,P1165,1,2773.92,Paid,Completed,Delhi
O106846,C13720,2026-09-03,P1323,6,12171.75,Paid,Completed,Pune
O106847,C13353,2026-05-06,P1139,5,16330.34,Paid,Completed,
O106848,,2026-06-10,P1473,5,14948.87,Paid,Completed,Pune
O106849,C12610,2026-06-17,P1116,5,17076.99,Paid,Completed,Bangalore
O106850,C11805,2026-07-18,P1137,1,10829.77,Paid,Completed,Kolkata
O106851,C13233,2026-07-25,P1463,1,22647.15,Paid,Returned,Kolkata
O106852,C10633,2026-05-25,P1320,6,6977.91,Paid,Processing, Pune 
O106853,C13684,2026-07-24,P1267,5,2624.29,Paid,Completed,Hyderabad
O106854,C11342,2026-06-09,P1435,6,24455.96,Failed,Completed,Pune
O106855,C11293,2026-03-02,P1253,7,16403.38,Paid,Completed,Hyderabad
O106856,C10714,2026-08-11,P1050,1,16582.18,Failed,Completed,Chennai
O106857,C10027,2026-03-08,P1469,7,20492.91,Refunded,Completed,Chennai
O106858,C11251,2026-04-22,P1319,2,10709.6,Paid,Completed,Hyderabad
O106859,C10593,2026-06-01,P1184,5,9840.02,Paid,Completed,Bangalore
O106860,C12954,2026-04-03,P1092,4,23743.88,Pending,Completed,Pune
O106861,C13028,2026-02-27,P1018,5,9853.5,Pending,Completed,Hyderabad
O106862,C13314,2026-03-14,P1157,4,2238.4,Pending,Completed,Pune
O106863,C10021,2026-08-12,P1219,3,7903.39,Refunded,Completed,Hyderabad
O106864,C11407,2026-03-16,P1212,7,21876.47,Paid,Completed,Mumbai
O106865,C10023,2026-04-02,P1337,7,2645.51,Paid,Completed,Mumbai
O106866,C12032,2026-02-08,P1232,4,18002.62,Paid,Processing,Mumbai
O106867,C13638,2026-04-09,P1023,6,6880.11,Paid,Completed,Hyderabad
O106868,C11632,2026-04-04,P1281,2,18720.53,Pending,Processing,Hyderabad
O106869,C13497,2026-01-09,P1035,1,13009.5,Paid,Completed,Delhi
O106870,C13793,2026-06-06,P1362,7,16023.42,Paid,Completed,Hyderabad
O106871,C10952,2026-02-02,P1311,6,6306.95,Failed,Completed,Chennai
O106872,C10040,2026-01-24,P1207,6,4452.53,Paid,Returned,Hyderabad
O106873,C12960,2026-05-26,P1313,2,1863.72,Paid,Returned,Hyderabad
O106874,C12317,2026-03-25,P1499,3,20691.75,Paid,Completed,Pune
O106875,C11389,2026-05-10,P1031,6,17848.97,Paid,Processing,Chennai
O106876,C11471,2026-04-22,P1257,2,7545.8,Paid,Completed,Chennai
O106877,C10324,2026-02-27,P1456,7,20971.76,Paid,Processing,Mumbai
O106878,C13487,2026-05-25,P1337,2,20892.31,Paid,Completed,Chennai
O106879,C10969,2026-09-06,P1176,7,3702.65,Paid,Completed,Hyderabad
O106880,C10388,2026-02-27,P1496,3,17928.08,Paid,Completed,Mumbai
O106881,C13120,2026-02-16,P1429,2,7519.36,Pending,Processing,mumbai
O106882,C11941,2026-08-30,P1492,3,11839.58,Paid,Completed,Bangalore
O106883,C13054,2026-08-17,P1082,1,10924.58,,Processing,Hyderabad
O106884,C13610,2026-03-20,P1377,7,15124.54,Paid,Cancelled,Mumbai
O106885,C11529,2026-07-28,P1310,5,8874.16,Paid,Completed,Mumbai
O106886,C10218,2026-05-23,P1229,1,2109.37,Paid,Completed,Mumbai
O106887,C11013,2026-02-19,P1267,7,16914.46,Paid,Completed,Hyderabad
O106888,C10204,2026-03-24,P1204,1,24026.1,Failed,Processing,Delhi
O106889,C10597,2026-04-12,P1446,1,16796.33,Paid,Completed,Hyderabad
O106890,C13398,2026-02-26,P1162,2,13628.25,Paid,Completed,Chennai
O106891,C13768,2026-01-11,P1239,7,4341.45,Pending,Completed,hyderabad
O106892,C12709,2026-01-30,P1116,7,15741.89,Paid,Completed, Delhi 
O106893,C12929,2026-04-23,P1073,1,15393.85,Paid,Cancelled,Pune
O106894,C12928,2026-08-10,P1405,3,15583.2,Paid,Completed,Hyderabad
O106895,C10493,2026-08-05,P1265,3,22340.13,Paid,Completed,Bangalore
O106896,C10188,2026-07-29,P1305,6,17993.11,Paid,Completed,Bangalore
O106897,C12795,2026-01-11,P1418,6,19649.98,Paid,Completed,
O106898,C10149,2026-03-28,P1492,3,8039.47,Pending,Completed,Pune
O106899,C13249,2026-01-02,P1143,6,6978.26,Paid,Completed,
O106900,C12366,2026-02-01,P1291,3,5407.49,Paid,Completed,Bangalore
O106901,C10454,2026-01-03,P1060,6,19525.76,Failed,Processing,Chennai
O106902,C12639,2026-06-28,P1074,1,17555.14,Paid,Processing,Mumbai
O106903,C12427,2026-04-11,P1016,4,8749.72,Paid,Completed,Kolkata
O106904,C11506,2026-03-24,P1344,6,3785.32,Failed,Processing,Chennai
O106905,C13273,2026-06-22,P1384,5,21212.68,Paid,Completed,Hyderabad
O106906,C11219,2026-04-10,P1011,4,9791.67,Paid,Completed,Pune
O106907,C11512,2026-07-22,P1002,2,4986.81,Paid,Completed,Chennai
O106908,C12788,2026-04-07,P1370,7,3866.94,Paid,Completed,Delhi
O106909,C13010,2026-02-19,P1072,7,23016.09,Paid,Completed,Mumbai
O106910,C11095,2026-01-02,P1082,1,3515.03,Paid,Completed,Delhi
O106911,C10067,2026-06-14,P1146,4,9183.93,Paid,Completed,Delhi
O106912,C10705,2026-01-24,P1382,1,15915.13,Paid,Completed, Kolkata 
O106913,C11053,2026-06-17,P1113,3,10379.48,Paid,Completed,Bangalore
O106914,C13622,2026-04-02,P1083,2,12093.27,Paid,Completed,Pune
O106915,C13577,2026-05-19,P1074,4,20124.76,Paid,Completed,Chennai
O106916,C12644,2026-05-06,P1471,5,24981.09,Paid,Cancelled,Delhi
O106917,C12839,2026-05-01,P1277,3,11840.28,Paid,Completed,Chennai
O106918,C12487,2026-01-01,P1000,6,9657.03,Paid,Completed,Hyderabad
O106919,,2026-07-01,P1052,7,10347.04,Refunded,Completed,Chennai
O106920,C11405,2026-03-24,P1171,3,9416.98,Paid,Completed,Hyderabad
O106921,C12188,2026-08-02,P1490,6,12002.15,Paid,Cancelled,MUMBAI
O106922,C12684,2026-03-29,P1265,6,8527.77,Paid,Completed,Chennai
O106923,C11875,2026-02-01,P1458,2,11726.63,Paid,Completed,Mumbai
O106924,C13093,2026-01-31,P1007,6,23652.79,Pending,Cancelled,Delhi
O106925,C13733,2026-08-19,P1144,3,7369.47,Paid,Completed,Kolkata
O106926,C12657,2026-07-23,P1197,7,16401.31,Paid,Cancelled,Chennai
O106927,C10298,2026-08-10,P1250,3,12327.26,Paid,Completed,Pune
O106928,C12442,2026-03-25,P1134,6,18390.19,Paid,Processing,Pune
O106929,C12787,2026-08-23,P1124,4,11965.61,Paid,Completed,Bangalore
O106930,C11133,2026-08-12,P1318,3,4265.4,Paid,Completed,Kolkata
O106931,C11288,2026-05-05,P1350,7,21848.74,Paid,Completed,Kolkata
O106932,C12383,2026-04-27,P1420,2,16991.45,Paid,Completed,Mumbai
O106933,C12830,2026-04-01,P1067,6,13289.01,Paid,Processing,Bangalore
O106934,C13488,2026-04-16,P1063,1,20827.77,Paid,Returned,Delhi
O106935,C13052,2026-09-14,P1253,2,24411.78,Paid,Completed,Kolkata
O106936,C10536,2026-07-17,P1262,7,10412.16,Failed,Cancelled,Pune
O106937,C11393,2026-04-15,P1399,2,9020.61,Paid,Completed,Delhi
O106938,C10595,2026-04-20,P1472,1,18913.73,Pending,Completed,Mumbai
O106939,C13030,2026-09-05,P1355,4,11528.76,Paid,Completed,Delhi
O106940,C11066,2026-07-28,P1226,5,2418.49,Paid,Completed, 
O106941,C10494,2026-02-12,P1269,7,9054.05,Paid,Processing,Pune
O106942,C10385,2026-06-22,P1249,6,20273.21,Paid,Processing,Hyderabad
O106943,C10458,2026-02-28,P1163,6,17755.35,Paid,Processing,
O106944,C10989,2026-07-26,P1372,5,21612.24,Pending,Completed,Kolkata
O106945,C13131,2026-04-01,P1328,2,3921.68,Paid,Processing,Mumbai
O106946,C10951,2026-07-23,P1266,4,6324.86,Paid,Completed,Delhi
O106947,C11126,2026-08-21,P1383,7,5603.96,Paid,Completed,Mumbai
O106948,C13525,2026-02-23,P1384,7,24291.92,Failed,Completed,Hyderabad
O106949,C11770,2026-05-07,P1264,4,4472.43,Paid,Cancelled,Mumbai
O106950,C12036,2026-08-11,P1024,4,15068.87,Pending,Completed,Bangalore
O106951,C10010,2026-06-06,P1103,4,15932.97,Paid,Completed,Chennai
O106952,C10328,2026-02-25,P1270,2,15586.67,Paid,Completed,Pune
O106953,C12964,2026-01-01,P1252,6,17384.08,Paid,Completed,Bangalore
O106954,C11334,2026-02-08,P1057,3,12252.86,Paid,Completed,Pune
O106955,C10598,2026-04-08,P1023,6,2367.1,Paid,Completed,Bangalore
O106956,C11716,2026-03-21,P1071,5,17620.53,Paid,Processing,Pune
O106957,C10180,2026-03-22,P1371,5,7243.29,Refunded,Completed,Hyderabad
O106958,C12839,2026-04-13,P1092,6,2174.04,Paid,Processing,Pune
O106959,C10321,2026-04-26,P1454,1,4493.71,Paid,Processing,Bangalore
O106960,C10219,2026-03-20,P1126,7,7394.32,Paid,Cancelled,Hyderabad
O106961,C11680,2026-02-20,P1173,2,10981.26,Paid,Cancelled,Kolkata
O106962,C12350,2026-04-25,P1017,5,21574.69,Paid,Returned,Hyderabad
O106963,C13058,2026-06-28,P1450,7,13551.61,Paid,Completed,Delhi
O106964,C10284,2026-04-06,P1062,2,11957.59,Paid,Cancelled,Pune
O106965,C11340,2026-08-25,P1110,6,5024.07,Paid,Processing,Bangalore
O106966,C11075,2026-02-02,P1151,2,23993.79,Paid,Completed,Mumbai
O106967,C12977,2026-09-02,P1339,6,22740.34,Paid,Completed,Hyderabad
O106968,C11478,2026-06-16,P1158,4,20457.11,Paid,Cancelled,KOLKATA
O106969,C12513,2026-01-11,P1473,1,8281.84,Paid,Completed,Delhi
O106970,C11959,2026-07-27,P1421,2,14172.2,Paid,Completed,Kolkata
O106971,C12280,2026-09-04,P1238,6,9904.52,Paid,Returned,Kolkata
O106972,C11463,2026-09-10,P1237,5,10251.98,Paid,Completed,Delhi
O106973,C10957,2026-07-17,P1298,5,2081.64,Paid,Completed,Bangalore
O106974,C10239,2026-02-18,P1007,7,3759.1,Paid,Returned,Mumbai
O106975,C10694,2026-01-23,P1223,1,24040.87,Paid,Cancelled,Pune
O106976,C10690,2026-08-05,P1199,2,15369.07,Paid,Processing,Delhi
O106977,C13742,2026-07-09,P1132,4,455.85,Paid,Processing,Bangalore
O106978,C13752,2026-03-27,P1335,1,20286.89,Paid,Completed,Pune
O106979,C11024,2026-01-04,P1026,2,2449.93,Paid,Cancelled,Bangalore
O106980,C10422,2026-02-21,P1381,1,17791.45,Paid,Completed,HYDERABAD
O106981,C11127,2026-05-17,P1190,4,15634.97,Pending,Completed,Chennai
O106982,C13188,2026-05-07,P1230,3,1854.9,Paid,Completed,Bangalore
O106983,C13485,2026-02-08,P1192,7,13414.2,Pending,Completed,Delhi
O106984,C12006,2026-03-07,P1062,3,1471.65,Paid,Completed,Chennai
O106985,C12162,2026-08-28,P1388,3,1890.43,Paid,Completed,Bangalore
O106986,C11836,2026-08-16,P1322,4,1564.12,Pending,Completed,PUNE
O106987,C10731,2026-07-29,P1492,4,6609.4,Paid,Completed,Chennai
O106988,C10199,2026-03-01,P1051,7,20103.7,Paid,Processing,Hyderabad
O106989,C12487,2026-08-24,P1336,1,9252.63,Failed,Completed,Hyderabad
O106990,C13197,2026-09-15,P1480,6,16096.59,Paid,Completed,Mumbai
O106991,C12999,2026-02-26,P1082,5,3383.77,Paid,Processing,Chennai
O106992,C13604,2026-06-30,P1387,4,23341.76,Paid,Completed,Chennai
O106993,C13257,2026-08-03,P1332,4,12754.75,Paid,Cancelled,Delhi
O106994,C11151,2026-05-07,P1434,3,907.49,Paid,Processing,Chennai
O106995,C10467,2026-06-03,P1241,3,13573.94,Paid,Returned,Delhi
O106996,C11724,2026-06-29,P1170,6,4857.89,Refunded,Completed,Mumbai
O106997,C11394,2026-09-12,P1182,3,5136.67,Refunded,Completed,Delhi
O106998,C12916,2026-04-02,P1473,5,15129.25,Paid,Completed,Kolkata
O106999,C10272,2026-01-09,P1296,3,5891.67,Paid,Completed,Hyderabad
O107000,C13775,2026-03-19,P1158,3,5585.33,Pending,Completed,Chennai
O107001,C13831,2026-07-20,P1290,6,13661.71,Paid,Cancelled,Chennai
O107002,C10353,2026-07-12,P1207,7,6115.85,Paid,Completed,Kolkata
O107003,C11737,2026-07-08,P1312,5,3029.66,Paid,Completed,Bangalore
O107004,C13599,2026-07-24,P1407,3,10383.95,Paid,Completed,Mumbai
O107005,C10749,2026-07-16,P1308,1,1584.36,Pending,Processing,Pune
O107006,C12771,2026-03-29,P1285,7,22661.48,Pending,Completed,Chennai
O107007,C12847,2026-07-01,P1378,1,11452.97,Paid,Completed, 
O107008,C10935,2026-02-18,P1251,7,623.44,Pending,Completed,Bangalore
O107009,C10024,2026-03-12,P1208,2,5848.91,Paid,Processing,Delhi
O107010,C12660,2026-06-15,P1204,1,23958.1,Paid,Completed,Delhi
O107011,C12471,2026-08-18,P1357,7,12560.86,Paid,Completed,Bangalore
O107012,C12600,2026-04-15,P1248,5,9164.57,Pending,Completed,BANGALORE
O107013,C10626,2026-06-07,P1390,3,8083.25,Paid,Completed,Bangalore
O107014,C12416,2026-03-25,P1392,2,10599.18,Paid,Completed,Bangalore
O107015,C12168,2026-06-25,P1148,4,5530.58,Pending,Completed,Bangalore
O107016,C11811,2026-06-16,P1157,6,18803.44,Paid,Cancelled,Pune
O107017,C13110,2026-04-25,P1484,6,12855.14,Paid,Completed,Chennai
O107018,C11554,2026-05-20,P1100,4,18860.41,Paid,Completed,Mumbai
O107019,C11414,2026-08-11,P1277,1,6583.23,,Completed,Bangalore
O107020,C12165,2026-01-05,P1430,2,335.87,Paid,Cancelled,Delhi
O107021,C13779,2026-08-16,P1317,4,24165.86,Paid,Completed,Delhi
O107022,C11378,2026-06-02,P1286,4,12948.03,Paid,Completed,Mumbai
O107023,C11782,2026-03-11,P1387,4,2269.56,Paid,Cancelled,Bangalore
O107024,C11066,2026-01-12,P1265,1,2862.66,Paid,Processing,Hyderabad
O107025,C12720,2026-08-16,P1285,1,11036.55,Failed,Processing,Delhi
O107026,C11457,2026-05-18,P1221,2,17473.03,Paid,Completed,Pune
O107027,C12773,2026-09-01,P1488,1,10097.05,Paid,Completed,Bangalore
O107028,C10583,2026-03-15,P1390,1,20557.77,Paid,Completed, Hyderabad 
O107029,C11055,2026-07-30,P1142,5,8427.77,Paid,Completed,Hyderabad
O107030,C10825,2026-08-05,P1402,1,1426.45,Paid,Processing,Kolkata
O107031,C13112,2026-06-05,P1073,2,504.79,Pending,Completed,Pune
O107032,C10358,2026-02-02,P1166,1,21528.27,Paid,Processing,Hyderabad
O107033,C11008,2026-08-13,P1346,6,24616.22,Paid,Processing,Hyderabad
O107034,C12031,2026-07-22,P1258,6,3580.13,Paid,Completed,Delhi
O107035,C10351,2026-09-06,P1098,1,1832.41,Paid,Completed,Hyderabad
O107036,C10044,2026-01-12,P1051,5,22885.87,Paid,Completed,Hyderabad
O107037,C12766,2026-01-02,P1379,6,2788.68,Pending,Completed,Delhi
O107038,C12456,2026-08-23,P1209,2,5941.58,Paid,Processing,Kolkata
O107039,C10033,2026-06-07,P1343,6,20100.68,Paid,Returned,Kolkata
O107040,C10194,2026-09-12,P1268,4,24950.21,Refunded,Processing,Chennai
O107041,C10878,2026-05-11,P1043,5,12304.54,Paid,Completed,Bangalore
O107042,C13627,2026-06-30,P1464,1,5506.04,Paid,Processing,Bangalore
O107043,C12612,2026-05-26,P1249,3,21238.64,Paid,Completed,Hyderabad
O107044,C13222,2026-07-27,P1016,5,10039.49,Paid,Completed,Hyderabad
O107045,C13040,2026-05-22,P1330,5,7034.26,Paid,Completed,Bangalore
O107046,C13935,2026-02-08,P1144,2,12413.29,Paid,Processing,
O107047,C13803,2026-04-10,P1307,4,21438.22,Paid,Completed,Hyderabad
O107048,C10269,2026-06-04,P1176,4,6055.12,Paid,Cancelled,Pune
O107049,C10090,2026-02-27,P1338,4,10768.71,Pending,Completed,Chennai
O107050,C11989,2026-07-30,P1070,5,11272.82,Paid,Completed,Chennai
O107051,C11087,2026-08-25,P1402,3,20869.28,Paid,Processing,Pune
O107052,C12019,2026-05-05,P1379,2,16997.33,Paid,Cancelled,Delhi
O107053,C10362,2026-05-28,P1289,3,19578.02,Paid,Completed,Delhi
O107054,C13638,2026-08-23,P1220,4,17426.63,Paid,Completed,Delhi
O107055,C13098,2026-06-25,P1157,5,14939.09,Paid,Completed,Bangalore
O107056,C12210,2026-04-16,P1105,4,3570.51,Paid,Completed,Kolkata
O107057,C11861,2026-07-24,P1028,3,20873.84,Paid,Completed,Pune
O107058,C11875,2026-02-24,P1485,4,15299.78,Refunded,Returned,Bangalore
O107059,C12467,2026-07-14,P1175,1,17618.94,Paid,Completed, 
O107060,C12183,2026-05-30,P1391,2,19535.08,Paid,Completed,Mumbai
O107061,C11930,2026-01-15,P1067,3,7998.99,Paid,Completed,Chennai
O107062,C12719,2026-05-16,P1091,1,11101.67,Paid,Completed, Delhi 
O107063,C13062,2026-05-29,P1307,4,13669.88,Paid,Completed,Mumbai
O107064,C12573,2026-06-11,P1074,2,8767.72,Paid,Completed,Pune
O107065,C11566,2026-01-06,P1337,2,6685.86,Paid,Completed,Delhi
O107066,C11658,2026-03-27,P1084,2,19487.77,Paid,Processing,Delhi
O107067,C10394,2026-07-21,P1366,5,18917.18,Paid,Completed,Mumbai
O107068,C11659,2026-01-06,P1057,2,20845.44,Paid,Completed,Delhi
O107069,C13145,2026-06-17,P1495,1,17508.37,Paid,Completed,Mumbai
O107070,C10266,2026-03-29,P1060,3,7999.66,Paid,Cancelled,Mumbai
O107071,C10702,2026-03-02,P1423,1,8376.96,Pending,Completed,Bangalore
O107072,C13373,2026-01-17,P1095,4,13336.52,Paid,Completed,Kolkata
O107073,C12273,2026-03-25,P1272,5,20939.21,Paid,Completed,Bangalore
O107074,C12686,2026-07-24,P1225,5,8853.44,Paid,Processing,Kolkata
O107075,C11287,2026-03-13,P1336,4,19218.69,Pending,Completed,Kolkata
O107076,C11956,2026-08-23,P1014,3,7850.61,Paid,Completed,Chennai
O107077,C13048,2026-01-21,P1211,5,8661.58,Paid,Completed,Delhi
O107078,C13506,2026-07-23,P1358,4,18883.44,Failed,Completed,
O107079,C13899,2026-07-24,P1394,-3,17060.81,Paid,Completed,Kolkata
O107080,C13406,2026-05-29,P1338,7,5443.24,Pending,Completed,Chennai
O107081,C10270,2026-02-01,P1351,7,20727.42,Paid,Completed,Kolkata
O107082,C11374,2026-01-10,P1471,4,19679.88,Paid,Completed,Kolkata
O107083,C12997,2026-04-02,P1325,7,19996.23,Paid,Completed,Mumbai
O107084,C11673,2026-05-19,P1337,7,11917.67,Paid,Cancelled,Hyderabad
O107085,C11746,2026-05-10,P1488,4,8417.4,Paid,Processing,Kolkata
O107086,C13179,2026-07-03,P1376,2,21289.61,Pending,Cancelled,Mumbai
O107087,C13336,2026-02-23,P1175,3,14828.86,Paid,Processing,Mumbai
O107088,C13168,2026-04-24,P1268,6,23295.19,Pending,Completed,Chennai
O107089,C11419,2026-01-01,P1118,4,6569.53,Failed,Completed,Hyderabad
O107090,C10912,2026-04-08,P1153,7,24397.98,Paid,Processing,Pune
O107091,C11436,2026-01-22,P1007,7,9666.69,Paid,Completed,Chennai
O107092,C12807,2026-06-18,P1281,2,9796.45,Paid,Processing,Bangalore
O107093,C11460,2026-09-05,P1368,2,6198.77,Paid,Returned,Kolkata
O107094,C10221,2026-06-06,P1397,1,24136.13,Paid,Completed,hyderabad
O107095,C13205,2026-05-02,P1245,6,1280.94,Paid,Returned,Hyderabad
O107096,C10253,2026-08-31,P1424,4,11991.93,Paid,Completed,Bangalore
O107097,C13987,2026-05-15,P1133,2,9327.4,Paid,Cancelled,Kolkata
O107098,C13449,2026-02-24,P1143,6,4233.8,Paid,Completed,Chennai
O107099,C13828,2026-06-27,P1226,1,17917.11,Paid,Processing,Hyderabad
O107100,C13335,2026-08-01,P1033,1,22488.53,Pending,Processing,Hyderabad
O107101,C10404,2026-05-02,P1295,7,6316.16,Paid,Processing,Bangalore
O107102,C11676,2026-01-08,P1474,4,12592.08,Paid,Completed,Hyderabad
O107103,C13634,2026-03-18,P1483,7,14581.88,,Completed,Delhi
O107104,C10363,2026-08-17,P1139,5,9945.08,Paid,Processing,
O107105,,2026-07-09,P1384,2,23061.99,Paid,Completed,Kolkata
O107106,C11869,2026-01-07,P1284,5,11699.45,Paid,Completed,Bangalore
O107107,,2026-01-25,P1208,1,24574.67,Paid,Completed,Pune
O107108,C13778,2026-01-01,P1081,5,7591.57,Paid,Completed,
O107109,C11581,2026-04-19,P1432,5,2109.21,Paid,Cancelled,Delhi
O107110,C10956,2026-01-24,P1247,4,14501.69,Paid,Processing,Chennai
O107111,C11781,2026-06-26,P1399,1,20636.5,Refunded,Cancelled,Delhi
O107112,C11585,2026-07-19,P1354,3,9893.27,Paid,Completed,Delhi
O107113,C12495,2026-07-26,P1136,2,4871.94,Paid,Completed,Chennai
O107114,C13979,2026-02-22,P1442,7,18534.53,Paid,Completed, Hyderabad 
O107115,C12207,2026-07-02,P1363,4,6990.86,Paid,Processing,Mumbai
O107116,C11850,2026-04-15,P1294,4,19312.52,Paid,Cancelled,Bangalore
O107117,C12377,2026-01-09,P1421,3,6779.34,Failed,Processing,MUMBAI
O107118,C13922,2026-07-03,P1490,4,14065.02,Paid,Cancelled,Pune
O107119,C12501,2026-07-18,P1005,1,22225.63,Paid,Completed,Bangalore
O107120,C10492,2026-05-30,P1345,4,5354.04,Paid,Completed,Kolkata
O107121,C13653,2026-02-19,P1080,4,20571.15,Paid,Completed,Kolkata
O107122,,2026-05-14,P1343,3,6856.11,Paid,Processing,Pune
O107123,C10632,2026-04-09,P1073,2,16618.42,Failed,Completed,Hyderabad
O107124,C10922,2026-08-13,P1479,6,6319.71,Paid,Processing,Bangalore
O107125,C10482,2026-05-31,P1314,2,3129.86,Paid,Completed,Mumbai
O107126,C13846,2026-08-10,P1002,5,16701.38,Paid,Cancelled,Kolkata
O107127,C10283,2026-08-18,P1402,7,14993.74,Pending,Completed,Hyderabad
O107128,C13060,2026-01-27,P1226,1,10216.64,Paid,Completed,Kolkata
O107129,C11351,2026-09-15,P1154,3,1206.06,Paid,Cancelled,Chennai
O107130,C10324,2026-09-03,P1280,7,12039.4,Paid,Completed,Mumbai
O107131,C11736,2026-01-10,P1212,2,3973.05,Paid,Processing,Bangalore
O107132,C10001,2026-03-02,P1193,3,9178.95,Paid,Completed,Chennai
O107133,C13271,2026-08-30,P1339,6,14779.09,Paid,Completed,DELHI
O107134,C12169,2026-03-24,P1406,5,23502.0,Pending,Returned,Kolkata
O107135,C11808,2026-08-01,P1379,7,12929.41,Pending,Processing,
O107136,C13319,2026-01-18,P1062,7,5111.14,Paid,Completed,Chennai
O107137,C12078,2026-01-16,P1441,2,23671.79,Paid,Returned,PUNE
O107138,C12383,2026-02-27,P1224,3,939.98,Pending,Returned,Kolkata
O107139,C13261,2026-04-15,P1305,6,16177.66,Refunded,Completed,Bangalore
O107140,,2026-08-07,P1391,1,6781.09,Paid,Returned,Pune
O107141,C12638,2026-07-10,P1375,7,19010.5,Failed,Completed,Mumbai
O107142,C12818,2026-03-04,P1434,1,8481.21,Pending,Completed,Delhi
O107143,C11052,2026-01-25,P1100,5,10890.04,Refunded,Returned,Kolkata
O107144,C10469,2026-04-29,P1247,2,19329.29,Paid,Completed,Pune
O107145,C12492,2026-05-19,P1297,2,22476.12,Failed,Completed,Hyderabad
O107146,C10896,2026-06-01,P1477,7,4809.07,Paid,Processing,hyderabad
O107147,C10190,2026-06-05,P1318,1,7618.42,Paid,Processing,Kolkata
O107148,C11018,2026-05-10,P1414,6,406.82,Paid,Completed, 
O107149,C12883,2026-03-09,P1104,7,21457.32,Paid,Completed,Bangalore
O107150,C12835,2026-01-23,P1058,5,23694.07,Paid,Completed,Chennai
O107151,C13615,2026-07-21,P1209,4,7202.31,Paid,Completed,Bangalore
O107152,C12703,2026-09-05,P1094,7,9798.51,Paid,Cancelled,Kolkata
O107153,C11760,2026-05-21,P1089,1,10895.23,Paid,Cancelled,Bangalore
O107154,C11042,2026-06-25,P1343,1,10420.87,Pending,Completed,Kolkata
O107155,C13036,2026-08-05,P1050,3,10004.02,Paid,Cancelled,Mumbai
O107156,C11649,2026-07-25,P1440,5,12054.1,Paid,Completed,Pune
O107157,C13264,2026-07-11,P1388,4,4098.45,Paid,Processing,Chennai
O107158,C13409,2026-03-26,P1202,6,1724.7,Paid,Completed,Delhi
O107159,C11407,2026-06-04,P1051,7,18171.1,Pending,Processing,Bangalore
O107160,C11376,2026-01-20,P1471,5,21210.18,Paid,Completed,Delhi
O107161,C13657,2026-07-13,P1192,5,20311.76,Paid,Completed,
O107162,C11590,2026-03-14,P1139,1,15777.67,Paid,Completed,Pune
O107163,C12829,2026-03-06,P1101,1,24229.64,Paid,Completed,Hyderabad
O107164,C11512,2026-03-01,P1406,1,338.11,Paid,Completed,Mumbai
O107165,C12927,2026-06-15,P1119,7,8192.7,Paid,Completed,Mumbai
O107166,C10694,2026-06-26,P1307,3,7957.4,Paid,Processing,Bangalore
O107167,C13346,2026-08-12,P1363,4,8936.92,Paid,Completed,Chennai
O107168,C13935,2026-09-02,P1472,6,20059.74,Paid,Completed,CHENNAI
O107169,C13065,2026-03-12,P1446,6,8981.97,Failed,Cancelled,hyderabad
O107170,C11437,2026-06-11,P1075,4,13318.96,Paid,Completed,Delhi
O107171,C12222,2026-08-06,P1130,7,15464.31,Paid,Completed,Hyderabad
O107172,C12680,2026-04-02,P1151,7,21180.97,Paid,Completed,Mumbai
O107173,C10772,2026-04-05,P1217,5,15511.78,Paid,Completed,Hyderabad
O107174,C11132,2026-04-03,P1078,6,9718.27,Paid,Completed,Pune
O107175,C13209,2026-03-05,P1350,6,17460.13,Paid,Processing,Bangalore
O107176,C13784,2026-01-05,P1490,6,13033.73,Paid,Completed,Bangalore
O107177,C11090,2026-06-19,P1425,1,13351.54,Paid,Completed,Mumbai
O107178,C10590,2026-05-01,P1404,6,8578.27,Paid,Completed,Kolkata
O107179,C13929,2026-04-21,P1251,5,339.71,Paid,Cancelled,Hyderabad
O107180,C11280,2026-05-31,P1212,1,9089.42,Pending,Completed,Delhi
O107181,C13116,2026-08-14,P1374,5,7777.13,Paid,Completed,Pune
O107182,C11517,2026-01-16,P1340,5,2778.37,Paid,Completed,Mumbai
O107183,C13799,2026-05-13,P1118,3,5206.31,Failed,Processing,Kolkata
O107184,C12400,2026-09-13,P1495,6,24527.98,Paid,Completed,Chennai
O107185,C11661,2026-06-07,P1152,3,7211.48,Paid,Completed,Hyderabad
O107186,C10713,2026-09-03,P1011,6,13098.5,Refunded,Completed,Kolkata
O107187,C11023,2026-07-19,P1303,7,13868.52,Pending,Completed, Mumbai 
O107188,C13430,2026-06-05,P1100,5,14132.74,Paid,Completed,Hyderabad
O107189,C10227,2026-05-28,P1209,7,1469.0,Paid,Completed,Pune
O107190,C10627,2026-06-16,P1073,1,19355.12,Paid,Completed,Kolkata
O107191,C10771,2026-07-10,P1197,7,18339.52,Paid,Processing,Kolkata
O107192,C10282,2026-04-25,P1184,5,24436.65,Paid,Completed,Bangalore
O107193,C12744,2026-08-12,P1284,7,4861.87,Paid,Returned,Mumbai
O107194,C13928,2026-06-17,P1156,1,13978.65,Paid,Completed,Delhi
O107195,C10557,2026-03-29,P1220,2,20154.61,,Completed,Mumbai
O107196,C13198,2026-02-19,P1173,4,3371.35,Failed,Cancelled,Mumbai
O107197,C10706,2026-04-29,P1237,5,19802.4,Failed,Completed,Bangalore
O107198,C13898,2026-04-26,P1008,7,6968.09,Paid,Completed,Delhi
O107199,C12029,2026-06-10,P1251,2,7236.9,Paid,Processing,Bangalore
O107200,C13392,2026-01-04,P1031,5,23656.21,Paid,Returned,Chennai
O107201,C10682,2026-09-08,P1495,3,8052.67,Paid,Completed,Mumbai
O107202,C13543,2026-02-11,P1140,4,14730.66,Paid,Completed,Kolkata
O107203,C10326,2026-03-12,P1365,7,11170.3,Refunded,Processing,Kolkata
O107204,C10091,2026-05-28,P1180,5,2230.54,Paid,Completed,Pune
O107205,C12838,2026-06-20,P1330,6,23776.92,Paid,Completed,Pune
O107206,C10426,2026-06-28,P1097,7,5579.01,Paid,Completed,Mumbai
O107207,C13465,2026-04-22,P1309,3,6912.05,Paid,Completed,Pune
O107208,C12487,2026-02-22,P1379,3,9617.99,Paid,Processing,Hyderabad
O107209,C11324,2026-03-27,P1499,2,12613.84,Paid,Completed,Mumbai
O107210,C11109,2026-01-29,P1371,6,3863.86,Paid,Processing,Pune
O107211,C10327,2026-01-02,P1412,3,15859.43,Paid,Completed,Mumbai
O107212,C12749,2026-05-08,P1178,7,13013.15,Paid,Returned,
O107213,C13671,2026-07-21,P1459,6,7784.36,Paid,Completed,Chennai
O107214,C13029,2026-03-07,P1176,2,17408.5,Paid,Completed,Hyderabad
O107215,C12479,2026-04-05,P1350,1,12997.78,Refunded,Completed,Hyderabad
O107216,C10475,2026-02-16,P1424,1,21064.94,Paid,Completed,Pune
O107217,C13313,2026-02-04,P1469,1,21428.5,Refunded,Processing,Bangalore
O107218,C13864,2026-08-30,P1217,1,24508.64,Paid,Cancelled,Pune
O107219,C11052,2026-05-02,P1490,7,1963.19,Paid,Cancelled,Chennai
O107220,C11682,2026-03-15,P1267,7,10307.91,Paid,Processing, 
O107221,C10056,2026-08-26,P1290,5,12687.52,Failed,Completed,Hyderabad
O107222,C13330,2026-09-11,P1368,7,6075.1,Paid,Completed,Chennai
O107223,C10083,2026-03-22,P1485,6,23074.27,Paid,Processing,Chennai
O107224,C11947,2026-08-06,P1259,-2,2476.77,Paid,Completed,Pune
O107225,C12307,2026-05-19,P1044,1,10884.1,Paid,Returned,Mumbai
O107226,C10222,2026-05-07,P1304,3,4874.21,Pending,Completed,Delhi
O107227,C10703,2026-06-27,P1457,6,17148.83,Paid,Completed,Delhi
O107228,C13165,2026-06-14,P1243,7,17713.31,Paid,Returned,Pune
O107229,C11010,2026-06-14,P1126,2,21851.1,Refunded,Completed,Pune
O107230,C12901,2026-06-16,P1145,7,10401.57,Paid,Returned,Bangalore
O107231,C12999,2026-03-29,P1301,6,19445.23,Paid,Completed,Delhi
O107232,C11630,2026-04-03,P1111,6,13874.64,Refunded,Completed,Kolkata
O107233,C10255,2026-06-06,P1466,6,20363.09,Paid,Completed,Mumbai
O107234,C10043,2026-03-29,P1441,5,2408.86,Paid,Completed,Chennai
O107235,C11971,2026-06-27,P1270,7,11747.16,Refunded,Completed,Delhi
O107236,C10286,2026-03-13,P1313,1,4018.85,Paid,Completed,Kolkata
O107237,C12908,2026-06-10,P1150,7,19821.78,Paid,Completed,Pune
O107238,C11524,2026-02-21,P1406,2,4070.98,Pending,Processing,Delhi
O107239,C12735,2026-07-27,P1340,4,499.09,Paid,Cancelled,Pune
O107240,C11633,2026-03-01,P1409,1,23259.24,Paid,Completed,Mumbai
O107241,C12515,2026-09-15,P1236,2,12269.58,Paid,Processing, 
O107242,C13334,2026-06-17,P1161,1,24634.21,Paid,Completed,Kolkata
O107243,C13540,2026-09-08,P1380,4,11489.03,Paid,Cancelled,Hyderabad
O107244,C10067,2026-07-08,P1296,7,14892.58,Paid,Completed,Hyderabad
O107245,C12584,2026-02-13,P1460,3,18681.13,Paid,Processing,Delhi
O107246,C12258,2026-08-18,P1312,3,7235.72,Paid,Completed,Hyderabad
O107247,C12550,2026-02-04,P1280,4,3581.55,Paid,Completed,Kolkata
O107248,C10232,2026-01-29,P1437,-3,16629.9,Paid,Completed,
O107249,C10279,2026-06-22,P1043,5,12913.96,Pending,Completed,Kolkata
O107250,C11989,2026-01-27,P1480,1,20721.99,Pending,Processing,Chennai
O107251,C10228,2026-01-25,P1219,5,1413.2,Paid,Completed,Chennai
O107252,C13108,2026-07-05,P1140,1,13755.82,Paid,Completed,Hyderabad
O107253,C13092,2026-06-07,P1053,5,4888.17,Paid,Completed,Chennai
O107254,C10469,2026-02-17,P1026,1,15547.74,Failed,Completed,Bangalore
O107255,C11821,2026-05-13,P1007,3,19082.86,Failed,Completed, Delhi 
O107256,C12381,2026-08-18,P1483,7,6796.35,Paid,Completed,Kolkata
O107257,C13440,2026-08-21,P1170,1,12200.18,Refunded,Completed,Bangalore
O107258,C13956,2026-06-07,P1375,1,10679.04,Paid,Cancelled,Delhi
O107259,C10068,2026-05-18,P1197,4,18945.31,Paid,Completed,
O107260,C11906,2026-08-30,P1076,4,15116.73,Paid,Completed,Bangalore
O107261,C13215,2026-04-28,P1339,1,3281.47,Paid,Completed, Hyderabad 
O107262,C13186,2026-07-07,P1182,1,24425.68,Paid,Processing,Kolkata
O107263,C12169,2026-04-20,P1191,7,22834.74,Paid,Completed,Mumbai
O107264,C10729,2026-07-02,P1004,2,14594.38,Paid,Completed,Bangalore
O107265,,2026-03-14,P1058,3,19503.68,Refunded,Completed,Mumbai
O107266,C11567,2026-06-02,P1236,1,793.27,Paid,Completed,Kolkata
O107267,C11637,2026-08-13,P1154,1,5276.85,Paid,Completed,Hyderabad
O107268,C11315,2026-06-01,P1496,7,19266.22,Pending,Completed,Pune
O107269,C10578,2026-02-27,P1498,3,2922.84,Pending,Completed,Pune
O107270,C12955,2026-08-25,P1018,2,1355.35,Pending,Completed,Chennai
O107271,C12836,2026-03-02,P1064,6,15508.18,Paid,Completed,Hyderabad
O107272,C12173,2026-07-02,P1323,4,1145.77,Paid,Completed,Chennai
O107273,C11420,2026-06-03,P1321,7,4822.91,Paid,Completed,Mumbai
O107274,C13293,2026-08-24,P1235,7,2275.55,Paid,Returned,Pune
O107275,C10640,2026-04-13,P1153,4,13496.51,Paid,Completed,Delhi
O107276,C11739,2026-05-14,P1288,3,17020.28,Paid,Completed,Mumbai
O107277,C12616,2026-05-29,P1235,1,4827.74,Paid,Processing,Mumbai
O107278,C13288,2026-04-15,P1236,7,11878.31,Paid,Completed,Mumbai
O107279,C12600,2026-01-19,P1421,6,798.23,Paid,Completed,Pune
O107280,C10471,2026-06-20,P1390,4,6837.11,Paid,Completed,Mumbai
O107281,C10405,2026-04-29,P1220,1,4736.23,,Completed,Pune
O107282,C10201,2026-09-08,P1243,7,4399.32,Paid,Completed,Kolkata
O107283,C12241,2026-01-16,P1004,5,5857.99,Paid,Completed, 
O107284,C10972,2026-04-24,P1136,1,20192.0,Paid,Completed,Mumbai
O107285,C10638,2026-04-10,P1396,4,23758.84,Paid,Completed,Mumbai
O107286,C10340,2026-03-05,P1237,1,17739.49,Paid,Completed,Pune
O107287,C12569,2026-04-22,P1423,6,2084.71,Pending,Cancelled,Hyderabad
O107288,C13016,2026-08-04,P1047,1,15815.65,Paid,Completed,Bangalore
O107289,C13433,2026-02-12,P1045,6,18432.65,Paid,Completed,Kolkata
O107290,C12383,2026-02-05,P1063,2,3044.8,Paid,Completed,Chennai
O107291,C11418,2026-04-13,P1191,2,7569.77,Paid,Completed,Pune
O107292,C11883,2026-05-03,P1028,6,10881.02,Paid,Completed,Delhi
O107293,C12546,2026-04-04,P1017,1,7974.88,Failed,Completed,
O107294,C12854,2026-08-07,P1157,7,13102.46,Paid,Completed,Delhi
O107295,C12581,2026-01-20,P1201,3,3533.73,Paid,Completed,Delhi
O107296,C13850,2026-08-31,P1018,3,11285.31,Paid,Completed,Bangalore
O107297,C13003,2026-03-31,P1175,3,18412.02,Failed,Processing,Chennai
O107298,C13004,2026-02-04,P1264,3,11685.05,Pending,Processing,Chennai
O107299,C13281,2026-06-30,P1212,4,5497.74,Pending,Completed,Chennai
O107300,C11842,2026-03-31,P1000,3,20112.18,Paid,Completed,Hyderabad
O107301,C11056,2026-09-03,P1232,4,10041.57,Paid,Completed,Bangalore
O107302,C13267,2026-09-01,P1247,7,10799.78,Paid,Returned,Mumbai
O107303,C11858,2026-04-11,P1217,3,9133.3,Refunded,Completed,Hyderabad
O107304,C12430,2026-01-05,P1461,6,7456.37,Paid,Completed,Hyderabad
O107305,C11719,2026-05-27,P1038,1,15168.11,Paid,Cancelled,Mumbai
O107306,C11585,2026-08-11,P1220,6,4938.84,Paid,Completed,Delhi
O107307,C12687,2026-04-05,P1054,3,19299.97,Paid,Completed,
O107308,C12663,2026-06-11,P1247,7,12197.98,Paid,Completed,Kolkata
O107309,C11237,2026-02-02,P1490,7,22124.61,Paid,Completed,Delhi
O107310,C10756,2026-06-10,P1307,1,23490.6,Paid,Completed,Bangalore
O107311,C10525,2026-04-03,P1454,6,9759.43,Paid,Completed,Hyderabad
O107312,C10455,2026-03-04,P1319,1,4222.93,Paid,Cancelled,Chennai
O107313,C13273,2026-08-16,P1023,6,12779.92,Paid,Processing,Kolkata
O107314,C11145,2026-06-06,P1282,2,6980.16,Paid,Processing,Kolkata
O107315,C12716,2026-07-29,P1233,7,10835.12,Failed,Processing,Delhi
O107316,C11150,2026-06-17,P1370,6,9622.84,Paid,Completed,Kolkata
O107317,C12669,2026-04-19,P1065,6,11426.66,Paid,Completed, Pune 
O107318,C13939,2026-06-17,P1193,5,12614.57,Paid,Completed,Kolkata
O107319,C10264,2026-04-26,P1118,6,15797.49,Paid,Completed,Mumbai
O107320,C12617,2026-09-05,P1248,5,394.21,Paid,Cancelled,Chennai
O107321,C11131,2026-01-26,P1061,6,6633.58,Failed,Completed,Delhi
O107322,C10331,2026-02-21,P1399,1,4505.28,Failed,Processing,Delhi
O107323,C10316,2026-02-24,P1139,7,17848.03,Failed,Completed,Hyderabad
O107324,C11487,2026-07-02,P1039,6,20858.48,Paid,Completed,Pune
O107325,C12164,2026-08-06,P1217,5,18226.18,Paid,Cancelled,Bangalore
O107326,C12591,2026-09-02,P1009,5,24374.2,Failed,Processing,Pune
O107327,C12271,2026-04-07,P1447,3,2208.01,Paid,Completed,Kolkata
O107328,C13594,2026-05-30,P1054,7,11779.43,Paid,Completed,Kolkata
O107329,C10614,2026-05-23,P1334,5,22514.45,Paid,Completed,
O107330,C13318,2026-07-15,P1495,5,8181.48,Paid,Completed,chennai
O107331,C12114,2026-09-12,P1088,5,20117.23,Pending,Cancelled,Bangalore
O107332,C13445,2026-02-14,P1003,6,14174.99,Paid,Completed,Chennai
O107333,C11708,2026-09-03,P1473,2,24470.35,Paid,Completed,Bangalore
O107334,C11928,2026-08-15,P1252,5,9464.24,Paid,Cancelled,Kolkata
O107335,C11690,2026-07-13,P1382,3,10604.03,Paid,Completed,Bangalore
O107336,C10386,2026-03-25,P1022,7,4346.02,Paid,Completed,Pune
O107337,C10580,2026-07-23,P1100,4,4243.11,Pending,Processing,Chennai
O107338,C12071,2026-02-03,P1048,7,21566.76,Pending,Completed,Mumbai
O107339,C12134,2026-06-08,P1361,2,10360.19,Paid,Completed,
O107340,C11872,2026-04-25,P1259,3,15625.5,Paid,Completed,Delhi
O107341,C10051,2026-04-18,P1384,7,18880.63,Refunded,Completed,Kolkata
O107342,C12023,2026-07-22,P1448,1,11124.61,Paid,Completed,Kolkata
O107343,C10535,2026-03-11,P1166,3,23858.46,Paid,Completed,Bangalore
O107344,C12267,2026-05-12,P1386,4,23472.89,Paid,Completed,chennai
O107345,C11154,2026-07-12,P1239,2,17098.92,Paid,Completed,Hyderabad
O107346,C13969,2026-08-09,P1312,4,24881.63,Paid,Completed,Chennai
O107347,C11438,2026-05-15,P1314,6,365.42,Paid,Completed,Mumbai
O107348,C13285,2026-06-24,P1111,1,528.54,Paid,Completed,Delhi
O107349,C10983,2026-01-27,P1206,1,1968.11,Paid,Returned,Bangalore
O107350,C10758,2026-01-15,P1246,6,23604.94,Paid,Completed,Chennai
O107351,C10885,2026-01-19,P1234,1,15239.41,Paid,Completed,Pune
O107352,C11333,2026-02-27,P1373,6,23214.74,Paid,Completed,Hyderabad
O107353,C13398,2026-01-25,P1273,7,3439.32,Paid,Completed,Bangalore
O107354,C13058,2026-06-24,P1148,6,1089.87,Pending,Completed,Chennai
O107355,C11743,2026-09-03,P1055,6,13719.07,Paid,Cancelled,Pune
O107356,C10752,2026-04-27,P1179,3,4627.92,Paid,Completed,Kolkata
O107357,C10194,2026-01-09,P1381,3,21537.9,Paid,Completed,Pune
O107358,C12476,2026-04-30,P1391,7,10684.11,Paid,Processing,Delhi
O107359,C12829,2026-06-24,P1280,5,19330.28,Paid,Completed,Pune
O107360,C12426,2026-03-25,P1159,1,13056.04,Paid,Completed,Bangalore
O107361,C12006,2026-02-18,P1375,4,13358.16,Paid,Completed,Kolkata
O107362,C13894,2026-02-13,P1069,1,17141.57,Paid,Completed,Mumbai
O107363,C10098,2026-07-29,P1497,2,8585.66,Paid,Cancelled,Kolkata
O107364,C13956,2026-05-29,P1295,-4,23736.53,Paid,Completed,Chennai
O107365,C11106,2026-05-28,P1339,1,10190.13,Paid,Completed,Bangalore
O107366,C11533,2026-03-29,P1240,5,10131.65,Failed,Completed,Bangalore
O107367,C13012,2026-05-31,P1412,1,17773.33,Paid,Processing,Mumbai
O107368,,2026-07-19,P1196,5,16015.42,Paid,Completed,Pune
O107369,C12841,2026-05-22,P1162,3,24895.81,Paid,Completed,
O107370,C11331,2026-06-02,P1082,3,21300.7,Pending,Completed,Hyderabad
O107371,C13765,2026-08-23,P1102,5,7329.39,Paid,Completed,Mumbai
O107372,C10687,2026-07-09,P1459,6,2808.35,Refunded,Completed,Chennai
O107373,C13730,2026-08-13,P1160,7,2933.69,Pending,Completed,Delhi
O107374,C13166,2026-03-29,P1354,2,9231.74,Pending,Completed,Kolkata
O107375,C10681,2026-07-09,P1361,6,12086.49,Refunded,Completed,Delhi
O107376,C11551,2026-09-09,P1101,7,16036.97,Paid,Processing,Chennai
O107377,C10417,2026-06-18,P1239,6,21485.83,Paid,Completed,Mumbai
O107378,C12400,2026-06-28,P1429,3,24741.65,Pending,Completed,Hyderabad
O107379,C13845,2026-03-06,P1199,5,10395.29,Paid,Processing,Mumbai
O107380,C10317,2026-02-26,P1485,3,13775.84,Paid,Completed,Hyderabad
O107381,C11033,2026-01-27,P1158,1,15138.46,Paid,Completed,Pune
O107382,C13023,2026-04-02,P1202,4,14096.48,Paid,Completed,Bangalore
O107383,C11834,2026-03-15,P1323,2,2530.73,Paid,Cancelled,Pune
O107384,C11356,2026-02-06,P1423,4,3141.5,Pending,Completed,Mumbai
O107385,C12406,2026-08-14,P1196,2,22252.26,Paid,Completed,Delhi
O107386,C11176,2026-08-25,P1041,1,16986.92,Paid,Completed,Kolkata
O107387,C11316,2026-02-07,P1213,7,17065.4,Paid,Completed,Mumbai
O107388,C13227,2026-03-12,P1171,5,20425.11,Paid,Completed,
O107389,C11567,2026-06-03,P1252,6,2378.3,Failed,Processing,Kolkata
O107390,C12804,2026-04-07,P1016,5,10562.35,Pending,Completed,Mumbai
O107391,C10603,2026-08-20,P1147,5,6392.86,Paid,Completed,Mumbai
O107392,C11596,2026-02-11,P1490,1,16621.92,Paid,Completed,Mumbai
O107393,C12209,2026-08-25,P1115,6,5608.89,Paid,Completed,Chennai
O107394,C11070,2026-01-08,P1379,4,17395.48,Paid,Processing,Bangalore
O107395,C11687,2026-06-18,P1203,7,9881.14,Paid,Completed,Delhi
O107396,C13041,2026-06-03,P1180,3,11153.32,Failed,Completed,Bangalore
O107397,C10646,2026-05-15,P1299,6,20504.92,Pending,Completed,delhi
O107398,C12004,2026-06-18,P1400,6,8899.73,Paid,Completed, Chennai 
O107399,C11047,2026-02-20,P1499,-5,6638.0,Paid,Completed,Kolkata
O107400,C11642,2026-05-17,P1282,3,21301.54,Paid,Processing,Bangalore
O107401,C11502,2026-04-16,P1150,4,17229.36,Failed,Completed,Kolkata
O107402,C12623,2026-08-06,P1245,3,10276.22,Paid,Completed,Mumbai
O107403,C13071,2026-09-12,P1057,3,12614.45,Paid,Completed,Bangalore
O107404,C12000,2026-03-23,P1196,6,8892.09,Paid,Completed,Pune
O107405,C10666,2026-07-20,P1240,3,13914.86,Paid,Completed,Bangalore
O107406,C13477,2026-02-23,P1183,1,3725.79,Paid,Completed,MUMBAI
O107407,C10745,2026-02-12,P1091,4,22244.52,Paid,Cancelled,Hyderabad
O107408,C12315,2026-04-04,P1100,7,13984.99,,Completed,Pune
O107409,C12110,2026-04-22,P1093,3,9816.14,Paid,Completed,Kolkata
O107410,C11147,2026-01-16,P1428,5,14418.36,Pending,Completed,Delhi
O107411,C13814,2026-04-18,P1412,5,4281.46,Paid,Processing,Delhi
O107412,C12708,2026-09-15,P1397,6,2238.28,Failed,Returned,Delhi
O107413,C11881,2026-06-24,P1391,4,13838.72,Paid,Returned,Bangalore
O107414,C11775,2026-08-11,P1045,6,2041.27,Paid,Completed,Delhi
O107415,C10370,2026-02-28,P1154,1,16623.47,Refunded,Returned,Pune
O107416,C13125,2026-02-11,P1069,3,20065.97,Refunded,Completed,Delhi
O107417,C10334,2026-05-06,P1390,7,24712.67,Paid,Completed,Mumbai
O107418,C10803,2026-09-09,P1281,1,19300.32,Paid,Processing,Kolkata
O107419,C10658,2026-02-10,P1425,4,24360.89,Paid,Processing,Bangalore
O107420,C10272,2026-05-21,P1029,2,847.92,Paid,Completed,Mumbai
O107421,C13320,2026-06-22,P1208,5,14103.54,Paid,Completed,Mumbai
O107422,C13628,2026-01-06,P1261,3,4369.0,Paid,Returned,Chennai
O107423,C12504,2026-01-12,P1322,3,6354.84,Pending,Completed,Bangalore
O107424,C13513,2026-03-27,P1082,4,18443.02,Failed,Cancelled,Mumbai
O107425,C12702,2026-02-23,P1466,4,6544.8,Refunded,Processing,Hyderabad
O107426,,2026-08-16,P1437,6,4741.35,Paid,Completed,Chennai
O107427,C13560,2026-08-28,P1215,6,9484.58,Paid,Completed,Bangalore
O107428,C10368,2026-01-25,P1219,6,2356.39,Paid,Completed,Pune
O107429,C10219,2026-07-09,P1290,1,3918.4,Pending,Completed,Kolkata
O107430,C10214,2026-06-11,P1034,6,3917.33,Paid,Completed,Pune
O107431,C11672,2026-03-17,P1004,5,5883.6,Failed,Completed,Chennai
O107432,C13788,2026-08-06,P1357,1,21806.33,Paid,Completed,Chennai
O107433,C13482,2026-08-05,P1005,4,7592.35,Paid,Completed,Pune
O107434,C13130,2026-04-17,P1246,5,7064.54,Paid,Completed,Bangalore
O107435,C11616,2026-04-24,P1092,4,3411.91,Failed,Completed,Mumbai
O107436,C13299,2026-07-11,P1278,6,697.8,Paid,Completed,Chennai
O107437,C10874,2026-02-15,P1492,1,4261.36,Paid,Completed,Chennai
O107438,C12343,2026-06-10,P1314,6,18157.39,Paid,Completed,Mumbai
O107439,C12986,2026-01-11,P1434,1,24255.2,Failed,Cancelled,Kolkata
O107440,C10370,2026-08-26,P1189,1,18672.2,Paid,Returned,Pune
O107441,C13499,2026-01-07,P1356,2,21374.72,Paid,Completed,Kolkata
O107442,C12911,2026-06-13,P1031,1,19732.62,Failed,Completed,Chennai
O107443,C12134,2026-04-10,P1256,3,7612.49,Failed,Completed,Hyderabad
O107444,C10249,2026-03-06,P1432,1,18361.39,Failed,Completed,Bangalore
O107445,C12780,2026-07-22,P1225,6,18839.5,Failed,Cancelled,Delhi
O107446,C11790,2026-01-11,P1235,4,6686.53,Paid,Processing,Mumbai
O107447,C12949,2026-03-04,P1027,7,23040.14,Paid,Completed,Pune
O107448,C10145,2026-03-04,P1369,6,24949.3,Failed,Processing,Delhi
O107449,C12300,2026-05-04,P1198,1,14164.04,Paid,Returned,Mumbai
O107450,C11789,2026-02-10,P1420,4,8119.9,Paid,Completed,Kolkata
O107451,C11720,2026-01-06,P1028,4,9132.98,Paid,Returned,Delhi
O107452,C12071,2026-05-08,P1146,6,14686.36,Paid,Processing,Pune
O107453,C10495,2026-03-06,P1111,5,492.16,Paid,Completed,Mumbai
O107454,C13744,2026-08-31,P1107,7,7915.91,Paid,Processing,Bangalore
O107455,C12821,2026-06-07,P1018,2,1510.4,Paid,Completed,Bangalore
O107456,C10339,2026-03-10,P1434,7,15717.24,Failed,Completed,BANGALORE
O107457,C10318,2026-06-11,P1467,4,15220.12,Paid,Processing,Mumbai
O107458,C10843,2026-06-28,P1372,4,14898.89,Paid,Cancelled,Chennai
O107459,C10959,2026-03-04,P1270,3,4029.47,Paid,Completed,Bangalore
O107460,C11970,2026-05-05,P1407,1,23630.61,Paid,Completed,Hyderabad
O107461,C12147,2026-08-07,P1360,2,13495.45,Paid,Completed,Hyderabad
O107462,C10583,2026-01-22,P1188,2,14029.79,Paid,Completed,kolkata
O107463,C13897,2026-01-31,P1052,6,13743.2,Paid,Completed,Delhi
O107464,C13301,2026-06-17,P1199,7,13253.0,Failed,Completed,Chennai
O107465,C12535,2026-02-21,P1114,5,23479.17,Paid,Completed,Mumbai
O107466,C11112,2026-09-15,P1186,4,15170.0,Paid,Completed,Pune
O107467,C13644,2026-03-04,P1006,4,12282.59,Paid,Completed,Chennai
O107468,C11261,2026-01-22,P1466,3,19231.2,Pending,Processing,Bangalore
O107469,C11277,2026-05-26,P1347,2,6511.12,Failed,Completed,Bangalore
O107470,C11412,2026-06-17,P1075,1,5042.65,Paid,Completed,Kolkata
O107471,C10191,2026-02-01,P1345,5,11148.55,Paid,Completed,Mumbai
O107472,C10247,2026-03-11,P1098,5,687.44,Paid,Completed,Mumbai
O107473,C11904,2026-06-03,P1067,5,7549.87,Paid,Completed,Bangalore
O107474,C13529,2026-04-19,P1033,5,10675.84,Paid,Completed,Mumbai
O107475,C13772,2026-08-25,P1006,6,14593.86,Paid,Completed,Bangalore
O107476,C13105,2026-04-16,P1437,2,13717.12,Paid,Completed,Hyderabad
O107477,C11618,2026-07-25,P1218,4,9374.83,Paid,Processing,Bangalore
O107478,C11242,2026-02-05,P1450,2,8778.6,Failed,Returned,Kolkata
O107479,C10863,2026-06-25,P1352,6,332.57,Paid,Completed,
O107480,C12155,2026-09-12,P1139,7,22063.48,Paid,Cancelled,Bangalore
O107481,C11931,2026-04-16,P1313,1,6012.46,Paid,Completed,Mumbai
O107482,C11869,2026-07-14,P1466,5,9142.68,Paid,Completed,Delhi
O107483,C11265,2026-07-25,P1307,6,800.3,Refunded,Completed,Chennai
O107484,C12329,2026-03-13,P1121,2,23934.03,Paid,Completed,Hyderabad
O107485,C12433,2026-08-14,P1208,1,12515.94,Paid,Completed,Pune
O107486,C13503,2026-02-10,P1311,3,874.83,,Completed,Delhi
O107487,C13048,2026-04-22,P1081,7,6504.49,Paid,Completed,Hyderabad
O107488,C11320,2026-06-28,P1258,5,22017.79,Paid,Returned,Pune
O107489,C11519,2026-07-25,P1396,6,9579.83,Paid,Processing,Hyderabad
O107490,C10958,2026-05-06,P1095,4,17328.31,Paid,Returned,Mumbai
O107491,C10683,2026-04-18,P1318,4,15462.11,Paid,Completed,Hyderabad
O107492,C10435,2026-06-30,P1388,4,11956.88,Paid,Completed,kolkata
O107493,C10136,2026-05-04,P1152,1,20880.5,Paid,Completed,Kolkata
O107494,C11672,2026-01-31,P1085,2,1296.75,Paid,Completed,Hyderabad
O107495,C13839,2026-01-04,P1370,5,22836.86,Paid,Completed,Bangalore
O107496,C12153,2026-06-20,P1370,5,18035.97,Pending,Completed,Delhi
O107497,C12971,2026-06-14,P1071,6,21633.73,Paid,Processing,Mumbai
O107498,C11592,2026-08-09,P1051,5,718.23,Failed,Processing,Hyderabad
O107499,C11538,2026-02-16,P1463,5,2394.43,Paid,Completed,Hyderabad
O107500,C10501,2026-07-07,P1095,3,5385.21,Failed,Completed,Pune
O107501,C11200,2026-05-30,P1260,7,14960.95,Pending,Completed,Pune
O107502,C13717,2026-08-19,P1355,6,2582.8,Paid,Completed,Hyderabad
O107503,C11962,2026-05-07,P1314,5,23309.21,Paid,Completed,
O107504,,2026-02-14,P1280,3,18790.27,Paid,Completed,Kolkata
O107505,C12657,2026-06-21,P1335,2,20247.63,Paid,Completed,Delhi
O107506,C11623,2026-07-17,P1343,4,14721.1,Paid,Cancelled,Mumbai
O107507,C13311,2026-07-12,P1013,3,15884.42,Paid,Completed,Hyderabad
O107508,C10371,2026-05-03,P1204,4,5760.13,Pending,Completed,Kolkata
O107509,C12088,2026-09-07,P1470,4,22778.02,Paid,Completed,Kolkata
O107510,C13207,2026-04-06,P1051,7,16328.27,Paid,Completed,Bangalore
O107511,C13417,2026-07-02,P1280,1,10618.18,Paid,Completed, Hyderabad 
O107512,C11586,2026-06-27,P1218,3,22077.3,Paid,Processing,Pune
O107513,C12966,2026-03-01,P1071,7,21636.4,Paid,Processing,Hyderabad
O107514,C13865,2026-02-21,P1055,5,313.32,Paid,Completed,Mumbai
O107515,C12489,2026-07-14,P1209,6,23143.49,Failed,Completed,Chennai
O107516,C13248,2026-05-29,P1292,1,9276.65,Paid,Completed,Chennai
O107517,C12296,2026-05-07,P1197,5,10727.03,Paid,Completed,Chennai
O107518,C13163,2026-07-21,P1389,6,2407.24,Paid,Completed,Bangalore
O107519,C13765,2026-01-22,P1408,4,21976.16,Paid,Completed,Hyderabad
O107520,C12848,2026-03-10,P1403,7,13618.36,Paid,Completed,Kolkata
O107521,C10618,2026-05-03,P1278,1,22670.89,Paid,Cancelled,Pune
O107522,C10327,2026-08-30,P1056,5,19586.15,Paid,Completed,Delhi
O107523,C13250,2026-09-06,P1180,5,22480.14,Paid,Completed,Mumbai
O107524,C11034,2026-04-04,P1442,2,23721.99,Failed,Cancelled,Hyderabad
O107525,C13503,2026-08-22,P1117,1,22181.84,Paid,Completed,Hyderabad
O107526,C10785,2026-01-15,P1336,1,5482.93,Paid,Cancelled,
O107527,C13647,2026-03-23,P1223,4,2031.78,Refunded,Completed,Pune
O107528,C13223,2026-08-04,P1316,6,15620.25,Paid,Cancelled,Delhi
O107529,C13527,2026-07-13,P1310,7,4129.89,Paid,Completed,Pune
O107530,C10931,2026-07-29,P1335,4,21618.73,Paid,Completed,Kolkata
O107531,C13516,2026-01-03,P1484,1,23702.17,Paid,Completed,Kolkata
O107532,C12352,2026-06-25,P1275,7,3295.54,Refunded,Cancelled,Pune
O107533,C10336,2026-05-08,P1258,2,6125.23,Paid,Completed,
O107534,C13727,2026-06-01,P1320,7,15743.06,Paid,Completed,Delhi
O107535,C10779,2026-04-01,P1292,2,18213.87,Pending,Processing,Kolkata
O107536,C10854,2026-02-12,P1162,6,12954.11,Paid,Cancelled,Kolkata
O107537,C12818,2026-07-13,P1123,7,9415.1,Paid,Cancelled,Kolkata
O107538,C12334,2026-05-11,P1015,4,7858.82,Pending,Completed,Delhi
O107539,C13614,2026-05-12,P1367,3,16749.41,Paid,Completed,Kolkata
O107540,C11228,2026-02-05,P1003,5,18690.67,Paid,Completed,Delhi
O107541,C10167,2026-07-31,P1258,4,7434.25,Paid,Completed,Hyderabad
O107542,C13983,2026-02-09,P1107,2,8352.1,Paid,Completed,Chennai
O107543,C11251,2026-01-18,P1272,7,11663.66,Refunded,Completed,Pune
O107544,C10648,2026-02-23,P1171,1,11420.36,Paid,Processing,Chennai
O107545,C13940,2026-08-25,P1190,-2,21113.57,Paid,Cancelled,Hyderabad
O107546,C12253,2026-06-15,P1489,1,11091.67,Paid,Completed,Kolkata
O107547,C10595,2026-04-15,P1097,4,24466.71,Failed,Completed,Bangalore
O107548,C13345,2026-06-21,P1169,5,7980.8,Paid,Completed,Hyderabad
O107549,C13784,2026-06-03,P1097,6,17412.67,Pending,Completed, Delhi 
O107550,C13527,2026-07-29,P1144,5,19045.73,Paid,Completed,Pune
O107551,C10795,2026-05-16,P1023,7,15870.98,Paid,Completed,Chennai
O107552,C10210,2026-01-22,P1164,4,9366.08,Paid,Processing,Hyderabad
O107553,C11486,2026-07-11,P1257,5,6658.16,Refunded,Cancelled,Chennai
O107554,C11420,2026-03-05,P1119,5,15225.77,Paid,Cancelled,Hyderabad
O107555,C11624,2026-01-20,P1269,6,16568.19,Paid,Completed,Kolkata
O107556,C13198,2026-04-07,P1393,3,6663.27,Paid,Completed,Delhi
O107557,C10038,2026-01-01,P1270,3,8611.28,Paid,Completed,Bangalore
O107558,C12701,2026-03-11,P1036,7,21592.96,Refunded,Completed,Delhi
O107559,C13943,2026-09-09,P1313,3,20319.66,Paid,Completed,Hyderabad
O107560,C11597,2026-04-20,P1429,1,4839.39,Paid,Completed,Hyderabad
O107561,C11941,2026-01-05,P1180,3,23353.89,Paid,Completed,Kolkata
O107562,C12513,2026-05-16,P1081,4,15812.41,Paid,Completed,Bangalore
O107563,C11143,2026-03-15,P1253,7,12569.84,Paid,Completed,Chennai
O107564,C12876,2026-09-07,P1311,6,5261.35,Paid,Completed,Mumbai
O107565,C10812,2026-08-03,P1236,3,18335.82,Paid,Completed,Chennai
O107566,C10259,2026-04-17,P1012,6,23043.64,Refunded,Processing,Bangalore
O107567,C13207,2026-08-05,P1162,4,1904.23,Paid,Completed,Delhi
O107568,C10706,2026-03-10,P1163,3,13162.39,Paid,Completed,Kolkata
O107569,C12928,2026-02-22,P1484,-3,21965.16,Refunded,Completed,Chennai
O107570,C13488,2026-05-15,P1329,3,23827.32,Paid,Completed,Mumbai
O107571,C10183,2026-05-13,P1348,4,2081.85,Paid,Completed,Mumbai
O107572,C12829,2026-05-19,P1417,4,19839.05,Paid,Completed,Pune
O107573,C12587,2026-08-21,P1023,6,7250.73,Failed,Completed,Pune
O107574,C12497,2026-03-01,P1180,4,13675.16,Paid,Processing,Pune
O107575,C11182,2026-04-28,P1026,3,19658.19,Pending,Completed,Chennai
O107576,C10182,2026-06-12,P1456,1,13764.82,Failed,Completed,Delhi
O107577,C10394,2026-04-19,P1456,4,3018.48,Pending,Completed,Pune
O107578,C11092,2026-01-12,P1073,6,14886.21,Paid,Completed,Kolkata
O107579,C11626,2026-07-30,P1139,1,3209.93,Refunded,Completed,
O107580,C13675,2026-01-23,P1142,7,8881.86,Paid,Returned,Kolkata
O107581,C12738,2026-08-03,P1002,3,14088.31,Pending,Completed,Delhi
O107582,C10104,2026-09-11,P1283,6,24787.95,Paid,Completed,Delhi
O107583,C13681,2026-07-25,P1264,1,18255.18,Paid,Completed,Kolkata
O107584,C12883,2026-05-14,P1422,1,7791.58,Paid,Completed,Pune
O107585,C11971,2026-01-02,P1029,4,21950.84,Paid,Completed,Chennai
O107586,C11853,2026-03-30,P1056,6,5885.83,Refunded,Processing,Chennai
O107587,C13735,2026-03-30,P1278,3,9784.6,Paid,Completed,Delhi
O107588,C12201,2026-05-23,P1413,4,16281.43,Paid,Completed,Chennai
O107589,C12012,2026-08-21,P1319,7,10440.87,Paid,Completed,Chennai
O107590,C13100,2026-05-19,P1399,5,18320.55,Paid,Completed,Pune
O107591,C12374,2026-06-13,P1119,2,16370.0,Paid,Completed,Delhi
O107592,C10996,2026-06-29,P1419,1,16781.93,Paid,Completed,Mumbai
O107593,C13998,2026-02-27,P1285,7,10680.51,Paid,Completed,Pune
O107594,C11124,2026-05-02,P1045,3,1661.71,Paid,Completed,Kolkata
O107595,C12734,2026-06-18,P1356,1,21855.87,Paid,Completed,Delhi
O107596,C11960,2026-08-21,P1079,7,2128.36,Pending,Completed,Bangalore
O107597,C10487,2026-03-11,P1255,3,11761.65,Paid,Completed,Bangalore
O107598,C13838,2026-09-09,P1347,4,7757.92,Paid,Completed,DELHI
O107599,C11343,2026-03-05,P1373,2,7619.37,Refunded,Completed,Hyderabad
O107600,C12630,2026-08-21,P1403,2,5897.62,Paid,Completed,Bangalore
O107601,C12953,2026-05-17,P1461,2,7009.82,Paid,Processing,Pune
O107602,C11580,2026-04-11,P1108,7,23896.93,Failed,Completed,Mumbai
O107603,C11043,2026-01-11,P1055,2,24309.71,Paid,Completed,Mumbai
O107604,C10235,2026-08-06,P1220,1,14401.84,Paid,Completed,Mumbai
O107605,C13809,2026-03-03,P1237,3,13259.02,Paid,Completed,Delhi
O107606,C12330,2026-02-24,P1292,5,1494.62,Paid,Completed,Chennai
O107607,C12867,2026-07-16,P1466,3,20152.26,Paid,Processing,Delhi
O107608,C11876,2026-05-19,P1208,1,4512.63,Paid,Completed,Chennai
O107609,C10933,2026-01-18,P1189,6,3821.81,Paid,Completed,Bangalore
O107610,C13984,2026-04-14,P1448,4,10774.55,Paid,Cancelled,Mumbai
O107611,C13872,2026-06-06,P1156,7,8884.26,Paid,Processing,Mumbai
O107612,C13442,2026-04-17,P1125,7,2686.92,Failed,Completed,Hyderabad
O107613,C13667,2026-09-15,P1125,5,3953.98,Paid,Completed,Delhi
O107614,C12302,2026-02-03,P1127,7,24810.73,Pending,Processing,Pune
O107615,C11472,2026-09-10,P1092,5,18450.19,Paid,Completed,Bangalore
O107616,C11373,2026-04-16,P1471,6,15084.36,Paid,Completed,Bangalore
O107617,C13737,2026-08-29,P1082,5,7799.33,Pending,Completed,Delhi
O107618,C13838,2026-08-15,P1042,1,10882.47,,Completed,Chennai
O107619,C11763,2026-07-03,P1201,7,15811.19,Failed,Cancelled,Mumbai
O107620,C12430,2026-04-24,P1291,2,19671.71,Paid,Completed, 
O107621,C13223,2026-04-30,P1374,6,23676.31,Refunded,Completed,Chennai
O107622,C12812,2026-04-20,P1144,2,3330.21,Paid,Completed,Chennai
O107623,C13481,2026-07-27,P1181,2,5033.55,Failed,Returned,Bangalore
O107624,C12436,2026-05-26,P1144,7,14319.02,Paid,Completed,Chennai
O107625,C12331,2026-09-01,P1159,7,23480.79,Paid,Completed,Delhi
O107626,C11504,2026-08-19,P1399,3,11477.79,Pending,Processing,Mumbai
O107627,C10293,2026-01-08,P1306,2,15958.48,Refunded,Completed,Mumbai
O107628,C10222,2026-05-09,P1371,5,7555.02,Paid,Completed,Pune
O107629,C10607,2026-02-18,P1442,2,20349.95,Paid,Completed,Chennai
O107630,C10231,2026-04-30,P1254,6,15249.95,Paid,Returned,Mumbai
O107631,C12142,2026-01-05,P1493,6,9730.67,Paid,Completed,Hyderabad
O107632,C11615,2026-01-07,P1278,5,13702.75,Paid,Completed,Chennai
O107633,C10105,2026-02-27,P1143,5,17460.5,Paid,Completed,Pune
O107634,C10087,2026-06-28,P1031,3,5573.76,Paid,Completed,Mumbai
O107635,C12093,2026-04-09,P1065,6,8733.69,Paid,Completed,Hyderabad
O107636,C12198,2026-08-03,P1359,2,6487.61,Paid,Completed,Chennai
O107637,C10149,2026-01-12,P1325,4,24015.94,Paid,Returned,Pune
O107638,C12682,2026-04-06,P1201,2,1361.31,Paid,Completed,Delhi
O107639,C10503,2026-03-07,P1481,4,1694.1,Paid,Completed,Mumbai
O107640,C11979,2026-07-22,P1189,6,9086.68,Paid,Completed,Pune
O107641,C10635,2026-03-10,P1413,3,13589.26,Paid,Processing,Delhi
O107642,C10156,2026-06-28,P1114,1,8423.76,Paid,Processing,Bangalore
O107643,C10850,2026-05-16,P1419,3,21466.23,Paid,Completed,Chennai
O107644,C11858,2026-03-27,P1261,3,4483.77,,Completed,Mumbai
O107645,C12978,2026-01-21,P1300,4,9306.26,Paid,Completed,Hyderabad
O107646,C11063,2026-05-15,P1288,3,12352.38,Paid,Completed,
O107647,C12742,2026-02-04,P1004,5,5293.47,Paid,Completed,Delhi
O107648,C13453,2026-03-29,P1311,3,7465.23,Pending,Cancelled,Kolkata
O107649,C11079,2026-04-30,P1027,6,23701.02,Paid,Processing,Pune
O107650,C12090,2026-02-13,P1390,3,13149.61,Refunded,Completed,Delhi
O107651,C11639,2026-01-18,P1237,4,21780.76,Paid,Completed, Bangalore 
O107652,C10109,2026-07-02,P1058,6,6953.35,Paid,Returned,Bangalore
O107653,C11568,2026-08-19,P1402,3,15425.53,Paid,Completed,Chennai
O107654,C11510,2026-08-25,P1317,3,19152.15,Paid,Completed,Pune
O107655,C12489,2026-03-10,P1298,6,10713.19,Paid,Completed,Bangalore
O107656,C13468,2026-01-04,P1049,6,15730.42,Refunded,Completed,Mumbai
O107657,C12689,2026-05-18,P1241,6,21621.52,Paid,Completed,Delhi
O107658,C11422,2026-05-24,P1473,2,3777.39,Paid,Completed,Chennai
O107659,C11796,2026-02-03,P1436,6,9062.12,Paid,Completed,Delhi
O107660,C13551,2026-01-11,P1119,5,20650.42,Paid,Processing,Hyderabad
O107661,C12558,2026-01-29,P1357,5,6003.14,Failed,Returned,Delhi
O107662,C11560,2026-09-11,P1037,5,14036.02,Paid,Completed,Hyderabad
O107663,C12402,2026-05-20,P1230,3,11118.98,Failed,Cancelled,Kolkata
O107664,C12579,2026-02-21,P1400,5,16722.96,Paid,Cancelled,Mumbai
O107665,C11930,2026-04-21,P1210,2,16799.73,Paid,Completed,Chennai
O107666,C13464,2026-03-23,P1282,1,14588.49,Paid,Completed,Chennai
O107667,C13253,2026-05-19,P1164,1,23685.48,Refunded,Processing,Delhi
O107668,C12099,2026-07-10,P1382,7,4630.56,Paid,Cancelled,Pune
O107669,C13836,2026-05-03,P1262,2,20926.65,Paid,Cancelled,Kolkata
O107670,C13815,2026-02-08,P1293,7,12388.62,Paid,Completed,Pune
O107671,C13867,2026-01-31,P1208,1,16646.76,Pending,Completed,Pune
O107672,C10882,2026-09-05,P1376,1,7061.55,Paid,Processing,Delhi
O107673,C10413,2026-06-08,P1156,4,2636.94,Paid,Completed,Hyderabad
O107674,C12478,2026-02-20,P1306,3,19509.34,Pending,Cancelled,Chennai
O107675,C12912,2026-03-15,P1363,4,6518.24,Pending,Completed,kolkata
O107676,C11228,2026-03-15,P1102,7,9940.24,Paid,Completed,Delhi
O107677,C12152,2026-05-22,P1491,4,1473.86,Paid,Completed,Kolkata
O107678,C12593,2026-08-27,P1464,2,16360.04,Paid,Processing,Kolkata
O107679,C11854,2026-01-15,P1398,1,17279.98,Paid,Completed,Chennai
O107680,C12167,2026-09-01,P1143,2,22570.99,Paid,Cancelled,Mumbai
O107681,C10301,2026-03-19,P1096,5,22308.21,Paid,Completed,Mumbai
O107682,C13979,2026-07-19,P1266,4,17716.85,Paid,Processing,Pune
O107683,C11515,2026-05-11,P1416,1,8256.59,Failed,Processing,Kolkata
O107684,C10821,2026-07-28,P1351,3,9553.27,Paid,Processing,Pune
O107685,C11921,2026-04-15,P1236,4,9728.03,Paid,Completed,Chennai
O107686,C11270,2026-04-04,P1091,1,3501.92,Paid,Completed,Delhi
O107687,C11567,2026-04-01,P1382,5,23697.99,Failed,Completed,KOLKATA
O107688,C12253,2026-07-11,P1147,2,20508.66,Pending,Completed,Delhi
O107689,C11114,2026-02-10,P1496,1,3888.16,Failed,Completed,Hyderabad
O107690,C12668,2026-09-11,P1028,1,23677.66,Paid,Completed,Bangalore
O107691,C11728,2026-06-02,P1015,4,21127.64,Paid,Completed,Delhi
O107692,C10336,2026-03-15,P1349,1,22995.68,Paid,Completed,Pune
O107693,C13550,2026-04-05,P1400,5,7355.42,Failed,Completed,Mumbai
O107694,C11911,2026-05-29,P1440,3,8588.58,Paid,Processing,Delhi
O107695,C13694,2026-01-08,P1205,5,11907.16,Paid,Processing,Bangalore
O107696,C11523,2026-05-16,P1215,1,5837.76,Paid,Completed,Kolkata
O107697,C12172,2026-04-20,P1292,3,11795.94,Paid,Completed,Pune
O107698,C13497,2026-03-30,P1332,5,527.28,Paid,Completed,Hyderabad
O107699,C11850,2026-08-03,P1017,3,21975.15,Paid,Cancelled,Hyderabad
O107700,C12534,2026-02-21,P1326,6,4308.66,Paid,Completed,Bangalore
O107701,C10989,2026-02-25,P1379,4,12670.94,Paid,Completed,Pune
O107702,C10953,2026-01-27,P1176,1,23242.01,Pending,Completed,Hyderabad
O107703,C12172,2026-01-19,P1138,3,20578.27,Paid,Completed,Pune
O107704,C12454,2026-04-09,P1440,2,19470.28,Paid,Completed,Delhi
O107705,C12625,2026-06-06,P1208,4,15254.51,Paid,Completed,Kolkata
O107706,C13077,2026-07-15,P1018,-2,11075.96,Paid,Completed,Delhi
O107707,C13693,2026-08-09,P1069,4,11317.12,Paid,Completed,Bangalore
O107708,C10961,2026-02-20,P1115,2,2448.05,Paid,Processing,Chennai
O107709,C12479,2026-07-15,P1465,1,1900.21,Paid,Completed,Mumbai
O107710,C11773,2026-04-21,P1308,4,21132.93,Paid,Completed,Hyderabad
O107711,C10357,2026-01-26,P1009,7,10393.71,Paid,Cancelled,Chennai
O107712,C11815,2026-09-01,P1256,4,1634.2,Paid,Completed,Bangalore
O107713,C13165,2026-01-07,P1256,7,16677.44,Paid,Completed,Kolkata
O107714,C10316,2026-03-18,P1046,3,17177.57,Paid,Completed,Mumbai
O107715,C12426,2026-07-24,P1229,3,5917.78,Failed,Cancelled,Kolkata
O107716,C11641,2026-08-18,P1154,4,10444.77,Paid,Completed,Delhi
O107717,C12618,2026-03-28,P1152,3,14463.57,Paid,Completed, Mumbai 
O107718,C13288,2026-01-29,P1217,1,15028.16,Paid,Completed,Pune
O107719,C12168,2026-03-19,P1102,3,12924.55,Paid,Completed,Hyderabad
O107720,C11216,2026-01-18,P1393,1,9295.65,Paid,Processing,Mumbai
O107721,C10360,2026-01-17,P1163,1,1999.86,Paid,Processing,Delhi
O107722,C11155,2026-06-21,P1429,1,850.41,Paid,Returned,Hyderabad
O107723,C11459,2026-05-02,P1391,1,11650.51,Paid,Completed,Chennai
O107724,C12567,2026-07-20,P1480,4,5312.68,Paid,Completed,Delhi
O107725,C11554,2026-08-01,P1445,5,23480.67,Paid,Cancelled,Delhi
O107726,C11612,2026-03-11,P1412,5,16118.3,Paid,Returned,Hyderabad
O107727,C11162,2026-02-05,P1052,7,14762.05,Paid,Completed,Hyderabad
O107728,C11452,2026-07-04,P1481,7,10341.83,Paid,Completed,Pune
O107729,C11064,2026-04-11,P1474,7,8439.27,Paid,Completed,Delhi
O107730,C12938,2026-07-29,P1498,1,4741.26,Paid,Processing,Delhi
O107731,C13934,2026-01-16,P1361,5,1785.53,Paid,Processing,Hyderabad
O107732,C12940,2026-01-06,P1003,1,15972.09,Paid,Completed,Pune
O107733,C10294,2026-06-23,P1048,5,19546.25,,Completed,Delhi
O107734,C12532,2026-08-27,P1111,6,21486.74,Paid,Completed,Kolkata
O107735,C12813,2026-09-01,P1196,2,18190.4,Paid,Completed,Pune
O107736,C13115,2026-06-10,P1169,3,22454.69,Paid,Completed,Kolkata
O107737,C13053,2026-01-16,P1117,7,24575.32,Paid,Completed, 
O107738,C12035,2026-01-31,P1074,5,24053.2,Paid,Completed,kolkata
O107739,C11050,2026-02-19,P1320,1,14928.09,Paid,Completed,Pune
O107740,C10482,2026-09-11,P1204,3,5837.74,Paid,Completed,Pune
O107741,C10033,2026-05-05,P1083,3,2926.98,Failed,Processing,Delhi
O107742,C10006,2026-03-11,P1033,4,24849.95,Pending,Processing,Delhi
O107743,C13747,2026-06-20,P1352,7,7917.24,Paid,Processing,Mumbai
O107744,C12433,2026-01-07,P1013,4,1139.09,Paid,Completed,MUMBAI
O107745,C12298,2026-01-14,P1436,5,9958.84,Paid,Completed,Mumbai
O107746,C11507,2026-08-25,P1331,4,18778.06,Paid,Completed,Pune
O107747,C13196,2026-04-21,P1202,7,22302.76,Paid,Completed,Chennai
O107748,C10881,2026-08-25,P1256,1,12095.83,Refunded,Returned,Chennai
O107749,C12954,2026-02-15,P1237,4,7562.51,Refunded,Completed,Chennai
O107750,C11452,2026-04-08,P1263,2,19526.58,Paid,Completed,Mumbai
O107751,C12833,2026-01-18,P1401,5,12743.08,Paid,Completed,Pune
O107752,C12827,2026-08-20,P1388,3,2424.93,Paid,Cancelled,Delhi
O107753,C11262,2026-03-29,P1382,6,22227.42,,Completed,Mumbai
O107754,C13740,2026-03-24,P1127,-5,16498.43,Paid,Completed,Delhi
O107755,C12032,2026-02-17,P1222,2,1209.26,Paid,Completed,Kolkata
O107756,C11031,2026-02-25,P1066,1,523.7,Paid,Returned,Delhi
O107757,C12697,2026-04-15,P1149,7,2466.72,Paid,Completed,Chennai
O107758,C13005,2026-07-14,P1133,7,20602.3,Paid,Completed, Pune 
O107759,C13805,2026-01-22,P1343,3,12188.3,Paid,Returned,Mumbai
O107760,C10293,2026-08-30,P1410,2,8581.94,Paid,Completed,Delhi
O107761,C12161,2026-02-08,P1212,4,6457.55,Paid,Completed,Delhi
O107762,C11963,2026-07-19,P1036,5,12819.39,Paid,Completed,Hyderabad
O107763,C11241,2026-09-11,P1120,-1,2351.09,Paid,Completed,Mumbai
O107764,C13073,2026-03-14,P1225,2,15544.36,Paid,Completed,Chennai
O107765,C10777,2026-04-06,P1290,2,9699.03,Paid,Processing,Bangalore
O107766,C11312,2026-03-03,P1382,4,21503.47,Pending,Completed,Bangalore
O107767,C13067,2026-01-13,P1035,7,18934.34,Pending,Completed,Delhi
O107768,C11910,2026-05-10,P1188,1,753.64,Paid,Completed,Hyderabad
O107769,C10544,2026-06-11,P1246,6,4412.5,Paid,Returned,Chennai
O107770,C13579,2026-05-24,P1217,6,12008.65,Paid,Completed,Chennai
O107771,C12925,2026-07-28,P1379,7,16569.4,Paid,Completed,Delhi
O107772,C12252,2026-02-27,P1256,4,17963.61,Paid,Completed,Mumbai
O107773,C12439,2026-09-11,P1175,7,20461.21,Paid,Processing,Kolkata
O107774,C12505,2026-02-26,P1210,7,1515.7,Refunded,Completed,Pune
O107775,C11998,2026-03-27,P1217,4,756.54,Paid,Completed,Delhi
O107776,C12981,2026-02-05,P1342,3,15132.49,Refunded,Cancelled, Bangalore 
O107777,C12863,2026-08-31,P1487,6,18178.53,Paid,Completed,Delhi
O107778,C10011,2026-01-04,P1481,2,19731.39,Paid,Completed,Mumbai
O107779,C10442,2026-08-21,P1346,2,4146.17,Paid,Returned,Mumbai
O107780,C10101,2026-05-12,P1322,4,24227.78,Paid,Completed,Bangalore
O107781,C10676,2026-06-06,P1493,4,5966.9,Failed,Completed,Chennai
O107782,C10289,2026-05-06,P1486,2,6483.16,Paid,Completed,Bangalore
O107783,C10775,2026-07-28,P1076,2,4110.94,Paid,Completed,Pune
O107784,C12155,2026-01-28,P1422,7,1368.21,Paid,Completed,
O107785,C12680,2026-03-16,P1463,2,20300.19,Paid,Returned,Hyderabad
O107786,C13677,2026-04-26,P1002,1,439.4,Paid,Completed,Kolkata
O107787,C12959,2026-06-04,P1025,4,11755.36,Paid,Completed,PUNE
O107788,C10126,2026-05-31,P1452,4,2571.59,Pending,Cancelled,Chennai
O107789,C11876,2026-03-09,P1438,7,1406.45,Paid,Completed,
O107790,C12704,2026-04-05,P1002,3,23386.03,Paid,Processing,Bangalore
O107791,C11261,2026-07-04,P1311,3,20687.38,Paid,Completed,Chennai
O107792,C11476,2026-03-15,P1283,5,10053.44,Paid,Processing,Hyderabad
O107793,C13213,2026-02-17,P1238,2,11627.27,Paid,Cancelled,Chennai
O107794,C10188,2026-07-23,P1243,2,21742.38,Refunded,Completed,Bangalore
O107795,C12160,2026-01-08,P1426,7,19981.87,Paid,Completed,Delhi
O107796,C13220,2026-03-15,P1029,5,17382.89,Paid,Cancelled,Hyderabad
O107797,C13192,2026-06-25,P1342,4,13553.16,Paid,Processing,Bangalore
O107798,C10482,2026-04-03,P1401,7,15313.21,Paid,Completed,Bangalore
O107799,C13382,2026-04-20,P1004,2,10015.95,Refunded,Completed,Delhi
O107800,C10309,2026-05-19,P1341,3,13344.0,Pending,Completed,Pune
O107801,C13699,2026-02-12,P1108,1,13630.54,Paid,Cancelled,Bangalore
O107802,C10865,2026-03-14,P1316,6,21661.54,Paid,Completed,Hyderabad
O107803,C10461,2026-01-09,P1256,4,5700.76,Paid,Processing,Chennai
O107804,C10296,2026-05-20,P1063,7,6391.55,Paid,Completed,Hyderabad
O107805,C11374,2026-06-06,P1218,1,5510.16,Paid,Completed,Kolkata
O107806,C11395,2026-08-17,P1141,1,14605.44,Paid,Processing,Kolkata
O107807,C12106,2026-08-31,P1296,5,17470.4,Paid,Completed,Hyderabad
O107808,C12934,2026-04-03,P1253,1,6191.01,Paid,Completed,Kolkata
O107809,C12040,2026-07-12,P1072,2,17020.95,Paid,Processing,KOLKATA
O107810,C13918,2026-01-12,P1451,5,15813.85,Paid,Completed,Delhi
O107811,C10841,2026-04-17,P1180,3,8230.63,Paid,Completed,Mumbai
O107812,C10842,2026-04-04,P1216,1,5976.53,Failed,Completed,Chennai
O107813,C12822,2026-08-04,P1414,2,22080.61,Paid,Completed,
O107814,C11257,2026-06-30,P1121,2,14370.82,Paid,Completed,Kolkata
O107815,C10686,2026-06-11,P1314,7,17686.31,Paid,Completed,Mumbai
O107816,C13172,2026-02-18,P1223,7,23155.87,Pending,Completed,Chennai
O107817,C10905,2026-04-26,P1449,7,5373.32,Paid,Cancelled,Pune
O107818,C12998,2026-03-08,P1239,3,8958.69,Paid,Processing,kolkata
O107819,C10827,2026-08-29,P1292,5,11030.92,Paid,Completed,Mumbai
O107820,C13760,2026-07-29,P1243,5,6052.49,Paid,Completed,Chennai
O107821,C11181,2026-02-10,P1049,5,21058.39,Paid,Completed,
O107822,C13001,2026-08-27,P1193,3,2360.06,Paid,Processing,Mumbai
O107823,C13368,2026-06-03,P1013,3,6207.24,Paid,Completed,Mumbai
O107824,C10490,2026-01-13,P1398,3,5018.54,Pending,Completed,Bangalore
O107825,C10272,2026-03-10,P1280,5,23848.78,Paid,Returned,Bangalore
O107826,C12395,2026-05-19,P1457,1,15795.65,Paid,Cancelled,Kolkata
O107827,C12482,2026-06-26,P1347,3,17990.52,Paid,Completed,Kolkata
O107828,C12493,2026-07-03,P1239,3,2978.0,Paid,Completed,Mumbai
O107829,C11826,2026-06-29,P1007,5,5092.06,Paid,Completed,Pune
O107830,C13741,2026-02-27,P1185,3,20304.25,Refunded,Cancelled,Hyderabad
O107831,C12770,2026-07-15,P1377,1,14322.95,Paid,Completed,Mumbai
O107832,C10297,2026-01-19,P1247,5,1414.5,Paid,Processing,Hyderabad
O107833,C13142,2026-03-09,P1439,3,14272.04,Paid,Cancelled,Bangalore
O107834,C11102,2026-02-24,P1397,3,12042.02,Paid,Completed,Mumbai
O107835,C12894,2026-02-24,P1083,7,4096.23,Paid,Completed,Chennai
O107836,C10237,2026-02-26,P1041,4,14945.64,Paid,Completed,Kolkata
O107837,C13069,2026-06-13,P1268,4,4593.3,Paid,Completed,Delhi
O107838,C12172,2026-02-16,P1018,2,20342.82,Paid,Completed,
O107839,C12885,2026-03-29,P1033,2,15576.69,Failed,Completed,Chennai
O107840,C11978,2026-08-09,P1473,3,21821.4,Refunded,Completed,Kolkata
O107841,C13207,2026-07-27,P1356,4,10789.26,Paid,Completed,Delhi
O107842,C13791,2026-05-27,P1173,2,12944.45,Paid,Completed,Hyderabad
O107843,C12972,2026-07-31,P1215,5,19086.44,Paid,Completed,Chennai
O107844,C12979,2026-05-11,P1372,4,13793.02,Paid,Processing,Kolkata
O107845,C10867,2026-09-03,P1310,1,14428.01,Paid,Processing,Mumbai
O107846,C11419,2026-08-08,P1468,1,13967.47,Paid,Processing,Delhi
O107847,C10500,2026-08-04,P1447,1,12435.49,Pending,Completed, 
O107848,C12131,2026-03-06,P1184,1,20200.72,Paid,Cancelled,Pune
O107849,C11787,2026-04-20,P1471,4,12284.73,Paid,Completed,Bangalore
O107850,C11179,2026-08-26,P1199,5,22549.63,Paid,Completed,Mumbai
O107851,C10276,2026-07-14,P1447,1,20272.83,Paid,Completed,Kolkata
O107852,C13728,2026-01-31,P1096,5,17403.27,Paid,Completed,Bangalore
O107853,C12423,2026-01-05,P1132,2,22496.87,Paid,Completed,Bangalore
O107854,C11301,2026-09-14,P1472,2,13566.2,Paid,Completed,Bangalore
O107855,C11392,2026-05-18,P1042,3,20599.47,Paid,Completed,Bangalore
O107856,C11582,2026-06-09,P1103,4,6273.03,Paid,Completed,Pune
O107857,C13249,2026-08-22,P1016,1,2102.5,Paid,Cancelled,Mumbai
O107858,C10842,2026-05-13,P1088,5,17219.52,Paid,Completed,Hyderabad
O107859,C13428,2026-01-13,P1489,5,7749.77,Failed,Processing,Chennai
O107860,C11246,2026-04-29,P1173,6,15974.74,Paid,Completed,Bangalore
O107861,C13487,2026-08-13,P1160,4,2211.64,Paid,Processing,HYDERABAD
O107862,C13586,2026-02-15,P1324,7,23904.5,Paid,Completed,Hyderabad
O107863,C12788,2026-02-26,P1270,2,13023.33,Pending,Completed,Pune
O107864,C13581,2026-01-17,P1041,4,535.3,Paid,Completed,Kolkata
O107865,C12990,2026-09-09,P1398,5,12059.1,Paid,Completed,Mumbai
O107866,C10578,2026-05-30,P1448,4,19806.1,Paid,Completed,Bangalore
O107867,C13827,2026-03-08,P1190,6,21670.91,Paid,Completed,Delhi
O107868,C10761,2026-02-13,P1055,2,11693.16,Failed,Completed,Kolkata
O107869,C11980,2026-08-12,P1170,2,3410.63,Paid,Cancelled,Pune
O107870,C11535,2026-06-03,P1081,6,22682.4,Paid,Processing,Pune
O107871,C11393,2026-01-23,P1453,1,24534.91,Paid,Completed,Chennai
O107872,C13136,2026-01-26,P1289,1,1860.89,Paid,Completed,Mumbai
O107873,C11164,2026-07-26,P1193,6,2228.27,Pending,Processing,Mumbai
O107874,C12152,2026-04-14,P1464,1,14270.18,Paid,Completed,Hyderabad
O107875,C11347,2026-07-21,P1373,2,13487.34,Paid,Completed,Kolkata
O107876,C13576,2026-03-07,P1068,7,14839.77,Paid,Cancelled,
O107877,C10620,2026-04-12,P1019,7,8132.68,Paid,Cancelled,Kolkata
O107878,C10702,2026-06-16,P1141,5,1543.47,Pending,Cancelled,Mumbai
O107879,C10445,2026-04-28,P1203,1,14634.67,Paid,Cancelled,Hyderabad
O107880,C13033,2026-05-23,P1323,4,4040.71,Paid,Completed,Pune
O107881,,2026-05-18,P1296,5,8729.1,,Completed,Pune
O107882,C12134,2026-08-12,P1186,6,14686.49,Pending,Completed,Chennai
O107883,C13069,2026-05-19,P1049,7,5449.62,Paid,Processing,Bangalore
O107884,C10462,2026-08-18,P1201,3,13698.83,Pending,Cancelled,Bangalore
O107885,C13724,2026-01-21,P1422,1,17953.54,Failed,Completed,Chennai
O107886,C11137,2026-03-22,P1157,3,1924.78,,Cancelled,
O107887,C13171,2026-03-02,P1164,1,15600.97,Paid,Processing,Mumbai
O107888,C13176,2026-04-25,P1302,5,12883.03,Pending,Completed,
O107889,C11394,2026-07-30,P1125,3,2706.85,Paid,Completed, Hyderabad 
O107890,C12204,2026-06-13,P1217,7,17746.73,Paid,Returned,Kolkata
O107891,C12525,2026-05-21,P1428,2,7978.98,Pending,Cancelled,Chennai
O107892,C11663,2026-08-10,P1493,1,4802.73,Paid,Completed,Kolkata
O107893,C11432,2026-04-06,P1312,6,7276.65,Paid,Cancelled,Delhi
O107894,C13411,2026-03-17,P1387,6,13791.15,Paid,Completed,Delhi
O107895,C10808,2026-01-05,P1261,4,14627.39,Paid,Completed,Chennai
O107896,C13182,2026-03-28,P1398,7,4490.39,Paid,Completed,Bangalore
O107897,C10815,2026-02-03,P1108,7,23434.93,Paid,Completed,Hyderabad
O107898,C12802,2026-03-27,P1428,3,8424.91,Paid,Processing,Hyderabad
O107899,C11151,2026-04-13,P1081,6,6926.78,Paid,Completed,Bangalore
O107900,C13712,2026-09-09,P1336,4,4912.05,Paid,Completed,Hyderabad
O107901,C12423,2026-03-17,P1443,3,3277.02,Paid,Completed,Delhi
O107902,C12135,2026-01-08,P1480,7,24557.42,Pending,Completed,Delhi
O107903,C11181,2026-07-03,P1099,5,16965.68,Paid,Cancelled,Delhi
O107904,,2026-06-18,P1106,4,19739.66,Paid,Completed,Chennai
O107905,C10263,2026-01-01,P1344,7,10216.73,Paid,Completed,Kolkata
O107906,C10573,2026-04-17,P1114,1,10540.89,,Completed,Mumbai
O107907,C11181,2026-04-22,P1411,2,24676.23,Paid,Completed,
O107908,C13800,2026-01-02,P1332,5,5257.05,Paid,Cancelled,Bangalore
O107909,C11873,2026-02-01,P1287,3,8375.23,Paid,Cancelled, Kolkata 
O107910,C11602,2026-01-11,P1431,1,5120.49,Paid,Completed,Hyderabad
O107911,C13092,2026-01-10,P1402,3,7280.81,,Completed,Chennai
O107912,C12776,2026-07-12,P1030,4,16690.28,Paid,Completed,Mumbai
O107913,C12657,2026-05-08,P1206,4,7930.25,Paid,Processing,Hyderabad
O107914,C12424,2026-05-30,P1443,2,21925.42,Failed,Completed,Chennai
O107915,C10520,2026-07-26,P1043,4,1501.67,Pending,Completed,Bangalore
O107916,C11563,2026-08-21,P1406,5,9061.61,Paid,Completed,Mumbai
O107917,C13607,2026-05-03,P1487,3,21559.46,Paid,Processing,Pune
O107918,C13841,2026-02-26,P1026,3,15648.05,Pending,Completed,chennai
O107919,C11732,2026-01-03,P1128,5,19342.72,Paid,Completed,Delhi
O107920,C10004,2026-01-02,P1149,4,8294.06,Paid,Completed,Delhi
O107921,C11998,2026-02-16,P1391,4,9421.83,Pending,Completed,Mumbai
O107922,C10909,2026-03-04,P1324,5,22239.25,Paid,Processing,Delhi
O107923,C10752,2026-05-10,P1279,2,18814.58,Paid,Completed,Delhi
O107924,C11136,2026-03-02,P1123,7,9791.24,Paid,Cancelled,Pune
O107925,C10490,2026-07-27,P1288,7,5619.35,Paid,Cancelled,Pune
O107926,C10183,2026-01-02,P1395,1,2925.36,Paid,Processing,Chennai
O107927,C11780,2026-01-12,P1259,1,21587.15,Paid,Returned,Chennai
O107928,C11051,2026-02-17,P1063,4,17531.91,Paid,Processing,Delhi
O107929,C11025,2026-07-16,P1206,6,15301.35,Paid,Completed,Bangalore
O107930,C10886,2026-03-19,P1315,1,19481.72,Paid,Processing,Mumbai
O107931,C11988,2026-05-01,P1392,1,22900.24,Pending,Completed,Mumbai
O107932,,2026-03-13,P1041,6,19111.25,Paid,Completed,Kolkata
O107933,C12629,2026-09-11,P1308,1,10690.29,Paid,Completed,Hyderabad
O107934,C13906,2026-04-14,P1460,4,4658.81,Paid,Cancelled,Pune
O107935,C13658,2026-08-22,P1201,7,17931.46,Paid,Cancelled,Hyderabad
O107936,,2026-08-24,P1059,3,6394.02,Failed,Completed,Kolkata
O107937,C13254,2026-01-23,P1361,4,19630.55,Paid,Completed,Hyderabad
O107938,C10738,2026-07-18,P1397,4,8666.65,Paid,Completed,Delhi
O107939,C10849,2026-01-05,P1306,6,4172.27,Paid,Completed,Chennai
O107940,C12805,2026-06-22,P1498,2,6589.78,Refunded,Completed, Pune 
O107941,C10867,2026-06-03,P1376,2,6885.96,Paid,Completed,Mumbai
O107942,C11806,2026-02-12,P1064,4,9656.39,Pending,Completed, 
O107943,,2026-08-06,P1410,5,6655.07,Refunded,Completed,Pune
O107944,C10931,2026-09-03,P1021,5,5871.27,Paid,Completed,Bangalore
O107945,C10618,2026-05-13,P1277,7,9976.2,Paid,Completed,
O107946,C12449,2026-07-18,P1473,2,21742.08,Paid,Processing,Bangalore
O107947,C10224,2026-05-06,P1447,6,2040.26,Paid,Cancelled,Delhi
O107948,C12812,2026-01-21,P1382,2,7617.14,Paid,Completed,Chennai
O107949,C13581,2026-01-26,P1023,3,14189.02,Paid,Completed,Kolkata
O107950,C11374,2026-01-12,P1029,2,21899.66,Paid,Processing,Mumbai
O107951,C11654,2026-05-22,P1039,7,7318.06,Paid,Completed,
O107952,C12364,2026-04-23,P1080,6,8913.94,Paid,Completed,Chennai
O107953,C12667,2026-05-08,P1406,7,20009.38,Paid,Completed,Pune
O107954,C12180,2026-08-11,P1137,7,9501.19,Paid,Completed,
O107955,C12763,2026-03-02,P1288,1,21333.38,Failed,Completed,Pune
O107956,C13236,2026-02-19,P1071,4,11545.19,Paid,Completed,Delhi
O107957,C13963,2026-05-06,P1260,7,14356.69,Failed,Processing,
O107958,C11572,2026-08-17,P1481,4,14153.76,Paid,Completed,Pune
O107959,C12340,2026-02-12,P1242,6,3246.86,Paid,Completed,Mumbai
O107960,C11505,2026-02-19,P1154,4,9067.08,Paid,Completed,Pune
O107961,C10952,2026-02-13,P1317,6,6267.16,Paid,Completed,Chennai
O107962,C13993,2026-06-12,P1222,3,17170.62,Paid,Completed,
O107963,C10055,2026-02-17,P1408,3,23361.08,Failed,Completed,Mumbai
O107964,C10259,2026-07-09,P1449,1,5546.77,Pending,Completed,Mumbai
O107965,C12334,2026-05-13,P1019,7,2554.14,Paid,Completed,Mumbai
O107966,C12841,2026-06-18,P1118,4,12812.79,Paid,Completed,Pune
O107967,C12917,2026-09-14,P1119,1,9953.67,Paid,Completed,Hyderabad
O107968,C12815,2026-03-14,P1298,2,1182.23,Paid,Completed,Mumbai
O107969,C13156,2026-06-08,P1066,4,23064.05,Paid,Completed,Bangalore
O107970,C12981,2026-03-18,P1185,1,23521.72,Paid,Completed,Pune
O107971,C12185,2026-01-10,P1424,3,21305.2,Paid,Completed,Hyderabad
O107972,C11881,2026-04-07,P1231,6,7228.83,Paid,Completed,Chennai
O107973,C12883,2026-05-14,P1063,3,3323.97,Paid,Completed,Bangalore
O107974,C12931,2026-01-07,P1357,3,14934.61,Paid,Completed,Delhi
O107975,C11331,2026-02-05,P1301,6,7253.39,Paid,Completed,Bangalore
O107976,C10011,2026-07-05,P1443,1,5282.43,Paid,Completed,Hyderabad
O107977,C11258,2026-04-15,P1231,1,16140.23,Paid,Completed,Delhi
O107978,C12140,2026-06-15,P1398,1,18834.35,Paid,Returned,Chennai
O107979,C12106,2026-05-03,P1026,5,13323.88,Paid,Completed,Delhi
O107980,C11520,2026-05-23,P1185,4,8203.85,Pending,Completed, 
O107981,C13732,2026-07-31,P1151,5,12959.27,Paid,Completed,Pune
O107982,C11906,2026-07-30,P1418,5,15113.48,Refunded,Completed,Bangalore
O107983,C10556,2026-01-16,P1022,6,1581.64,Paid,Completed,Mumbai
O107984,C10774,2026-08-17,P1007,7,11262.2,Paid,Cancelled,Mumbai
O107985,C10378,2026-06-14,P1379,2,15078.77,Paid,Completed,Mumbai
O107986,C11073,2026-07-12,P1213,7,3498.28,Paid,Completed,Mumbai
O107987,C11219,2026-05-09,P1143,2,11386.26,Paid,Completed,Hyderabad
O107988,C11337,2026-05-26,P1453,7,8864.2,Paid,Completed,Chennai
O107989,C13347,2026-05-20,P1486,3,21736.76,Paid,Processing,Bangalore
O107990,C13064,2026-07-27,P1444,6,12387.83,Paid,Completed,Hyderabad
O107991,C11986,2026-08-10,P1364,5,10829.01,Paid,Completed,Chennai
O107992,C11778,2026-08-15,P1499,7,6323.87,Paid,Completed,
O107993,C11513,2026-03-17,P1185,2,23949.53,Failed,Processing,Pune
O107994,C10054,2026-01-28,P1412,7,24040.68,Pending,Completed,Delhi
O107995,C13681,2026-02-18,P1254,5,9358.85,Paid,Completed,
O107996,C11166,2026-01-30,P1318,7,23247.29,Paid,Completed,Bangalore
O107997,C13370,2026-03-12,P1153,4,15579.44,Pending,Completed,Bangalore
O107998,C12965,2026-05-17,P1392,5,19591.86,Paid,Completed,Bangalore
O107999,C10458,2026-01-09,P1402,3,2519.21,Paid,Processing,Pune
O108000,C11253,2026-03-13,P1326,1,826.35,Paid,Cancelled,Bangalore
O108001,C11940,2026-02-16,P1111,3,12997.72,Pending,Completed,Pune
O108002,C11049,2026-03-19,P1280,5,2174.93,Paid,Cancelled,Mumbai
O108003,C11609,2026-03-12,P1023,7,22324.99,Pending,Processing,Pune
O108004,C11130,2026-04-24,P1038,6,20557.77,Paid,Completed,Delhi
O108005,C12544,2026-08-17,P1174,7,17956.38,Paid,Completed,Chennai
O108006,C11443,2026-05-28,P1188,5,1075.49,Refunded,Completed,HYDERABAD
O108007,C11386,2026-01-01,P1100,1,11620.86,Paid,Cancelled,Delhi
O108008,C11087,2026-03-18,P1225,3,2228.85,Paid,Completed,Delhi
O108009,C13208,2026-07-20,P1156,3,23237.47,Paid,Completed,Chennai
O108010,C12585,2026-03-14,P1353,7,15431.68,Failed,Completed,Mumbai
O108011,C12886,2026-01-18,P1275,5,4166.35,Paid,Completed,Delhi
O108012,C11576,2026-06-27,P1260,4,14147.05,Paid,Completed,Pune
O108013,C13360,2026-09-14,P1235,6,3227.76,Paid,Cancelled,Chennai
O108014,C11666,2026-02-05,P1419,6,3898.22,,Completed,Kolkata
O108015,,2026-09-12,P1477,2,2299.61,Paid,Processing,Bangalore
O108016,C12044,2026-05-15,P1378,5,21831.72,Paid,Completed,Chennai
O108017,C11781,2026-06-16,P1189,5,13778.31,Paid,Completed, 
O108018,C10367,2026-03-11,P1177,6,8399.23,Paid,Completed,
O108019,C12652,2026-08-28,P1275,2,316.74,Paid,Cancelled,Bangalore
O108020,C13250,2026-04-27,P1138,1,11959.02,Paid,Completed,Delhi
O108021,C11425,2026-07-03,P1124,5,12965.5,Paid,Completed,Delhi
O108022,C13039,2026-04-09,P1468,4,8613.19,Paid,Completed,Bangalore
O108023,C12345,2026-07-30,P1147,1,12262.82,Paid,Processing,Mumbai
O108024,C11092,2026-06-09,P1261,1,2787.85,Paid,Completed,Kolkata
O108025,C11377,2026-03-23,P1172,1,23074.92,Pending,Completed,Mumbai
O108026,C13787,2026-04-24,P1281,5,6681.01,Failed,Completed,Delhi
O108027,C10863,2026-06-26,P1150,6,23727.9,Refunded,Completed,Mumbai
O108028,C10608,2026-08-21,P1388,1,12474.11,Failed,Returned,Chennai
O108029,C10302,2026-01-09,P1408,3,21461.11,Failed,Completed,Mumbai
O108030,C13505,2026-01-05,P1476,5,14556.97,Pending,Cancelled,delhi
O108031,C12690,2026-05-31,P1003,5,21157.07,Paid,Cancelled,Bangalore
O108032,C10467,2026-02-14,P1346,2,550.42,Paid,Completed,Pune
O108033,C13065,2026-03-23,P1393,6,4905.93,Paid,Cancelled,Bangalore
O108034,C12519,2026-02-18,P1161,1,9041.45,Paid,Completed,Kolkata
O108035,C13948,2026-03-13,P1090,5,7614.51,,Completed,Mumbai
O108036,C12047,2026-06-19,P1441,7,23684.24,Paid,Completed,Hyderabad
O108037,C12067,2026-02-24,P1263,-4,10048.36,Paid,Processing,Bangalore
O108038,C10997,2026-03-01,P1125,4,24311.19,Pending,Processing,Chennai
O108039,C10764,2026-08-03,P1435,4,16380.07,Paid,Completed,Chennai
O108040,C12936,2026-02-05,P1115,6,20938.11,Paid,Cancelled,Chennai
O108041,C11491,2026-04-01,P1354,-2,10028.23,Paid,Completed,Pune
O108042,C12899,2026-06-17,P1027,5,4994.89,Failed,Returned,Hyderabad
O108043,C13100,2026-06-27,P1136,4,1546.3,Paid,Returned,Mumbai
O108044,C13616,2026-01-10,P1499,7,16513.21,Paid,Completed,Mumbai
O108045,C11711,2026-05-27,P1161,4,24303.45,Paid,Completed,Pune
O108046,C10383,2026-07-23,P1186,3,3220.95,Paid,Returned,Bangalore
O108047,C10086,2026-02-28,P1477,4,19362.33,Paid,Completed,Pune
O108048,C11168,2026-01-17,P1400,7,9305.93,Paid,Completed,Delhi
O108049,C13732,2026-02-01,P1379,7,24838.54,Paid,Completed,Delhi
O108050,C12993,2026-08-26,P1032,3,21789.9,Paid,Completed,BANGALORE
O108051,C12238,2026-03-30,P1311,5,5999.95,Paid,Completed,
O108052,C10959,2026-04-23,P1316,1,19214.19,Paid,Processing,Delhi
O108053,C12853,2026-01-29,P1476,6,18435.48,Paid,Completed,Kolkata
O108054,C12965,2026-05-16,P1368,6,19156.32,Paid,Completed,Pune
O108055,C10922,2026-08-07,P1292,6,2345.73,Paid,Completed,Pune
O108056,C12834,2026-07-29,P1012,1,20292.59,Paid,Completed,Chennai
O108057,C10481,2026-01-13,P1412,2,6757.38,Pending,Processing,Mumbai
O108058,,2026-01-28,P1295,6,14883.44,Paid,Completed,Hyderabad
O108059,C10221,2026-02-13,P1253,3,3150.45,Paid,Cancelled,Bangalore
O108060,C13243,2026-03-07,P1358,4,14085.68,Paid,Completed,Hyderabad
O108061,C11083,2026-05-05,P1310,3,22688.52,Paid,Completed,Mumbai
O108062,C12418,2026-03-15,P1013,2,4676.23,Paid,Cancelled,Pune
O108063,C10578,2026-08-23,P1263,7,21419.54,Paid,Completed,Mumbai
O108064,C11771,2026-02-14,P1159,2,11055.5,Paid,Cancelled,Pune
O108065,C10110,2026-01-16,P1394,3,8261.57,Paid,Completed,Delhi
O108066,C13442,2026-02-15,P1226,4,1710.32,Paid,Completed,Pune
O108067,C12160,2026-03-31,P1324,5,13354.21,Paid,Completed,Delhi
O108068,C13564,2026-04-13,P1177,5,5238.47,Paid,Completed,Chennai
O108069,C11872,2026-03-07,P1164,5,23520.48,Paid,Returned,Kolkata
O108070,C11266,2026-08-07,P1044,6,6182.11,Pending,Completed,Kolkata
O108071,C11604,2026-02-05,P1452,2,14793.6,Paid,Completed,Kolkata
O108072,C10976,2026-06-29,P1321,6,14095.87,Paid,Completed,Kolkata
O108073,C13545,2026-02-15,P1153,3,8619.51,Failed,Completed,Delhi
O108074,C11183,2026-03-06,P1285,2,21345.99,Paid,Completed,Pune
O108075,C11169,2026-01-16,P1332,4,4826.13,Paid,Processing,Kolkata
O108076,C12528,2026-05-16,P1379,6,20481.36,Paid,Completed,Kolkata
O108077,C10491,2026-07-11,P1037,1,5424.73,Paid,Completed,Bangalore
O108078,C10877,2026-01-06,P1496,2,1265.74,Paid,Completed,Mumbai
O108079,C11720,2026-09-12,P1103,4,23613.13,Paid,Completed,Delhi
O108080,C10731,2026-08-08,P1154,7,16041.27,Paid,Completed,Delhi
O108081,C11030,2026-08-11,P1080,4,15872.83,Paid,Completed,Bangalore
O108082,C12801,2026-06-16,P1178,4,6846.62,Paid,Completed,Bangalore
O108083,C11120,2026-04-25,P1398,1,3737.51,Paid,Completed,Bangalore
O108084,C12550,2026-05-13,P1317,5,17739.7,Paid,Completed,Mumbai
O108085,C11979,2026-06-09,P1096,3,13112.86,Paid,Completed,Delhi
O108086,C13072,2026-07-15,P1029,2,8152.36,Paid,Completed,Bangalore
O108087,C13005,2026-01-24,P1159,1,8124.65,Paid,Completed,Kolkata
O108088,C10790,2026-06-06,P1433,4,22264.65,Paid,Completed,Kolkata
O108089,C13775,2026-04-01,P1006,1,22274.8,Paid,Completed,Pune
O108090,C13211,2026-03-15,P1294,2,7083.28,Paid,Processing,Bangalore
O108091,C12132,2026-08-14,P1444,3,19915.57,Pending,Processing,Bangalore
O108092,C12240,2026-08-03,P1271,2,5899.03,Paid,Completed,
O108093,C13318,2026-04-23,P1202,7,20256.57,Paid,Completed,Delhi
O108094,C11938,2026-06-03,P1420,6,3419.2,Paid,Cancelled,
O108095,C11915,2026-07-16,P1308,1,19026.43,Paid,Completed,Bangalore
O108096,C12522,2026-01-13,P1077,6,14025.39,Paid,Cancelled,Hyderabad
O108097,C10353,2026-02-24,P1150,4,3205.2,Paid,Completed,Mumbai
O108098,C12330,2026-02-15,P1377,6,15509.11,Paid,Completed,Mumbai
O108099,C10896,2026-06-20,P1186,4,5052.49,Paid,Completed,Chennai
O108100,C10467,2026-05-02,P1350,5,5094.76,Refunded,Cancelled, 
O108101,C13264,2026-01-04,P1027,5,11349.49,Refunded,Completed,Mumbai
O108102,C11528,2026-07-07,P1489,3,24117.78,,Completed,Mumbai
O108103,C12012,2026-09-13,P1452,3,22338.1,Paid,Cancelled,Mumbai
O108104,C11174,2026-04-15,P1343,6,20714.11,Paid,Completed,Bangalore
O108105,C10123,2026-06-08,P1178,6,21323.11,Paid,Completed,Bangalore
O108106,C11770,2026-09-09,P1209,5,12583.03,Paid,Completed,Hyderabad
O108107,C13003,2026-03-18,P1195,5,9555.64,Paid,Completed,Pune
O108108,C13035,2026-05-13,P1254,2,22134.48,Failed,Completed,Kolkata
O108109,C13691,2026-05-01,P1214,2,2297.54,Paid,Completed, Mumbai 
O108110,C13364,2026-06-29,P1200,6,24903.54,Paid,Completed,Pune
O108111,C13932,2026-08-04,P1114,4,13958.49,Paid,Completed,Pune
O108112,C12288,2026-02-12,P1138,7,13649.39,Paid,Completed,Hyderabad
O108113,C10203,2026-09-09,P1290,6,7511.09,Paid,Processing,Mumbai
O108114,C13456,2026-07-29,P1138,4,4507.91,Failed,Completed,Bangalore
O108115,C13811,2026-03-28,P1198,5,17103.25,Paid,Completed,Pune
O108116,C11858,2026-03-25,P1016,2,9234.28,Paid,Processing,Bangalore
O108117,C10456,2026-06-12,P1054,5,7770.39,Paid,Completed,CHENNAI
O108118,C10098,2026-02-21,P1081,5,4309.86,Paid,Processing,Mumbai
O108119,C12456,2026-03-06,P1025,3,13517.7,Paid,Completed,Mumbai
O108120,C12672,2026-08-23,P1046,5,14831.12,Paid,Returned,Pune
O108121,C10064,2026-04-04,P1496,4,11243.75,Refunded,Cancelled,Chennai
O108122,C13800,2026-07-21,P1025,3,597.24,Paid,Processing,
O108123,C12170,2026-08-20,P1312,2,12444.33,Paid,Completed,Hyderabad
O108124,C12451,2026-01-02,P1208,4,7017.51,Paid,Processing,Bangalore
O108125,C12258,2026-07-20,P1119,1,3724.46,Failed,Processing,Mumbai
O108126,C11268,2026-08-03,P1457,2,14565.99,Paid,Completed,Pune
O108127,C13605,2026-07-18,P1221,6,16879.49,Paid,Completed,Hyderabad
O108128,,2026-06-29,P1078,1,13113.59,Paid,Completed,Kolkata
O108129,C12991,2026-07-24,P1431,4,15473.07,Paid,Completed,Hyderabad
O108130,C11444,2026-03-20,P1494,2,15281.94,Paid,Completed,Hyderabad
O108131,C10761,2026-03-08,P1281,1,3368.73,Paid,Completed,Mumbai
O108132,C11745,2026-05-22,P1040,1,5630.48,Paid,Completed,Kolkata
O108133,C10792,2026-02-09,P1155,2,534.3,Paid,Completed,Chennai
O108134,C13478,2026-08-15,P1402,5,24553.01,Pending,Completed,Delhi
O108135,C13184,2026-07-29,P1000,7,5517.28,Refunded,Completed,Chennai
O108136,C13430,2026-08-15,P1255,4,20423.2,Paid,Completed,
O108137,C13346,2026-05-19,P1033,4,19596.5,Paid,Returned,Chennai
O108138,C13301,2026-05-31,P1357,3,17713.78,Failed,Processing,Pune
O108139,C12327,2026-08-31,P1343,2,11408.78,Paid,Completed,Delhi
O108140,C13610,2026-08-28,P1424,4,14721.49,Failed,Cancelled,Hyderabad
O108141,C10236,2026-02-11,P1343,1,4902.48,Paid,Completed,Kolkata
O108142,C11144,2026-03-23,P1465,2,2920.71,Paid,Completed,Chennai
O108143,C10850,2026-01-31,P1064,6,8988.51,Paid,Completed,Chennai
O108144,C10484,2026-04-17,P1254,1,20691.96,Paid,Completed,Bangalore
O108145,C10025,2026-07-05,P1073,2,14231.45,Paid,Completed,Delhi
O108146,C11611,2026-01-08,P1003,1,19167.39,Paid,Processing,Kolkata
O108147,C12898,2026-01-19,P1397,1,22291.02,Paid,Completed,Mumbai
O108148,C12581,2026-07-31,P1446,2,14145.25,Paid,Completed,Pune
O108149,C12606,2026-02-25,P1020,3,9371.85,Paid,Completed,Delhi
O108150,C13555,2026-06-05,P1319,7,21435.25,Paid,Completed,Chennai
O108151,C13832,2026-09-14,P1153,7,5971.87,Paid,Processing,Delhi
O108152,C12724,2026-09-05,P1357,1,911.7,Paid,Cancelled,Delhi
O108153,C10339,2026-06-04,P1243,2,1551.63,Paid,Completed,Mumbai
O108154,C12708,2026-03-16,P1068,5,14681.26,Paid,Completed,Bangalore
O108155,C12220,2026-03-06,P1462,6,22340.73,Paid,Completed,Bangalore
O108156,C10257,2026-05-01,P1407,5,14237.64,Paid,Completed,Hyderabad
O108157,C11029,2026-06-10,P1009,6,10407.09,Paid,Completed,Chennai
O108158,C10951,2026-05-20,P1098,7,14553.59,Paid,Completed,Hyderabad
O108159,C13093,2026-04-18,P1464,7,16876.25,Paid,Completed,Kolkata
O108160,C11381,2026-06-07,P1031,7,19034.93,Paid,Completed,Kolkata
O108161,,2026-01-28,P1072,3,8878.38,Pending,Completed,Kolkata
O108162,C13145,2026-06-07,P1414,2,9856.27,Paid,Cancelled,Mumbai
O108163,C13749,2026-08-03,P1232,6,883.9,Paid,Completed,Bangalore
O108164,C12154,2026-07-13,P1398,3,16345.81,Failed,Completed,Mumbai
O108165,C12222,2026-03-20,P1177,6,19485.28,Paid,Completed,Mumbai
O108166,C10383,2026-02-26,P1002,1,12919.36,Paid,Completed,Pune
O108167,C11978,2026-03-19,P1103,6,9600.79,Paid,Cancelled,DELHI
O108168,C12748,2026-02-14,P1034,6,8528.85,Pending,Completed,Chennai
O108169,C10756,2026-06-22,P1114,5,16232.45,Paid,Completed,Hyderabad
O108170,C10445,2026-08-10,P1309,3,8469.52,Paid,Cancelled,Hyderabad
O108171,C13456,2026-05-10,P1204,1,15097.27,Paid,Completed,Chennai
O108172,C10459,2026-07-02,P1341,7,23196.09,Paid,Returned,Bangalore
O108173,C13655,2026-03-25,P1111,5,8466.22,Failed,Processing,Bangalore
O108174,C11095,2026-07-02,P1198,3,1987.23,Pending,Cancelled,Chennai
O108175,C11320,2026-05-12,P1249,1,21888.07,Paid,Completed,Delhi
O108176,C12104,2026-03-30,P1339,6,7056.72,Paid,Returned,Delhi
O108177,C10753,2026-01-09,P1100,4,24717.59,Paid,Completed,
O108178,C12756,2026-07-24,P1409,5,21051.01,Paid,Completed,Delhi
O108179,C12097,2026-05-22,P1082,1,10844.33,Paid,Completed,Pune
O108180,C13787,2026-05-25,P1221,-5,15816.44,Paid,Cancelled,Hyderabad
O108181,C13647,2026-02-15,P1353,4,7155.22,Paid,Completed,Chennai
O108182,C13081,2026-03-05,P1290,3,2379.03,Paid,Completed,Kolkata
O108183,C10739,2026-02-21,P1155,4,13287.36,Paid,Completed,Kolkata
O108184,C10855,2026-09-10,P1098,6,10789.37,Paid,Cancelled,Mumbai
O108185,C11074,2026-04-11,P1252,5,24256.98,Paid,Completed,Mumbai
O108186,C13339,2026-02-11,P1225,2,15057.09,Paid,Cancelled,Hyderabad
O108187,C12593,2026-03-17,P1239,3,18754.54,Failed,Completed,Mumbai
O108188,C10702,2026-08-26,P1112,4,3640.53,Refunded,Returned,Hyderabad
O108189,C11834,2026-05-08,P1378,1,18174.55,Paid,Completed,Bangalore
O108190,C13902,2026-01-02,P1143,2,1691.4,Refunded,Completed,Chennai
O108191,C12931,2026-08-08,P1431,2,15442.56,Paid,Completed,Kolkata
O108192,C13740,2026-04-30,P1242,3,21012.12,Paid,Completed,Chennai
O108193,C13237,2026-06-07,P1479,4,12231.71,Pending,Completed,Hyderabad
O108194,C12902,2026-04-26,P1336,5,5612.53,Paid,Completed,
O108195,C13322,2026-06-22,P1343,-2,11259.43,Paid,Completed,Pune
O108196,C12772,2026-05-28,P1068,4,21075.69,Paid,Completed,Hyderabad
O108197,C12271,2026-09-14,P1203,3,17945.5,Paid,Completed,Kolkata
O108198,C12945,2026-09-15,P1405,3,15254.46,Refunded,Cancelled,Kolkata
O108199,C10918,2026-04-02,P1011,1,17437.74,Failed,Completed,Chennai
O108200,C11962,2026-02-03,P1092,5,20904.65,Refunded,Completed,Delhi
O108201,C13808,2026-05-22,P1057,7,4051.02,Paid,Completed,Chennai
O108202,C13237,2026-08-03,P1486,3,21095.53,Paid,Processing,Hyderabad
O108203,C13708,2026-01-12,P1294,1,20222.7,Refunded,Cancelled,Kolkata
O108204,C13872,2026-07-27,P1419,6,12093.95,Paid,Cancelled,Hyderabad
O108205,C12350,2026-07-27,P1261,2,10251.13,Pending,Cancelled,Mumbai
O108206,C10785,2026-05-13,P1175,1,23334.2,Paid,Completed,Hyderabad
O108207,C12966,2026-01-10,P1007,5,20539.62,Refunded,Completed,Kolkata
O108208,C10029,2026-06-27,P1069,1,24720.05,Paid,Completed, 
O108209,C10356,2026-02-20,P1054,6,16151.32,Paid,Cancelled,Mumbai
O108210,C11145,2026-02-21,P1349,1,1078.7,Paid,Processing,Delhi
O108211,C10060,2026-01-23,P1060,3,4100.96,Paid,Completed,Delhi
O108212,C12735,2026-04-04,P1253,5,20561.75,Paid,Completed,Bangalore
O108213,C13268,2026-02-16,P1338,1,16083.11,Paid,Completed,Delhi
O108214,C13017,2026-03-24,P1349,7,5191.77,Paid,Completed,Pune
O108215,C10578,2026-07-09,P1472,4,594.89,Paid,Completed,Pune
O108216,C13218,2026-06-09,P1393,1,6793.31,Paid,Completed,Pune
O108217,C13316,2026-04-11,P1303,7,3697.81,Paid,Completed,
O108218,C10386,2026-05-23,P1321,2,21942.9,Failed,Processing, 
O108219,C11971,2026-02-12,P1365,2,22104.8,Paid,Cancelled,Pune
O108220,C12754,2026-04-06,P1106,1,21105.65,Paid,Completed,Pune
O108221,C11628,2026-05-07,P1151,6,2636.79,Paid,Completed,Kolkata
O108222,C13559,2026-01-16,P1375,1,3635.58,Paid,Completed,Kolkata
O108223,C12118,2026-03-02,P1283,4,3647.36,Paid,Completed,Hyderabad
O108224,C10488,2026-07-25,P1033,1,6682.88,Pending,Completed,Delhi
O108225,C12123,2026-01-27,P1312,3,2100.26,Paid,Completed,Bangalore
O108226,C12311,2026-06-09,P1066,7,24544.66,Paid,Processing,Chennai
O108227,C13817,2026-08-06,P1281,5,21422.35,Paid,Cancelled, Chennai 
O108228,C11689,2026-01-03,P1190,6,2008.94,Paid,Completed,Bangalore
O108229,C13574,2026-05-03,P1149,4,3848.75,Refunded,Completed,Hyderabad
O108230,C11280,2026-09-12,P1479,1,6779.23,Paid,Completed,Chennai
O108231,C11810,2026-03-14,P1106,6,19442.85,Pending,Cancelled,Hyderabad
O108232,C12703,2026-02-21,P1419,3,17938.22,Paid,Processing,Chennai
O108233,C13544,2026-07-17,P1205,6,15873.37,Paid,Processing,Kolkata
O108234,C13098,2026-01-28,P1036,1,22831.2,Paid,Processing,Chennai
O108235,C10622,2026-01-30,P1130,4,1196.29,Paid,Cancelled,
O108236,C10775,2026-04-14,P1475,4,4283.84,Paid,Completed,Mumbai
O108237,C10273,2026-03-25,P1345,2,4988.47,Failed,Completed,Delhi
O108238,C12487,2026-02-01,P1231,2,1773.3,Pending,Completed,Chennai
O108239,C11762,2026-04-14,P1457,1,15571.7,Paid,Cancelled,Mumbai
O108240,C13506,2026-02-23,P1063,7,5479.58,Paid,Completed,Hyderabad
O108241,C13960,2026-08-17,P1363,5,12221.12,Paid,Completed,Pune
O108242,C13517,2026-01-26,P1217,3,17230.22,Refunded,Completed,Delhi
O108243,C10186,2026-02-11,P1103,2,15006.75,Refunded,Returned,Hyderabad
O108244,C13780,2026-02-15,P1406,7,7466.3,Pending,Completed,Bangalore
O108245,C10412,2026-05-22,P1454,2,10530.16,Refunded,Completed,Chennai
O108246,C11790,2026-01-17,P1481,7,8693.64,Paid,Returned,
O108247,C11190,2026-01-07,P1057,5,21355.84,Pending,Completed,Kolkata
O108248,C10626,2026-04-18,P1395,6,10672.33,Paid,Completed,Pune
O108249,C10685,2026-06-02,P1341,4,1823.22,Pending,Completed,Hyderabad
O108250,C11384,2026-09-01,P1051,1,15598.16,Paid,Processing,Mumbai
O108251,C10101,2026-03-01,P1266,1,5182.74,Pending,Completed,Kolkata
O108252,C10258,2026-05-04,P1264,3,8664.18,Paid,Processing,Bangalore
O108253,C12859,2026-02-24,P1388,5,8394.16,Refunded,Completed,Bangalore
O108254,C12506,2026-09-12,P1325,7,2088.88,Paid,Processing,Pune
O108255,C10397,2026-02-20,P1070,7,23788.38,Paid,Processing,Chennai
O108256,C11730,2026-08-27,P1109,6,13812.5,Pending,Completed,Pune
O108257,C12432,2026-08-01,P1145,5,4159.37,Paid,Completed,Chennai
O108258,C10390,2026-01-24,P1462,5,14027.17,Paid,Processing,Bangalore
O108259,C13891,2026-02-23,P1064,4,11453.91,Paid,Completed,Hyderabad
O108260,C13396,2026-07-18,P1367,5,8818.26,Paid,Completed,Bangalore
O108261,C10909,2026-03-21,P1078,4,11970.04,Paid,Completed,
O108262,C12077,2026-07-01,P1309,1,16839.6,Paid,Completed,Hyderabad
O108263,C12032,2026-01-27,P1392,7,5228.2,Paid,Completed,Hyderabad
O108264,C11337,2026-05-13,P1326,7,13585.66,Pending,Completed,Delhi
O108265,C13040,2026-02-20,P1491,4,20380.85,Paid,Completed,Kolkata
O108266,C12635,2026-05-26,P1443,1,5795.54,Paid,Completed,Hyderabad
O108267,C13459,2026-08-27,P1136,7,13033.62,Paid,Completed,Kolkata
O108268,C10020,2026-06-18,P1171,3,24153.62,Refunded,Completed,Hyderabad
O108269,C12417,2026-07-06,P1138,5,20072.5,Paid,Completed,Chennai
O108270,C13974,2026-01-05,P1130,3,14947.53,Paid,Completed,Bangalore
O108271,C13159,2026-03-03,P1204,5,18803.1,Paid,Completed,Chennai
O108272,C11378,2026-02-09,P1260,6,13283.09,Pending,Completed,Delhi
O108273,C10624,2026-04-16,P1159,3,24668.24,Pending,Completed,Mumbai
O108274,C11714,2026-08-13,P1149,2,4478.74,,Completed,Delhi
O108275,C11698,2026-06-24,P1309,2,18073.61,Failed,Completed,Pune
O108276,C12342,2026-04-25,P1436,4,447.07,Paid,Completed,Chennai
O108277,C10264,2026-06-22,P1445,6,3404.67,Paid,Completed,Pune
O108278,C11550,2026-03-26,P1433,3,18128.76,Paid,Completed,Delhi
O108279,C13421,2026-03-03,P1106,5,19055.88,Pending,Completed,Kolkata
O108280,C12576,2026-01-12,P1025,1,1273.12,Paid,Completed,Kolkata
O108281,C11740,2026-08-30,P1066,4,8546.3,Paid,Completed,
O108282,C11241,2026-03-27,P1181,6,3219.31,Paid,Completed,Kolkata
O108283,C11120,2026-08-16,P1424,4,22286.56,Pending,Cancelled,Bangalore
O108284,C12996,2026-01-02,P1126,6,11510.9,Paid,Processing,Pune
O108285,C11716,2026-08-30,P1377,2,11230.61,Paid,Processing,Pune
O108286,C10985,2026-03-12,P1135,6,20649.54,Paid,Completed,Chennai
O108287,C13253,2026-08-28,P1023,3,17475.61,Paid,Completed,Kolkata
O108288,C11063,2026-01-29,P1487,3,23080.63,Pending,Completed,Pune
O108289,C10257,2026-04-27,P1268,6,23484.89,Pending,Completed,Mumbai
O108290,C12194,2026-08-28,P1330,4,8035.89,Paid,Completed,Hyderabad
O108291,C11117,2026-02-27,P1229,7,16314.95,Failed,Returned,Kolkata
O108292,C10019,2026-08-01,P1108,2,13682.2,Paid,Processing,Chennai
O108293,C12007,2026-02-24,P1187,1,15016.61,Paid,Completed,Delhi
O108294,C13581,2026-08-07,P1234,2,15745.15,Paid,Completed,Pune
O108295,C12578,2026-01-15,P1141,3,1782.47,Paid,Completed,Delhi
O108296,C10072,2026-02-26,P1045,1,22408.13,Refunded,Completed,Kolkata
O108297,C11516,2026-08-29,P1242,7,3764.87,Paid,Completed,Bangalore
O108298,C10988,2026-03-21,P1260,7,10783.48,Paid,Completed,Pune
O108299,C12683,2026-03-08,P1238,4,7514.35,Paid,Completed,Delhi
O108300,C11829,2026-04-14,P1140,7,13977.58,Paid,Completed,Bangalore
O108301,C10691,2026-07-16,P1151,1,24048.77,Paid,Completed,Mumbai
O108302,C11826,2026-05-09,P1399,4,10486.89,Paid,Completed,Kolkata
O108303,C13728,2026-09-04,P1028,2,15198.67,Paid,Completed,Hyderabad
O108304,C11644,2026-09-09,P1018,1,3786.25,Paid,Completed,Delhi
O108305,C13484,2026-03-03,P1080,5,11736.56,Paid,Completed,Hyderabad
O108306,C11903,2026-04-12,P1443,3,22919.88,Paid,Completed,Chennai
O108307,C13033,2026-09-06,P1445,4,23330.6,Paid,Completed,delhi
O108308,C13145,2026-06-23,P1478,1,13796.81,Paid,Completed,Bangalore
O108309,C13045,2026-04-27,P1175,1,19284.16,Paid,Completed,Pune
O108310,C12556,2026-01-21,P1220,7,379.48,Refunded,Completed,Delhi
O108311,C13813,2026-08-18,P1287,6,13428.18,Failed,Completed,Pune
O108312,C13717,2026-08-03,P1045,5,18391.99,Paid,Processing,Mumbai
O108313,C11212,2026-02-24,P1080,7,8447.72,Paid,Completed,Bangalore
O108314,C12780,2026-01-04,P1070,6,22558.55,Pending,Completed,Chennai
O108315,C12661,2026-04-04,P1229,6,19556.81,Paid,Completed,Hyderabad
O108316,C10801,2026-05-27,P1324,6,19311.52,Refunded,Completed,Bangalore
O108317,C11061,2026-01-08,P1471,2,824.47,Paid,Processing,Delhi
O108318,C11244,2026-07-07,P1439,5,4841.88,Paid,Cancelled,Mumbai
O108319,C11327,2026-06-30,P1122,1,17926.08,Paid,Completed,Mumbai
O108320,C13420,2026-08-27,P1416,3,14174.5,Paid,Processing, 
O108321,C13031,2026-09-14,P1495,1,14588.07,Paid,Processing,Chennai
O108322,C13233,2026-01-17,P1022,1,665.81,Paid,Processing,Chennai
O108323,C13655,2026-01-08,P1461,1,11218.73,Paid,Completed,Pune
O108324,C12059,2026-03-28,P1378,6,19724.95,Paid,Completed,Hyderabad
O108325,C13344,2026-05-12,P1097,5,16689.89,Paid,Completed,
O108326,C12783,2026-05-31,P1188,7,14438.97,Paid,Returned,Kolkata
O108327,C11860,2026-04-10,P1131,5,17505.97,Paid,Processing,Hyderabad
O108328,C10776,2026-03-11,P1448,4,21319.3,Paid,Completed,Bangalore
O108329,C11722,2026-04-20,P1129,4,21283.42,Paid,Cancelled,Mumbai
O108330,C10826,2026-07-22,P1348,6,11563.79,Paid,Returned,Delhi
O108331,C11149,2026-04-06,P1185,7,7902.54,Refunded,Completed,Pune
O108332,C11134,2026-03-25,P1328,6,9349.54,Paid,Completed,Delhi
O108333,C13046,2026-03-04,P1027,4,13178.05,Paid,Returned,Delhi
O108334,C12032,2026-07-20,P1160,1,2507.36,Pending,Completed,Chennai
O108335,C13175,2026-01-20,P1278,4,14897.5,Paid,Completed,Delhi
O108336,C13512,2026-07-16,P1083,7,11495.47,Paid,Completed,
O108337,C12448,2026-07-15,P1374,4,19045.63,Paid,Completed,Bangalore
O108338,C11630,2026-06-30,P1286,2,7066.36,Paid,Completed,Bangalore
O108339,C13429,2026-08-22,P1047,6,1937.76,Paid,Processing,Hyderabad
O108340,C12271,2026-05-13,P1045,6,22395.88,Failed,Completed,Delhi
O108341,C13430,2026-07-23,P1382,5,1981.5,Paid,Completed,Hyderabad
O108342,C11062,2026-08-30,P1044,4,23203.83,Paid,Processing,Delhi
O108343,C12264,2026-01-11,P1217,5,12588.1,Refunded,Completed,Kolkata
O108344,C10847,2026-07-19,P1094,3,1690.21,Failed,Returned,Kolkata
O108345,C12795,2026-08-15,P1415,6,3408.34,Paid,Completed,Mumbai
O108346,C12349,2026-07-02,P1306,2,13463.95,Paid,Processing, 
O108347,C12225,2026-02-03,P1302,3,689.94,Paid,Completed,Chennai
O108348,,2026-08-12,P1316,6,22903.73,Paid,Completed,Delhi
O108349,C11502,2026-03-02,P1177,5,19967.75,Pending,Processing,Pune
O108350,C10768,2026-05-06,P1034,5,12762.43,Paid,Completed,Bangalore
O108351,C13228,2026-07-06,P1398,3,23178.26,Paid,Completed,Kolkata
O108352,C11538,2026-03-14,P1462,4,6715.82,Paid,Completed,Chennai
O108353,C13958,2026-02-15,P1420,2,21379.23,Paid,Completed,Pune
O108354,C11925,2026-06-14,P1492,5,20186.6,Paid,Completed,Pune
O108355,C11961,2026-01-29,P1055,1,14670.94,Paid,Returned,Bangalore
O108356,C12713,2026-03-01,P1058,2,8175.4,Failed,Completed,Hyderabad
O108357,C12669,2026-07-28,P1408,3,14090.79,Paid,Processing,Bangalore
O108358,C10722,2026-06-02,P1019,5,23943.31,Refunded,Completed,Pune
O108359,C11090,2026-03-16,P1175,5,2388.98,Paid,Returned,Delhi
O108360,C10926,2026-07-18,P1085,6,5264.89,Failed,Completed,Bangalore
O108361,C10213,2026-02-07,P1147,3,16204.14,Paid,Completed,Mumbai
O108362,C10089,2026-01-03,P1398,1,17057.12,Paid,Completed,Chennai
O108363,C12582,2026-09-03,P1061,6,4362.43,Paid,Processing,Pune
O108364,C11995,2026-01-05,P1093,1,20215.44,Paid,Completed,Chennai
O108365,C13581,2026-04-22,P1013,5,23233.53,Paid,Processing,Bangalore
O108366,C11204,2026-04-12,P1104,4,2267.67,Pending,Processing,Mumbai
O108367,C13152,2026-07-06,P1404,1,24363.97,Paid,Completed,Pune
O108368,C10412,2026-01-24,P1177,1,7245.94,Paid,Processing,Delhi
O108369,C13268,2026-05-13,P1208,7,7928.83,Refunded,Completed,Hyderabad
O108370,C13687,2026-03-22,P1068,4,1409.02,Paid,Completed,Chennai
O108371,C12511,2026-05-25,P1398,7,12585.95,Paid,Completed,Chennai
O108372,C12946,2026-04-19,P1062,6,23882.53,Paid,Processing,Kolkata
O108373,C13954,2026-02-27,P1170,1,4276.32,Paid,Completed,Pune
O108374,C11513,2026-04-24,P1282,4,14548.49,Paid,Completed,
O108375,C10117,2026-03-12,P1381,7,7078.96,Paid,Completed,Pune
O108376,C12732,2026-05-28,P1316,3,760.41,Paid,Cancelled,Kolkata
O108377,C10053,2026-05-30,P1309,6,24682.48,Paid,Completed,Hyderabad
O108378,C12275,2026-09-15,P1186,2,17989.56,Paid,Completed,Pune
O108379,C12391,2026-02-03,P1235,2,18465.94,Refunded,Completed,Bangalore
O108380,C12339,2026-04-23,P1166,3,16675.08,Paid,Completed,Hyderabad
O108381,C10664,2026-01-13,P1211,1,3850.34,Paid,Completed,Chennai
O108382,C10306,2026-01-06,P1116,2,5405.35,Paid,Completed,Hyderabad
O108383,C13633,2026-06-04,P1232,3,9825.99,Paid,Completed,Chennai
O108384,C12168,2026-02-24,P1162,2,24888.04,Paid,Completed,Chennai
O108385,C11293,2026-08-06,P1080,1,16912.58,Paid,Completed,Pune
O108386,C13089,2026-02-08,P1264,6,11226.79,Paid,Cancelled,Delhi
O108387,C13689,2026-01-08,P1362,-1,12272.75,Paid,Completed,Mumbai
O108388,C11618,2026-06-11,P1365,7,23078.48,Paid,Completed,Chennai
O108389,C10393,2026-04-28,P1122,3,5151.95,Paid,Completed,Hyderabad
O108390,C12772,2026-01-24,P1059,6,8225.58,Paid,Returned,Chennai
O108391,C13633,2026-03-17,P1061,2,9460.59,Paid,Processing,Chennai
O108392,C13924,2026-02-21,P1254,1,22471.44,Paid,Completed,Mumbai
O108393,C13256,2026-07-08,P1105,6,19486.6,Paid,Completed, Chennai 
O108394,C11073,2026-02-06,P1323,2,14892.4,Paid,Completed,Mumbai
O108395,C11434,2026-07-13,P1143,1,8073.76,Paid,Processing,Hyderabad
O108396,C10547,2026-09-01,P1399,1,5294.4,Refunded,Completed,Kolkata
O108397,C12853,2026-07-06,P1476,1,8469.66,Paid,Completed,Hyderabad
O108398,C10677,2026-07-18,P1235,1,23257.48,Paid,Completed,DELHI
O108399,C11729,2026-05-29,P1351,3,22782.57,Failed,Completed,Bangalore
O108400,C12128,2026-07-26,P1031,6,10722.29,Pending,Completed,Pune
O108401,C11531,2026-05-06,P1357,4,8340.64,Failed,Cancelled,Pune
O108402,C10599,2026-04-29,P1486,3,22149.4,Refunded,Completed,Bangalore
O108403,C11160,2026-06-18,P1246,2,11321.9,Paid,Processing,Delhi
O108404,C12533,2026-04-30,P1231,3,1255.88,Paid,Completed,Hyderabad
O108405,C12909,2026-06-08,P1037,3,8839.78,Paid,Cancelled,Hyderabad
O108406,C12460,2026-02-16,P1166,2,15300.19,Paid,Completed,Hyderabad
O108407,C13866,2026-02-17,P1445,4,23631.38,Paid,Completed,Chennai
O108408,C12456,2026-01-02,P1446,3,10787.43,Paid,Completed,Kolkata
O108409,C10902,2026-06-16,P1104,1,6231.09,Paid,Completed,Pune
O108410,C11965,2026-01-09,P1015,3,9797.1,Paid,Completed,Bangalore
O108411,C13347,2026-03-02,P1053,7,1709.35,Paid,Processing,Kolkata
O108412,C11304,2026-05-22,P1253,2,22501.28,Paid,Completed,
O108413,C12950,2026-09-13,P1236,7,1125.55,Pending,Completed,Pune
O108414,,2026-08-04,P1398,4,324.02,Pending,Processing,Pune
O108415,C13738,2026-05-13,P1017,7,15469.09,Paid,Processing,Mumbai
O108416,C11605,2026-03-21,P1259,3,4103.6,Paid,Completed,Chennai
O108417,C11038,2026-09-09,P1036,3,7613.08,Paid,Returned,Pune
O108418,C12033,2026-08-06,P1295,7,12427.31,Paid,Completed,Pune
O108419,C13977,2026-03-04,P1062,2,19865.29,Paid,Completed,Mumbai
O108420,C13611,2026-06-13,P1067,5,9871.51,Paid,Completed,Delhi
O108421,C11136,2026-08-30,P1400,5,23940.55,Paid,Completed,Kolkata
O108422,C10787,2026-05-07,P1464,6,11493.96,Paid,Completed,Hyderabad
O108423,C11909,2026-06-22,P1481,7,23023.74,Paid,Processing,Hyderabad
O108424,C10663,2026-06-14,P1375,3,11472.56,Paid,Completed,Kolkata
O108425,C13034,2026-02-26,P1175,6,13048.89,Paid,Completed,Pune
O108426,C10146,2026-03-12,P1018,1,23964.5,Paid,Processing,Hyderabad
O108427,C10899,2026-02-09,P1085,3,16970.06,Paid,Cancelled,Hyderabad
O108428,C10072,2026-08-18,P1422,6,3989.49,Pending,Completed,Kolkata
O108429,C10907,2026-09-10,P1234,7,15084.27,Refunded,Processing,Mumbai
O108430,C10209,2026-06-18,P1448,5,5862.97,Paid,Returned,Kolkata
O108431,C12696,2026-02-20,P1308,3,7948.79,Refunded,Completed,Pune
O108432,C12282,2026-03-10,P1145,1,21002.31,Paid,Completed,Pune
O108433,C10856,2026-04-30,P1294,4,17148.98,Paid,Completed,Bangalore
O108434,C10820,2026-07-10,P1443,3,7385.91,Pending,Completed,
O108435,C11165,2026-09-12,P1091,2,415.81,Paid,Completed,Chennai
O108436,C13195,2026-02-20,P1460,1,13420.18,Paid,Cancelled,Bangalore
O108437,C10602,2026-06-24,P1418,3,6479.23,Paid,Completed,Delhi
O108438,C10487,2026-07-05,P1328,5,999.31,Pending,Completed,Delhi
O108439,C12033,2026-05-13,P1336,6,1863.05,Failed,Completed,Mumbai
O108440,C13462,2026-03-21,P1417,3,16929.28,Paid,Cancelled,KOLKATA
O108441,C10897,2026-07-12,P1270,6,10532.83,Paid,Completed,Mumbai
O108442,C10425,2026-01-24,P1072,5,6783.2,Paid,Completed,Bangalore
O108443,C11968,2026-08-25,P1358,7,22028.6,Pending,Returned,Bangalore
O108444,C12930,2026-03-24,P1274,2,20679.63,Pending,Completed,Delhi
O108445,C12475,2026-04-27,P1074,4,11814.88,Paid,Completed,Bangalore
O108446,C11674,2026-07-16,P1471,5,7107.01,Pending,Completed,Chennai
O108447,C10161,2026-01-10,P1084,3,12827.25,Paid,Completed,Delhi
O108448,C11203,2026-03-20,P1190,2,18897.3,Paid,Processing,Mumbai
O108449,C13679,2026-06-01,P1337,1,565.38,Failed,Completed,Kolkata
O108450,C10892,2026-05-30,P1281,3,15430.38,Paid,Completed,Pune
O108451,C12457,2026-08-11,P1176,6,17840.15,Paid,Completed,Pune
O108452,C13632,2026-07-09,P1245,7,20474.85,Paid,Completed,Chennai
O108453,C11954,2026-05-24,P1259,7,5650.38,Paid,Cancelled,Kolkata
O108454,C11786,2026-08-05,P1449,6,5324.91,Paid,Completed,Kolkata
O108455,C10564,2026-08-25,P1144,7,5628.44,Paid,Processing,Kolkata
O108456,C13925,2026-08-28,P1246,6,23306.37,Paid,Completed,Hyderabad
O108457,C10707,2026-03-14,P1499,7,3782.12,Paid,Completed,Chennai
O108458,C11927,2026-01-19,P1128,1,19186.73,Paid,Completed,Mumbai
O108459,C10685,2026-07-03,P1076,6,24672.74,Pending,Returned,Chennai
O108460,C11394,2026-02-03,P1201,6,23673.26,Paid,Completed,Chennai
O108461,C13538,2026-08-15,P1080,5,10424.32,Pending,Completed,Pune
O108462,C12575,2026-02-22,P1118,6,21031.98,Paid,Completed,Delhi
O108463,C10039,2026-01-14,P1212,7,16852.48,Paid,Completed,Mumbai
O108464,C13870,2026-08-24,P1368,2,21751.04,Paid,Completed,Mumbai
O108465,C13138,2026-04-15,P1106,7,4280.75,Paid,Completed,Hyderabad
O108466,C13993,2026-02-01,P1136,4,19193.94,Paid,Completed, 
O108467,C13053,2026-09-14,P1094,3,14787.96,Paid,Completed,Kolkata
O108468,C13061,2026-08-26,P1098,2,13640.7,Paid,Processing,Chennai
O108469,C12799,2026-03-04,P1393,2,18303.83,Paid,Completed,Kolkata
O108470,C11694,2026-07-05,P1176,4,7044.59,Paid,Completed,Pune
O108471,C11260,2026-07-16,P1047,6,2142.41,Paid,Completed,Bangalore
O108472,C12102,2026-05-15,P1175,5,12702.39,Paid,Completed,Pune
O108473,C10713,2026-09-04,P1398,6,7762.7,Paid,Completed,bangalore
O108474,C12892,2026-04-28,P1044,6,6633.22,Paid,Cancelled,Hyderabad
O108475,C13992,2026-09-04,P1257,4,24963.5,Paid,Completed,Kolkata
O108476,C12405,2026-02-01,P1313,4,5187.16,Paid,Completed, 
O108477,C13428,2026-04-21,P1165,7,6118.74,Paid,Cancelled,Hyderabad
O108478,C10689,2026-02-20,P1002,4,8546.9,Paid,Completed,Bangalore
O108479,C13302,2026-09-07,P1217,6,12575.95,Pending,Completed,Mumbai
O108480,C13632,2026-06-12,P1480,1,21767.04,Paid,Completed,Delhi
O108481,C13358,2026-06-07,P1368,7,4656.93,Failed,Returned,Pune
O108482,C12511,2026-04-27,P1471,7,15514.33,Pending,Completed,Chennai
O108483,C13708,2026-01-09,P1186,6,9402.54,Failed,Completed,Delhi
O108484,C13848,2026-04-06,P1096,3,19983.79,Paid,Completed,Hyderabad
O108485,C13264,2026-08-15,P1190,4,15166.43,Pending,Returned,Bangalore
O108486,C12190,2026-06-01,P1349,3,19938.8,Refunded,Completed,Delhi
O108487,C13343,2026-02-07,P1042,6,21420.75,Paid,Completed,Mumbai
O108488,C11488,2026-06-04,P1259,6,22829.62,Pending,Completed,Kolkata
O108489,C11387,2026-09-15,P1170,4,24893.21,Failed,Completed,Hyderabad
O108490,C11392,2026-06-16,P1236,5,15585.95,Paid,Completed,Bangalore
O108491,C10797,2026-08-24,P1188,5,16047.14,Paid,Completed,Bangalore
O108492,,2026-04-03,P1341,4,3772.29,Paid,Returned,Chennai
O108493,C12648,2026-07-16,P1304,2,2895.85,Paid,Completed,Delhi
O108494,C13441,2026-01-26,P1447,3,12344.36,Paid,Returned,Hyderabad
O108495,C12780,2026-03-24,P1019,5,17434.1,Paid,Completed,Kolkata
O108496,C13122,2026-03-30,P1476,1,6430.47,Paid,Completed,Kolkata
O108497,C12757,2026-06-20,P1340,2,8380.91,Paid,Completed,Bangalore
O108498,C12790,2026-05-13,P1172,7,17593.16,Paid,Completed,Pune
O108499,C11363,2026-07-21,P1144,5,5528.03,Paid,Processing,Bangalore
O108500,C13866,2026-07-26,P1065,2,13177.87,Paid,Completed,Kolkata
O108501,C12557,2026-03-17,P1225,6,13603.97,Paid,Processing,Mumbai
O108502,C12350,2026-08-19,P1405,3,22948.73,Paid,Completed,Bangalore
O108503,C13391,2026-04-06,P1433,6,10236.16,Pending,Completed,Chennai
O108504,C11685,2026-06-03,P1453,6,5500.51,Paid,Completed,Chennai
O108505,C10385,2026-01-24,P1280,2,4595.19,Refunded,Completed,Hyderabad
O108506,C10961,2026-08-18,P1126,1,7540.92,Paid,Completed,Chennai
O108507,C13234,2026-08-02,P1129,7,7189.34,Paid,Processing,Pune
O108508,C12929,2026-08-08,P1253,2,18829.87,Paid,Processing,Delhi
O108509,C10469,2026-05-09,P1426,6,14964.94,Paid,Processing,Bangalore
O108510,C10278,2026-03-11,P1400,7,17155.95,Paid,Completed,Pune
O108511,C12489,2026-01-06,P1072,5,15868.3,Paid,Completed,Mumbai
O108512,C13757,2026-08-17,P1147,7,12186.76,Paid,Completed,Chennai
O108513,C10700,2026-07-13,P1420,1,23228.42,Paid,Cancelled,Delhi
O108514,C12197,2026-04-16,P1435,6,20490.26,Paid,Cancelled,Chennai
O108515,C13250,2026-03-15,P1078,3,5507.33,Paid,Completed,Mumbai
O108516,C12116,2026-09-02,P1281,5,10764.48,Paid,Returned,Mumbai
O108517,C11405,2026-02-04,P1408,3,7411.14,Failed,Cancelled,Delhi
O108518,C13164,2026-04-16,P1319,6,18718.45,Paid,Completed,Bangalore
O108519,C13087,2026-06-23,P1414,4,8808.07,Paid,Completed,Chennai
O108520,C13324,2026-04-17,P1413,5,16113.3,Paid,Completed,
O108521,C13783,2026-07-25,P1368,2,7517.67,Paid,Processing,Kolkata
O108522,C10603,2026-09-01,P1393,3,4539.68,Paid,Completed,Chennai
O108523,C11364,2026-08-02,P1421,2,526.97,Paid,Completed,Delhi
O108524,C13947,2026-03-12,P1108,7,24867.18,Paid,Completed,Delhi
O108525,C12380,2026-07-03,P1123,7,5721.93,Paid,Completed,Kolkata
O108526,C12682,2026-03-06,P1084,6,20856.45,Paid,Completed,Delhi
O108527,C13539,2026-04-22,P1495,1,20605.47,Failed,Returned,Chennai
O108528,,2026-08-09,P1471,3,6128.27,Paid,Completed,Hyderabad
O108529,C12735,2026-09-01,P1097,3,10566.19,Pending,Processing,Pune
O108530,C10418,2026-01-27,P1411,1,20951.95,Paid,Completed,Bangalore
O108531,C12028,2026-07-28,P1371,1,17338.26,Refunded,Processing,Kolkata
O108532,C12694,2026-01-16,P1484,1,9435.99,Refunded,Completed,Pune
O108533,C13231,2026-05-15,P1151,6,23743.74,Pending,Returned,Bangalore
O108534,C11654,2026-07-21,P1412,1,8755.84,Pending,Completed,Kolkata
O108535,C10494,2026-04-30,P1080,7,5538.06,Pending,Completed,Delhi
O108536,C11464,2026-04-01,P1358,4,3924.0,Paid,Cancelled,Delhi
O108537,C11720,2026-01-30,P1471,3,17622.57,Pending,Completed,Bangalore
O108538,C13006,2026-06-21,P1016,6,1016.42,Paid,Completed,Pune
O108539,C10079,2026-07-09,P1100,6,21192.27,Pending,Completed,Mumbai
O108540,C11544,2026-05-01,P1069,7,7814.26,Failed,Completed,Hyderabad
O108541,C11792,2026-05-13,P1319,4,9434.23,Paid,Processing,Bangalore
O108542,C12202,2026-01-04,P1361,7,20105.23,Refunded,Completed,Delhi
O108543,C13883,2026-06-27,P1356,4,20410.18,Paid,Processing,Bangalore
O108544,C12964,2026-01-14,P1237,7,10180.22,Failed,Returned,Bangalore
O108545,C10890,2026-03-16,P1414,2,13979.47,Paid,Returned,Delhi
O108546,C12536,2026-08-31,P1056,3,17076.48,Paid,Completed,Chennai
O108547,C11385,2026-04-13,P1403,3,17308.58,Paid,Completed,Mumbai
O108548,C13248,2026-08-03,P1429,6,13491.16,Paid,Completed,Chennai
O108549,C10684,2026-02-12,P1129,3,21149.41,Pending,Processing,Chennai
O108550,C10578,2026-06-17,P1104,3,21083.58,Paid,Completed,Kolkata
O108551,C10405,2026-08-19,P1081,1,21265.41,Paid,Completed,Mumbai
O108552,C12178,2026-08-08,P1049,7,6924.99,Pending,Completed,Delhi
O108553,C10493,2026-05-12,P1443,5,6645.57,Paid,Cancelled,Bangalore
O108554,C10167,2026-01-05,P1469,2,3753.6,Paid,Completed,Hyderabad
O108555,C11330,2026-06-10,P1296,2,20712.06,Paid,Completed,kolkata
O108556,C13195,2026-04-09,P1484,1,1798.31,Paid,Completed,Chennai
O108557,C10624,2026-06-14,P1345,7,3642.05,Paid,Completed,Chennai
O108558,C11432,2026-07-30,P1497,4,23177.39,Paid,Completed,Bangalore
O108559,C11744,2026-08-19,P1331,5,3390.3,Paid,Completed,
O108560,C13506,2026-01-30,P1453,2,3295.68,Paid,Completed,Kolkata
O108561,C11906,2026-08-31,P1144,4,22755.0,Paid,Returned,Hyderabad
O108562,C12049,2026-09-14,P1205,7,7959.56,Paid,Completed,Mumbai
O108563,C11019,2026-08-26,P1393,3,22071.16,Paid,Completed,Kolkata
O108564,C12676,2026-09-13,P1089,6,9628.12,Paid,Returned, 
O108565,C10102,2026-06-23,P1370,5,9528.9,Paid,Completed,Bangalore
O108566,C13860,2026-06-26,P1450,5,3639.01,Paid,Completed,Chennai
O108567,C11994,2026-05-11,P1169,6,22989.98,Refunded,Completed,Hyderabad
O108568,C10247,2026-03-23,P1237,3,19113.67,Paid,Processing,Bangalore
O108569,C12238,2026-08-12,P1462,2,5873.54,Paid,Processing,Delhi
O108570,C12057,2026-02-09,P1399,7,18276.6,Paid,Completed, Hyderabad 
O108571,C10963,2026-01-15,P1165,5,2861.21,Paid,Completed,Pune
O108572,C10835,2026-05-04,P1141,1,13238.13,Paid,Cancelled,Kolkata
O108573,C11083,2026-05-13,P1419,1,6580.4,Paid,Completed,Delhi
O108574,C10519,2026-03-17,P1396,1,21309.44,Pending,Processing,Delhi
O108575,C12127,2026-04-03,P1186,6,12924.89,Paid,Completed,Bangalore
O108576,C13518,2026-09-02,P1154,5,23053.93,Paid,Completed,Kolkata
O108577,C13695,2026-04-18,P1263,2,14753.57,Failed,Returned,Mumbai
O108578,C13815,2026-07-26,P1086,6,12748.23,Paid,Completed,Delhi
O108579,C12403,2026-03-08,P1232,4,17440.18,Paid,Completed,Pune
O108580,C12488,2026-08-22,P1308,2,19664.09,Paid,Completed,Chennai
O108581,C11243,2026-04-16,P1202,4,676.87,Refunded,Completed,Hyderabad
O108582,C13544,2026-04-03,P1132,7,13200.4,Paid,Cancelled,HYDERABAD
O108583,C11954,2026-01-31,P1132,5,19460.22,Pending,Completed,Mumbai
O108584,C11118,2026-04-01,P1472,7,10365.13,Paid,Completed,Chennai
O108585,C13865,2026-03-31,P1337,3,1414.46,Paid,Completed,Delhi
O108586,C12823,2026-03-17,P1303,4,733.57,Paid,Processing,Chennai
O108587,C11860,2026-09-04,P1246,4,19908.11,Paid,Completed,Mumbai
O108588,C10274,2026-02-22,P1249,2,5192.47,Paid,Completed,Hyderabad
O108589,C10561,2026-02-24,P1242,5,4620.44,Failed,Completed,Pune
O108590,C10786,2026-02-08,P1279,2,7452.15,Failed,Completed,
O108591,C13614,2026-08-26,P1200,5,2823.56,Paid,Completed,Hyderabad
O108592,C13889,2026-07-09,P1490,7,1616.18,Paid,Cancelled,Kolkata
O108593,C11068,2026-09-08,P1458,4,21844.79,Paid,Completed,Delhi
O108594,C11994,2026-08-07,P1205,3,7778.76,Refunded,Completed,Bangalore
O108595,C13170,2026-03-03,P1297,6,14685.08,Paid,Processing,Hyderabad
O108596,C11539,2026-09-09,P1136,5,21487.68,Paid,Completed,Bangalore
O108597,C11971,2026-02-24,P1447,4,24443.26,Pending,Completed,Kolkata
O108598,C13553,2026-08-05,P1196,6,17305.71,Paid,Processing,Chennai
O108599,C10830,2026-03-26,P1377,6,23769.05,Paid,Completed,Chennai
O108600,C13978,2026-01-30,P1090,3,10760.99,Pending,Cancelled,
O108601,C11826,2026-05-31,P1394,2,19801.74,Paid,Completed,Mumbai
O108602,C11034,2026-03-22,P1219,2,23458.79,Paid,Completed,Delhi
O108603,C13572,2026-07-10,P1136,5,1613.04,Paid,Completed,Hyderabad
O108604,C10306,2026-02-28,P1332,5,8140.98,Paid,Processing,Pune
O108605,C12571,2026-05-28,P1060,5,18584.26,Paid,Cancelled,Bangalore
O108606,C10246,2026-05-18,P1338,2,8087.17,Paid,Completed,Bangalore
O108607,C13787,2026-07-26,P1071,5,720.7,Paid,Cancelled,Mumbai
O108608,C12560,2026-04-30,P1310,4,20233.52,Paid,Cancelled,Bangalore
O108609,C11593,2026-01-17,P1451,6,4368.66,Paid,Processing,Chennai
O108610,C11698,2026-07-11,P1363,1,8225.46,Pending,Processing,Delhi
O108611,C10661,2026-03-31,P1280,1,22791.22,Paid,Completed,Delhi
O108612,C11441,2026-02-23,P1126,5,5458.84,Paid,Completed,Delhi
O108613,C13618,2026-08-06,P1198,4,22400.57,Paid,Completed,Delhi
O108614,C13224,2026-01-05,P1311,4,10736.91,Paid,Completed,Mumbai
O108615,C12648,2026-04-17,P1282,4,22977.86,Paid,Completed,Pune
O108616,C13874,2026-04-02,P1487,6,21958.25,Paid,Cancelled,Bangalore
O108617,C12295,2026-04-06,P1242,3,10556.52,Paid,Completed,Chennai
O108618,C10705,2026-01-16,P1150,7,23070.25,Paid,Completed,Pune
O108619,C12856,2026-04-03,P1039,6,15928.2,Paid,Completed,Mumbai
O108620,C12369,2026-07-31,P1370,4,12047.69,Paid,Returned,Bangalore
O108621,C11747,2026-01-08,P1476,2,13408.06,Paid,Cancelled,Hyderabad
O108622,C10588,2026-02-18,P1057,7,1863.52,Paid,Completed,Delhi
O108623,C12712,2026-05-17,P1035,2,20247.5,Paid,Completed,Mumbai
O108624,C11777,2026-04-05,P1252,4,7523.92,Paid,Completed,Delhi
O108625,C12316,2026-07-23,P1201,1,6973.17,Paid,Completed,Bangalore
O108626,C11262,2026-05-18,P1415,3,17970.34,Pending,Completed,Bangalore
O108627,C10623,2026-09-11,P1238,6,9458.96,Paid,Completed,Pune
O108628,C11440,2026-02-09,P1383,2,12999.83,Paid,Completed,Chennai
O108629,C13411,2026-02-01,P1406,7,10712.87,Paid,Completed,Delhi
O108630,C10638,2026-08-05,P1167,2,12764.49,Paid,Completed,Hyderabad
O108631,C11886,2026-01-13,P1110,7,5787.67,Paid,Processing,Mumbai
O108632,C11191,2026-02-06,P1431,2,22157.92,Paid,Completed,Chennai
O108633,C13852,2026-08-19,P1407,6,15371.36,Paid,Cancelled,Hyderabad
O108634,C10338,2026-08-26,P1212,3,6072.6,Paid,Cancelled,Bangalore
O108635,C10982,2026-01-10,P1166,4,2561.02,Paid,Completed,Hyderabad
O108636,C11799,2026-04-21,P1295,3,13526.06,Paid,Completed,Mumbai
O108637,C10989,2026-02-11,P1284,4,11862.55,Paid,Processing,Kolkata
O108638,C12828,2026-07-24,P1300,5,23332.5,Paid,Completed,Kolkata
O108639,C11484,2026-04-10,P1364,2,5998.3,Paid,Completed,Kolkata
O108640,C13125,2026-08-17,P1090,6,22075.65,Paid,Completed,Delhi
O108641,C12206,2026-01-21,P1033,7,19232.41,Paid,Completed,Bangalore
O108642,C11708,2026-06-25,P1089,1,12069.66,Failed,Completed,Delhi
O108643,C11460,2026-01-06,P1499,3,21882.18,Paid,Cancelled, Kolkata 
O108644,C10888,2026-01-17,P1014,6,21588.41,Paid,Completed,Mumbai
O108645,C11011,2026-05-30,P1069,3,17946.22,Paid,Completed,Pune
O108646,C10706,2026-04-12,P1216,6,2808.31,Pending,Completed,Pune
O108647,C13409,2026-04-17,P1337,2,4256.72,Paid,Completed,Chennai
O108648,C12194,2026-04-05,P1070,7,14912.53,Paid,Processing,Chennai
O108649,C11933,2026-07-31,P1129,2,6361.86,Paid,Completed,Bangalore
O108650,C11290,2026-08-23,P1353,6,13913.83,Pending,Completed,Delhi
O108651,C12069,2026-04-04,P1128,1,14151.38,Paid,Completed,Hyderabad
O108652,C13533,2026-05-10,P1120,1,14801.24,Paid,Completed,Chennai
O108653,C13427,2026-05-24,P1181,2,14375.09,Paid,Completed,Chennai
O108654,C12398,2026-07-12,P1124,6,9667.69,Paid,Completed,Hyderabad
O108655,C12121,2026-04-25,P1109,4,5493.05,Paid,Completed,Mumbai
O108656,C10903,2026-02-27,P1385,2,13108.01,Paid,Returned,Chennai
O108657,C12773,2026-08-14,P1233,1,12530.56,Paid,Completed,Delhi
O108658,C13416,2026-03-23,P1163,2,7097.28,Paid,Completed,Bangalore
O108659,C11223,2026-05-23,P1451,1,1564.23,Paid,Completed,Kolkata
O108660,C11743,2026-08-16,P1027,5,5377.56,Paid,Completed,kolkata
O108661,C10427,2026-08-10,P1214,4,13904.3,Paid,Completed,
O108662,C13435,2026-05-04,P1102,6,13529.79,Paid,Completed,Bangalore
O108663,C10391,2026-01-03,P1403,1,3600.89,Paid,Returned,Chennai
O108664,C12819,2026-04-24,P1164,6,15269.49,Paid,Processing,Mumbai
O108665,C10748,2026-01-17,P1058,7,10739.44,Paid,Completed,Hyderabad
O108666,C12936,2026-07-23,P1043,7,16445.66,Paid,Processing,Pune
O108667,C12572,2026-06-16,P1139,3,22233.73,Paid,Cancelled,Pune
O108668,C12763,2026-05-14,P1031,3,7921.12,Paid,Completed,Mumbai
O108669,C12545,2026-02-01,P1248,6,8878.49,Failed,Completed,Mumbai
O108670,C11587,2026-03-22,P1293,4,17017.31,Paid,Completed,Bangalore
O108671,C12482,2026-06-29,P1030,4,23744.14,Paid,Completed,Delhi
O108672,C10939,2026-06-16,P1017,3,12307.23,Paid,Completed,Pune
O108673,C11096,2026-02-25,P1156,6,4481.38,Paid,Completed,Chennai
O108674,C10260,2026-04-23,P1225,6,23394.63,Paid,Completed,Pune
O108675,C12453,2026-04-26,P1306,6,11903.5,Paid,Completed,Chennai
O108676,C13365,2026-03-07,P1412,6,11679.28,Paid,Completed,Delhi
O108677,C11515,2026-08-25,P1090,6,13633.27,Paid,Completed,Kolkata
O108678,C10835,2026-03-22,P1478,5,6536.86,Paid,Completed,Hyderabad
O108679,C13298,2026-09-10,P1318,-2,19681.93,Pending,Returned, 
O108680,C12578,2026-04-03,P1367,5,16133.78,Paid,Completed,Kolkata
O108681,C13576,2026-02-14,P1246,1,23885.3,Paid,Processing,Hyderabad
O108682,C10024,2026-03-23,P1481,4,5336.04,Pending,Completed,Hyderabad
O108683,C11605,2026-03-02,P1336,3,15592.62,Paid,Completed,Delhi
O108684,C13606,2026-07-18,P1019,6,13060.86,Paid,Completed,Hyderabad
O108685,C12703,2026-04-24,P1158,6,22400.42,Paid,Completed,Kolkata
O108686,C11876,2026-06-28,P1030,7,1050.06,Failed,Cancelled,Bangalore
O108687,C11659,2026-01-25,P1185,4,19091.78,Pending,Completed,Chennai
O108688,C13583,2026-06-02,P1486,3,15689.57,,Completed,Mumbai
O108689,C13329,2026-08-08,P1340,3,15306.46,Paid,Completed, 
O108690,C10049,2026-01-31,P1390,1,21920.44,Paid,Processing,Kolkata
O108691,C10484,2026-03-06,P1223,4,14868.01,Paid,Processing,Bangalore
O108692,C12050,2026-08-09,P1267,5,17983.29,Paid,Completed,Pune
O108693,C10458,2026-08-03,P1470,7,16248.97,Paid,Completed,PUNE
O108694,C11099,2026-08-20,P1444,4,2016.77,Paid,Processing,Mumbai
O108695,C13342,2026-07-22,P1042,7,3086.9,Paid,Cancelled,Kolkata
O108696,C11545,2026-06-19,P1048,7,8660.88,Paid,Processing,Chennai
O108697,C11805,2026-03-29,P1362,3,16989.83,Paid,Completed,Chennai
O108698,C10697,2026-08-21,P1295,5,953.3,Paid,Processing,Chennai
O108699,C12411,2026-03-27,P1197,3,19383.11,Paid,Completed,Chennai
O108700,C10481,2026-06-05,P1415,7,5314.34,Pending,Completed,Bangalore
O108701,C12522,2026-07-02,P1190,4,14120.13,Paid,Cancelled,Mumbai
O108702,C12989,2026-04-16,P1229,7,5268.57,Refunded,Completed,Pune
O108703,C13497,2026-09-08,P1014,3,4646.41,Paid,Completed,Kolkata
O108704,C12331,2026-05-16,P1345,6,8554.53,Paid,Returned,Kolkata
O108705,C11328,2026-07-11,P1467,2,23061.27,Paid,Cancelled,Hyderabad
O108706,C13409,2026-01-12,P1267,7,6174.77,Paid,Processing,Mumbai
O108707,C12388,2026-08-20,P1232,5,1498.52,Failed,Completed,Delhi
O108708,C11433,2026-01-01,P1492,6,22091.43,Paid,Processing,Pune
O108709,C11291,2026-08-11,P1366,1,11141.59,Paid,Completed,
O108710,C11283,2026-06-04,P1238,2,15640.09,Paid,Completed,Kolkata
O108711,C10225,2026-01-02,P1153,6,22178.73,Paid,Completed,Bangalore
O108712,C10405,2026-08-03,P1413,3,18964.54,Failed,Completed,Bangalore
O108713,C10359,2026-09-11,P1348,4,19973.67,Paid,Completed,Kolkata
O108714,C11249,2026-07-06,P1413,7,12158.31,Paid,Completed,Hyderabad
O108715,C11897,2026-07-31,P1076,3,17277.35,Paid,Completed,Chennai
O108716,C10590,2026-01-12,P1232,1,24105.03,Paid,Completed,Kolkata
O108717,C13314,2026-03-28,P1445,4,22277.79,Pending,Completed,Delhi
O108718,C10262,2026-01-23,P1170,5,15426.96,Paid,Completed,Hyderabad
O108719,C13784,2026-01-06,P1021,5,2408.7,Paid,Completed,Chennai
O108720,C10297,2026-02-22,P1234,3,24498.63,Paid,Processing,Pune
O108721,C13581,2026-03-29,P1488,2,5869.53,Paid,Completed, 
O108722,C11043,2026-01-24,P1272,4,9210.72,Paid,Cancelled,Bangalore
O108723,C13950,2026-03-26,P1406,6,3766.71,Paid,Completed,
O108724,C12086,2026-04-06,P1024,2,4415.35,Paid,Completed,Delhi
O108725,C10073,2026-02-09,P1244,3,19955.72,Paid,Completed, 
O108726,C11131,2026-07-10,P1325,6,3468.21,Paid,Completed,Bangalore
O108727,C13763,2026-06-03,P1245,6,4977.57,Failed,Completed,pune
O108728,C11199,2026-05-02,P1036,4,4535.83,Paid,Processing,Delhi
O108729,C11439,2026-01-17,P1473,-5,9443.61,Pending,Completed,Delhi
O108730,C10176,2026-05-24,P1312,-4,17458.75,Paid,Completed,Bangalore
O108731,C11013,2026-05-13,P1468,3,16202.77,Paid,Completed,Mumbai
O108732,C11038,2026-01-18,P1354,4,18199.98,Paid,Completed,Pune
O108733,C12866,2026-04-26,P1325,6,18252.25,Failed,Completed,HYDERABAD
O108734,C12024,2026-03-30,P1277,3,374.12,Paid,Completed,Chennai
O108735,C10644,2026-03-22,P1208,5,17208.13,Paid,Completed,Mumbai
O108736,C13184,2026-06-28,P1458,6,17208.94,Paid,Completed,Pune
O108737,C12448,2026-04-09,P1003,6,1834.16,Paid,Completed,Mumbai
O108738,C11074,2026-05-07,P1057,1,10849.89,Paid,Completed,Chennai
O108739,C10895,2026-04-16,P1171,2,2242.59,Paid,Cancelled,Pune
O108740,C13702,2026-03-30,P1329,3,5013.5,Paid,Completed,Mumbai
O108741,C12550,2026-01-04,P1272,6,12396.85,Paid,Completed,Bangalore
O108742,C13232,2026-03-27,P1229,1,596.7,Paid,Completed,Mumbai
O108743,C10902,2026-05-06,P1145,5,2646.5,Failed,Completed,Bangalore
O108744,C12356,2026-07-03,P1436,7,2397.55,Paid,Cancelled,Hyderabad
O108745,C10214,2026-02-04,P1274,3,3376.24,Paid,Returned,Kolkata
O108746,C12380,2026-01-21,P1341,5,1529.63,Paid,Returned,Bangalore
O108747,C10814,2026-03-20,P1316,7,15418.3,Paid,Processing,Pune
O108748,C12678,2026-07-11,P1056,5,4711.34,Paid,Completed,Bangalore
O108749,C13730,2026-06-19,P1334,3,21606.29,Pending,Completed,Chennai
O108750,C11836,2026-06-26,P1299,1,22154.57,Paid,Completed,Pune
O108751,C11222,2026-01-31,P1146,3,17368.53,Refunded,Completed,Chennai
O108752,C10493,2026-02-28,P1408,7,1904.41,Paid,Processing,Mumbai
O108753,C12684,2026-04-26,P1036,7,22322.61,Paid,Completed,Mumbai
O108754,C12338,2026-06-22,P1401,7,10641.5,Refunded,Completed,Chennai
O108755,C12180,2026-05-26,P1057,6,4773.53,Paid,Completed,Delhi
O108756,C13746,2026-06-18,P1267,5,19535.83,Paid,Completed,Chennai
O108757,C13915,2026-01-18,P1031,4,8863.32,Paid,Completed,Chennai
O108758,C12870,2026-04-26,P1409,5,12800.0,Paid,Completed,Chennai
O108759,C10784,2026-07-27,P1409,6,18653.1,Paid,Cancelled,Bangalore
O108760,C13790,2026-05-26,P1430,7,2797.67,Paid,Completed,Bangalore
O108761,C11380,2026-04-17,P1425,3,4487.98,Paid,Completed, Bangalore 
O108762,C10316,2026-04-10,P1475,1,24223.43,Paid,Returned,Chennai
O108763,C10965,2026-05-06,P1088,5,17924.55,Paid,Returned,Kolkata
O108764,C13324,2026-04-09,P1221,1,6008.8,Paid,Processing,
O108765,C10815,2026-03-25,P1050,6,14472.52,Paid,Completed,MUMBAI
O108766,C11581,2026-05-31,P1296,1,4943.3,Paid,Completed,Chennai
O108767,C11094,2026-05-07,P1485,2,21676.93,Pending,Completed, Chennai 
O108768,C10191,2026-07-21,P1461,6,11380.79,Paid,Processing,Delhi
O108769,C12248,2026-03-25,P1192,1,20229.71,Paid,Completed,Pune
O108770,C12517,2026-08-07,P1352,5,24306.32,Pending,Completed,Kolkata
O108771,C13167,2026-03-09,P1060,5,24527.61,Pending,Completed,Kolkata
O108772,C11659,2026-01-04,P1382,3,3699.12,Pending,Processing,Chennai
O108773,C10565,2026-01-14,P1458,3,23636.71,Paid,Completed,Mumbai
O108774,C12610,2026-06-27,P1290,7,6976.15,Failed,Processing,Bangalore
O108775,,2026-04-29,P1084,1,9182.67,Paid,Completed,Bangalore
O108776,C10479,2026-03-04,P1277,6,1855.92,Paid,Completed,Chennai
O108777,C10731,2026-03-06,P1452,6,16246.26,Paid,Cancelled,Mumbai
O108778,C11317,2026-05-18,P1039,4,16209.7,Paid,Completed,Mumbai
O108779,C12603,2026-05-19,P1053,7,19492.86,Paid,Cancelled,Mumbai
O108780,C12096,2026-02-16,P1465,6,23672.62,Paid,Completed,Chennai
O108781,C12851,2026-03-24,P1164,7,10875.72,Paid,Completed,Bangalore
O108782,C10125,2026-01-30,P1427,6,10363.62,Paid,Completed,Hyderabad
O108783,C13244,2026-08-16,P1246,5,16086.14,Paid,Returned,Mumbai
O108784,C13953,2026-06-20,P1284,1,16785.04,Paid,Cancelled,Kolkata
O108785,C10186,2026-07-21,P1337,6,11297.49,Paid,Completed,Bangalore
O108786,C11983,2026-06-10,P1372,3,23007.41,Paid,Completed,Delhi
O108787,C12962,2026-03-10,P1011,5,1588.68,Paid,Completed,Mumbai
O108788,C11907,2026-01-29,P1404,2,18983.12,Pending,Processing,Mumbai
O108789,C12373,2026-03-02,P1039,7,5436.19,Refunded,Completed,Delhi
O108790,C13686,2026-03-15,P1029,6,12534.64,Paid,Completed,Pune
O108791,C12161,2026-05-05,P1319,3,21331.88,Paid,Processing, 
O108792,C10947,2026-09-12,P1296,6,8441.26,Paid,Cancelled,Pune
O108793,C12956,2026-07-25,P1334,2,22522.21,Paid,Cancelled,Delhi
O108794,C11502,2026-04-12,P1226,5,11431.88,Paid,Completed,Kolkata
O108795,C11141,2026-02-08,P1302,4,17657.99,Refunded,Completed,Pune
O108796,C10994,2026-09-04,P1219,7,18150.22,Paid,Completed,Pune
O108797,C10317,2026-08-24,P1259,1,6742.09,Paid,Completed,Chennai
O108798,C13734,2026-06-08,P1411,1,22546.24,Paid,Completed,Bangalore
O108799,C12255,2026-07-10,P1093,4,3377.9,Pending,Completed,Bangalore
O108800,C13823,2026-05-23,P1431,1,14874.76,Failed,Completed,Bangalore
O108801,C13449,2026-03-23,P1312,6,23246.51,Pending,Completed,Kolkata
O108802,C10121,2026-02-03,P1376,6,1065.54,Paid,Completed,Kolkata
O108803,C10989,2026-01-08,P1498,1,13421.9,Paid,Completed,Pune
O108804,C11262,2026-07-16,P1241,7,6387.02,Pending,Completed,Hyderabad
O108805,C11960,2026-04-04,P1218,2,5053.68,Failed,Completed,Mumbai
O108806,C12866,2026-05-18,P1015,1,6074.03,Failed,Completed,Delhi
O108807,C12725,2026-02-17,P1351,2,22596.37,Paid,Completed,Chennai
O108808,C13952,2026-04-15,P1395,1,10810.24,Paid,Completed,Delhi
O108809,C13696,2026-08-18,P1491,6,6126.62,Paid,Completed,Delhi
O108810,C10745,2026-06-25,P1310,1,23210.67,Paid,Cancelled,Kolkata
O108811,C13442,2026-02-20,P1419,3,8243.95,Paid,Processing,Mumbai
O108812,C13374,2026-03-09,P1398,7,18169.62,Paid,Processing,Kolkata
O108813,C12301,2026-04-03,P1146,7,13568.16,Pending,Completed,Hyderabad
O108814,C11353,2026-07-22,P1145,7,17075.39,Paid,Completed,
O108815,C10835,2026-08-17,P1217,4,4812.1,Paid,Completed,Bangalore
O108816,C10850,2026-02-08,P1458,3,17059.63,Paid,Completed,Mumbai
O108817,C11352,2026-04-28,P1477,1,22673.79,Refunded,Cancelled,Chennai
O108818,C12017,2026-02-21,P1411,2,2792.36,Paid,Completed,Chennai
O108819,C12337,2026-09-04,P1439,1,8365.31,Paid,Cancelled,Hyderabad
O108820,C11301,2026-07-10,P1150,7,24323.33,Paid,Completed,Chennai
O108821,C11427,2026-04-29,P1462,5,5862.35,Paid,Completed,Bangalore
O108822,C10054,2026-07-25,P1367,5,1771.05,Paid,Completed,Bangalore
O108823,C10008,2026-03-07,P1010,5,1659.96,Paid,Completed,Mumbai
O108824,C13631,2026-08-05,P1426,-1,7099.89,Paid,Completed,Delhi
O108825,C10056,2026-05-21,P1340,7,12523.37,Paid,Completed,Mumbai
O108826,C10132,2026-08-31,P1383,1,6940.04,Paid,Processing,Bangalore
O108827,C10823,2026-06-13,P1300,5,7238.3,Paid,Completed,Bangalore
O108828,C12975,2026-03-19,P1038,4,20836.21,Paid,Completed,Mumbai
O108829,C12717,2026-07-24,P1478,1,19243.42,Failed,Completed,Delhi
O108830,C12590,2026-05-09,P1078,3,7977.9,Paid,Completed,Bangalore
O108831,C12301,2026-07-16,P1464,1,8818.72,Paid,Completed,Pune
O108832,C10807,2026-02-22,P1472,2,24250.92,Paid,Completed, Mumbai 
O108833,C11593,2026-03-14,P1151,7,23768.85,Paid,Completed,
O108834,C11913,2026-01-14,P1428,7,24335.55,Paid,Completed,Bangalore
O108835,C12331,2026-08-06,P1291,4,23498.24,Paid,Completed,Chennai
O108836,C10794,2026-03-03,P1352,1,15813.75,Paid,Completed,Kolkata
O108837,C12918,2026-08-18,P1363,3,7915.65,Refunded,Processing,Kolkata
O108838,C11236,2026-04-28,P1003,2,24246.55,Pending,Completed,Pune
O108839,C12643,2026-01-14,P1192,6,18647.61,Paid,Completed,Pune
O108840,C12057,2026-01-03,P1101,2,17867.78,Paid,Completed,Pune
O108841,C12370,2026-03-23,P1183,3,20001.2,Pending,Completed,Delhi
O108842,C11653,2026-05-18,P1394,7,15082.16,Failed,Completed,Chennai
O108843,C11781,2026-06-11,P1084,6,14706.52,Paid,Completed,Mumbai
O108844,C13475,2026-03-12,P1152,3,9224.89,Paid,Completed,Bangalore
O108845,C11905,2026-05-19,P1249,3,4023.22,Paid,Completed,Mumbai
O108846,C13178,2026-02-01,P1049,7,11131.6,Paid,Processing,Pune
O108847,C11581,2026-04-08,P1347,3,13079.16,Paid,Cancelled,Bangalore
O108848,C12804,2026-03-27,P1369,7,21981.91,Paid,Completed,Hyderabad
O108849,C10932,2026-02-24,P1051,5,10219.53,Paid,Completed,Chennai
O108850,,2026-02-02,P1261,4,22110.56,Paid,Cancelled,Kolkata
O108851,C13872,2026-07-01,P1301,3,8142.69,Failed,Completed,Mumbai
O108852,C13608,2026-04-28,P1197,5,23633.53,Paid,Completed,Chennai
O108853,C11386,2026-06-19,P1213,1,1261.7,Paid,Completed,Delhi
O108854,C11106,2026-07-01,P1270,2,13275.71,Pending,Completed,Delhi
O108855,C10730,2026-01-06,P1117,7,8243.31,Paid,Completed,Bangalore
O108856,C13494,2026-06-12,P1444,7,7572.0,Failed,Completed,Kolkata
O108857,C10474,2026-02-18,P1288,1,2261.0,Paid,Cancelled,Hyderabad
O108858,C12571,2026-05-19,P1336,1,17127.82,Failed,Completed,Pune
O108859,C11326,2026-04-18,P1380,6,9995.96,Failed,Cancelled, 
O108860,C10752,2026-03-13,P1395,5,23741.61,Paid,Processing,Bangalore
O108861,C10738,2026-02-21,P1286,5,17896.86,Paid,Processing,Kolkata
O108862,C13486,2026-02-23,P1482,3,11239.41,Paid,Completed,Delhi
O108863,C13442,2026-06-03,P1033,3,15794.26,Paid,Completed,Chennai
O108864,C11088,2026-05-02,P1031,5,1930.23,Failed,Completed,Mumbai
O108865,C10135,2026-01-26,P1022,4,14851.71,Paid,Completed,Delhi
O108866,C13479,2026-08-15,P1101,6,16753.9,Paid,Completed,Pune
O108867,C10229,2026-09-06,P1068,6,2922.26,Failed,Processing,Hyderabad
O108868,C10339,2026-08-25,P1039,3,17156.02,Paid,Processing,Pune
O108869,C13290,2026-03-13,P1449,6,12007.98,Paid,Completed,Pune
O108870,C13271,2026-05-14,P1378,1,12146.55,Paid,Completed,Bangalore
O108871,C10810,2026-08-27,P1030,3,18172.37,Paid,Completed,Chennai
O108872,C10152,2026-03-06,P1395,3,11410.23,Paid,Completed,Delhi
O108873,C10252,2026-07-11,P1358,4,6088.38,Refunded,Processing,Pune
O108874,C11815,2026-05-09,P1493,5,7667.61,,Completed,Mumbai
O108875,C11674,2026-03-09,P1297,4,18537.27,Paid,Completed,Delhi
O108876,C10729,2026-03-20,P1403,7,2053.59,Paid,Completed,Hyderabad
O108877,C13639,2026-02-17,P1269,3,21068.39,Pending,Processing,Pune
O108878,C12211,2026-09-14,P1330,4,14680.43,Failed,Completed,Kolkata
O108879,C13231,2026-05-01,P1187,6,18256.18,Paid,Completed,Chennai
O108880,C10415,2026-05-11,P1478,3,8789.09,Failed,Processing,Mumbai
O108881,C13896,2026-06-14,P1114,4,5801.73,Paid,Completed,Bangalore
O108882,C13241,2026-02-26,P1224,2,20173.02,Paid,Completed,Bangalore
O108883,C11152,2026-04-03,P1089,2,2824.55,Paid,Completed,Chennai
O108884,C10083,2026-01-04,P1001,3,4396.59,Paid,Completed,Pune
O108885,C10658,2026-06-04,P1414,4,7337.55,Pending,Completed,Chennai
O108886,C11675,2026-09-05,P1438,3,8975.2,Paid,Completed,Delhi
O108887,C10011,2026-09-10,P1034,4,5330.29,,Cancelled,Kolkata
O108888,C10163,2026-01-22,P1026,5,22841.95,Paid,Completed,
O108889,C10394,2026-08-09,P1132,4,971.32,Paid,Completed,Bangalore
O108890,C13241,2026-09-10,P1074,4,20145.62,Pending,Completed,PUNE
O108891,C12189,2026-07-15,P1434,7,10453.43,Paid,Completed,Pune
O108892,C10764,2026-04-12,P1230,3,20952.0,Paid,Processing,Mumbai
O108893,C11058,2026-04-17,P1091,4,19960.34,Paid,Returned,Pune
O108894,C12570,2026-05-01,P1399,3,3289.62,Paid,Completed,Delhi
O108895,C11275,2026-03-29,P1371,3,16760.45,Paid,Completed,Chennai
O108896,C12730,2026-08-09,P1423,1,9647.63,Paid,Cancelled,Hyderabad
O108897,C13115,2026-07-01,P1345,7,20579.01,Paid,Completed,Hyderabad
O108898,C11227,2026-02-18,P1343,3,21320.16,Paid,Processing,Pune
O108899,C11467,2026-07-03,P1195,4,4969.44,Paid,Completed,Kolkata
O108900,C10200,2026-01-30,P1459,7,12122.62,Failed,Cancelled,Kolkata
O108901,C13281,2026-03-26,P1209,2,14981.77,Paid,Processing,Pune
O108902,C12426,2026-06-24,P1118,5,13738.68,Paid,Completed,
O108903,C13555,2026-08-28,P1461,4,6518.74,Paid,Processing,Hyderabad
O108904,C10756,2026-05-29,P1336,6,7030.53,Paid,Cancelled,Mumbai
O108905,C13845,2026-08-10,P1171,7,21497.33,Pending,Completed,Mumbai
O108906,C12829,2026-05-21,P1424,7,1107.7,Paid,Completed,Pune
O108907,C10787,2026-01-30,P1015,4,6780.37,Paid,Completed,Bangalore
O108908,C11853,2026-06-20,P1116,4,5809.94,Paid,Cancelled,Mumbai
O108909,C12798,2026-09-15,P1297,1,9455.5,Paid,Returned,Pune
O108910,C10067,2026-07-03,P1403,2,17246.73,Paid,Completed,Hyderabad
O108911,C13123,2026-04-09,P1189,4,13446.84,Paid,Completed,Kolkata
O108912,C13793,2026-03-29,P1371,6,13653.55,Paid,Completed,Chennai
O108913,C10326,2026-06-14,P1106,3,18362.81,Pending,Cancelled,Chennai
O108914,C13595,2026-08-12,P1155,2,20360.37,Paid,Processing,Bangalore
O108915,C11859,2026-09-02,P1443,2,4248.9,Paid,Completed,
O108916,C12064,2026-03-11,P1296,4,2968.35,Paid,Completed, Kolkata 
O108917,C13363,2026-07-27,P1384,7,7740.11,Refunded,Completed,Hyderabad
O108918,C12360,2026-03-30,P1015,3,20740.57,Paid,Completed,Hyderabad
O108919,C11406,2026-01-10,P1387,2,13681.07,Pending,Processing,Hyderabad
O108920,C12932,2026-05-17,P1309,7,3827.8,Paid,Completed,Bangalore
O108921,C10553,2026-07-23,P1479,5,4344.32,Refunded,Completed,Pune
O108922,C12667,2026-09-04,P1028,3,22487.25,Paid,Completed,Hyderabad
O108923,C13100,2026-03-06,P1199,2,9364.13,Paid,Completed,Chennai
O108924,C11340,2026-03-28,P1193,2,6605.4,Paid,Completed,Hyderabad
O108925,C13884,2026-07-05,P1237,3,17435.38,Paid,Completed,Chennai
O108926,C12564,2026-06-06,P1151,1,21561.37,Paid,Cancelled,Pune
O108927,C10383,2026-04-21,P1296,3,11227.53,Paid,Cancelled,Chennai
O108928,C13868,2026-06-13,P1062,5,19840.96,Failed,Completed,Pune
O108929,C12978,2026-07-11,P1311,1,10921.92,Paid,Completed,Delhi
O108930,C12784,2026-02-11,P1493,4,17378.17,Paid,Cancelled,Delhi
O108931,C11013,2026-07-20,P1269,1,14498.0,Paid,Completed,Kolkata
O108932,C11894,2026-03-28,P1436,5,22392.84,Paid,Completed,Hyderabad
O108933,C13607,2026-03-23,P1125,5,8328.77,Paid,Completed,
O108934,C11233,2026-03-30,P1171,5,19329.36,Refunded,Completed,Hyderabad
O108935,C11694,2026-04-04,P1170,2,17193.25,Paid,Completed,Pune
O108936,C11027,2026-06-29,P1128,1,21018.95,Paid,Processing,Hyderabad
O108937,C10864,2026-01-05,P1373,5,15306.25,Pending,Completed,Pune
O108938,C10175,2026-02-24,P1352,6,11665.41,Paid,Processing,Chennai
O108939,C12949,2026-04-04,P1127,1,1521.52,Refunded,Completed,Hyderabad
O108940,C10363,2026-06-30,P1138,6,21040.55,Paid,Completed,Chennai
O108941,C12126,2026-07-27,P1147,1,22775.38,Failed,Completed,Delhi
O108942,C10199,2026-03-28,P1248,4,11406.44,Paid,Returned,Kolkata
O108943,C13938,2026-06-03,P1078,6,5789.88,Paid,Completed, Kolkata 
O108944,C12840,2026-08-17,P1219,4,16284.74,Paid,Completed,Chennai
O108945,C12523,2026-03-30,P1404,7,3306.0,Refunded,Processing,Delhi
O108946,C10746,2026-07-30,P1086,4,1308.92,Paid,Completed,
O108947,,2026-04-07,P1328,6,7465.62,Pending,Completed,Delhi
O108948,C12015,2026-05-09,P1403,7,17093.85,Paid,Cancelled, 
O108949,C11435,2026-04-03,P1116,2,20410.82,Paid,Completed,Chennai
O108950,C10624,2026-01-07,P1144,7,4174.31,Paid,Completed,Delhi
O108951,C11469,2026-02-16,P1105,7,23669.88,Paid,Completed,Hyderabad
O108952,C12438,2026-03-28,P1446,2,13936.29,Pending,Completed,Hyderabad
O108953,C11950,2026-03-25,P1078,4,23153.88,Paid,Completed,Pune
O108954,C12282,2026-05-06,P1235,5,3999.8,Paid,Completed,Mumbai
O108955,C12289,2026-05-21,P1388,3,11612.0,Paid,Completed,Pune
O108956,C10979,2026-02-14,P1173,6,10940.99,Paid,Completed,Chennai
O108957,C10444,2026-05-28,P1105,7,10468.81,Failed,Completed,Delhi
O108958,C12088,2026-03-31,P1307,2,23290.47,Paid,Completed,Bangalore
O108959,C13572,2026-01-06,P1096,3,21280.47,Paid,Completed,Pune
O108960,C13984,2026-01-07,P1477,2,19918.66,Pending,Completed,Pune
O108961,C13146,2026-08-02,P1335,1,7367.26,Paid,Completed,Bangalore
O108962,C10885,2026-07-21,P1035,7,8674.34,Failed,Completed,Hyderabad
O108963,C12523,2026-03-29,P1100,5,6704.78,Paid,Processing,Kolkata
O108964,C10956,2026-08-16,P1360,2,19899.04,Paid,Completed,Chennai
O108965,C12307,2026-01-21,P1048,1,10002.81,Paid,Processing,Bangalore
O108966,C11924,2026-03-10,P1421,5,24473.57,Paid,Completed,Mumbai
O108967,C11527,2026-07-29,P1215,6,9298.61,Refunded,Completed,Mumbai
O108968,C12568,2026-07-24,P1088,2,4493.71,Paid,Cancelled,Kolkata
O108969,C13433,2026-01-01,P1410,5,23267.4,Paid,Processing,Hyderabad
O108970,C11350,2026-05-15,P1324,2,19632.95,Paid,Completed,Kolkata
O108971,C11946,2026-06-25,P1433,4,14705.96,Paid,Completed,Bangalore
O108972,C11824,2026-01-27,P1368,2,21503.43,Paid,Completed,Mumbai
O108973,C10997,2026-07-04,P1468,2,23751.31,Paid,Completed,Hyderabad
O108974,C11685,2026-08-09,P1426,1,21575.87,Paid,Completed,Mumbai
O108975,C10086,2026-04-10,P1354,4,22641.62,Paid,Completed,Kolkata
O108976,C12071,2026-04-05,P1325,3,6999.59,Paid,Completed,Pune
O108977,C12885,2026-02-04,P1008,5,12917.97,Paid,Completed,Pune
O108978,C11471,2026-09-02,P1492,7,19943.72,Paid,Cancelled,Delhi
O108979,C12988,2026-05-26,P1090,3,13292.69,Paid,Processing,Pune
O108980,C13005,2026-01-21,P1192,3,16153.44,Paid,Completed,Chennai
O108981,C13939,2026-01-10,P1285,7,23094.26,Paid,Completed,Mumbai
O108982,C12185,2026-04-29,P1142,4,7595.0,Refunded,Completed,Bangalore
O108983,C11617,2026-02-08,P1415,4,13623.33,Pending,Completed,Hyderabad
O108984,C12560,2026-01-26,P1211,4,14219.41,Pending,Cancelled,Kolkata
O108985,C12508,2026-02-13,P1387,1,9180.57,Failed,Completed,Mumbai
O108986,C13952,2026-04-23,P1443,1,9396.34,Paid,Cancelled, 
O108987,C12833,2026-05-06,P1438,5,19295.26,Paid,Completed,Pune
O108988,C11227,2026-07-09,P1289,4,23259.01,Paid,Processing,Mumbai
O108989,C10750,2026-04-13,P1495,3,15953.24,Refunded,Completed,Mumbai
O108990,C13173,2026-04-01,P1119,5,12352.21,Paid,Cancelled,Pune
O108991,C10719,2026-03-10,P1060,1,18833.88,Paid,Completed,Delhi
O108992,C12511,2026-03-24,P1293,7,24945.89,Paid,Returned,Bangalore
O108993,C10529,2026-06-02,P1339,7,2335.32,Paid,Completed,Chennai
O108994,C12877,2026-08-26,P1366,2,16394.1,Paid,Completed,Pune
O108995,C13134,2026-02-17,P1306,2,14035.87,Paid,Processing,Chennai
O108996,C13965,2026-02-14,P1185,5,15373.09,Paid,Processing,Pune
O108997,C13819,2026-04-24,P1091,1,863.65,Pending,Processing,Mumbai
O108998,C12857,2026-07-15,P1230,5,23905.14,Refunded,Completed,Kolkata
O108999,C11111,2026-01-03,P1024,1,2409.36,Paid,Completed,Hyderabad
O109000,C10175,2026-01-24,P1138,7,7894.6,Paid,Cancelled,BANGALORE
O109001,C12222,2026-08-03,P1369,7,7667.95,Paid,Processing,Delhi
O109002,C13066,2026-01-11,P1263,4,18407.9,Failed,Completed,Hyderabad
O109003,C10042,2026-03-15,P1289,2,16872.14,Paid,Completed,Delhi
O109004,C12100,2026-08-25,P1282,3,1824.62,Paid,Completed,Bangalore
O109005,C13534,2026-09-06,P1363,4,3997.81,Paid,Completed,Pune
O109006,C12550,2026-01-20,P1149,3,8173.98,Failed,Completed,Mumbai
O109007,C12737,2026-06-14,P1189,5,17691.37,Pending,Completed,Bangalore
O109008,C11898,2026-07-24,P1071,2,23252.11,Paid,Processing,
O109009,C13775,2026-05-24,P1352,7,8092.21,Paid,Completed,Hyderabad
O109010,C11499,2026-07-24,P1038,3,13281.68,Paid,Completed,Kolkata
O109011,C11517,2026-02-26,P1072,6,9503.48,Paid,Returned,Chennai
O109012,C12072,2026-08-03,P1373,5,14560.72,Pending,Processing,Mumbai
O109013,C12345,2026-01-29,P1021,1,15810.97,Paid,Completed,Mumbai
O109014,C12151,2026-08-31,P1200,4,13101.88,Paid,Completed,Bangalore
O109015,C13277,2026-08-12,P1030,1,9908.85,Paid,Completed,Hyderabad
O109016,C13340,2026-03-08,P1289,7,22030.64,Paid,Completed,Pune
O109017,C10527,2026-07-20,P1323,7,20107.36,Refunded,Completed,Bangalore
O109018,C12386,2026-05-25,P1365,4,24960.62,Paid,Completed,Kolkata
O109019,C13938,2026-04-22,P1077,2,10493.51,Paid,Completed,Hyderabad
O109020,C12400,2026-07-01,P1442,3,1256.96,Paid,Completed,Chennai
O109021,C12754,2026-01-06,P1263,1,16388.85,Paid,Completed,Bangalore
O109022,C13448,2026-01-08,P1436,1,19650.64,Paid,Processing,Pune
O109023,C13469,2026-06-16,P1360,3,23438.57,Paid,Cancelled,Chennai
O109024,C10068,2026-04-27,P1482,3,555.99,Paid,Completed,Kolkata
O109025,C10958,2026-08-26,P1213,5,22025.68,Paid,Cancelled,Kolkata
O109026,C13454,2026-03-30,P1053,4,13063.43,Paid,Completed,Bangalore
O109027,,2026-04-13,P1370,7,9558.0,Pending,Cancelled,Pune
O109028,C12528,2026-05-19,P1069,7,5781.84,Paid,Completed,Delhi
O109029,C13442,2026-08-05,P1096,6,20408.86,Paid,Completed,Pune
O109030,C13228,2026-02-16,P1372,6,9284.39,Paid,Completed,Hyderabad
O109031,C13007,2026-08-16,P1017,7,15232.56,Paid,Processing,Kolkata
O109032,C10189,2026-08-06,P1135,5,12938.17,Paid,Completed,Mumbai
O109033,C13129,2026-03-17,P1134,1,6799.92,Paid,Processing,Pune
O109034,C10803,2026-04-25,P1351,3,19758.23,Pending,Completed,Kolkata
O109035,C10104,2026-02-26,P1390,7,7664.89,Paid,Completed,Bangalore
O109036,C11969,2026-04-16,P1393,2,19746.69,Paid,Cancelled,Pune
O109037,C13772,2026-04-12,P1035,1,10415.67,Paid,Completed,Bangalore
O109038,C13548,2026-07-30,P1317,1,1043.11,Failed,Processing,Delhi
O109039,C13931,2026-02-28,P1369,6,19255.46,Pending,Cancelled,Mumbai
O109040,C10986,2026-01-07,P1050,4,22512.08,Paid,Completed,Chennai
O109041,C12783,2026-05-13,P1478,5,3258.75,Refunded,Completed,Pune
O109042,C10223,2026-05-25,P1286,6,14755.3,Paid,Completed,Chennai
O109043,C13216,2026-02-17,P1137,4,2072.41,Paid,Completed,Hyderabad
O109044,C12096,2026-08-11,P1083,1,20798.22,Paid,Processing,Delhi
O109045,C13988,2026-06-03,P1242,3,24702.59,Pending,Completed,Kolkata
O109046,C10960,2026-03-12,P1290,2,12526.31,Failed,Completed,Hyderabad
O109047,C13141,2026-04-13,P1412,4,8040.92,Paid,Completed,Hyderabad
O109048,C10684,2026-02-20,P1221,6,21190.01,Refunded,Processing,Kolkata
O109049,C11149,2026-07-19,P1432,1,13163.24,Paid,Returned,Mumbai
O109050,C11183,2026-06-28,P1030,6,11390.94,Paid,Completed,
O109051,C12313,2026-05-22,P1352,6,5926.85,Refunded,Completed,Pune
O109052,C11461,2026-05-28,P1119,5,15515.64,Paid,Completed,Pune
O109053,,2026-03-01,P1359,7,15276.04,Paid,Completed,Mumbai
O109054,C12088,2026-04-11,P1240,4,6792.01,Paid,Completed,Chennai
O109055,C10225,2026-08-24,P1067,1,5521.83,Paid,Completed,Kolkata
O109056,C12663,2026-04-02,P1481,5,11132.58,Paid,Completed,Hyderabad
O109057,C12599,2026-08-26,P1272,5,11435.16,Paid,Cancelled,Delhi
O109058,C13862,2026-08-29,P1481,2,3471.76,Paid,Cancelled,Chennai
O109059,C10533,2026-07-18,P1095,3,7118.65,Failed,Completed,Kolkata
O109060,C10123,2026-07-05,P1224,2,4260.7,Paid,Processing,Mumbai
O109061,C10533,2026-09-02,P1036,5,22565.7,Failed,Cancelled,Chennai
O109062,C11691,2026-08-04,P1222,4,2136.15,Pending,Completed,Kolkata
O109063,C10856,2026-01-17,P1345,6,22005.34,Paid,Completed,Kolkata
O109064,C10865,2026-08-05,P1222,3,13338.74,Paid,Processing,Delhi
O109065,C13480,2026-04-17,P1478,5,16733.44,Failed,Cancelled,Hyderabad
O109066,C11296,2026-05-09,P1283,3,23104.27,Paid,Completed,Pune
O109067,C11668,2026-05-30,P1253,4,9325.05,Paid,Completed,Hyderabad
O109068,C12738,2026-04-03,P1165,1,17654.67,Paid,Completed,Bangalore
O109069,C11360,2026-01-24,P1235,1,16890.91,Paid,Completed,Bangalore
O109070,C12219,2026-05-23,P1119,5,24712.17,Paid,Completed,Hyderabad
O109071,C12093,2026-08-08,P1137,7,1437.39,Paid,Completed,Pune
O109072,C11046,2026-02-05,P1327,5,11549.27,Paid,Completed,Hyderabad
O109073,C12870,2026-08-31,P1365,2,24742.01,Failed,Cancelled,
O109074,C13339,2026-06-17,P1227,5,8398.52,Paid,Completed,Bangalore
O109075,C13136,2026-06-24,P1082,1,24151.9,Pending,Completed,Bangalore
O109076,C11582,2026-02-21,P1027,1,20472.96,Paid,Completed,Delhi
O109077,C13734,2026-08-14,P1196,2,8681.28,Paid,Completed,Bangalore
O109078,C13598,2026-01-11,P1087,-1,1018.91,Paid,Processing, 
O109079,C11068,2026-02-14,P1372,4,7224.51,Paid,Returned,Pune
O109080,C10496,2026-09-11,P1121,3,3355.91,Paid,Completed,Kolkata
O109081,C13578,2026-04-07,P1390,1,10882.91,Refunded,Completed,Bangalore
O109082,C12981,2026-03-30,P1339,7,23506.2,Paid,Completed,Delhi
O109083,C11244,2026-06-03,P1001,3,12961.65,Paid,Completed,Delhi
O109084,C11220,2026-04-04,P1312,5,11353.45,Refunded,Completed,Chennai
O109085,C11289,2026-01-22,P1234,5,5629.21,Paid,Completed,Delhi
O109086,C13448,2026-03-28,P1265,6,15649.48,Paid,Completed,Mumbai
O109087,C10961,2026-05-27,P1081,4,11547.73,Failed,Cancelled,Chennai
O109088,C12606,2026-04-23,P1353,6,19386.09,Paid,Completed,Kolkata
O109089,C13340,2026-08-16,P1397,3,13048.21,Paid,Completed,Chennai
O109090,C11550,2026-06-07,P1201,1,22198.43,Paid,Completed,Pune
O109091,C10246,2026-05-17,P1357,7,19640.45,Refunded,Returned,Delhi
O109092,C13037,2026-05-17,P1287,2,3883.11,Paid,Completed,Hyderabad
O109093,C10079,2026-02-09,P1180,7,3659.24,Paid,Processing,Hyderabad
O109094,C13326,2026-09-12,P1002,1,901.47,Paid,Completed,Chennai
O109095,C11444,2026-03-28,P1047,3,9414.55,Paid,Completed, 
O109096,C13207,2026-04-23,P1135,3,1649.08,Paid,Processing,Hyderabad
O109097,C12183,2026-05-18,P1264,1,11413.8,Paid,Completed,Bangalore
O109098,C11438,2026-06-26,P1202,1,6261.44,Refunded,Completed,Chennai
O109099,C13600,2026-08-08,P1271,4,12606.49,Paid,Completed,Hyderabad
O109100,C13070,2026-06-21,P1481,5,4210.07,Failed,Completed,Chennai
O109101,C10323,2026-04-11,P1343,6,13865.0,Pending,Processing,Kolkata
O109102,C13725,2026-09-14,P1286,4,24170.91,Paid,Completed,Hyderabad
O109103,C11869,2026-07-19,P1132,7,16039.64,Paid,Processing,Pune
O109104,C10596,2026-05-11,P1096,7,14240.42,Paid,Processing,Bangalore
O109105,C13087,2026-08-18,P1093,1,19764.74,Paid,Completed,Hyderabad
O109106,C12072,2026-01-06,P1374,1,437.51,Paid,Completed,Mumbai
O109107,C12693,2026-03-26,P1093,2,7276.84,Pending,Returned,Kolkata
O109108,C12778,2026-07-03,P1206,5,24678.35,Pending,Processing,Chennai
O109109,C10789,2026-05-31,P1294,6,19630.69,Pending,Completed,Delhi
O109110,C13886,2026-07-09,P1015,6,2529.6,Paid,Completed,Hyderabad
O109111,C10422,2026-04-26,P1473,2,8363.56,Paid,Processing,Bangalore
O109112,C12425,2026-07-13,P1447,5,11164.65,Paid,Completed,Kolkata
O109113,C10585,2026-03-12,P1459,7,23384.22,Paid,Cancelled,Hyderabad
O109114,C13512,2026-08-03,P1210,5,14778.82,Paid,Completed,Chennai
O109115,C10693,2026-01-22,P1046,3,2207.47,Paid,Completed,Mumbai
O109116,C11765,2026-05-24,P1442,5,12874.11,Paid,Processing,Chennai
O109117,C10347,2026-08-28,P1098,6,7447.86,Failed,Processing,Delhi
O109118,C11793,2026-03-30,P1019,7,8665.93,Paid,Completed,Pune
O109119,C10016,2026-04-12,P1020,1,3122.45,Paid,Completed,
O109120,C11775,2026-08-11,P1180,5,11631.27,Paid,Completed,Pune
O109121,C12753,2026-05-17,P1484,4,16836.27,Failed,Returned,PUNE
O109122,C10731,2026-02-02,P1334,3,19060.91,Pending,Completed,Hyderabad
O109123,C12213,2026-01-07,P1181,2,17476.06,Paid,Completed,hyderabad
O109124,C11899,2026-01-02,P1048,6,16614.68,Paid,Completed,Chennai
O109125,C11340,2026-06-23,P1399,7,21769.66,Paid,Completed,
O109126,C12685,2026-04-27,P1271,5,8509.57,Paid,Completed,
O109127,C13983,2026-09-14,P1022,2,5600.47,Paid,Processing,Pune
O109128,C13754,2026-06-22,P1107,1,2509.13,Paid,Completed,Bangalore
O109129,C13883,2026-06-10,P1323,2,4392.95,Failed,Completed,Pune
O109130,C10080,2026-09-04,P1092,5,3989.97,Paid,Processing,Kolkata
O109131,C11026,2026-05-18,P1164,2,22838.68,Pending,Completed,Pune
O109132,C13693,2026-03-31,P1023,1,4758.77,Paid,Completed,Bangalore
O109133,C10193,2026-02-16,P1316,5,2620.43,Paid,Completed,Chennai
O109134,C11460,2026-07-20,P1263,2,10186.23,Paid,Processing,Pune
O109135,C12610,2026-05-23,P1235,2,4489.39,Paid,Processing,Delhi
O109136,C13935,2026-05-01,P1452,1,3525.03,Paid,Processing,Mumbai
O109137,C11103,2026-06-14,P1106,4,9251.5,Paid,Completed,Pune
O109138,C13059,2026-01-09,P1028,4,23008.78,Paid,Completed,Pune
O109139,C12643,2026-01-17,P1114,3,1051.72,Failed,Completed,Chennai
O109140,C12455,2026-04-23,P1393,1,5430.61,Pending,Completed,Chennai
O109141,C12974,2026-09-02,P1439,4,20658.41,Pending,Processing,Delhi
O109142,C11016,2026-02-09,P1369,7,6357.32,Paid,Completed,Chennai
O109143,C11355,2026-05-15,P1107,2,11194.97,Paid,Completed,Hyderabad
O109144,C12243,2026-08-07,P1072,7,2733.99,Paid,Completed,Mumbai
O109145,C11757,2026-01-26,P1149,1,19940.8,Paid,Cancelled,Bangalore
O109146,C12890,2026-06-06,P1265,2,18490.59,Paid,Returned,Pune
O109147,C13205,2026-09-08,P1083,2,3463.17,Paid,Processing,Mumbai
O109148,C12113,2026-07-30,P1403,3,23714.68,Paid,Completed,Kolkata
O109149,C11577,2026-02-18,P1306,6,14888.39,Paid,Completed,Chennai
O109150,C13650,2026-05-31,P1090,3,20014.5,Paid,Completed,
O109151,C13001,2026-04-24,P1101,5,19165.84,Paid,Processing, 
O109152,C12695,2026-08-22,P1265,6,13121.1,Paid,Completed,Delhi
O109153,C10229,2026-05-15,P1082,1,18763.04,Paid,Cancelled,Kolkata
O109154,C12113,2026-05-22,P1424,4,6173.6,,Completed,Kolkata
O109155,C10486,2026-04-19,P1221,7,825.22,Paid,Processing,Kolkata
O109156,C12644,2026-08-23,P1207,3,8749.28,Refunded,Completed,Delhi
O109157,C11199,2026-01-27,P1295,1,4066.82,Paid,Processing,Mumbai
O109158,C12956,2026-07-22,P1459,3,24532.69,Paid,Completed,hyderabad
O109159,C13115,2026-07-12,P1245,4,23113.54,Paid,Completed,Mumbai
O109160,C11202,2026-02-12,P1260,3,3860.2,Paid,Completed,CHENNAI
O109161,C13908,2026-08-20,P1298,5,8796.55,Pending,Cancelled,Mumbai
O109162,C12068,2026-06-29,P1498,1,12880.12,Failed,Cancelled,Pune
O109163,C10872,2026-08-01,P1194,6,10148.61,Pending,Completed,Pune
O109164,C13103,2026-05-12,P1151,6,17590.46,Paid,Processing,Pune
O109165,C13045,2026-08-01,P1373,1,12736.91,Paid,Processing,Bangalore
O109166,C11656,2026-08-28,P1345,2,14262.0,Paid,Processing,Mumbai
O109167,C12636,2026-03-09,P1158,7,17037.7,Paid,Returned,Bangalore
O109168,C10086,2026-07-18,P1494,6,884.59,Paid,Cancelled,Chennai
O109169,C11165,2026-04-30,P1314,6,606.91,Paid,Processing,DELHI
O109170,C13528,2026-07-26,P1117,7,4699.66,Pending,Completed,Pune
O109171,C10929,2026-02-04,P1115,5,18042.13,Paid,Completed,Pune
O109172,C13625,2026-07-08,P1194,3,6238.41,Paid,Completed,Chennai
O109173,C12321,2026-06-02,P1446,-3,23028.37,Paid,Completed,Hyderabad
O109174,C13614,2026-02-14,P1373,3,2238.88,Refunded,Cancelled,Chennai
O109175,C10523,2026-07-10,P1128,5,14623.75,Failed,Completed,Pune
O109176,C11857,2026-01-18,P1202,2,931.01,Refunded,Processing, Kolkata 
O109177,C11186,2026-01-31,P1492,4,24309.85,Refunded,Completed,Mumbai
O109178,C13550,2026-03-18,P1324,1,5577.64,Pending,Completed,Mumbai
O109179,C11367,2026-08-20,P1198,5,14814.64,Paid,Cancelled,Bangalore
O109180,C12355,2026-09-01,P1254,7,23840.47,Paid,Completed,Pune
O109181,C13313,2026-03-27,P1416,5,1050.02,Paid,Processing,Kolkata
O109182,C10916,2026-02-26,P1076,7,12964.55,Pending,Completed,Chennai
O109183,C10183,2026-01-06,P1446,3,13309.82,Failed,Completed,Chennai
O109184,C11978,2026-06-07,P1425,4,8981.68,Paid,Processing,Kolkata
O109185,C12736,2026-06-21,P1158,4,16467.45,Paid,Returned,Mumbai
O109186,C12879,2026-01-21,P1051,6,13700.49,Paid,Completed,Pune
O109187,C11670,2026-08-21,P1177,5,6453.79,Paid,Completed,Delhi
O109188,C10314,2026-07-17,P1268,5,17721.15,Paid,Completed,Hyderabad
O109189,C11613,2026-01-11,P1448,1,11814.43,Paid,Completed,Chennai
O109190,C10488,2026-05-29,P1112,4,11916.67,Paid,Processing,
O109191,C10289,2026-05-01,P1235,5,23812.43,Paid,Completed,Delhi
O109192,C11214,2026-07-06,P1374,1,13515.3,Paid,Completed,Mumbai
O109193,C13111,2026-07-30,P1165,-4,19681.03,Paid,Completed,Kolkata
O109194,C13075,2026-08-08,P1038,4,21724.46,Paid,Processing,Kolkata
O109195,C12434,2026-01-18,P1352,2,14644.03,Pending,Cancelled,Delhi
O109196,C13307,2026-06-22,P1297,2,19723.44,Paid,Completed,Kolkata
O109197,C12004,2026-01-19,P1379,5,7945.7,Paid,Completed,Delhi
O109198,C10974,2026-04-27,P1098,7,4793.57,Paid,Completed,Chennai
O109199,C12281,2026-05-07,P1166,7,17479.81,Paid,Completed,Delhi
O109200,C13695,2026-08-16,P1041,5,23176.96,Paid,Cancelled,Chennai
O109201,C10144,2026-05-17,P1361,6,1349.67,Paid,Completed,Delhi
O109202,C13862,2026-08-06,P1328,1,19147.52,Paid,Processing,Mumbai
O109203,C12979,2026-05-06,P1453,7,1001.45,Paid,Completed,Mumbai
O109204,C12747,2026-04-19,P1104,5,11627.48,Failed,Processing,Hyderabad
O109205,C12457,2026-01-14,P1246,5,17026.59,Paid,Completed,Mumbai
O109206,C11031,2026-07-22,P1456,1,10311.02,Refunded,Processing,Delhi
O109207,C13545,2026-09-05,P1346,7,7733.48,Paid,Completed,Pune
O109208,C13888,2026-08-14,P1297,2,4914.86,Failed,Processing,Kolkata
O109209,C13699,2026-04-19,P1412,1,24453.43,Refunded,Completed,Hyderabad
O109210,C10435,2026-01-12,P1195,6,14386.81,Paid,Completed,Hyderabad
O109211,C12948,2026-07-27,P1152,6,3457.76,Paid,Completed,Kolkata
O109212,C12228,2026-08-30,P1271,7,1489.31,Failed,Completed,Mumbai
O109213,C13155,2026-03-03,P1184,4,6311.75,Paid,Completed,Hyderabad
O109214,C11410,2026-03-11,P1417,4,13604.04,Paid,Completed,Kolkata
O109215,C13830,2026-04-04,P1202,5,18874.17,Paid,Cancelled,Mumbai
O109216,C11251,2026-04-04,P1264,5,24529.7,Failed,Cancelled,Delhi
O109217,C12954,2026-08-04,P1162,6,20898.48,Pending,Completed,Pune
O109218,C12016,2026-07-30,P1282,2,15415.62,Pending,Completed,Bangalore
O109219,C12469,2026-09-01,P1422,2,16761.99,Paid,Processing,Delhi
O109220,C10463,2026-05-24,P1428,3,13195.12,Paid,Processing,Hyderabad
O109221,C12445,2026-02-11,P1122,4,11033.97,Paid,Returned,Mumbai
O109222,C12255,2026-01-09,P1236,7,19682.7,Failed,Cancelled,Bangalore
O109223,C12878,2026-08-20,P1443,4,4680.72,Failed,Cancelled,Pune
O109224,C11151,2026-08-09,P1498,6,8548.15,Refunded,Completed,Mumbai
O109225,C13331,2026-06-18,P1091,3,24473.48,Paid,Completed,Hyderabad
O109226,C13784,2026-04-22,P1426,3,14421.74,Paid,Completed,Bangalore
O109227,C13530,2026-09-15,P1060,4,12613.2,Paid,Processing,Delhi
O109228,C11566,2026-06-18,P1196,7,21314.49,Paid,Completed,Hyderabad
O109229,C13051,2026-01-24,P1399,5,19121.89,Paid,Processing,Hyderabad
O109230,C11461,2026-07-18,P1091,4,8353.23,Refunded,Cancelled,Kolkata
O109231,C13455,2026-08-30,P1385,3,15761.25,Failed,Completed,Kolkata
O109232,C11502,2026-04-16,P1233,2,4879.17,Paid,Processing,Bangalore
O109233,C10744,2026-08-01,P1457,1,1608.54,Paid,Cancelled,Pune
O109234,C11957,2026-04-15,P1018,2,24749.25,Paid,Completed,Chennai
O109235,C10540,2026-06-05,P1319,7,18509.14,Paid,Returned,Pune
O109236,C12349,2026-03-28,P1275,6,23289.9,Paid,Completed,Delhi
O109237,C12308,2026-09-15,P1313,2,20847.61,Pending,Completed,Delhi
O109238,C11964,2026-09-04,P1443,3,10873.44,Refunded,Completed,Mumbai
O109239,C12416,2026-07-24,P1229,4,21577.59,Pending,Completed,Kolkata
O109240,C13904,2026-01-13,P1314,6,19731.48,Paid,Completed,Bangalore
O109241,C11534,2026-06-11,P1117,3,6678.9,Paid,Processing, Kolkata 
O109242,C11692,2026-06-15,P1367,3,15688.31,Paid,Completed,Hyderabad
O109243,C11096,2026-01-12,P1236,7,7833.93,Paid,Completed,Pune
O109244,C10738,2026-06-04,P1178,6,6080.68,Paid,Cancelled,Pune
O109245,C11157,2026-03-12,P1290,6,2318.82,Failed,Completed,Delhi
O109246,C10851,2026-03-13,P1360,6,13716.07,Paid,Completed,Chennai
O109247,C11731,2026-03-02,P1137,5,9992.93,Paid,Cancelled,Bangalore
O109248,C10934,2026-08-22,P1111,6,2474.72,Failed,Processing,Pune
O109249,C12071,2026-01-31,P1241,7,18043.38,Paid,Completed,Pune
O109250,C11146,2026-05-15,P1291,7,18159.6,Failed,Completed,Chennai
O109251,C11700,2026-08-05,P1436,5,6112.21,Paid,Completed,Pune
O109252,C10517,2026-02-09,P1375,1,23910.91,Paid,Completed,Delhi
O109253,C10656,2026-07-25,P1247,5,19513.23,Paid,Completed,Hyderabad
O109254,C12458,2026-08-15,P1053,1,20191.01,Paid,Completed,Hyderabad
O109255,C12263,2026-01-16,P1015,2,391.42,Refunded,Cancelled,Mumbai
O109256,C10685,2026-07-28,P1049,2,24467.4,Paid,Processing,Mumbai
O109257,C11180,2026-07-20,P1281,3,24760.27,Paid,Completed,Bangalore
O109258,C10886,2026-04-16,P1286,2,12828.35,Pending,Completed,Hyderabad
O109259,C13192,2026-04-06,P1188,5,24629.91,Paid,Completed,Mumbai
O109260,C11460,2026-02-01,P1425,5,15419.88,Refunded,Completed,Hyderabad
O109261,C11625,2026-02-05,P1000,5,3609.51,Paid,Completed,Mumbai
O109262,C12661,2026-07-25,P1470,4,20411.49,Paid,Returned,Kolkata
O109263,C11303,2026-03-25,P1169,5,14084.7,Paid,Completed,Delhi
O109264,C11512,2026-01-08,P1176,6,8754.56,Paid,Completed,Chennai
O109265,C13194,2026-08-31,P1218,3,6133.68,Paid,Cancelled,Pune
O109266,C13180,2026-04-09,P1146,3,13116.76,Paid,Completed,Pune
O109267,C12420,2026-04-01,P1207,2,17386.24,Paid,Completed,Hyderabad
O109268,C12237,2026-02-11,P1255,1,21962.08,Failed,Processing,Bangalore
O109269,C10724,2026-03-23,P1312,6,15086.37,Paid,Completed,Chennai
O109270,C11894,2026-09-09,P1357,-3,10557.74,Paid,Completed,Chennai
O109271,C11098,2026-03-03,P1135,7,15913.71,Paid,Cancelled,Pune
O109272,C12921,2026-03-20,P1189,6,12574.9,Paid,Processing, Chennai 
O109273,C12513,2026-08-03,P1335,4,16404.22,Paid,Completed,Bangalore
O109274,C11511,2026-06-15,P1459,1,15341.59,Paid,Completed,Bangalore
O109275,C12142,2026-04-15,P1008,4,24473.48,Paid,Completed,Delhi
O109276,C11685,2026-04-30,P1367,6,15669.49,Paid,Completed,Hyderabad
O109277,C10586,2026-08-26,P1262,3,17368.66,Paid,Completed,Bangalore
O109278,C13125,2026-02-16,P1167,7,22341.9,Paid,Completed,Delhi
O109279,C13595,2026-08-23,P1499,3,22851.63,Paid,Completed,Kolkata
O109280,C13724,2026-01-04,P1484,4,3779.68,Paid,Cancelled,Pune
O109281,C13159,2026-08-05,P1188,2,11508.98,Paid,Processing,Kolkata
O109282,C13289,2026-06-07,P1022,5,23586.4,Paid,Completed,Delhi
O109283,C10223,2026-05-15,P1296,5,24006.3,Failed,Cancelled,Chennai
O109284,C13130,2026-03-29,P1327,1,4993.8,Paid,Completed,Mumbai
O109285,C11214,2026-07-27,P1150,7,11259.5,Pending,Completed,Delhi
O109286,C10551,2026-05-30,P1467,7,7182.66,Paid,Completed,Hyderabad
O109287,C12089,2026-03-22,P1239,3,19831.19,Pending,Completed,Mumbai
O109288,C12283,2026-01-16,P1010,5,21348.53,Pending,Completed,Hyderabad
O109289,C11940,2026-04-16,P1000,3,11890.37,Paid,Completed,Pune
O109290,C12613,2026-05-01,P1176,7,16988.8,Pending,Completed,Bangalore
O109291,C12859,2026-02-14,P1299,6,21788.17,Paid,Completed,Kolkata
O109292,C10548,2026-05-02,P1324,3,17825.12,Paid,Completed,Mumbai
O109293,C12469,2026-06-17,P1141,3,4163.73,Paid,Returned,Hyderabad
O109294,C10217,2026-06-04,P1006,5,17886.21,Paid,Completed,Pune
O109295,C11796,2026-01-10,P1122,5,4225.99,Paid,Cancelled,Hyderabad
O109296,C10400,2026-02-27,P1443,6,16447.51,Paid,Processing, 
O109297,C11799,2026-05-25,P1023,5,8538.28,Failed,Completed,Kolkata
O109298,,2026-07-03,P1230,4,1694.16,Paid,Completed,Hyderabad
O109299,C12940,2026-08-03,P1387,5,5894.1,Paid,Processing,Hyderabad
O109300,C13601,2026-08-19,P1238,3,11869.04,Paid,Cancelled,
O109301,C10678,2026-01-14,P1154,6,24852.2,Paid,Completed,Kolkata
O109302,C12948,2026-07-14,P1445,3,6616.07,Paid,Cancelled,Delhi
O109303,,2026-04-02,P1006,7,24475.93,Paid,Completed,Mumbai
O109304,C11736,2026-02-02,P1437,6,9296.21,Paid,Completed,Kolkata
O109305,C12504,2026-06-24,P1471,1,24012.27,Paid,Completed,Kolkata
O109306,C12152,2026-08-13,P1456,2,23915.75,Paid,Processing,Bangalore
O109307,C10228,2026-04-08,P1448,4,3829.57,Pending,Completed,Mumbai
O109308,C11451,2026-01-02,P1225,7,20769.36,Paid,Completed,Delhi
O109309,C11882,2026-07-08,P1103,6,13077.61,Failed,Completed,Chennai
O109310,C11566,2026-05-13,P1350,1,17249.14,Refunded,Completed,Bangalore
O109311,C12664,2026-03-25,P1102,6,19469.07,Paid,Completed,Kolkata
O109312,C13555,2026-05-20,P1342,4,3376.0,Paid,Completed,Delhi
O109313,C12672,2026-04-29,P1450,4,20034.62,Paid,Processing,Bangalore
O109314,C12361,2026-05-23,P1102,3,7779.02,Paid,Completed,Delhi
O109315,C10596,2026-05-06,P1147,3,18389.53,Paid,Completed,Chennai
O109316,C11396,2026-01-28,P1185,3,14469.37,Paid,Cancelled,Chennai
O109317,C12194,2026-03-17,P1175,3,17211.23,Paid,Completed,
O109318,C13739,2026-02-08,P1409,1,15685.1,Failed,Completed,Bangalore
O109319,C11220,2026-08-27,P1417,2,20317.39,Paid,Completed,Hyderabad
O109320,C11352,2026-02-27,P1415,2,22395.63,Paid,Cancelled,Pune
O109321,C12360,2026-08-01,P1352,6,11392.82,Paid,Completed,Delhi
O109322,C13601,2026-08-30,P1295,1,9986.62,Paid,Completed,Pune
O109323,C12174,2026-09-15,P1004,2,6282.1,Refunded,Completed,Chennai
O109324,C10698,2026-01-03,P1009,6,20401.82,Paid,Completed,Chennai
O109325,C10302,2026-07-17,P1483,5,24185.24,Paid,Cancelled,Kolkata
O109326,C13558,2026-07-12,P1221,7,5124.44,Paid,Cancelled,Pune
O109327,C12681,2026-05-19,P1072,7,11608.71,Paid,Returned,Bangalore
O109328,C10882,2026-04-24,P1173,5,19327.34,Paid,Completed,Delhi
O109329,C12900,2026-02-28,P1031,5,16010.26,Paid,Completed,Kolkata
O109330,C12880,2026-06-25,P1444,3,20431.26,Failed,Cancelled,Delhi
O109331,C13090,2026-01-27,P1084,5,698.79,Failed,Completed,Chennai
O109332,C13571,2026-02-22,P1425,6,22810.28,Paid,Completed,Delhi
O109333,C10608,2026-07-14,P1369,4,1815.39,Paid,Completed,Chennai
O109334,C13830,2026-05-10,P1281,4,11303.31,Paid,Completed,Chennai
O109335,C13997,2026-03-14,P1406,6,7111.38,Paid,Completed,Hyderabad
O109336,C10057,2026-02-17,P1392,1,23226.39,Failed,Completed,Mumbai
O109337,C10365,2026-06-18,P1452,7,7096.04,Paid,Completed,Bangalore
O109338,C11737,2026-01-01,P1054,4,9521.42,Paid,Completed,Chennai
O109339,C10137,2026-04-13,P1135,6,22242.0,Paid,Cancelled,Pune
O109340,C12941,2026-08-18,P1491,7,13573.93,Paid,Processing,Chennai
O109341,C12605,2026-01-24,P1115,6,22485.58,Refunded,Completed,Mumbai
O109342,C13105,2026-02-28,P1055,7,16625.94,Failed,Completed,Hyderabad
O109343,C13996,2026-09-01,P1438,1,2256.03,Refunded,Completed,Hyderabad
O109344,C13736,2026-01-28,P1242,2,11039.23,Paid,Completed,Bangalore
O109345,C11200,2026-03-21,P1237,4,4656.8,Paid,Completed,Delhi
O109346,C11587,2026-07-31,P1298,6,1908.79,Paid,Completed,Delhi
O109347,C13106,2026-06-02,P1330,6,9533.33,Paid,Cancelled,Kolkata
O109348,C11553,2026-01-22,P1055,4,22738.2,Pending,Processing,Pune
O109349,C12796,2026-08-17,P1163,1,3206.45,Pending,Completed,Delhi
O109350,C13677,2026-01-25,P1401,4,467.27,Paid,Processing,Chennai
O109351,C11624,2026-04-15,P1286,1,23396.7,Paid,Completed,Pune
O109352,C12243,2026-01-16,P1488,4,13393.61,Refunded,Completed,Delhi
O109353,C13368,2026-01-17,P1007,7,14096.93,Paid,Completed,Kolkata
O109354,C11912,2026-02-03,P1099,7,23232.79,Refunded,Completed,Mumbai
O109355,C11157,2026-08-21,P1498,7,17594.42,Paid,Completed,Pune
O109356,C11033,2026-03-23,P1146,6,20722.28,Paid,Completed,Hyderabad
O109357,C10287,2026-07-25,P1405,3,19331.19,Paid,Processing,Pune
O109358,C11322,2026-03-18,P1065,7,15412.88,Paid,Completed,Hyderabad
O109359,C12745,2026-03-26,P1138,2,17303.45,Paid,Completed,Chennai
O109360,C10235,2026-08-01,P1194,7,14149.36,Paid,Completed,Delhi
O109361,C11098,2026-03-31,P1288,4,9078.31,Pending,Completed,Kolkata
O109362,C10446,2026-06-01,P1457,6,7348.21,Failed,Cancelled,Chennai
O109363,C11619,2026-06-03,P1308,2,4645.83,Paid,Cancelled,Delhi
O109364,C10373,2026-06-17,P1428,4,9043.85,Paid,Cancelled,Bangalore
O109365,C12986,2026-01-16,P1194,4,14549.34,Refunded,Cancelled,
O109366,C13715,2026-01-10,P1122,7,14812.17,Paid,Completed,Pune
O109367,C10769,2026-08-23,P1294,7,17180.46,Paid,Completed,Mumbai
O109368,C11003,2026-03-17,P1248,3,22021.8,Paid,Processing,Mumbai
O109369,C10641,2026-06-23,P1420,5,16400.65,Paid,Processing,Delhi
O109370,C10750,2026-04-05,P1097,7,4520.89,Failed,Completed,Kolkata
O109371,C11247,2026-08-28,P1049,5,934.73,Paid,Completed,Chennai
O109372,C11125,2026-05-22,P1283,2,5162.76,Paid,Completed,Chennai
O109373,C11541,2026-02-15,P1269,2,22730.13,Paid,Completed,Bangalore
O109374,C12101,2026-02-08,P1307,3,14321.07,Paid,Completed,Hyderabad
O109375,C12912,2026-08-03,P1377,7,21260.59,Paid,Cancelled,Kolkata
O109376,C13540,2026-01-02,P1091,7,6087.42,Paid,Completed,Bangalore
O109377,C11838,2026-08-05,P1029,1,17834.05,Paid,Completed,Delhi
O109378,C13638,2026-02-27,P1157,2,18372.35,Paid,Cancelled,Mumbai
O109379,C12721,2026-07-17,P1120,5,20295.52,Paid,Returned,
O109380,C12917,2026-02-26,P1154,3,13527.2,Paid,Processing,Mumbai
O109381,C12090,2026-03-29,P1065,1,19899.74,Paid,Cancelled,Bangalore
O109382,C12094,2026-08-30,P1100,6,23405.48,Pending,Completed,Hyderabad
O109383,C12129,2026-07-27,P1332,3,23947.62,Paid,Processing,Bangalore
O109384,C11969,2026-07-20,P1294,5,3398.28,Paid,Completed,Mumbai
O109385,C11836,2026-03-09,P1425,6,15720.4,,Completed,Pune
O109386,C13100,2026-01-08,P1283,3,3103.1,Pending,Completed,Kolkata
O109387,C11551,2026-01-17,P1083,7,23087.86,Paid,Completed,Mumbai
O109388,C10827,2026-03-10,P1318,7,23898.23,Paid,Completed,
O109389,C10542,2026-01-09,P1358,4,12639.92,Paid,Completed,Delhi
O109390,C13521,2026-05-03,P1054,7,24009.36,Paid,Completed,Bangalore
O109391,,2026-03-03,P1241,5,19226.17,Paid,Completed,Chennai
O109392,C10975,2026-08-22,P1145,1,17489.69,Paid,Completed,Delhi
O109393,C10473,2026-01-30,P1161,7,14644.72,Pending,Completed,Pune
O109394,C13844,2026-03-31,P1184,3,10347.41,Paid,Completed,
O109395,C11929,2026-08-04,P1367,5,24105.37,Paid,Cancelled,
O109396,C10373,2026-04-10,P1172,5,5167.17,Paid,Completed,Kolkata
O109397,C10861,2026-05-16,P1080,7,20122.69,Paid,Completed,Hyderabad
O109398,C12817,2026-05-24,P1421,7,9376.09,Paid,Completed,Delhi
O109399,C10325,2026-05-18,P1406,1,18905.17,Failed,Completed,Pune
O109400,C11733,2026-04-22,P1030,5,4343.09,Paid,Completed,Pune
O109401,C11711,2026-06-16,P1392,1,9520.62,Paid,Completed,Bangalore
O109402,C12744,2026-07-15,P1290,5,23669.81,Paid,Processing,Mumbai
O109403,C10798,2026-04-05,P1408,3,14065.19,Pending,Completed,Kolkata
O109404,C13938,2026-05-10,P1166,1,12433.85,Paid,Completed,Hyderabad
O109405,C10621,2026-06-21,P1413,7,18877.04,Pending,Cancelled,Chennai
O109406,C12395,2026-09-06,P1260,1,10601.23,Paid,Processing,Bangalore
O109407,C11313,2026-01-04,P1155,5,12477.71,Paid,Completed,Kolkata
O109408,C10531,2026-02-11,P1116,6,14146.99,Paid,Completed,
O109409,C12157,2026-04-02,P1006,4,24752.68,Paid,Completed,Chennai
O109410,C10678,2026-01-06,P1361,6,20192.72,Paid,Completed,Kolkata
O109411,C12721,2026-06-01,P1245,6,1283.07,Paid,Completed,Bangalore
O109412,C10129,2026-03-15,P1375,1,19655.36,Paid,Completed,Hyderabad
O109413,C12043,2026-06-02,P1425,4,12723.5,Paid,Returned,Kolkata
O109414,C10876,2026-03-25,P1297,6,5997.44,Paid,Completed,Pune
O109415,C13803,2026-07-11,P1312,2,21381.51,Refunded,Completed,Pune
O109416,C12844,2026-04-21,P1229,3,6982.14,Paid,Completed,Bangalore
O109417,C13023,2026-07-28,P1338,4,8214.16,Paid,Completed,Bangalore
O109418,C12823,2026-01-10,P1447,6,1855.94,Paid,Completed,Hyderabad
O109419,C12665,2026-02-16,P1123,6,24446.84,Pending,Completed,Kolkata
O109420,C10552,2026-03-21,P1216,3,19945.94,Refunded,Completed,Delhi
O109421,C13992,2026-04-25,P1318,1,3958.11,Paid,Completed,Bangalore
O109422,C12631,2026-08-23,P1017,6,12391.88,Paid,Returned,Chennai
O109423,,2026-07-06,P1116,7,8617.66,Paid,Completed,Bangalore
O109424,C12016,2026-05-08,P1238,3,1100.13,Pending,Completed,Kolkata
O109425,C11144,2026-01-05,P1089,4,23202.36,Paid,Completed,Hyderabad
O109426,C11750,2026-04-04,P1428,6,21033.43,Paid,Completed,Hyderabad
O109427,C11597,2026-05-17,P1275,7,24677.11,Paid,Processing,Kolkata
O109428,C10063,2026-08-20,P1001,6,6290.12,Paid,Completed,Chennai
O109429,C12701,2026-07-27,P1319,1,17575.6,Paid,Cancelled,Hyderabad
O109430,C12952,2026-01-31,P1285,6,3218.78,Paid,Completed,
O109431,C10163,2026-05-08,P1149,4,10955.41,Paid,Completed,Pune
O109432,C10984,2026-07-12,P1251,1,21214.47,Paid,Completed,Delhi
O109433,C12659,2026-08-18,P1105,4,499.03,Pending,Completed,Mumbai
O109434,C11288,2026-01-01,P1374,7,12173.3,Paid,Cancelled,Pune
O109435,C13738,2026-03-09,P1289,7,11037.01,Paid,Completed,Hyderabad
O109436,C10450,2026-05-31,P1124,1,17367.66,Paid,Cancelled,Pune
O109437,C13715,2026-05-05,P1162,6,6176.78,Pending,Completed, 
O109438,C13658,2026-07-12,P1381,4,4580.1,Pending,Completed,Bangalore
O109439,C13826,2026-06-12,P1196,2,16372.28,Paid,Completed,Kolkata
O109440,C10309,2026-03-10,P1312,4,16139.03,Paid,Completed,Kolkata
O109441,C11090,2026-06-07,P1014,4,18869.06,Paid,Completed,Bangalore
O109442,C11006,2026-01-22,P1294,2,6398.76,Paid,Completed,Hyderabad
O109443,C13544,2026-06-30,P1462,7,703.25,Paid,Processing, Kolkata 
O109444,C13231,2026-07-01,P1027,3,21985.56,Paid,Completed,chennai
O109445,C10636,2026-04-24,P1011,1,5396.56,Paid,Completed,Kolkata
O109446,C10566,2026-08-06,P1194,6,10623.82,Paid,Processing,Kolkata
O109447,C11898,2026-05-11,P1265,7,11871.96,Paid,Completed,Pune
O109448,C10693,2026-09-14,P1355,7,4927.17,Paid,Completed,Chennai
O109449,C11905,2026-02-10,P1262,4,13164.49,Paid,Completed,Mumbai
O109450,C13381,2026-08-14,P1170,3,22882.98,Paid,Completed,Chennai
O109451,C12001,2026-07-08,P1336,5,7002.44,Paid,Completed,Bangalore
O109452,C12900,2026-05-23,P1275,3,13152.39,Pending,Completed,Chennai
O109453,C11001,2026-01-09,P1302,5,7924.8,Paid,Completed,Kolkata
O109454,C11064,2026-05-05,P1240,1,24523.92,Paid,Completed,Delhi
O109455,C12377,2026-07-24,P1493,5,5748.78,Paid,Cancelled,Hyderabad
O109456,C13412,2026-05-20,P1244,2,3000.46,Paid,Completed,Delhi
O109457,C12126,2026-03-17,P1027,2,3822.68,Paid,Completed,Chennai
O109458,C10793,2026-03-02,P1203,3,9366.12,Paid,Completed,Kolkata
O109459,C10872,2026-06-30,P1273,2,13955.43,Paid,Completed,Bangalore
O109460,C12470,2026-08-20,P1312,2,16799.87,Paid,Cancelled,Pune
O109461,C10413,2026-09-13,P1364,3,14191.6,Paid,Processing,
O109462,C10262,2026-05-08,P1434,4,22666.75,Refunded,Cancelled,Chennai
O109463,C10411,2026-07-09,P1036,1,9199.19,Paid,Completed,Mumbai
O109464,C11570,2026-05-22,P1459,5,17894.64,Paid,Completed,Mumbai
O109465,C11418,2026-07-24,P1391,3,6924.07,Paid,Completed,Bangalore
O109466,C10008,2026-07-30,P1253,7,17139.47,Failed,Completed,Delhi
O109467,C10647,2026-03-19,P1359,2,23167.62,Failed,Returned,Pune
O109468,C11391,2026-04-12,P1104,5,24466.57,Paid,Completed,Kolkata
O109469,C11721,2026-03-07,P1242,4,18323.44,Failed,Completed,Delhi
O109470,C11610,2026-04-29,P1466,6,23578.43,Paid,Completed,Mumbai
O109471,C11279,2026-08-08,P1099,1,17106.73,Paid,Completed,Chennai
O109472,C13250,2026-01-20,P1453,1,24090.95,Paid,Completed,Bangalore
O109473,C11665,2026-07-15,P1246,2,22481.11,Paid,Completed,Delhi
O109474,C12579,2026-07-26,P1475,4,2933.51,Paid,Processing,Pune
O109475,C13332,2026-08-26,P1043,1,12010.84,Pending,Cancelled,Hyderabad
O109476,C13417,2026-07-28,P1064,5,8882.01,Paid,Processing,Delhi
O109477,C13430,2026-05-26,P1177,5,966.88,Failed,Processing,Delhi
O109478,C11980,2026-02-07,P1146,6,11832.53,Paid,Processing,Delhi
O109479,C12647,2026-03-08,P1048,2,3964.27,Paid,Processing,Mumbai
O109480,C11259,2026-07-10,P1066,4,1200.39,Paid,Processing,Kolkata
O109481,C13450,2026-06-08,P1483,7,11291.95,Paid,Completed,Bangalore
O109482,C10853,2026-09-06,P1346,5,6039.92,Paid,Completed,Hyderabad
O109483,C13153,2026-03-31,P1045,1,23401.71,Paid,Completed,Kolkata
O109484,C11880,2026-03-11,P1069,5,20373.62,Paid,Completed,Mumbai
O109485,C11196,2026-01-26,P1413,6,23917.43,Paid,Completed,Mumbai
O109486,C11519,2026-05-12,P1420,1,22072.18,Refunded,Completed,CHENNAI
O109487,C12354,2026-04-06,P1346,4,18280.52,Paid,Completed,
O109488,C13722,2026-07-18,P1453,2,15061.77,Paid,Completed,Mumbai
O109489,C10390,2026-04-05,P1108,6,1916.73,Paid,Completed,Mumbai
O109490,C13680,2026-03-26,P1360,6,6865.44,Refunded,Completed,BANGALORE
O109491,C13265,2026-07-30,P1208,2,17855.3,Pending,Processing,Kolkata
O109492,C12351,2026-03-07,P1302,7,10209.16,Paid,Returned,Mumbai
O109493,C10521,2026-01-06,P1477,2,8336.5,Paid,Completed,Chennai
O109494,C13252,2026-07-16,P1206,3,2868.01,Paid,Completed,Chennai
O109495,C12764,2026-08-02,P1380,2,2033.55,Paid,Completed,Delhi
O109496,C11990,2026-07-23,P1082,2,5486.7,Paid,Completed,Mumbai
O109497,C13546,2026-02-07,P1285,-1,20914.02,Paid,Cancelled,Mumbai
O109498,C12659,2026-08-21,P1359,6,16676.49,Paid,Completed,Hyderabad
O109499,C11155,2026-07-28,P1456,4,8721.38,Refunded,Returned,Mumbai
O109500,C10174,2026-04-01,P1122,4,1807.4,Pending,Completed,Kolkata
O109501,C13039,2026-04-07,P1417,5,4952.8,Paid,Completed,Pune
O109502,C11022,2026-06-26,P1237,2,11412.16,Pending,Cancelled,Hyderabad
O109503,C11122,2026-07-13,P1345,4,4084.48,Refunded,Completed,Pune
O109504,C11800,2026-03-21,P1365,7,19136.23,Pending,Completed,Kolkata
O109505,C13002,2026-05-07,P1356,7,19779.29,Paid,Processing,Hyderabad
O109506,C13700,2026-04-21,P1060,7,3680.72,Paid,Completed,Hyderabad
O109507,C10865,2026-06-14,P1383,4,18253.72,Paid,Processing,Hyderabad
O109508,C13530,2026-09-02,P1162,6,12952.31,Pending,Completed,Bangalore
O109509,C12419,2026-07-24,P1233,4,24070.82,Paid,Cancelled, Pune 
O109510,C13425,2026-08-26,P1065,4,19752.92,Paid,Processing,Hyderabad
O109511,C13395,2026-09-11,P1012,1,14756.87,Paid,Returned,Pune
O109512,C11570,2026-08-19,P1059,2,15209.36,Failed,Completed,Bangalore
O109513,C12714,2026-04-06,P1106,4,4719.13,Paid,Completed,Pune
O109514,C13789,2026-07-10,P1362,1,22372.6,Refunded,Processing,Chennai
O109515,C12691,2026-08-11,P1264,3,14113.42,Paid,Completed,Delhi
O109516,C11834,2026-01-07,P1404,5,14480.2,Paid,Completed,Mumbai
O109517,C11489,2026-06-04,P1424,7,14512.83,Paid,Completed,Pune
O109518,C10573,2026-03-04,P1107,1,7123.02,Paid,Cancelled,Hyderabad
O109519,C13998,2026-05-07,P1320,5,20358.64,Paid,Completed,DELHI
O109520,C12633,2026-05-11,P1467,5,21599.79,Paid,Returned,Kolkata
O109521,C11107,2026-03-30,P1176,3,7410.76,Failed,Completed,
O109522,C10298,2026-01-26,P1324,3,11211.72,Paid,Completed,Chennai
O109523,C13018,2026-05-09,P1267,3,4725.03,Paid,Completed,Delhi
O109524,C13423,2026-05-07,P1234,7,6192.0,Paid,Processing,Chennai
O109525,C11712,2026-02-18,P1404,1,8598.78,Refunded,Returned,Bangalore
O109526,C13827,2026-06-17,P1316,3,22579.14,Paid,Completed,Chennai
O109527,C11314,2026-04-13,P1111,6,15766.14,Paid,Completed,Hyderabad
O109528,C13026,2026-04-08,P1294,4,14822.34,Paid,Completed,Kolkata
O109529,C11052,2026-02-13,P1214,1,23684.91,Failed,Completed,Hyderabad
O109530,C11344,2026-03-21,P1455,2,19845.62,Paid,Completed,
O109531,,2026-03-06,P1277,3,696.45,Paid,Completed,Mumbai
O109532,C10146,2026-07-26,P1089,1,3371.06,Paid,Cancelled,Kolkata
O109533,C10843,2026-01-06,P1338,3,6419.52,Paid,Completed,Hyderabad
O109534,C10705,2026-01-16,P1312,5,7806.84,Pending,Completed,Pune
O109535,C11313,2026-01-03,P1206,4,20901.34,Paid,Completed,Hyderabad
O109536,C13112,2026-02-04,P1164,5,19316.74,Paid,Completed,Chennai
O109537,C13633,2026-05-29,P1040,7,3892.55,Paid,Completed,Hyderabad
O109538,C10050,2026-06-02,P1212,3,13488.14,Refunded,Completed,Bangalore
O109539,C11029,2026-01-26,P1114,1,2995.17,Paid,Completed,Pune
O109540,C10101,2026-08-27,P1460,6,4570.24,Refunded,Completed, Mumbai 
O109541,C13447,2026-07-24,P1134,4,6282.04,Paid,Processing,Kolkata
O109542,C10795,2026-03-17,P1344,5,22660.79,Paid,Processing,Chennai
O109543,C13085,2026-02-04,P1032,7,9333.33,Pending,Completed,Mumbai
O109544,C10133,2026-06-06,P1002,4,22920.69,Paid,Completed,Mumbai
O109545,C11594,2026-04-27,P1038,4,18843.3,Paid,Completed,
O109546,C11435,2026-01-18,P1351,3,18810.33,Paid,Completed,MUMBAI
O109547,C11318,2026-05-26,P1232,4,20146.24,Paid,Cancelled,
O109548,C12282,2026-02-06,P1419,2,2670.35,Paid,Completed,Hyderabad
O109549,C11566,2026-04-22,P1167,2,20421.04,Paid,Completed,
O109550,C11614,2026-06-03,P1499,5,6538.81,Paid,Completed,Pune
O109551,C10757,2026-03-02,P1497,5,24603.11,Paid,Completed,Pune
O109552,C11659,2026-01-09,P1278,6,21250.62,Paid,Processing,Hyderabad
O109553,C12966,2026-04-15,P1449,1,24917.14,Paid,Completed,Kolkata
O109554,C11293,2026-09-11,P1223,3,23446.77,Paid,Cancelled,Mumbai
O109555,C13431,2026-06-14,P1301,5,9185.31,Paid,Completed,Delhi
O109556,C10665,2026-03-19,P1005,1,23559.74,Paid,Processing,Pune
O109557,C13389,2026-08-29,P1326,6,8456.68,Pending,Completed,Delhi
O109558,C12465,2026-03-09,P1311,7,16584.04,Paid,Processing,Hyderabad
O109559,C11696,2026-01-17,P1276,5,20520.66,Paid,Completed,Chennai
O109560,C10141,2026-08-11,P1096,1,9734.65,Paid,Completed,Pune
O109561,C10506,2026-06-17,P1079,7,5335.52,Paid,Processing,Chennai
O109562,C11658,2026-07-16,P1450,3,22403.71,Paid,Completed,Bangalore
O109563,C13514,2026-06-02,P1281,3,2851.06,Failed,Completed,Delhi
O109564,C13830,2026-03-23,P1254,5,9314.89,Paid,Completed,Bangalore
O109565,C13721,2026-03-11,P1152,2,13652.14,Paid,Completed,Chennai
O109566,C11097,2026-06-01,P1334,4,20177.32,Paid,Completed,Pune
O109567,C11026,2026-01-06,P1213,5,21760.47,Paid,Completed,Kolkata
O109568,C12960,2026-06-18,P1106,1,12937.34,Paid,Completed,Pune
O109569,C13765,2026-03-19,P1100,7,14462.9,Pending,Completed,Hyderabad
O109570,C10533,2026-01-29,P1112,3,21389.49,Pending,Completed,Bangalore
O109571,C11511,2026-04-04,P1367,5,11835.2,Pending,Processing,Mumbai
O109572,C13348,2026-04-30,P1191,3,14109.84,Pending,Completed,Delhi
O109573,C11969,2026-06-22,P1467,5,755.44,Paid,Completed,Hyderabad
O109574,C13372,2026-04-29,P1180,3,23792.63,Paid,Completed,Chennai
O109575,C10467,2026-01-16,P1049,2,14299.42,Paid,Completed,Hyderabad
O109576,C13110,2026-09-06,P1028,1,18271.09,Paid,Cancelled,Mumbai
O109577,C11559,2026-08-07,P1356,5,6423.45,Pending,Completed,delhi
O109578,C12774,2026-08-08,P1402,3,16517.73,Paid,Processing,Hyderabad
O109579,C11173,2026-02-22,P1103,5,11662.63,Paid,Processing,Pune
O109580,C12769,2026-05-14,P1094,1,3078.01,Paid,Processing,Delhi
O109581,C12810,2026-07-25,P1057,5,20805.11,Refunded,Processing, 
O109582,C11678,2026-03-06,P1141,7,21031.67,Paid,Completed,Mumbai
O109583,C13879,2026-01-18,P1490,4,1873.72,Paid,Cancelled,Chennai
O109584,C10001,2026-07-09,P1124,3,9947.95,Paid,Processing,Pune
O109585,C12698,2026-07-25,P1398,1,7251.63,Paid,Completed,Delhi
O109586,C13637,2026-03-09,P1062,6,13054.32,Refunded,Completed,Delhi
O109587,C13432,2026-01-03,P1256,2,12373.26,Paid,Completed,Hyderabad
O109588,C12260,2026-02-13,P1371,4,16513.76,Paid,Completed,Bangalore
O109589,C13585,2026-08-31,P1203,5,6412.95,Paid,Completed,Hyderabad
O109590,C10432,2026-07-06,P1319,6,5775.98,Paid,Cancelled,Mumbai
O109591,C12175,2026-05-06,P1138,5,18166.17,Paid,Cancelled,Mumbai
O109592,C13928,2026-01-02,P1174,4,24412.27,Paid,Completed,Kolkata
O109593,C13969,2026-08-18,P1264,7,23674.71,Paid,Completed,
O109594,C12718,2026-07-29,P1491,-1,19862.06,Paid,Completed,Chennai
O109595,C10671,2026-07-29,P1096,2,1966.46,Paid,Completed,Kolkata
O109596,C10452,2026-02-21,P1181,5,6173.02,Paid,Processing,Mumbai
O109597,C13692,2026-08-09,P1117,5,17333.8,Paid,Processing,Hyderabad
O109598,C13525,2026-06-20,P1410,7,7605.58,Paid,Completed,Delhi
O109599,C11262,2026-09-03,P1225,2,10022.5,Paid,Cancelled, Bangalore 
O109600,C13729,2026-03-20,P1496,2,23855.98,Paid,Completed,Chennai
O109601,C10522,2026-05-29,P1128,2,2431.79,Paid,Completed,Pune
O109602,C11178,2026-01-04,P1009,6,21572.76,Paid,Completed,
O109603,C12578,2026-06-08,P1140,5,1542.36,Paid,Completed, Delhi 
O109604,C10683,2026-05-07,P1156,3,8647.18,Paid,Completed,Kolkata
O109605,C13959,2026-06-07,P1110,4,14018.41,Paid,Completed,Chennai
O109606,C10890,2026-09-09,P1260,2,9102.69,Paid,Completed,Hyderabad
O109607,C10982,2026-05-12,P1458,7,23941.78,Paid,Completed,MUMBAI
O109608,C11899,2026-03-03,P1052,5,12758.06,Paid,Processing, 
O109609,C13116,2026-03-25,P1090,1,18425.82,Paid,Completed,Pune
O109610,C10482,2026-06-12,P1249,5,17641.01,Paid,Cancelled, Hyderabad 
O109611,C12671,2026-04-26,P1166,3,20926.78,Paid,Processing,bangalore
O109612,C10397,2026-02-07,P1248,3,21638.68,Pending,Cancelled,
O109613,C10379,2026-04-10,P1227,6,11818.03,Paid,Completed,Kolkata
O109614,C10165,2026-09-04,P1435,7,21616.17,Paid,Completed,Hyderabad
O109615,C12180,2026-06-11,P1218,7,16440.21,Pending,Completed,Hyderabad
O109616,C11745,2026-07-27,P1234,2,17245.71,Paid,Cancelled,Delhi
O109617,C11230,2026-02-19,P1102,4,4578.94,Paid,Processing,DELHI
O109618,C12110,2026-01-07,P1045,5,6353.96,Failed,Completed,Chennai
O109619,C12009,2026-01-27,P1088,4,17285.32,Paid,Completed,Bangalore
O109620,C11897,2026-09-12,P1294,1,6861.15,Paid,Completed,Hyderabad
O109621,C10690,2026-09-08,P1343,4,12403.99,Refunded,Processing,Kolkata
O109622,C13590,2026-09-11,P1041,7,12402.14,Paid,Completed,Mumbai
O109623,C12482,2026-04-11,P1175,4,6080.71,Refunded,Completed, 
O109624,C10509,2026-03-28,P1030,2,14292.4,Paid,Completed,Bangalore
O109625,C11022,2026-02-07,P1070,7,14224.78,Refunded,Completed,Chennai
O109626,C13060,2026-09-12,P1472,7,3486.69,Paid,Completed,Bangalore
O109627,C13108,2026-06-29,P1469,1,9713.54,Paid,Processing,Mumbai
O109628,C12905,2026-02-01,P1074,6,9335.91,Failed,Completed,Hyderabad
O109629,C13164,2026-04-26,P1280,3,14183.59,Paid,Processing,Hyderabad
O109630,C12394,2026-08-03,P1466,4,18808.48,Paid,Processing,Chennai
O109631,C11156,2026-02-14,P1387,7,750.36,Paid,Returned,Hyderabad
O109632,C11431,2026-04-02,P1216,7,3574.26,Refunded,Completed,Bangalore
O109633,C12040,2026-01-24,P1481,1,7759.27,Paid,Cancelled,Pune
O109634,C10984,2026-03-17,P1027,1,20317.21,Paid,Processing,Chennai
O109635,C13415,2026-06-20,P1463,3,12168.79,Pending,Cancelled,Kolkata
O109636,C12990,2026-02-06,P1001,2,12918.9,Paid,Completed,delhi
O109637,C13923,2026-04-12,P1025,1,10407.45,Paid,Completed,Pune
O109638,C11662,2026-09-05,P1327,3,10554.07,Paid,Completed,Hyderabad
O109639,C13485,2026-04-10,P1170,5,24445.66,Paid,Completed,Kolkata
O109640,C13118,2026-04-18,P1473,1,22496.43,Paid,Cancelled,Mumbai
O109641,C13330,2026-08-24,P1421,7,18228.92,Refunded,Completed,Pune
O109642,C12754,2026-01-21,P1020,5,8304.86,Paid,Completed,Mumbai
O109643,C11397,2026-04-08,P1305,5,12988.07,Refunded,Completed,Mumbai
O109644,C10976,2026-06-02,P1272,7,17328.5,Paid,Completed,Pune
O109645,C11090,2026-04-05,P1285,1,10046.01,Paid,Completed,Pune
O109646,C12269,2026-05-31,P1242,3,13254.48,Paid,Completed,
O109647,C13521,2026-06-08,P1298,7,3899.06,Failed,Completed,Hyderabad
O109648,C11797,2026-05-21,P1037,7,2611.34,Paid,Processing,Mumbai
O109649,C12397,2026-08-18,P1124,5,4432.55,Paid,Completed,Pune
O109650,C12937,2026-05-27,P1314,2,18964.73,Paid,Completed,Bangalore
O109651,C13423,2026-01-01,P1058,4,4992.06,Refunded,Completed,Pune
O109652,C12596,2026-05-19,P1043,6,23140.63,Paid,Completed,Delhi
O109653,C12519,2026-09-10,P1331,5,9403.16,Paid,Completed,Kolkata
O109654,C13953,2026-08-09,P1030,5,4475.11,Paid,Completed,Kolkata
O109655,C13452,2026-01-14,P1235,4,20683.53,Paid,Completed,Pune
O109656,C12936,2026-08-16,P1164,3,11579.18,Paid,Completed,Pune
O109657,C13330,2026-08-01,P1357,2,9894.96,Pending,Completed,Delhi
O109658,C77777,2026-03-07,P1302,2,8437.49,Paid,Completed,Mumbai
O109659,C12024,2026-04-26,P1250,5,8463.66,Paid,Completed, 
O109660,C12824,2026-06-11,P1198,7,16686.99,Failed,Completed,Kolkata
O109661,C13256,2026-02-03,P1454,1,13654.01,Paid,Cancelled,Bangalore
O109662,C11778,2026-01-03,P1418,1,11850.75,Paid,Processing,Kolkata
O109663,C13822,2026-08-29,P1218,6,11341.92,Paid,Completed,Pune
O109664,C11530,2026-07-31,P1153,5,3807.43,Refunded,Completed,Mumbai
O109665,C10973,2026-06-14,P1183,6,20748.57,Failed,Completed,Mumbai
O109666,C12710,2026-02-09,P1487,1,23193.14,Paid,Completed,Hyderabad
O109667,C10323,2026-02-06,P1382,2,20114.5,Paid,Completed,Mumbai
O109668,C10506,2026-08-30,P1298,2,11446.3,Paid,Completed,Hyderabad
O109669,C13885,2026-01-18,P1402,4,24313.18,Paid,Completed,Pune
O109670,C11127,2026-07-02,P1149,2,15580.52,Paid,Processing,Mumbai
O109671,C10132,2026-02-15,P1440,6,19419.85,Paid,Completed,Pune
O109672,C11900,2026-09-05,P1064,3,18608.22,Pending,Completed,Pune
O109673,,2026-05-03,P1378,2,17782.99,Paid,Completed,Pune
O109674,C11334,2026-03-27,P1161,7,16157.06,Paid,Processing,Bangalore
O109675,C11678,2026-06-27,P1049,7,5526.82,Paid,Completed,Hyderabad
O109676,C10627,2026-02-10,P1159,5,7573.01,Paid,Completed,Pune
O109677,C11385,2026-05-18,P1308,6,22201.92,Paid,Completed,Hyderabad
O109678,C13864,2026-06-30,P1476,1,4745.0,Paid,Completed,Pune
O109679,C13511,2026-07-16,P1469,1,4053.45,Paid,Completed,Bangalore
O109680,C12961,2026-04-09,P1050,2,7318.77,Paid,Cancelled,Delhi
O109681,C13147,2026-05-11,P1275,2,9253.58,Paid,Processing,Kolkata
O109682,C12679,2026-01-19,P1441,1,13962.3,Paid,Returned,Mumbai
O109683,C10472,2026-02-07,P1347,1,15256.79,Paid,Cancelled,Kolkata
O109684,C10470,2026-07-01,P1044,2,19829.61,Paid,Completed,Mumbai
O109685,C12150,2026-01-01,P1433,3,2113.15,Pending,Completed,Chennai
O109686,C12383,2026-06-26,P1379,3,5443.38,Pending,Completed,Hyderabad
O109687,C13890,2026-06-27,P1114,1,12777.5,Paid,Processing,Chennai
O109688,C11806,2026-02-10,P1347,4,6495.07,Failed,Completed,Pune
O109689,C13672,2026-02-18,P1135,3,21875.08,Paid,Completed,Delhi
O109690,C13964,2026-06-14,P1366,5,16112.15,Failed,Returned,Hyderabad
O109691,C13380,2026-08-20,P1020,6,12408.78,Paid,Processing,Bangalore
O109692,C11597,2026-05-14,P1017,1,310.96,Paid,Cancelled,Hyderabad
O109693,C13016,2026-05-19,P1361,7,21508.61,Failed,Completed,mumbai
O109694,C12183,2026-07-20,P1270,3,11683.25,Paid,Completed,Bangalore
O109695,C10795,2026-07-07,P1393,7,13425.81,Paid,Returned,Mumbai
O109696,C10519,2026-05-08,P1218,2,17547.31,Paid,Completed,
O109697,C10280,2026-03-01,P1318,4,23455.15,Refunded,Completed,Pune
O109698,C11306,2026-07-23,P1465,6,4207.79,Refunded,Completed,Kolkata
O109699,C12757,2026-01-25,P1403,6,2058.25,Paid,Completed,Mumbai
O109700,C13658,2026-09-09,P1120,7,3311.15,Paid,Completed,Delhi
O109701,C11282,2026-08-31,P1061,2,18595.89,Paid,Completed,Mumbai
O109702,C12125,2026-01-02,P1485,6,3493.16,Paid,Completed,Delhi
O109703,C11876,2026-01-26,P1096,2,12674.23,Paid,Completed,Pune
O109704,C10435,2026-05-26,P1493,4,17750.42,Paid,Completed,Hyderabad
O109705,C13043,2026-01-06,P1250,1,17905.22,Paid,Completed,Hyderabad
O109706,C12079,2026-05-06,P1435,7,10336.91,Paid,Completed,Chennai
O109707,C13672,2026-01-07,P1413,7,17555.78,Paid,Processing, Mumbai 
O109708,C13344,2026-06-09,P1386,7,23765.27,Paid,Completed,Kolkata
O109709,C11113,2026-06-13,P1128,6,991.08,Paid,Returned,Kolkata
O109710,C11251,2026-06-09,P1245,2,16883.09,Failed,Completed,Delhi
O109711,C12149,2026-03-02,P1009,6,13208.67,Paid,Completed,Chennai
O109712,C10500,2026-05-22,P1304,1,5550.94,Paid,Completed,Chennai
O109713,C11005,2026-01-10,P1064,1,7900.49,Paid,Completed,Pune
O109714,C13287,2026-05-08,P1495,1,20977.62,Paid,Completed,Chennai
O109715,C10612,2026-03-18,P1246,6,14796.38,Paid,Completed,Mumbai
O109716,C12186,2026-04-02,P1416,2,658.9,Paid,Cancelled,Chennai
O109717,C11577,2026-02-11,P1378,7,24144.42,Paid,Cancelled,Delhi
O109718,C10804,2026-01-13,P1348,1,16754.75,Pending,Completed,Hyderabad
O109719,C13882,2026-04-18,P1418,2,11233.28,Paid,Processing,Mumbai
O109720,C13303,2026-07-15,P1164,1,17894.64,Paid,Processing,Mumbai
O109721,C11067,2026-07-21,P1178,5,5352.86,Paid,Completed,Mumbai
O109722,C13143,2026-03-24,P1478,2,6733.54,Paid,Completed,Delhi
O109723,C10025,2026-01-21,P1053,5,4057.52,Paid,Completed,Mumbai
O109724,C11111,2026-05-03,P1318,1,10107.7,Pending,Cancelled,Chennai
O109725,C10432,2026-07-10,P1045,2,22646.1,Failed,Completed,Bangalore
O109726,C11697,2026-07-24,P1429,6,9898.18,Paid,Cancelled,Delhi
O109727,C12553,2026-05-23,P1376,4,7415.72,Paid,Cancelled,Pune
O109728,C10685,2026-01-11,P1177,5,17678.03,Failed,Completed,Chennai
O109729,C10957,2026-08-16,P1006,7,21779.26,Paid,Completed,Kolkata
O109730,C11572,2026-01-07,P1083,3,6332.53,Paid,Completed,Pune
O109731,C12525,2026-03-19,P1127,3,20255.67,Paid,Completed,Kolkata
O109732,C11243,2026-07-20,P1444,4,7828.68,Paid,Cancelled,Bangalore
O109733,C12407,2026-06-14,P1490,4,6408.71,Paid,Completed,Kolkata
O109734,C11398,2026-03-22,P1213,6,11982.03,Pending,Completed,Mumbai
O109735,C11032,2026-06-23,P1233,3,1948.25,Refunded,Completed,Hyderabad
O109736,C13422,2026-02-16,P1011,2,21597.24,Paid,Processing,Kolkata
O109737,C11533,2026-07-15,P1073,1,21896.22,Paid,Cancelled,Chennai
O109738,C13676,2026-05-25,P1037,2,17031.21,Paid,Processing,Delhi
O109739,C11223,2026-08-12,P1350,7,7781.27,Paid,Completed,Pune
O109740,C12173,2026-04-16,P1487,7,4417.71,Paid,Cancelled,Kolkata
O109741,C10214,2026-04-15,P1422,3,17560.48,Pending,Completed,Pune
O109742,C12723,2026-05-02,P1492,7,2846.29,Paid,Completed,Bangalore
O109743,C13184,2026-06-25,P1148,7,10454.38,Paid,Completed,Mumbai
O109744,C13888,2026-08-02,P1406,5,2493.58,Paid,Completed,Chennai
O109745,C13349,2026-03-09,P1478,5,10833.48,Pending,Completed,Kolkata
O109746,C11251,2026-04-13,P1427,1,3622.01,Paid,Completed,Mumbai
O109747,C12228,2026-01-29,P1171,1,1094.95,Refunded,Completed,Chennai
O109748,C12369,2026-04-08,P1477,6,11408.44,Paid,Completed,Chennai
O109749,C10227,2026-08-28,P1213,3,14322.04,Paid,Completed,Chennai
O109750,C10290,2026-06-03,P1236,3,11151.73,Paid,Completed,Bangalore
O109751,C11304,2026-05-15,P1020,1,4650.85,Paid,Processing,Kolkata
O109752,C12980,2026-01-11,P1360,5,2212.55,Paid,Completed,
O109753,C11143,2026-09-15,P1467,4,3421.26,Paid,Completed,Mumbai
O109754,C13499,2026-01-28,P1347,4,18259.71,Pending,Completed,Pune
O109755,C12582,2026-08-10,P1230,4,692.14,Paid,Processing,Chennai
O109756,C11874,2026-09-07,P1444,5,21623.91,Paid,Completed,Hyderabad
O109757,C12163,2026-01-22,P1207,2,21050.2,Paid,Completed,Hyderabad
O109758,C11326,2026-09-05,P1374,2,22047.58,Paid,Completed, 
O109759,C13898,2026-01-22,P1210,5,22005.01,Paid,Processing,Mumbai
O109760,C10704,2026-03-28,P1151,7,16787.63,Paid,Completed,Kolkata
O109761,C13444,2026-01-22,P1248,2,21231.54,Paid,Completed,Bangalore
O109762,C12714,2026-03-02,P1106,4,18339.16,Paid,Completed,Chennai
O109763,C12848,2026-02-17,P1158,5,7712.99,Paid,Completed,Pune
O109764,C13345,2026-05-25,P1004,1,18951.64,Paid,Completed,Bangalore
O109765,C10545,2026-04-24,P1464,5,15504.74,Paid,Cancelled,Mumbai
O109766,C12782,2026-02-10,P1192,3,979.0,Paid,Completed,Hyderabad
O109767,C13107,2026-02-17,P1164,4,19723.08,Paid,Completed,BANGALORE
O109768,C13941,2026-04-13,P1093,6,21809.63,Paid,Processing,Delhi
O109769,C12992,2026-03-16,P1287,4,13081.57,Paid,Cancelled,Mumbai
O109770,C13810,2026-07-19,P1479,3,12329.56,Refunded,Returned,Kolkata
O109771,C13401,2026-07-13,P1193,4,10853.58,Paid,Completed,Pune
O109772,C13505,2026-02-21,P1289,6,18055.22,Paid,Completed,Pune
O109773,C13670,2026-02-19,P1235,3,5621.71,Paid,Returned,Bangalore
O109774,C12126,2026-06-21,P1028,6,19416.18,Paid,Completed,Pune
O109775,C12846,2026-05-22,P1117,3,7520.88,Paid,Completed,Pune
O109776,C10496,2026-06-23,P1132,4,6758.98,Pending,Cancelled,Chennai
O109777,C11426,2026-01-25,P1157,5,20286.73,Paid,Completed,Kolkata
O109778,,2026-06-25,P1106,3,4607.08,Paid,Completed,Hyderabad
O109779,C13913,2026-03-25,P1172,1,21604.22,Paid,Completed,Hyderabad
O109780,C10447,2026-07-24,P1145,3,24453.28,Failed,Completed,Pune
O109781,C12346,2026-05-04,P1333,1,8200.88,Paid,Completed,Kolkata
O109782,C12940,2026-04-06,P1420,5,23218.48,Paid,Cancelled,Bangalore
O109783,C12065,2026-03-03,P1266,3,14290.44,Failed,Completed,Hyderabad
O109784,C10932,2026-02-27,P1259,7,6705.67,Paid,Completed,Bangalore
O109785,C10167,2026-07-26,P1469,3,11480.05,Paid,Completed,Bangalore
O109786,C13809,2026-01-17,P1368,3,20061.35,Paid,Completed,Hyderabad
O109787,C10948,2026-06-01,P1045,7,16765.94,Paid,Completed,Bangalore
O109788,C11197,2026-08-21,P1379,1,12521.13,Paid,Completed,Delhi
O109789,C12573,2026-03-23,P1386,5,6655.72,Paid,Completed,Pune
O109790,C11715,2026-03-17,P1308,4,18227.12,Paid,Cancelled,Hyderabad
O109791,C11695,2026-01-10,P1151,6,8038.95,Paid,Completed,Kolkata
O109792,C10330,2026-06-10,P1353,6,8474.44,Paid,Completed,Delhi
O109793,C13970,2026-04-26,P1135,2,18747.99,Paid,Completed,Kolkata
O109794,C11138,2026-08-29,P1215,7,14093.3,Pending,Completed,Pune
O109795,C10440,2026-01-04,P1463,3,4890.09,Paid,Cancelled,Hyderabad
O109796,C12728,2026-09-01,P1133,3,17271.66,Failed,Completed,Mumbai
O109797,C13011,2026-09-02,P1340,3,6673.9,Paid,Completed,Bangalore
O109798,C10101,2026-05-20,P1223,4,19084.14,Paid,Completed,Chennai
O109799,C11077,2026-07-06,P1230,5,12124.31,Paid,Completed,Delhi
O109800,C10778,2026-05-23,P1341,1,14996.14,Paid,Completed,Bangalore
O109801,C13157,2026-06-01,P1494,4,15144.12,Paid,Completed,DELHI
O109802,C10735,2026-09-03,P1200,5,3926.22,Paid,Completed, 
O109803,C10941,2026-01-30,P1017,2,16366.74,Paid,Returned,Mumbai
O109804,C13950,2026-03-12,P1203,6,21718.04,Paid,Completed,Hyderabad
O109805,C12810,2026-04-11,P1133,5,22312.69,Paid,Processing,Chennai
O109806,C11551,2026-02-10,P1346,5,17307.24,Paid,Completed,Chennai
O109807,C13017,2026-08-16,P1107,1,24233.71,Paid,Completed,Kolkata
O109808,C11867,2026-02-02,P1422,5,15077.42,Paid,Completed,Chennai
O109809,C10851,2026-05-29,P1366,5,6595.37,Paid,Completed,Delhi
O109810,C11953,2026-07-19,P1000,6,16606.27,Paid,Completed,Kolkata
O109811,C13090,2026-02-07,P1014,7,22756.65,Failed,Completed,Mumbai
O109812,C10713,2026-06-23,P1141,3,9163.65,Paid,Cancelled, Pune 
O109813,C11943,2026-05-05,P1076,1,6841.77,Paid,Completed,Bangalore
O109814,C10477,2026-05-20,P1340,7,24172.66,Paid,Completed,Pune
O109815,C13373,2026-08-04,P1173,5,19233.77,Paid,Completed,Bangalore
O109816,C13277,2026-09-06,P1110,5,1529.52,Paid,Processing,Chennai
O109817,C12695,2026-07-18,P1116,7,14161.22,Paid,Completed,Pune
O109818,C13683,2026-07-28,P1040,3,6090.44,Paid,Completed,Pune
O109819,C11601,2026-03-09,P1369,7,7384.37,Paid,Cancelled,Hyderabad
O109820,C10528,2026-07-28,P1005,1,2463.39,Paid,Completed,Chennai
O109821,C13905,2026-04-03,P1275,2,6005.59,Pending,Completed,Bangalore
O109822,C12053,2026-05-08,P1067,1,12779.11,Paid,Completed,Bangalore
O109823,C11903,2026-06-17,P1295,4,2240.52,Paid,Completed,Mumbai
O109824,C10255,2026-07-12,P1402,7,22275.44,Failed,Completed,Pune
O109825,C12283,2026-01-02,P1490,5,19452.45,Paid,Completed,Delhi
O109826,C12581,2026-07-06,P1103,6,9720.12,Paid,Completed,Hyderabad
O109827,C11894,2026-04-29,P1126,4,3516.62,Failed,Completed,Chennai
O109828,C13644,2026-01-07,P1073,4,24851.13,Refunded,Processing,Kolkata
O109829,C12971,2026-03-12,P1124,2,14213.67,Paid,Completed,Kolkata
O109830,C10154,2026-07-16,P1324,5,10747.49,Paid,Processing,Chennai
O109831,C12172,2026-02-07,P1257,1,5206.39,Paid,Completed,Chennai
O109832,C13977,2026-06-04,P1350,6,5319.45,Paid,Completed,Mumbai
O109833,C10799,2026-01-09,P1299,3,19966.37,Paid,Completed,Pune
O109834,C12470,2026-03-08,P1308,7,13141.06,Paid,Completed,Kolkata
O109835,C11094,2026-07-11,P1211,5,24604.85,Pending,Processing,Bangalore
O109836,C11487,2026-09-06,P1248,4,23841.51,Paid,Completed,Bangalore
O109837,C10134,2026-08-18,P1005,4,5408.65,Pending,Processing,
O109838,C12753,2026-01-04,P1042,7,24984.57,Paid,Completed,Bangalore
O109839,C13065,2026-04-21,P1252,7,24668.89,Pending,Completed,Bangalore
O109840,C13094,2026-07-18,P1402,5,20042.2,Paid,Cancelled,Pune
O109841,C13885,2026-07-25,P1145,7,9955.47,Paid,Completed,Mumbai
O109842,C13354,2026-01-25,P1285,2,5836.38,Paid,Completed,Chennai
O109843,C10831,2026-06-19,P1198,1,2848.02,Paid,Processing,Bangalore
O109844,C10922,2026-01-27,P1400,6,1583.76,Refunded,Completed,Bangalore
O109845,C13074,2026-07-21,P1116,3,20573.82,Paid,Processing,Chennai
O109846,C13110,2026-05-02,P1180,6,23655.37,Paid,Completed,Hyderabad
O109847,C10492,2026-01-22,P1451,6,19382.17,Paid,Completed,Mumbai
O109848,C10026,2026-07-22,P1191,2,19048.26,Paid,Completed,Pune
O109849,C11606,2026-07-22,P1130,6,10554.93,Pending,Completed,
O109850,C12780,2026-05-03,P1254,6,16137.17,Paid,Cancelled,Delhi
O109851,C13469,2026-08-11,P1408,1,16879.03,Paid,Completed,Chennai
O109852,C10661,2026-01-05,P1413,5,6654.79,Paid,Completed,Pune
O109853,C13263,2026-07-09,P1163,2,18545.38,Paid,Cancelled,Hyderabad
O109854,C12740,2026-01-23,P1333,6,3909.09,Paid,Processing,Chennai
O109855,C10664,2026-03-08,P1424,3,7548.37,Paid,Completed,Pune
O109856,C13495,2026-02-14,P1150,1,14865.8,Paid,Completed,Pune
O109857,C13734,2026-08-08,P1248,5,13627.48,Pending,Completed,Bangalore
O109858,C11064,2026-05-17,P1177,7,17703.16,Refunded,Processing,Chennai
O109859,C10595,2026-01-05,P1113,7,14697.97,Paid,Completed,
O109860,C13873,2026-03-03,P1015,1,1523.72,Paid,Completed,Kolkata
O109861,C10091,2026-01-06,P1091,3,24449.26,Paid,Completed,Kolkata
O109862,C13796,2026-04-21,P1459,5,19158.18,Paid,Completed,Kolkata
O109863,C10865,2026-01-23,P1455,4,22046.65,Pending,Completed,Kolkata
O109864,C11753,2026-03-02,P1157,4,20157.03,Paid,Completed,Mumbai
O109865,C11234,2026-03-26,P1315,2,5546.12,Paid,Completed, Mumbai 
O109866,C10615,2026-01-31,P1360,5,23337.91,Paid,Processing,Delhi
O109867,C11411,2026-05-02,P1188,7,24606.87,Paid,Processing,Hyderabad
O109868,C12158,2026-01-15,P1241,5,2243.2,Paid,Processing,Hyderabad
O109869,C10375,2026-03-15,P1229,2,4213.35,Paid,Cancelled,Kolkata
O109870,C13239,2026-07-06,P1237,6,24760.26,Pending,Completed,Pune
O109871,C13204,2026-03-11,P1261,1,7548.58,Failed,Cancelled,
O109872,C13192,2026-01-12,P1294,2,20549.13,Pending,Completed,Mumbai
O109873,C12747,2026-05-15,P1004,6,2131.33,Pending,Completed,Bangalore
O109874,C11822,2026-06-23,P1258,5,18391.29,Paid,Completed,Delhi
O109875,C13337,2026-03-22,P1073,6,17624.46,Paid,Completed,Hyderabad
O109876,C13410,2026-04-13,P1029,4,23459.82,Paid,Completed,chennai
O109877,C11142,2026-08-24,P1335,1,18299.3,Paid,Completed,Kolkata
O109878,C11925,2026-07-09,P1266,6,1322.57,Failed,Returned,Hyderabad
O109879,C10812,2026-08-28,P1130,7,11426.18,Paid,Cancelled,Hyderabad
O109880,C11023,2026-07-07,P1014,5,8892.9,Paid,Cancelled,Chennai
O109881,C10956,2026-04-29,P1427,7,14396.94,Paid,Completed,Mumbai
O109882,C13310,2026-02-27,P1053,3,10879.57,Paid,Cancelled,Chennai
O109883,C11004,2026-04-06,P1128,7,7236.83,Paid,Completed,Chennai
O109884,C12187,2026-07-20,P1012,4,16627.81,Paid,Cancelled,Delhi
O109885,C12514,2026-01-22,P1062,4,7985.06,Pending,Cancelled,Hyderabad
O109886,C12981,2026-01-26,P1367,2,21311.24,Pending,Completed,Hyderabad
O109887,C10116,2026-08-09,P1311,5,8277.95,Paid,Completed,Bangalore
O109888,C11904,2026-01-23,P1294,5,13028.76,Pending,Completed,Mumbai
O109889,C11171,2026-03-10,P1422,7,20702.74,Paid,Cancelled,Kolkata
O109890,C13338,2026-08-26,P1357,7,20625.36,Failed,Completed,Delhi
O109891,C10147,2026-06-28,P1066,2,14776.48,Paid,Cancelled,Chennai
O109892,C10828,2026-09-10,P1413,5,9684.04,Paid,Completed, Pune 
O109893,C11264,2026-06-01,P1107,5,14081.11,Paid,Processing,Bangalore
O109894,C10311,2026-06-14,P1424,6,21287.18,Pending,Completed,Delhi
O109895,C11582,2026-05-12,P1089,4,5703.9,Paid,Completed,Delhi
O109896,C12977,2026-05-20,P1394,1,3325.38,Paid,Completed,Pune
O109897,C10849,2026-03-12,P1453,3,14676.2,Paid,Returned,Kolkata
O109898,C13020,2026-01-23,P1075,3,14478.86,Paid,Completed,Delhi
O109899,C12117,2026-06-13,P1463,1,7540.76,Failed,Completed,Hyderabad
O109900,C11379,2026-05-27,P1117,3,11031.18,Paid,Completed,Mumbai
O109901,,2026-05-25,P1085,1,2486.65,Paid,Returned,Chennai
O109902,C10465,2026-05-27,P1277,5,3529.78,Paid,Completed,Hyderabad
O109903,C10999,2026-06-18,P1165,2,20759.8,Failed,Completed,Pune
O109904,C12927,2026-04-26,P1011,6,11772.49,Paid,Cancelled, Bangalore 
O109905,C13453,2026-02-16,P1419,5,2765.38,Paid,Processing,Bangalore
O109906,C11063,2026-03-05,P1305,7,24058.15,Paid,Processing,Pune
O109907,C12356,2026-01-09,P1272,2,5485.55,Paid,Completed,Pune
O109908,C10139,2026-03-03,P1231,7,8127.64,Paid,Completed,kolkata
O109909,C10309,2026-07-19,P1159,1,24321.62,Paid,Processing,Delhi
O109910,C13860,2026-06-28,P1172,7,4767.88,Paid,Completed,Bangalore
O109911,C13588,2026-06-29,P1420,5,24227.52,Paid,Completed,Hyderabad
O109912,C10325,2026-04-19,P1194,7,18139.32,Pending,Returned,Kolkata
O109913,C13291,2026-05-26,P1280,1,10844.99,Paid,Completed,Mumbai
O109914,C10410,2026-05-25,P1082,6,14994.75,Paid,Completed,Mumbai
O109915,C13316,2026-06-19,P1356,6,12844.93,Paid,Completed,Mumbai
O109916,C13656,2026-07-23,P1113,7,20177.02,Pending,Completed,Mumbai
O109917,C10612,2026-07-27,P1101,4,1852.22,Paid,Completed,Kolkata
O109918,C10589,2026-03-22,P1104,7,20390.78,Paid,Completed,Chennai
O109919,C13709,2026-03-27,P1304,6,24274.34,Paid,Returned,Delhi
O109920,C11206,2026-07-09,P1042,6,10910.45,Pending,Completed,Kolkata
O109921,C11892,2026-03-18,P1238,1,5027.64,Paid,Completed,Hyderabad
O109922,C11218,2026-03-05,P1274,6,2987.59,Paid,Completed,Chennai
O109923,C12999,2026-09-10,P1335,5,8864.86,Paid,Processing,Hyderabad
O109924,C10845,2026-09-11,P1281,2,3527.16,Paid,Completed,Delhi
O109925,C11978,2026-01-27,P1096,4,5973.88,Paid,Processing,Pune
O109926,C13404,2026-06-11,P1014,5,16464.57,Paid,Completed,Mumbai
O109927,C13773,2026-07-28,P1308,5,10569.72,Paid,Completed,Bangalore
O109928,C11412,2026-07-14,P1228,5,22555.2,Paid,Returned,Hyderabad
O109929,C10456,2026-01-07,P1019,7,11758.41,Refunded,Completed,Kolkata
O109930,C13241,2026-05-01,P1132,4,4106.27,Pending,Completed,Pune
O109931,C10443,2026-07-29,P1319,5,3724.44,,Completed,Delhi
O109932,C13119,2026-02-22,P1431,6,17420.03,Paid,Completed,Pune
O109933,C12758,2026-08-04,P1423,2,15957.48,Paid,Completed,
O109934,C12312,2026-03-13,P1279,6,17784.41,Paid,Returned,Chennai
O109935,C13760,2026-06-08,P1325,5,8667.31,Paid,Completed,Pune
O109936,C11290,2026-08-05,P1395,3,22901.27,Paid,Completed,Bangalore
O109937,C10373,2026-01-16,P1127,1,3109.92,Paid,Completed,Pune
O109938,C13929,2026-08-18,P1259,7,1111.36,Paid,Completed,Delhi
O109939,C11766,2026-01-06,P1111,3,18631.02,Paid,Completed,Chennai
O109940,C11734,2026-06-01,P1170,6,17023.75,Paid,Completed,Kolkata
O109941,C10358,2026-08-18,P1460,2,12490.94,Paid,Completed,Delhi
O109942,C12976,2026-03-20,P1179,2,1379.22,Paid,Processing,Bangalore
O109943,C12882,2026-08-04,P1494,1,3120.75,Paid,Processing,Bangalore
O109944,C10581,2026-07-27,P1404,2,5123.87,Paid,Completed,
O109945,C10935,2026-01-09,P1196,2,16076.46,Paid,Completed,Delhi
O109946,C10065,2026-03-09,P1396,5,16677.27,Paid,Returned,Kolkata
O109947,C13561,2026-04-11,P1257,1,17019.78,Paid,Completed,mumbai
O109948,C10978,2026-06-30,P1363,7,20135.31,Paid,Completed,Hyderabad
O109949,C13711,2026-02-02,P1133,3,912.46,Paid,Completed,
O109950,C12286,2026-07-07,P1092,5,16188.57,Paid,Completed,Hyderabad
O109951,C11702,2026-07-06,P1150,5,6513.61,Paid,Completed,Pune
O109952,C10031,2026-01-14,P1482,3,14404.63,Pending,Completed,Chennai
O109953,C10369,2026-02-06,P1329,2,18525.53,Paid,Completed,Kolkata
O109954,C10635,2026-07-11,P1467,4,18085.16,Paid,Completed,Bangalore
O109955,C10423,2026-04-12,P1344,7,7411.15,Paid,Cancelled,Pune
O109956,C11025,2026-01-03,P1163,6,9076.11,Paid,Completed,Bangalore
O109957,C10618,2026-02-04,P1009,7,22957.39,Paid,Completed,Delhi
O109958,C12657,2026-08-14,P1410,4,21267.51,Paid,Completed,Chennai
O109959,C11189,2026-04-28,P1390,6,6648.06,Paid,Completed,Delhi
O109960,C12875,2026-02-16,P1049,7,14799.83,Paid,Returned, Delhi 
O109961,C10542,2026-08-05,P1276,2,2949.73,Paid,Cancelled,Hyderabad
O109962,C10837,2026-09-12,P1085,7,16450.54,Paid,Completed,Hyderabad
O109963,C13152,2026-02-18,P1045,5,15647.35,Pending,Cancelled,Hyderabad
O109964,C12538,2026-06-11,P1465,3,6818.76,Paid,Completed,Delhi
O109965,C10386,2026-08-05,P1000,4,10719.44,Paid,Completed,Mumbai
O109966,C13840,2026-01-28,P1344,5,19622.97,Paid,Completed,Delhi
O109967,C13052,2026-06-27,P1438,4,6609.32,Paid,Completed,Mumbai
O109968,C12212,2026-08-14,P1247,3,19278.65,Paid,Processing,Chennai
O109969,C11372,2026-02-01,P1052,5,8114.73,Paid,Completed,Mumbai
O109970,C10376,2026-07-11,P1404,7,21037.26,Pending,Completed,Bangalore
O109971,C11433,2026-03-08,P1112,7,1053.45,Paid,Processing,Hyderabad
O109972,C11293,2026-04-02,P1477,1,6676.26,Paid,Completed,Bangalore
O109973,C10313,2026-05-11,P1415,5,4687.31,Paid,Completed,Kolkata
O109974,C13137,2026-06-04,P1482,1,22297.05,Paid,Completed,Mumbai
O109975,C11662,2026-02-08,P1238,2,10884.44,Paid,Completed,Delhi
O109976,C13560,2026-04-18,P1013,3,13776.34,Paid,Completed,Pune
O109977,C10632,2026-05-06,P1294,4,6279.3,Paid,Completed,Hyderabad
O109978,C11271,2026-06-17,P1125,2,3470.38,Paid,Completed,Mumbai
O109979,C11117,2026-06-07,P1297,2,15076.59,Paid,Completed,Pune
O109980,C13463,2026-08-15,P1280,6,7297.49,Pending,Completed,
O109981,C12032,2026-05-16,P1412,6,23242.76,Failed,Completed,Pune
O109982,C10567,2026-01-29,P1252,5,12065.84,Paid,Completed, 
O109983,C11430,2026-07-12,P1487,5,3712.55,Paid,Completed,Chennai
O109984,C13775,2026-05-16,P1287,6,887.64,Paid,Cancelled,Delhi
O109985,C12207,2026-07-07,P1010,6,6037.32,Paid,Cancelled,Pune
O109986,C10147,2026-04-20,P1155,1,8202.1,Paid,Returned,Mumbai
O109987,C10231,2026-02-19,P1452,1,5412.1,Paid,Completed,Delhi
O109988,C10943,2026-06-13,P1255,2,9330.36,Paid,Completed,Mumbai
O109989,C12487,2026-08-28,P1226,2,22010.42,Paid,Completed,Kolkata
O109990,C10981,2026-01-28,P1280,5,1484.43,Paid,Cancelled,Chennai
O109991,C13403,2026-06-13,P1051,5,20090.35,Paid,Completed,Delhi
O109992,C12519,2026-08-24,P1168,7,10817.05,Paid,Completed,Delhi
O109993,C11203,2026-03-05,P1178,7,22688.51,Paid,Completed,Delhi
O109994,C11577,2026-02-10,P1134,4,16776.14,Paid,Completed,Kolkata
O109995,C11502,2026-07-23,P1416,3,4373.44,Pending,Completed,Hyderabad
O109996,C11257,2026-08-11,P1041,4,23999.64,Paid,Completed,Chennai
O109997,C12521,2026-06-03,P1474,3,4121.45,Pending,Completed,Pune
O109998,C10807,2026-07-27,P1363,2,8606.44,Paid,Processing,Chennai
O109999,,2026-04-20,P1110,5,24476.49,Paid,Completed,Chennai
O106252,C13756,2026-09-12,P1144,1,4833.86,Paid,Cancelled,Kolkata
O104684,C10439,2026-01-24,P1479,4,16973.17,Pending,Completed,Pune
O101731,C10591,2026-07-11,P1380,1,5457.84,Paid,Processing,Hyderabad
O104742,C12047,2026-04-20,P1022,6,17913.02,Paid,Completed,Chennai
O104521,C12701,2026-02-21,P1220,3,7607.29,Failed,Completed,Hyderabad
O106340,C11063,2026-06-19,P1166,1,19603.41,Paid,Completed,Kolkata
O100576,C10539,2026-09-06,P1409,1,21272.62,Paid,Completed,Hyderabad
O105202,C12887,2026-08-09,P1490,7,18725.27,Paid,Completed,Kolkata
O106363,C10021,2026-06-14,P1146,6,13445.19,Paid,Completed,Bangalore
O100439,C12289,2026-07-30,P1117,6,12297.72,Paid,Completed,Chennai
O102750,C13867,2026-06-12,P1228,2,9131.91,Failed,Completed,Bangalore
O107487,C13048,2026-04-22,P1081,7,6504.49,Paid,Completed,Hyderabad
O105272,C10288,2026-03-25,P1393,4,1902.35,Paid,Completed,
O105653,C10528,2026-08-05,P1192,3,3491.24,Paid,Completed,Chennai
O103999,C10423,2026-01-04,P1123,6,21697.25,Paid,Completed,Bangalore
O106033,C11739,2026-08-09,P1064,6,16568.51,Paid,Completed,Chennai
O100582,C13326,2026-03-28,P1165,2,24914.81,Paid,Completed,Kolkata
O109930,C13241,2026-05-01,P1132,4,4106.27,Pending,Completed,Pune
O107051,C11087,2026-08-25,P1402,3,20869.28,Paid,Processing,Pune
O108158,C10951,2026-05-20,P1098,7,14553.59,Paid,Completed,Hyderabad
O109896,C12977,2026-05-20,P1394,1,3325.38,Paid,Completed,Pune
O102249,C13133,2026-03-11,P1450,1,2560.35,Paid,Completed,Bangalore
O104640,C12208,2026-04-03,P1154,3,22272.74,Paid,Cancelled,Chennai
O109485,C11196,2026-01-26,P1413,6,23917.43,Paid,Completed,Mumbai
O104947,C13905,2026-07-29,P1393,1,19664.56,Paid,Cancelled,Bangalore
O109920,C11206,2026-07-09,P1042,6,10910.45,Pending,Completed,Kolkata
O101963,C13624,2026-02-13,P1261,1,19938.69,Paid,Completed,Chennai
O108243,C10186,2026-02-11,P1103,2,15006.75,Refunded,Returned,Hyderabad
O106590,C12748,2026-05-08,P1168,7,1729.98,Paid,Completed,Kolkata
O108847,C11581,2026-04-08,P1347,3,13079.16,Paid,Cancelled,Bangalore
O100321,C11341,2026-02-19,P1395,4,10717.42,Paid,Completed,
O102678,C10479,2026-05-03,P1440,4,9368.36,Paid,Processing,Mumbai
O104625,C13728,2026-04-30,P1007,6,4858.7,Paid,Completed,kolkata
O104949,C13254,2026-03-26,P1279,3,7887.12,Paid,Cancelled,Kolkata
O108328,C10776,2026-03-11,P1448,4,21319.3,Paid,Completed,Bangalore
O103337,C10559,2026-05-12,P1217,3,24361.42,Paid,Completed,Bangalore
O105589,C12714,2026-09-09,P1415,7,7546.86,Paid,Completed,
O100251,C13507,2026-07-19,P1198,3,304.23,Paid,Completed,Chennai
O103973,C10484,2026-07-07,P1138,3,5809.28,Refunded,Completed,Delhi
O106630,C13095,2026-06-14,P1370,7,21368.66,Paid,Completed,Chennai
O105547,C13473,2026-04-24,P1246,4,13655.72,Paid,Completed,Chennai
O100035,C11950,2026-07-09,P1149,2,8205.23,Paid,Completed,Hyderabad
O108362,C10089,2026-01-03,P1398,1,17057.12,Paid,Completed,Chennai
O101513,C13229,2026-01-13,P1413,7,21404.41,Paid,Processing,Kolkata
O109317,C12194,2026-03-17,P1175,3,17211.23,Paid,Completed,
O100039,C13705,2026-07-01,P1177,2,22481.38,Paid,Processing,Kolkata
O104819,C10352,2026-07-15,P1204,3,4727.94,Paid,Completed,Pune
O103465,C13202,2026-03-31,P1120,7,480.87,Failed,Completed,Kolkata
O101760,C13608,2026-04-06,P1075,7,1182.38,Paid,Completed,Hyderabad
O102304,C10431,2026-05-06,P1028,2,13061.29,Paid,Completed,Pune
O103723,C11351,2026-05-31,P1266,5,6258.73,Paid,Cancelled,Kolkata
O108284,C12996,2026-01-02,P1126,6,11510.9,Paid,Processing,Pune
O104993,C11761,2026-02-27,P1130,1,19729.56,Pending,Processing,Pune
O108127,C13605,2026-07-18,P1221,6,16879.49,Paid,Completed,Hyderabad
O103032,C11820,2026-09-01,P1182,7,15172.97,Paid,Completed,Bangalore
O107938,C10738,2026-07-18,P1397,4,8666.65,Paid,Completed,Delhi
O103039,C11634,2026-06-19,P1075,3,24676.87,Paid,Completed,Bangalore
O109655,C13452,2026-01-14,P1235,4,20683.53,Paid,Completed,Pune
O102545,C12662,2026-01-18,P1383,4,13235.19,Paid,Completed,Bangalore
O102592,C11056,2026-09-14,P1042,4,9358.02,Pending,Completed,HYDERABAD
O101188,C11683,2026-05-25,P1454,5,16966.52,Paid,Completed,Pune
O107966,C12841,2026-06-18,P1118,4,12812.79,Paid,Completed,Pune
O106077,C11288,2026-04-12,P1053,1,21376.68,Paid,Cancelled,Kolkata
O100107,C10924,2026-01-12,P1187,5,23820.61,Paid,Processing,Bangalore
O101315,C13311,2026-07-07,P1185,6,5000.49,Paid,Completed,Mumbai
O108187,C12593,2026-03-17,P1239,3,18754.54,Failed,Completed,Mumbai
O102753,C12428,2026-08-06,P1348,3,21738.07,Paid,Completed,Kolkata
O109753,C11143,2026-09-15,P1467,4,3421.26,Paid,Completed,Mumbai
O106231,C10708,2026-05-20,P1303,2,20296.88,Paid,Completed,Bangalore
O102876,C10858,2026-04-18,P1479,7,6870.89,Paid,Completed,Bangalore
O105323,C10293,2026-03-24,P1122,4,17768.3,Paid,Cancelled,Pune
O100799,C10138,2026-05-25,P1196,7,16670.34,Pending,Completed,Mumbai
O103570,C12397,2026-08-11,P1454,5,5572.32,Paid,Completed,Pune
O102894,C11206,2026-03-16,P1440,5,17973.7,Paid,Completed,Mumbai
O102927,C11115,2026-06-28,P1231,4,16008.07,Paid,Completed,Kolkata
O108178,C12756,2026-07-24,P1409,5,21051.01,Paid,Completed,Delhi
O100971,C13918,2026-04-30,P1265,5,18396.37,Paid,Processing,Mumbai
O106687,C12190,2026-04-02,P1455,3,8342.45,Pending,Completed,Delhi
O108575,C12127,2026-04-03,P1186,6,12924.89,Paid,Completed,Bangalore
O102020,C12400,2026-07-20,P1102,7,810.31,Pending,Cancelled,Chennai
O109054,C12088,2026-04-11,P1240,4,6792.01,Paid,Completed,Chennai
O100952,C13348,2026-01-13,P1170,1,19524.09,Paid,Completed,Hyderabad
O105359,C13064,2026-01-17,P1330,3,3803.88,Pending,Completed,Bangalore
O103857,C13752,2026-03-18,P1360,3,10237.46,Paid,Processing,Bangalore
O105861,C13132,2026-04-08,P1141,7,22125.31,Paid,Completed,
O103145,C13660,2026-09-09,P1280,7,18515.62,Paid,Completed,Bangalore
O103305,C12425,2026-04-09,P1011,1,6048.41,Paid,Completed,Mumbai
O103006,C10929,2026-07-31,P1308,4,7998.48,Paid,Completed,Delhi
O109001,C12222,2026-08-03,P1369,7,7667.95,Paid,Processing,Delhi
O107770,C13579,2026-05-24,P1217,6,12008.65,Paid,Completed,Chennai
O107438,C12343,2026-06-10,P1314,6,18157.39,Paid,Completed,Mumbai
O107942,C11806,2026-02-12,P1064,4,9656.39,Pending,Completed, 
O109238,C11964,2026-09-04,P1443,3,10873.44,Refunded,Completed,Mumbai
O101056,C11994,2026-01-13,P1328,2,2763.48,Paid,Completed,
O103154,C13155,2026-02-11,P1316,6,9152.07,Paid,Completed,Pune
O103787,C10870,2026-02-13,P1089,3,17711.89,Paid,Completed,Chennai
O109189,C11613,2026-01-11,P1448,1,11814.43,Paid,Completed,Chennai
O107825,C10272,2026-03-10,P1280,5,23848.78,Paid,Returned,Bangalore
O107539,C13614,2026-05-12,P1367,3,16749.41,Paid,Completed,Kolkata
O107231,C12999,2026-03-29,P1301,6,19445.23,Paid,Completed,Delhi
