ticket_id,customer_id,order_id,created_at,category,priority,resolution_hours,ticket_status,sentiment
T300000,C13535,O107417,2026-04-19,Product,High,15.04,In Progress,Negative
T300001,C11132,O101012,2026-05-03,Refund,Medium,5.04,Closed,Positive
T300002,C10897,O105281,2026-03-19,Product,Medium,5.49,Open,Neutral
T300003,C10927,O105048,2026-05-05,Product,,18.81,Resolved,Negative
T300004,C12072,O100050,2026-07-20,Payment,Medium,19.4,Resolved,Positive
T300005,C13443,O103746,2026-03-07, ,High,2.54,In Progress,Negative
T300006,C10856,O106949,2026-06-12,Account,Medium,29.46,Resolved,Negative
T300007,C12105,O106785,2026-04-23,Delivery, Medium ,20.93,Resolved,Neutral
T300008,,O108964,2026-03-10,PAYMENT,Low,23.2,Closed,Neutral
T300009,C10044,O100201,2026-08-08,Payment,High,8.46,Open,Neutral
T300010,C13637,O104105,2026-07-04,Account,Medium,3.38,Resolved,Positive
T300011,C11013,O106029,2026-09-08,Refund,High,15.18,Closed,Neutral
T300012,C10599,O100633,2026-03-03, ,Medium,19.65,Resolved,Neutral
T300013,C11735,O102680,2026-02-26,Payment,,10.85,In Progress,Neutral
T300014,C12356,O102916,2026-03-28,Refund,Medium,10.59,Resolved,Negative
T300015,,O108111,2026-05-31,Refund,Medium,19.98,In Progress,Positive
T300016,C12119,O103589,2026-02-25,payment,Low,4.97,Resolved,Negative
T300017,C10462,O104079,2026-03-13,Delivery,Low,11.46,Resolved,Negative
T300018,C10873,O106851,2026-04-19,Refund,Low,14.06,In Progress,Neutral
T300019,,O109523,2026-01-02,Product,Medium,13.91,Resolved,Positive
T300020,C10851,O101006,2026-01-14,Refund,Low,12.82,Resolved,Positive
T300021,C13644,O103498,2026-08-07,Refund,Low,24.25,Resolved,Neutral
T300022,C12713,O100896,2026-03-30,Account,Low,8.33,Resolved,Neutral
T300023,C11542,O108967,2026-05-03,Account,Low,35.7,Resolved,Negative
T300024,C13365,O102369,2026-02-27,Delivery,High,11.21,Resolved,Neutral
T300025,C11462,O101182,2026-04-19,Payment,High,3.7,Resolved,Positive
T300026,C13585,O109479,2026-03-29,Delivery,Medium,9.86,Resolved,Negative
T300027,C10212,O101956,2026-05-18,Refund,Low,30.28,Resolved,Negative
T300028,C12064,O103152,2026-07-06,Payment,High,24.78,Closed,Neutral
T300029,C13722,O102432,2026-03-01,Payment,Medium,6.78,In Progress,Positive
T300030,C13401,O103207,2026-08-01,Refund,Low,10.04,Resolved,Neutral
T300031,C13564,O103241,2026-09-10,Delivery,High,15.41,Resolved,Positive
T300032,C10311,O107863,2026-02-15,Delivery,Medium,7.84,Closed,Negative
T300033,C12731,O104935,2026-09-10,Delivery,Medium,27.23,Open,Negative
T300034,C12873,O106990,2026-08-19,Product,Low,17.05,In Progress,Negative
T300035,C11459,O100683,2026-07-24,Delivery,Medium,22.44,Resolved,Negative
T300036,C11179,O101695,2026-03-04,Payment,Medium,15.37,Resolved,Negative
T300037,C13515,O107503,2026-08-12,Product,Low,12.28,In Progress,Positive
T300038,C10955,O108053,2026-01-05,Delivery,Medium,10.79,In Progress,Negative
T300039,C10837,O109882,2026-09-09,Account,medium,20.4,Resolved,Positive
T300040,C10935,O103802,2026-02-13,Payment,Medium,12.34,Resolved,Neutral
T300041,C10127,O108992,2026-02-18,Payment,Medium,13.86,Closed,Negative
T300042,C12200,O105512,2026-08-30,Refund,Medium,38.21,Resolved,Positive
T300043,C11049,O105846,2026-03-14,Payment,Low,30.14,Resolved,Neutral
T300044,C12857,O100839,2026-03-18,Payment,Medium,13.19,In Progress,Positive
T300045,C11674,O108214,2026-05-02, Account ,Low,5.48,Resolved,Neutral
T300046,C11742,O107842,2026-04-27,Product,Medium,9.65,Closed,Neutral
T300047,C10398,O102525,2026-06-17,Refund,Medium,20.87,Resolved,Positive
T300048,C11914,O101313,2026-03-04,Payment,Low,9.76,Resolved,Neutral
T300049,C11447,O100477,2026-05-08,Delivery,Low,12.75,Closed,Neutral
T300050,C13250,O100486,2026-04-18,Payment,High,5.79,Closed,Neutral
T300051,C10685,O106566,2026-07-05,Delivery,Medium,22.93,Resolved,Neutral
T300052,C13421,O107624,2026-04-16,Delivery,Low,11.4,Resolved,Neutral
T300053,C13848,O103471,2026-02-12,Payment,Critical,10.35,In Progress,Neutral
T300054,C11995,O108425,2026-07-11,Product,Medium,7.1,Resolved,Neutral
T300055,C10872,O104788,2026-05-07,Delivery,High,13.78,Open,Negative
T300056,C12318,O108832,2026-06-30,Account,Low,10.22,In Progress,Positive
T300057,C12879,O106068,2026-08-10,,High,28.11,Resolved,Negative
T300058,C10183,O105683,2026-03-27,Refund,High,5.91,Resolved,Negative
T300059,C11061,O101651,2026-08-24,Product,Low,24.49,Resolved,Positive
T300060,C13390,O109420,2026-03-12,Refund,Low,11.36,Resolved,Neutral
T300061,C11263,O104503,2026-06-09,,Low,9.57,Resolved,Negative
T300062,C10234,O109851,2026-07-01,Payment,Medium,34.94,Resolved,Neutral
T300063,C10273,O107590,2026-01-12,Delivery,Low,-12.0,In Progress,Positive
T300064,C13051,O102019,2026-05-20,Account,Medium,45.5,Resolved,Neutral
T300065,C10618,O105872,2026-01-15,Payment,Low,13.83,Resolved,Positive
T300066,C11393,O108118,2026-05-10,Payment,Low,12.01,Open,Negative
T300067,C10033,O103852,2026-02-23,Product,Critical,24.26,Resolved,Neutral
T300068,C13312,O107223,2026-05-17,Account,Medium,6.54,Resolved,Neutral
T300069,C10730,O101475,2026-08-17,,Medium,9.17,Resolved,Neutral
T300070,C11221,O100069,2026-09-12,Delivery,Low,23.44,Closed,Negative
T300071,C12055,O105575,2026-02-16,Product,Medium,6.94,Resolved,Negative
T300072,C13570,O104760,2026-08-08,Payment,Low,2.54,Resolved,Neutral
T300073,C13267,O103651,2026-03-26,Refund,High,32.56,Resolved,Neutral
T300074,C13564,O109290,2026-03-30,Refund,Medium,7.75,In Progress,Positive
T300075,C11332,O105008,2026-02-09,Payment,Medium,12.41,Resolved,Positive
T300076,C11901,O108591,2026-03-07,Payment,Critical,23.81,Resolved,Neutral
T300077,C11559,O104291,2026-05-29,Product,Medium,16.69,Resolved,Neutral
T300078,C10169,O104182,2026-05-27,Product,,25.63,Resolved,Neutral
T300079,C13115,O101235,2026-07-17,Delivery,Medium,11.07,Resolved,Positive
T300080,C13280,O107007,2026-03-24,Delivery,Medium,14.93,Resolved,Negative
T300081,C12159,O103736,2026-02-19,Payment,Medium,7.1,In Progress,Neutral
T300082,C12082,O103021,2026-07-24,Account,Low,5.13,Resolved,Positive
T300083,C11983,O104309,2026-04-10,Product,Critical,2.67,Resolved,Neutral
T300084,C13978,O101262,2026-07-12,Delivery,Medium,20.27,Resolved,Negative
T300085,C11773,O102047,2026-03-08,Payment,High,19.58,Resolved,Positive
T300086,C11488,O104419,2026-09-07,Payment,Low,10.13,Open,Positive
T300087,C10877,O106394,2026-01-03,Refund,Low,21.38,Resolved,Neutral
T300088,C10989,O105960,2026-04-19,Payment,High,14.3,Resolved,Negative
T300089,C10544,O101282,2026-08-09,Refund,High,5.13,Closed,Neutral
T300090,C11368,O105462,2026-05-26,Product,Medium,17.16,In Progress,Neutral
T300091,C11924,O106497,2026-08-13,Delivery,Medium,10.15,Resolved,Positive
T300092,C13967,O106292,2026-04-29,Delivery, Medium ,7.68,Resolved,Negative
T300093,C12104,O100554,2026-03-14,Payment,Critical,16.37,Resolved,Neutral
T300094,C12035,O103247,2026-03-25,Payment,Low,17.24,Resolved,Neutral
T300095,C11453,O106179,2026-04-22,Account,Medium,8.2,In Progress,Negative
T300096,C10902,O108763,2026-03-13,Refund,Medium,13.78,In Progress,Neutral
T300097,C10008,O102427,2026-03-12,Payment,Low,22.18,Open,Neutral
T300098,C11968,O105573,2026-05-10,Delivery,Low,10.78,Resolved,Positive
T300099,C11778,O108101,2026-03-23,Product,Low,49.52,Resolved,Negative
T300100,C13591,O100259,2026-08-10,Account,Low,8.77,Closed,Neutral
T300101,,O101514,2026-04-13,Product,Medium,19.07,Resolved,Negative
T300102,C13673,O108094,2026-08-20,Payment,Medium,32.17,Resolved,Neutral
T300103,C10597,O108280,2026-04-20,Refund,Low,15.66,Open,Neutral
T300104,C11504,O108035,2026-07-21,Account,Medium,22.24,Resolved,Neutral
T300105,C10535,O107513,2026-02-10,Product,Low,24.73,Resolved,Neutral
T300106,C12004,O100228,2026-03-23,Product,High,6.6,In Progress,Neutral
T300107,C10272,O105934,2026-06-24,Payment,Medium,25.19,In Progress,Neutral
T300108,C13729,O106004,2026-05-09,,Low,30.57,In Progress,Positive
T300109,C12802,O102170,2026-02-23,Product,High,16.94,Closed,Neutral
T300110,C13366,O104994,2026-05-31,,,17.08,Resolved,Neutral
T300111,C12701,O108297,2026-06-25,Delivery,High,11.87,In Progress,Neutral
T300112,C12109,O104884,2026-03-11,Delivery,Medium,21.41,Open,Negative
T300113,C10744,O108386,2026-09-06,Refund,High,19.33,In Progress,Neutral
T300114,C11992,O100911,2026-05-24,Payment,Medium,22.6,In Progress,Neutral
T300115,C13017,O103941,2026-09-02,Product,Critical,13.47,Resolved,Positive
T300116,C11464,O102510,2026-06-27,Refund,Medium,18.34,Closed,Positive
T300117,C13739,O105987,2026-01-04,Delivery,Critical,9.91,Resolved,Negative
T300118,C11431,O109144,2026-05-23,Product,Low,17.62,Resolved,Neutral
T300119,C12862,O101916,2026-05-13,Refund,Medium,6.4,Resolved,Positive
T300120,C12504,O106698,2026-08-27,Account,Low,12.02,Open,Neutral
T300121,C12910,O107248,2026-05-25,Refund,Low,4.35,Closed,Neutral
T300122,C11068,O104088,2026-02-16,Product,Low,4.47,In Progress,Negative
T300123,C13887,O100012,2026-08-15,, ,15.34,Resolved,Negative
T300124,C10217,O101235,2026-08-06,Delivery,Critical,40.93,Resolved,Neutral
T300125,C10203,O100152,2026-06-09,Product,Medium,20.98,Closed,Neutral
T300126,C12358,O104971,2026-04-20,Refund,Low,13.5,Closed,Positive
T300127,C12169,O104588,2026-05-20,Product,Medium,8.44,Resolved,Positive
T300128,C10972,O106618,2026-05-18,Refund,High,7.69,Open,Neutral
T300129,C11741,O100034,2026-02-09,Delivery,Medium,13.07,Open,Negative
T300130,C13960,O777777,2026-01-02,Payment,Low,-12.0,In Progress,Neutral
T300131,C13291,O107487,2026-06-26,Payment,High,6.99,Resolved,Neutral
T300132,C12520,O106629,2026-08-23,Refund,Low,16.17,Resolved,Negative
T300133,C12280,O106313,2026-06-03,Payment,Medium,-12.0,Resolved,Negative
T300134,C10753,O107608,2026-01-18,Product,Medium,31.66,Resolved,Neutral
T300135,C12686,O104929,2026-07-17,Delivery,Low,20.97,Resolved,Neutral
T300136,C11880,O101049,2026-06-14,,Medium,34.53,Resolved,Negative
T300137,C12951,O104185,2026-04-04,Payment,High,4.86,In Progress,Negative
T300138,C10698,O102562,2026-06-29,Product,,22.84,Resolved,Positive
T300139,,O104331,2026-04-22,Refund,Medium,21.44,Resolved,Positive
T300140,C12592,O101187,2026-04-01,Payment,Low,11.36,Resolved,Neutral
T300141,C13486,O100854,2026-05-07,Account,Medium,2.19,In Progress,Neutral
T300142,C11102,O105177,2026-03-07,Refund,Low,13.86,Closed,Neutral
T300143,C13040,O102036,2026-05-18,Account,Low,20.38,Open,Negative
T300144,C12100,O107581,2026-06-03,Payment,Low,31.7,Resolved,Neutral
T300145,C12286,O102381,2026-05-18,Delivery,Medium,35.25,In Progress,Positive
T300146,C12738,O105125,2026-04-29,Refund,Medium,19.05,Resolved,Negative
T300147,C11564,O103445,2026-05-23,Account,,2.56,Open,Neutral
T300148,C11925,O104188,2026-07-11,Refund,Low,12.44,Resolved,Neutral
T300149,C13911,O104622,2026-03-02,Payment,High,14.14,Resolved,Neutral
T300150,C11844,O108006,2026-07-08,Product,Medium,10.62,Resolved,Positive
T300151,C13334,O100789,2026-06-13,Account,Medium,5.61,Resolved,Neutral
T300152,C12285,O105070,2026-01-03,Account,Low,8.54,Resolved,Negative
T300153,C11768,O107451,2026-08-19,Delivery,Critical,21.58,In Progress,Positive
T300154,C12264,O102628,2026-09-05,Account,Medium,13.3,Resolved,Negative
T300155,C13568,O104909,2026-06-12,Account,Low,11.83,Resolved,Neutral
T300156,C12802,O107496,2026-05-16,Account,Medium,1.71,Resolved,Negative
T300157,C13187,O103626,2026-09-10,Payment,Low,13.61,Resolved,Positive
T300158,C13860,O108421,2026-03-11,Refund,Low,20.8,Closed,Negative
T300159,C12310,O108192,2026-03-03,Delivery,Low,12.76,In Progress,Negative
T300160,C11553,O100085,2026-06-14,Payment,Medium,5.38,Resolved,Neutral
T300161,C13271,O100057,2026-08-19,Account,Low,23.78,Closed,Negative
T300162,C13651,O106706,2026-01-15,Product,Medium,6.51,Resolved,Neutral
T300163,C13886,O103567,2026-08-08,Account,High,32.54,Resolved,Negative
T300164,C11799,O104531,2026-08-05,Refund,High,11.35,Resolved,Positive
T300165,C12163,O107931,2026-04-02,Product,Low,13.23,Resolved,Neutral
T300166,C10342,O103256,2026-06-27,Payment,Low,17.1,In Progress,Negative
T300167,C11272,O107496,2026-01-01,Delivery,Medium,10.88,In Progress,Negative
T300168,C12692,O104614,2026-02-23,Product,Medium,3.49,Closed,Neutral
T300169,C11718,O101513,2026-08-08,Payment,High,13.5,Resolved,Negative
T300170,C13977,O100317,2026-03-30,Delivery,Critical,8.01,Resolved,Positive
T300171,C13980,O109205,2026-04-06,Account,Low,16.2,Resolved,Neutral
T300172,C10634,O107677,2026-01-14,Account,Low,4.13,Open,Negative
T300173,C13489,O108636,2026-06-03,Product,Low,25.01,Closed,Neutral
T300174,C12853,O100039,2026-04-10,Product,High,9.35,Resolved,Negative
T300175,C13409,O106531,2026-08-18,Payment,High,11.0,Resolved,Neutral
T300176,C10140,O104191,2026-08-16,Payment,High,16.16,In Progress,Neutral
T300177,C13068,O104425,2026-03-05,Refund,Low,20.5,Resolved,Neutral
T300178,C12509,O101606,2026-05-13,,Medium,4.96,In Progress,Negative
T300179,C10931,O107807,2026-05-27,Refund,Medium,9.88,In Progress,Neutral
T300180,C10258,O109403,2026-09-01,Payment,High,22.11,In Progress,Neutral
T300181,C10528,O103961,2026-03-26,Refund,Medium,15.0,Closed,Negative
T300182,C10387,O100893,2026-05-25,Account,Medium,13.91,Resolved,Positive
T300183,C13533,O105726,2026-05-09,Payment,Medium,3.24,Resolved,Neutral
T300184,C12550,O101646,2026-03-08,Refund,High,22.88,Resolved,Positive
T300185,C11090,O100154,2026-08-08,Product,Low,10.8,Resolved,Neutral
T300186,C11893,O107572,2026-03-01,Product,Low,25.5,Resolved,Neutral
T300187,C12223,O100024,2026-06-28,Delivery,High,3.26,Resolved,Negative
T300188,C10496,O102098,2026-03-30,Refund,High,12.83,Resolved,Neutral
T300189,C10642,O107715,2026-05-02,Refund,Medium,18.54,Resolved,Positive
T300190,C10251,O107731,2026-01-03,Account,Low,14.35,Resolved,Negative
T300191,C11545,O107491,2026-06-15,Product,Low,8.02,Resolved,Negative
T300192,C10443,O109378,2026-08-06,Account,Medium,6.35,Resolved,Negative
T300193,C13774,O103208,2026-03-10,Delivery,Medium,17.78,Open,Neutral
T300194,C10304,O104579,2026-01-27,Product,Low,5.81,Open,Positive
T300195,C13254,O109042,2026-01-25,Delivery,Medium,5.66,Closed,Negative
T300196,C11462,O105153,2026-03-31,Payment,Low,16.01,In Progress,Neutral
T300197,,O105156,2026-01-11,Account,Medium,11.41,Resolved,Positive
T300198,C13045,O106777,2026-08-31,Account,Medium,21.03,Closed,Neutral
T300199,C12866,O108085,2026-09-15,Delivery,Medium,9.47,Resolved,Neutral
T300200,C10230,O107633,2026-01-03,Payment,Critical,8.39,Resolved,Negative
T300201,C10068,O104864,2026-09-14,Product, Critical ,9.16,Resolved,Neutral
T300202,C10940,O102790,2026-04-04,Refund,Critical,9.01,Resolved,Neutral
T300203,C13581,O109391,2026-03-29,Account,Medium,13.16,Closed,Neutral
T300204,C13840,O102249,2026-01-19,Delivery,Low,1.87,In Progress,Negative
T300205,C12118,O102955,2026-03-08,Account,Critical,18.38,Resolved,Neutral
T300206,C10004,O108635,2026-07-02,Account,Low,12.97,Resolved,Negative
T300207,C10989,O109950,2026-04-01,Account,Low,10.08,Resolved,Positive
T300208,C11024,O102994,2026-02-28,Delivery,Medium,26.2,In Progress,Negative
T300209,C11376,O100115,2026-01-03,Payment,Medium,28.14,Resolved,Neutral
T300210,C10150,O101783,2026-05-21,Payment,Medium,16.07,Resolved,Positive
T300211,C12995,O103990,2026-03-15,Product,Low,13.85,Closed,Neutral
T300212,C11323,O109709,2026-04-11,,Low,10.03,Open,Neutral
T300213,C12777,O105758,2026-06-26,Payment,Medium,28.94,Resolved,Neutral
T300214,C12902,O102037,2026-05-13,Payment,Low,9.75,Resolved,Negative
T300215,C10526,O102903,2026-09-09,Refund,Medium,6.44,In Progress,Negative
T300216,C12106,O106154,2026-02-11,Payment,High,31.36,Closed,Negative
T300217,C11029,O103314,2026-04-19,Account,Medium,7.73,Closed,Negative
T300218,C12097,O102313,2026-01-26,Account,Medium,22.73,In Progress,Neutral
T300219,C11850,O108830,2026-03-22,Product,Medium,21.18,Resolved,Neutral
T300220,C10876,O106308,2026-09-08,Product,Medium,11.8,Resolved,Neutral
T300221,C11032,O106905,2026-03-08,Payment,Medium,26.68,Open,Negative
T300222,C11000,O103093,2026-01-06,Refund,Medium,10.63,Resolved,Neutral
T300223,C12903,O100532,2026-03-27,Account,Medium,9.62,Resolved,Neutral
T300224,C10524,O102621,2026-06-11,Account,High,19.36,Resolved,Neutral
T300225,C12759,O102946,2026-02-14,Refund,Low,31.19,Closed,Negative
T300226,C12220,O100458,2026-01-12,Refund,Low,11.66,Resolved,Positive
T300227,C10363,O109601,2026-01-08,Refund,high,19.14,Resolved,Negative
T300228,C12451,O101448,2026-03-27,Account,,12.24,Resolved,Neutral
T300229,C10446,O100947,2026-03-28,,High,16.23,Resolved,Neutral
T300230,C12428,O101675,2026-09-03,Account,Medium,15.21,In Progress,Neutral
T300231,C10096,O105435,2026-03-11,Account,Low,10.5,Closed,Positive
T300232,C13455,O104110,2026-07-04,,Medium,24.98,Open,Negative
T300233,C11119,O102519,2026-08-26,Refund,Low,20.75,Resolved,Neutral
T300234,C10665,O106476,2026-05-07,Payment,High,11.42,In Progress,Positive
T300235,C12753,O109369,2026-06-20,Product,Medium,14.5,Resolved,Negative
T300236,C11969,O107376,2026-05-09,Product,Critical,24.19,Resolved,Neutral
T300237,C10554,O109606,2026-04-19,Account,MEDIUM,16.53,Closed,Negative
T300238,,O106961,2026-03-28,Payment,Medium,25.7,In Progress,Negative
T300239,C12053,O103054,2026-08-09,product,Medium,8.19,Resolved,Neutral
T300240,C10240,O109730,2026-01-18,Account,Medium,16.48,Closed,Neutral
T300241,C11765,O102455,2026-04-29,Account,Low,8.05,Resolved,Positive
T300242,C13088,O108017,2026-04-02,Payment, ,17.77,Resolved,Negative
T300243,C12709,O104066,2026-03-29, Delivery ,Medium,16.4,Resolved,Positive
T300244,C12523,O109282,2026-06-03,Product,Medium,10.05,Resolved,Positive
T300245,C11153,O104836,2026-01-26,Delivery,Low,12.22,Resolved,Negative
T300246,C13052,O101538,2026-01-03,Product,Low,4.14,Open,Negative
T300247,C10591,O104070,2026-08-28,Account,High,17.41,Closed,Negative
T300248,C11145,O103156,2026-08-31,Refund,Medium,5.59,Closed,Negative
T300249,C11815,O102881,2026-01-17,Refund,Low,23.53,Resolved,Neutral
T300250,C11752,O103502,2026-01-07,Payment,Low,29.14,Resolved,Neutral
T300251,C12037,O100013,2026-04-30,Refund,Low,11.4,Closed,Positive
T300252,C13107,O103810,2026-09-04,Refund,High,38.54,Resolved,Negative
T300253,C12300,O100217,2026-02-23,Product,Low,6.14,Resolved,Negative
T300254,C11945,O106281,2026-09-09,Payment,Medium,7.81,Closed,Neutral
T300255,C12947,O106032,2026-02-24,Refund, High ,19.37,Resolved,Neutral
T300256,C13788,O106976,2026-06-27,Product,High,7.52,In Progress,Neutral
T300257,C11919,O106196,2026-01-26,Refund,Medium,14.95,Resolved,Negative
T300258,C13141,O100120,2026-07-14,Product,Low,10.77,Closed,Negative
T300259,C12917,O108152,2026-06-17,Account,Low,10.13,Resolved,Neutral
T300260,C10034,O108728,2026-03-17,Delivery,Critical,18.99,Resolved,Negative
T300261,C12087,O100700,2026-05-31,Delivery,Medium,4.94,Resolved,Negative
T300262,C12845,O105087,2026-07-15,Delivery,High,15.25,Closed,Neutral
T300263,C11970,O108599,2026-01-07,Product,Low,9.42,Resolved,Positive
T300264,C11599,O105881,2026-07-09,Account,Low,8.48,Resolved,Neutral
T300265,C13437,O104012,2026-03-24,Account,Low,5.97,Resolved,Neutral
T300266,C13278,O105216,2026-01-26,Product,High,7.03,Closed,Positive
T300267,C11519,O108893,2026-06-17,Payment,High,8.95,Open,Negative
T300268,C10425,O104930,2026-03-01,,Medium,23.15,In Progress,Positive
T300269,C10426,O109563,2026-07-03, ,High,10.16,Closed,Neutral
T300270,C10246,O108071,2026-02-13,Account,Low,4.39,Resolved,Positive
T300271,C12962,O103081,2026-04-06,Delivery,CRITICAL,6.7,In Progress,Negative
T300272,C13796,O109213,2026-03-13,Refund,Medium,15.36,Resolved,Neutral
T300273,C12849,O101499,2026-08-02,Product,high,14.0,Resolved,Negative
T300274,C11803,O101521,2026-07-16,Refund,,10.14,Open,Neutral
T300275,C13420,O101130,2026-01-24,Account,Medium,4.81,Open,Negative
T300276,C13010,O102765,2026-01-12,Product,Low,16.39,Resolved,Neutral
T300277,C10850,O102861,2026-08-22,Payment,High,6.43,In Progress,Positive
T300278,C12397,O101103,2026-05-29,Payment,Medium,3.72,Resolved,Positive
T300279,C10247,O100984,2026-05-24,Payment,Medium,6.6,Resolved,Positive
T300280,C13596,O103316,2026-02-26,Product,High,16.54,Resolved,Neutral
T300281,C10504,O107513,2026-02-22,Product,Medium,23.02,Open,Neutral
T300282,C11622,O102966,2026-08-15,Account,Medium,16.64,Resolved,Positive
T300283,C12730,O101527,2026-02-26,Payment,Medium,46.36,In Progress,Neutral
T300284,C11722,O107730,2026-07-11,Refund,Medium,12.93,Resolved,Negative
T300285,C12767,O105012,2026-02-01,Payment,High,14.03,In Progress,Neutral
T300286,C13199,O106766,2026-05-01,Refund,Low,3.64,Resolved,Negative
T300287,C13990,O108651,2026-07-27,Account,Low,18.74,Resolved,Negative
T300288,C13208,O107599,2026-06-01,Account,Low,8.99,Open,Negative
T300289,C13378,O108588,2026-09-14,,Medium,11.59,Resolved,Neutral
T300290,C10919,O102137,2026-09-08,Delivery,Medium,9.34,Resolved,Negative
T300291,C13629,O105905,2026-05-08,Refund,MEDIUM,5.32,In Progress,Positive
T300292,C13865,O105271,2026-08-30,,Medium,19.23,Resolved,Negative
T300293,C10091,O107358,2026-03-06,Refund,High,5.22,Resolved,Positive
T300294,C10622,O102175,2026-06-26,Delivery,Medium,5.25,Resolved,Positive
T300295,C10962,O100299,2026-01-11,Product,Low,8.13,Open,Neutral
T300296,C11628,O107647,2026-02-24,Delivery,Low,25.6,Closed,Neutral
T300297,C12499,O103781,2026-03-16,Account,Medium,20.87,Resolved,Positive
T300298,C10424,O104141,2026-06-11,Delivery,High,9.77,In Progress,Positive
T300299,C77777,O105834,2026-08-07,,Medium,18.17,Resolved,Positive
T300300,C10365,O109402,2026-05-23,Account,Medium,33.34,Resolved,Negative
T300301,C11699,O108001,2026-04-15,Delivery,Low,14.74,Closed,Negative
T300302,C12761,O100948,2026-05-18,Payment,High,5.52,Resolved,Neutral
T300303,C12565,O101095,2026-04-28,Product,High,17.8,In Progress,Negative
T300304,C10093,O108559,2026-03-11,Delivery,High,3.56,Resolved,Neutral
T300305,C12690,O102193,2026-08-15,,Low,32.29,Resolved,Neutral
T300306,C10913,O107832,2026-08-07,Delivery,High,15.59,Resolved,Neutral
T300307,C13158,O100377,2026-09-09,Refund,Medium,6.7,Open,Neutral
T300308,C10652,O107435,2026-02-08,Account,Medium,17.9,Closed,Positive
T300309,C12399,O105436,2026-06-21,Account,Medium,3.29,Resolved,Neutral
T300310,C12936,O105812,2026-06-09,Refund,High,11.77,Resolved,Negative
T300311,C12502,O103867,2026-04-05,Product,Medium,16.2,In Progress,Neutral
T300312,C10454,O105850,2026-06-23,Payment,Medium,8.29,Resolved,Positive
T300313,C12181,O104776,2026-06-15,Product,medium,22.41,Closed,Negative
T300314,C13777,O106495,2026-09-06,Product,Critical,14.58,Resolved,Negative
T300315,C11644,O102214,2026-02-11,Payment,Medium,6.31,In Progress,Neutral
T300316,C13117,O105754,2026-06-04,Payment,High,26.05,Closed,Negative
T300317,C10424,O108590,2026-08-13,Delivery,Critical,3.42,In Progress,Negative
T300318,C10232,O104221,2026-09-12,Product,Medium,13.38,Resolved,Neutral
T300319,C13260,O108501,2026-01-27,,Low,7.66,In Progress,Neutral
T300320,C13034,O106806,2026-01-23,Refund,Medium,37.5,Closed,Neutral
T300321,C11407,O103362,2026-08-28,Product,Low,10.96,In Progress,Positive
T300322,C13187,O105922,2026-02-15,Delivery,Low,12.91,Resolved,Negative
T300323,C13392,O101328,2026-02-12,Payment,Medium,7.94,Resolved,Neutral
T300324,C10796,O103865,2026-01-25,Delivery,Medium,15.17,In Progress,Negative
T300325,C10528,O104449,2026-04-29,Payment,Medium,2.22,Resolved,Negative
T300326,C11956,O108707,2026-07-07,Payment,High,20.85,Closed,Negative
T300327,C10359,O108358,2026-04-07,Refund,High,20.16,Resolved,Positive
T300328,C10317,O109924,2026-04-23,product,Low,5.38,Open,Negative
T300329,C11275,O106578,2026-07-25,Account,Medium,4.07,Open,Neutral
T300330,C13864,O109390,2026-04-25,Account,Medium,2.27,Open,Neutral
T300331,C12770,O101491,2026-06-28,Refund,Critical,12.26,Resolved,Negative
T300332,C13493,O103038,2026-03-18,Product,Medium,17.17,Resolved,Negative
T300333,C11324,O109840,2026-02-28,Payment,Medium,38.76,In Progress,Neutral
T300334,C10422,O107766,2026-08-29,Payment,High,14.63,In Progress,Neutral
T300335,C12669,O103333,2026-04-02,Delivery,Medium,12.65,Resolved,Positive
T300336,C13079,O107493,2026-04-14,Product,Low,22.38,Closed,Positive
T300337,C13998,O105798,2026-05-17,Refund,Medium,19.72,Resolved,Negative
T300338,C11237,O107567,2026-01-06,Delivery,Medium,21.18,Resolved,Neutral
T300339,C13203,O107927,2026-06-23,Delivery,Low,4.24,Closed,Neutral
T300340,C10056,O102950,2026-02-14,Refund,Medium,8.24,Resolved,Neutral
T300341,C13468,O103376,2026-07-10,Delivery,Low,6.23,Resolved,Neutral
T300342,C13413,O108857,2026-06-14,,Medium,32.03,Resolved,Positive
T300343,C10637,O100354,2026-08-11,Payment,Low,8.97,Resolved,Negative
T300344,C11050,O103000,2026-08-04,Refund,Medium,2.88,Resolved,Neutral
T300345,C13562,O106845,2026-05-07,Refund,Low,5.96,Resolved,Negative
T300346,C12621,O107093,2026-02-26,Product,High,9.21,Closed,Negative
T300347,C10032,O102250,2026-05-20,Product,Low,46.34,Closed,Negative
T300348,C13894,O103217,2026-04-24,Delivery,High,23.05,Closed,Negative
T300349,C12218,O100265,2026-08-27,Product,High,9.55,Closed,Neutral
T300350,C11197,O103814,2026-01-29,Refund,Low,12.51,Open,Positive
T300351,C11299,O106391,2026-07-12,Refund,Medium,5.5,Resolved,Neutral
T300352,C13269,O109182,2026-02-26,Product,High,3.11,Open,Negative
T300353,C11031,O101126,2026-02-02,Refund,High,19.29,Resolved,Neutral
T300354,C13175,O109576,2026-06-25,Product,Low,14.1,Resolved,Neutral
T300355,C12247,O102177,2026-06-05,Payment,High,10.5,Resolved,Neutral
T300356,C11470,O107613,2026-03-16,Refund, ,26.09,Closed,Positive
T300357,C10276,O109303,2026-03-01,Delivery,High,10.87,Closed,Negative
T300358,C11743,O104605,2026-02-27,Delivery,Medium,14.91,Resolved,Positive
T300359,C13692,O103001,2026-09-14,Product,low,30.39,Closed,Positive
T300360,C10203,O105059,2026-06-23,Product,Medium,11.06,Open,Positive
T300361,C10040,O104962,2026-05-12,Payment,High,6.07,Open,Negative
T300362,C12707,O100187,2026-02-28,Account,Medium,17.19,Open,Negative
T300363,C13107,O108765,2026-03-17,Delivery,Low,10.93,Resolved,Negative
T300364,C11117,O100607,2026-07-17,Refund,Low,46.75,Closed,Negative
T300365,C12931,O108670,2026-06-16,Payment,Medium,19.33,In Progress,Neutral
T300366,C11644,O107889,2026-06-21,Product,,14.52,In Progress,Neutral
T300367,C11232,O108554,2026-03-02,Refund,Medium,2.81,In Progress,Neutral
T300368,C11730,O104049,2026-09-01,Delivery,Medium,4.93,In Progress,Positive
T300369,C13806,O100838,2026-04-16,Account,Medium,36.3,In Progress,Positive
T300370,C13678,O107117,2026-04-30,Account,High,13.52,In Progress,Neutral
T300371,C10938,O101114,2026-07-21,Refund,High,35.5,Open,Positive
T300372,C10038,O107982,2026-07-19,Payment,Medium,43.67,Closed,Neutral
T300373,C13051,O101165,2026-08-05,Payment,high,9.19,Resolved,Negative
T300374,C13086,O109674,2026-06-06,Refund,Low,7.71,Resolved,Positive
T300375,C12737,O109311,2026-03-03, Delivery ,Low,6.51,Resolved,Negative
T300376,C10649,O103241,2026-05-23,Product,Medium,6.22,Resolved,Negative
T300377,C10102,O102860,2026-04-25,Payment,Medium,25.49,Resolved,Neutral
T300378,C10305,O107853,2026-02-15,Refund,Medium,12.7,In Progress,Negative
T300379,C12665,O109449,2026-04-22,Delivery,High,28.37,Open,Neutral
T300380,C10587,O109425,2026-08-19,Delivery,Low,20.97,In Progress,Neutral
T300381,C13415,O104499,2026-05-16,Refund,Low,15.07,Resolved,Negative
T300382,C13948,O100058,2026-01-12,Refund,Critical,12.37,Closed,Neutral
T300383,C11604,O100591,2026-01-01,refund,High,24.02,Resolved,Negative
T300384,C11959,O109256,2026-02-17,Product,Low,11.73,Resolved,Neutral
T300385,C12082,O102162,2026-01-30,Delivery,Medium,18.22,Open,Positive
T300386,C11326,O100141,2026-03-01,Payment,Medium,12.31,Resolved,Neutral
T300387,C10261,O105833,2026-02-25,Account,High,20.05,Resolved,Neutral
T300388,C10058,O107566,2026-01-03,ACCOUNT,Low,20.03,Open,Neutral
T300389,C11784,O101163,2026-07-29,Payment,High,9.54,Closed,Negative
T300390,C10446,O108007,2026-05-07,Account,Medium,42.9,Open,Neutral
T300391,C12692,O104378,2026-03-26,Account,Medium,22.96,Resolved,Neutral
T300392,C13460,O109499,2026-04-03,Account,Critical,12.39,In Progress,Positive
T300393,C10145,O101643,2026-05-21,Refund,High,4.31,Resolved,Negative
T300394,C10577,O102340,2026-05-19,Account,Medium,50.07,Resolved,Negative
T300395,C11073,O104740,2026-05-01,Account,Medium,13.84,Resolved,Neutral
T300396,C13438,O102999,2026-03-23,Refund,Critical,16.78,Open,Negative
T300397,C11175,O104006,2026-07-16,Refund,High,13.11,Resolved,Negative
T300398,C10190,O104324,2026-06-27,REFUND,Medium,10.69,Resolved,Positive
T300399,C10962,O102354,2026-05-16,Product,Medium,30.54,Resolved,Negative
T300400,C11351,O105032,2026-06-10,Account,Medium,15.61,In Progress,Negative
T300401,C10842,O106422,2026-02-11,Refund,Critical,6.3,Resolved,Neutral
T300402,C12197,O106187,2026-09-14,Account,Medium,11.42,Closed,Negative
T300403,C12817,O104189,2026-03-03,Refund,Low,15.68,Resolved,Negative
T300404,C12420,O102689,2026-09-07,Product,High,29.92,Resolved,Negative
T300405,C11783,O100286,2026-09-14,Delivery,Medium,8.62,In Progress,Neutral
T300406,C10784,O104012,2026-06-19,Account,Medium,23.94,Resolved,Neutral
T300407,C13517,O106680,2026-06-16,Product,High,8.11,Resolved,Positive
T300408,C11023,O107623,2026-02-03,Payment,High,20.06,Closed,Positive
T300409,C12146,O105491,2026-08-19,Account,Medium,9.01,Resolved,Positive
T300410,C13236,O105047,2026-02-27,Product,,9.74,Resolved,Neutral
T300411,C12307,O104105,2026-06-27, Payment ,High,31.7,Open,Negative
T300412,C11124,O105935,2026-05-26,Product,Low,23.77,Closed,Negative
T300413,C10193,O107531,2026-05-03,Refund,High,4.73,Resolved,Neutral
T300414,C11654,O103801,2026-07-25,Delivery,Medium,12.92,Resolved,Negative
T300415,C11773,O102459,2026-01-21,Payment,Medium,43.39,Resolved,Negative
T300416,C12167,O104388,2026-04-20,Payment,High,12.93,Closed,Neutral
T300417,C11410,O106338,2026-05-19,Payment,Medium,23.79,Resolved,Negative
T300418,C12636,O109090,2026-07-07,Product,Low,15.56,Resolved,Neutral
T300419,C11187,O106536,2026-05-12,Delivery,Medium,49.14,Closed,Negative
T300420,C13408,O107765,2026-04-15,Product,Medium,5.51,Closed,Negative
T300421,C12084,O105934,2026-01-15,Account,Medium,15.42,Resolved,Neutral
T300422,C13649,O109160,2026-05-26,Payment,,14.93,Resolved,Neutral
T300423,C12914,O102320,2026-05-20,Product,Medium,15.08,Closed,Positive
T300424,C11705,O109543,2026-01-26,Account,Medium,18.43,Closed,Positive
T300425,C12391,O104576,2026-01-24,Account,Low,10.19,Resolved,Neutral
T300426,C10425,O109932,2026-02-05,Payment,Medium,7.0,Open,Positive
T300427,C12510,O108907,2026-01-18,Delivery,Medium,7.58,In Progress,Positive
T300428,C13857,O107725,2026-01-03,Account, High ,15.49,Resolved,Negative
T300429,,O107216,2026-08-02,Refund,Medium,19.67,In Progress,Neutral
T300430,C10288,O100575,2026-06-16,Refund,Medium,18.76,Resolved,Neutral
T300431,C12283,O109922,2026-07-25,Refund,Critical,16.93,In Progress,Negative
T300432,C12228,O105199,2026-02-17,Refund,Low,-12.0,Resolved,Positive
T300433,C10550,O101394,2026-04-21,Payment,Medium,11.86,Resolved,Positive
T300434,C13626,O101180,2026-04-07,Account,Low,27.58,Resolved,Negative
T300435,C10548,O109176,2026-04-08,Delivery,Medium,5.61,Closed,Negative
T300436,C13948,O105760,2026-02-13,Payment,Low,35.02,Resolved,Neutral
T300437,C13829,O105275,2026-07-23,Payment,High,22.93,Open,Neutral
T300438,C13345,O102442,2026-08-29,Delivery,Medium,20.3,Open,Positive
T300439,C10898,O101286,2026-03-28,Payment,Low,14.84,Closed,Neutral
T300440,C11536,O103417,2026-07-19,Product,Critical,18.85,Closed,Neutral
T300441,C11974,O101978,2026-07-17,Payment,Medium,4.93,Resolved,Neutral
T300442,C13658,O106713,2026-05-28,Account,Low,16.62,Closed,Neutral
T300443,C12813,O103559,2026-01-09,Payment,Medium,29.0,In Progress,Neutral
T300444,C11531,O105620,2026-05-02,Account,Medium,6.29,Closed,Positive
T300445,C12109,O101688,2026-01-25,Account,Low,27.58,Closed,Negative
T300446,C10474,O100847,2026-08-17,Delivery,Low,20.7,Resolved,Negative
T300447,C13222,O100663,2026-06-27,Refund,Low,21.63,Resolved,Neutral
T300448,C10576,O106910,2026-01-02,Delivery,Medium,5.99,Resolved,Negative
T300449,C10205,O107440,2026-06-22,Product,Low,20.97,In Progress,Neutral
T300450,C11375,O106114,2026-01-14,Refund,Low,7.23,Closed,Positive
T300451,C12102,O101870,2026-08-09,Refund,Low,30.35,Closed,Neutral
T300452,C11829,O109583,2026-05-23,Payment,High,13.03,Resolved,Negative
T300453,C12368,O104399,2026-01-11,Delivery, Low ,20.09,Resolved,Negative
T300454,C10526,O106924,2026-03-01,Account,Medium,2.32,Resolved,Positive
T300455,C11809,O105118,2026-01-31,Product,High,7.74,Open,Positive
T300456,C13303,O105559,2026-07-12,Product,Medium,12.19,Resolved,Negative
T300457,C10761,O106426,2026-08-18,Account,Medium,8.01,Resolved,Neutral
T300458,C11532,O103698,2026-02-26,Refund,Critical,6.29,Closed,Neutral
T300459,C13666,O108647,2026-01-30,Refund,Medium,12.04,Resolved,Neutral
T300460,C11242,O100062,2026-02-23,,Low,5.09,Resolved,Negative
T300461,C13229,O108550,2026-08-15,Delivery,Medium,-12.0,Closed,Negative
T300462,C11565,O108647,2026-07-12,Product,High,19.6,In Progress,Positive
T300463,C10360,O106374,2026-07-09,Product,LOW,9.22,Closed,Negative
T300464,C13692,O107476,2026-02-20,Refund,,21.43,Resolved,Neutral
T300465,C11103,O100168,2026-01-10,Product,High,20.19,Closed,Negative
T300466,C10992,O108905,2026-06-16,Account,High,36.98,Resolved,Neutral
T300467,C11516,O109221,2026-03-25,Delivery,Medium,9.75,Resolved,Negative
T300468,C11995,O105694,2026-01-14,Product,High,18.5,Resolved,Neutral
T300469,C11201,O106656,2026-07-15,Refund,Medium,14.65,Open,Neutral
T300470,C13005,O106071,2026-06-18,,High,7.6,Resolved,Negative
T300471,C11722,O109215,2026-04-21,,Medium,20.53,Closed,Positive
T300472,C10287,O105648,2026-09-13,Account,Critical,9.65,Closed,Positive
T300473,C13590,O105755,2026-05-29,Product,Low,31.81,Resolved,Neutral
T300474,C12338,O104817,2026-05-20,Refund,High,8.6,Closed,Positive
T300475,C11375,O109606,2026-07-01,Payment,Medium,11.58,Resolved,Positive
T300476,C13625,O108192,2026-07-02,Delivery,High,7.85,Resolved,Negative
T300477,C13979,O106643,2026-04-11,Product,Medium,13.23,Resolved,Neutral
T300478,C13570,O102837,2026-04-07,,Medium,7.45,Resolved,Neutral
T300479,C10731,O101228,2026-02-13,Account,High,6.11,Resolved,Neutral
T300480,C10157,O101652,2026-07-06,Refund,Medium,13.07,Closed,Positive
T300481,C13441,O109922,2026-08-11,Payment,Medium,8.49,Resolved,Neutral
T300482,C11931,O108235,2026-07-17,Payment,High,7.34,Closed,Neutral
T300483,C12858,O109115,2026-06-20,Account,High,8.15,Resolved,Positive
T300484,C11940,O105996,2026-05-12,Refund,High,15.93,Resolved,Negative
T300485,C10788,O109305,2026-05-06,Delivery,Low,5.84,Resolved,Negative
T300486,C13287,O100850,2026-05-11,Delivery,Medium,9.99,Closed,Neutral
T300487,C13529,O107437,2026-08-25,Payment,Low,10.2,Closed,Positive
T300488,C11483,O107631,2026-02-24,Delivery,Medium,24.39,Resolved,Negative
T300489,C13517,O109665,2026-03-17,Account,Low,9.18,Closed,Neutral
T300490,C11332,O104099,2026-07-30,Delivery,,13.44,Resolved,Negative
T300491,C10027,O100501,2026-03-05,,High,3.29,Resolved,Neutral
T300492,C11143,O108648,2026-01-04,Product,Medium,26.27,Resolved,Neutral
T300493,C11361,O103701,2026-08-29,,Critical,16.11,Resolved,Positive
T300494,C10686,O105032,2026-07-12,Account,Medium,23.69,Open,Neutral
T300495,C10114,O101299,2026-05-03,Account,Medium,7.77,In Progress,Positive
T300496,C13320,O109261,2026-04-01,Account,High,16.84,Resolved,Neutral
T300497,C11424,O105081,2026-01-31,Payment,Medium,12.63,In Progress,Negative
T300498,C13438,O101920,2026-02-11,Delivery,Low,6.02,In Progress,Negative
T300499,C12530,O108699,2026-08-26,product,Low,16.25,Resolved,Positive
T300500,C11121,O105651,2026-01-21,Product,Medium,12.36,Resolved,Neutral
T300501,C12966,O102028,2026-04-22,Delivery,Medium,11.65,Resolved,Neutral
T300502,C13932,O104491,2026-01-12,Payment,Low,19.23,Resolved,Neutral
T300503,C11098,O104145,2026-09-09,Delivery,Low,18.4,Closed,Neutral
T300504,C11579,O106459,2026-03-03,Product,Medium,7.5,Resolved,Neutral
T300505,C10517,O102663,2026-08-26,Payment,High,17.84,Resolved,Positive
T300506,C11537,O104900,2026-08-05,Product,Medium,32.36,Resolved,Negative
T300507,C13873,O103869,2026-03-07,Refund,Low,18.26,Resolved,Positive
T300508,C10239,O104596,2026-05-08,Payment,Medium,13.37,Open,Neutral
T300509,C10665,O105247,2026-03-30,Refund,Low,19.38,Resolved,Negative
T300510,C11333,O105746,2026-06-17,Account,Low,2.0,Closed,Neutral
T300511,C12898,O105148,2026-06-21,Product,Low,5.96,In Progress,Negative
T300512,C10548,O105083,2026-02-28,Product,Medium,11.44,Closed,Neutral
T300513,C10596,O103270,2026-02-13,Delivery,Medium,21.04,Resolved,Neutral
T300514,C10762,O100332,2026-03-01,Account,Medium,16.67,Open,Neutral
T300515,,O102104,2026-03-26,Refund,Low,24.23,Resolved,Positive
T300516,C11466,O103441,2026-08-14,Payment,Medium,7.77,Open,Neutral
T300517,C12869,O106293,2026-08-26,Product,Low,30.1,Resolved,Neutral
T300518,C13447,O100510,2026-08-03,Product,Low,19.84,Closed,Negative
T300519,C12035,O102842,2026-02-20,Delivery,Medium,11.0,Resolved,Negative
T300520,C12762,O108809,2026-07-05,,High,16.54,Resolved,Negative
T300521,C11412,O102653,2026-02-18,Account,low,34.73,Resolved,Negative
T300522,C12027,O107093,2026-01-16,Refund,Critical,6.18,In Progress,Positive
T300523,C11509,O102397,2026-08-19,Refund,Medium,11.83,Resolved,Positive
T300524,C12864,O104056,2026-09-15,Delivery,High,41.63,Open,Neutral
T300525,C13612,O103726,2026-05-17,Product,Medium,18.44,Resolved,Positive
T300526,C10044,O107862,2026-06-09,Refund,high,6.38,Resolved,Negative
T300527,C11669,O101142,2026-03-06,Refund,Low,13.96,Closed,Neutral
T300528,C13838,O101152,2026-05-15,Account,Medium,12.55,Resolved,Neutral
T300529,C11220,O104433,2026-07-19,Product,Medium,12.63,In Progress,Neutral
T300530,C10282,O109380,2026-08-28,payment,Medium,8.63,In Progress,Neutral
T300531,C12896,O106854,2026-08-11,Delivery,High,20.26,Closed,Negative
T300532,C11069,O107906,2026-01-10,Product,Medium,14.13,Resolved,Positive
T300533,C13454,O106064,2026-02-01,Product,Medium,10.28,Resolved,Neutral
T300534,C13057,O106697,2026-05-11,Product,High,27.85,Closed,Negative
T300535,C12100,O106274,2026-03-13,Product,,9.61,Resolved,Neutral
T300536,C11151,O102946,2026-06-26,Product,Medium,28.13,Open,Negative
T300537,C10942,O106137,2026-08-16,Delivery,Medium,15.02,Resolved,Negative
T300538,C11177,O107147,2026-07-30,Delivery,Medium,9.83,Resolved,Positive
T300539,C12028,O103347,2026-06-11,Account,Low,18.29,Resolved,Positive
T300540,C10404,O103524,2026-09-12,Refund,Medium,11.74,In Progress,Negative
T300541,C12051,O101013,2026-02-17,Product,High,16.14,Open,Neutral
T300542,C11254,O101242,2026-04-05,Payment,Medium,38.02,Resolved,Neutral
T300543,C10935,O106066,2026-06-23,Product,Critical,27.25,Resolved,Negative
T300544,C11577,O100882,2026-05-12,Refund,Medium,19.18,Resolved,Neutral
T300545,C13561,O105524,2026-06-02,Refund,Low,0.47,Closed,Negative
T300546,C11571,O106190,2026-06-29,Product,Critical,14.71,Resolved,Neutral
T300547,C10599,O100603,2026-06-04,Payment,High,12.68,Resolved,Negative
T300548,,O104530,2026-08-14,Account,Low,7.48,Resolved,Negative
T300549,C13175,O105148,2026-06-30,Product,High,12.75,Resolved,Negative
T300550,C10891,O101071,2026-02-14,Product,Medium,6.48,Resolved,Positive
T300551,C11113,O106881,2026-07-20,Refund,Medium,9.39,Resolved,Neutral
T300552,C12590,O109794,2026-02-02,Delivery,Medium,8.62,Resolved,Negative
T300553,C12196,O101875,2026-05-11,Account,Low,9.04,Resolved,Neutral
T300554,,O109967,2026-01-10,Refund,Medium,13.3,Resolved,Positive
T300555,C10170,O101778,2026-02-04,Refund,Medium,11.82,Open,Negative
T300556,C11223,O103469,2026-05-16,Product,Low,37.87,Open,Neutral
T300557,C11145,O105986,2026-01-15,Delivery,High,30.31,Resolved,Negative
T300558,C13694,O105327,2026-01-11,,High,15.43,In Progress,Positive
T300559,C13354,O100060,2026-06-21,Refund,Low,6.14,Resolved,Negative
T300560,C13869,O101428,2026-06-05,Delivery,Medium,8.59,Open,Neutral
T300561,C11036,O103943,2026-06-03,Payment,Medium,12.35,Resolved,Neutral
T300562,C11110,O100333,2026-06-09,Account,High,6.82,Resolved,Neutral
T300563,C12582,O106556,2026-08-05,Product,High,16.16,Resolved,Neutral
T300564,C13727,O107050,2026-03-29,delivery, ,5.1,Closed,Negative
T300565,C11196,O105464,2026-07-11,Payment,Medium,34.96,Resolved,Neutral
T300566,C13787,O103388,2026-03-16,Delivery,Low,5.86,In Progress,Negative
T300567,C10041,O105055,2026-02-26,Refund,Medium,12.79,Resolved,Negative
T300568,C13432,O103010,2026-08-04,Product,Critical,8.83,Resolved,Neutral
T300569,C11498,O107556,2026-06-28,Refund,Low,4.97,Resolved,Neutral
T300570,C11610,O109264,2026-05-07,Payment,Low,12.82,Resolved,Positive
T300571,C11945,O105555,2026-08-22,Account,High,22.51,Resolved,Negative
T300572,C13459,O102412,2026-04-22,Product,Medium,11.22,Resolved,Positive
T300573,C10052,O101119,2026-01-25,Refund,Medium,11.76,Open,Positive
T300574,C13163,O104635,2026-08-23,Account,Medium,13.97,In Progress,Neutral
T300575,C12126,O107730,2026-07-26, Account ,Medium,5.82,Resolved,Negative
T300576,C13845,O109218,2026-07-19,Product,Low,10.67,Resolved,Positive
T300577,C10607,O100924,2026-07-25,Product,Medium,17.46,Resolved,Negative
T300578,C12004,O104047,2026-09-06,,Low,21.01,Open,Positive
T300579,C13262,O106838,2026-07-02,Payment,High,30.47,Closed,Neutral
T300580,C13268,O108210,2026-03-19,Delivery,Low,18.96,Resolved,Negative
T300581,C12587,O100231,2026-05-12,Refund, Medium ,9.84,In Progress,Neutral
T300582,C12914,O108851,2026-06-02,Product,Medium,18.06,Resolved,Neutral
T300583,,O100880,2026-04-04,Account,Low,5.45,Resolved,Negative
T300584,C11024,O102491,2026-01-08,Payment,Medium,10.89,In Progress,Neutral
T300585,C12355,O109576,2026-05-04,Account,Low,22.05,Resolved,Neutral
T300586,C11445,O107325,2026-02-23,Product,Medium,9.54,Resolved,Neutral
T300587,C10576,O105864,2026-06-14,Delivery,Low,16.51,Resolved,Negative
T300588,C12823,O103935,2026-09-04,Refund,Critical,8.81,Resolved,Neutral
T300589,C13045,O103663,2026-09-10,Product,High,9.64,Resolved,Positive
T300590,C11658,O102869,2026-01-05,Delivery,Medium,13.67,Resolved,Negative
T300591,C10544,O103442,2026-07-27,Payment,Critical,4.26,Open,Positive
T300592,C11297,O103222,2026-06-27,Delivery,Medium,16.7,In Progress,Negative
T300593,C11875,O100395,2026-02-03,Product,Critical,16.64,Resolved,Positive
T300594,C11084,O100810,2026-02-22,Account,Medium,28.27,Open,Neutral
T300595,C12261,O103988,2026-03-09,Account,High,25.14,Open,Positive
T300596,C11517,O100739,2026-05-23,,Medium,23.73,Resolved,Negative
T300597,C10470,O108996,2026-07-08,Account,Medium,16.69,Open,Negative
T300598,C13654,O100521,2026-01-30,Refund,Medium,26.24,Resolved,Neutral
T300599,C13731,O109747,2026-08-31,Delivery,Medium,12.9,Resolved,Negative
T300600,C12180,O105302,2026-08-13,Delivery,Medium,33.15,Resolved,Negative
T300601,C10095,O106460,2026-04-30,Refund,Low,9.43,In Progress,Positive
T300602,C11599,O101884,2026-08-12, Account ,Low,11.75,Resolved,Neutral
T300603,C10876,O109873,2026-04-25,Product,Medium,5.83,Resolved,Neutral
T300604,C13002,O108480,2026-06-17,Payment,Low,16.86,Closed,Positive
T300605,C12334,O103465,2026-01-22,Delivery,Low,4.15,Resolved,Negative
T300606,C11873,O109520,2026-08-04,Refund,,9.26,Open,Neutral
T300607,C12416,O105219,2026-01-25,Account,Medium,11.15,Open,Neutral
T300608,C13987,O107093,2026-02-22,Delivery,Medium,18.35,Resolved,Neutral
T300609,C12304,O108612,2026-03-13,Account,High,11.98,Resolved,Neutral
T300610,C10733,O101722,2026-03-16,Delivery,Critical,17.21,Resolved,Neutral
T300611,C12186,O100050,2026-08-24,Delivery,Medium,17.33,Resolved,Negative
T300612,C10618,O100471,2026-03-03,Account,Low,4.64,Resolved,Neutral
T300613,C12991,O104409,2026-08-03,Refund,Low,3.49,Resolved,Neutral
T300614,C11911,O101307,2026-08-01,Payment,Low,29.23,In Progress,Neutral
T300615,C13845,O108019,2026-03-29,Refund,Medium,7.84,Resolved,Negative
T300616,C12606,O102516,2026-04-16,Refund,High,17.72,In Progress,Positive
T300617,C11746,O105728,2026-04-28,Payment,Medium,13.2,Closed,Neutral
T300618,C13002,O107827,2026-07-03,Refund,Low,11.32,Resolved,Positive
T300619,C11481,O102434,2026-04-03,Account,Medium,39.15,Resolved,Negative
T300620,C11350,O106096,2026-08-03, Refund ,Medium,10.15,Open,Neutral
T300621,C11509,O103195,2026-01-01,Refund,Medium,21.88,Closed,Neutral
T300622,C11393,O103178,2026-02-13,Refund,Low,22.26,In Progress,Neutral
T300623,C11941,O101567,2026-08-25,Refund,Medium,2.16,Resolved,Neutral
T300624,C10373,O105015,2026-08-18,Payment, Medium ,10.88,Resolved,Positive
T300625,C13233,O100035,2026-03-30,Product,Medium,2.11,Resolved,Neutral
T300626,C13647,O109517,2026-08-02,Refund,Medium,19.82,In Progress,Negative
T300627,C10079,O101294,2026-06-25,Account,Medium,5.01,Resolved,Neutral
T300628,C11360,O105675,2026-06-21,Product,Medium,6.53,Resolved,Negative
T300629,C11644,O106667,2026-02-04,Payment,Medium,17.57,Closed,Neutral
T300630,C10031,O101736,2026-04-15,Account,Medium,7.64,Open,Negative
T300631,C13328,O109822,2026-03-07,Product,Medium,5.76,Resolved,Neutral
T300632,C10314,O105115,2026-08-11,Refund,High,16.23,Resolved,Neutral
T300633,C12797,O107298,2026-02-20,Refund,Medium,29.88,Resolved,Negative
T300634,C10681,O102423,2026-04-08,Refund,Low,12.71,Open,Neutral
T300635,C10320,O100780,2026-06-21,Product,Medium,22.31,Resolved,Neutral
T300636,C10732,O107391,2026-05-14,Payment,Medium,13.1,Resolved,Neutral
T300637,C11065,O102117,2026-03-11,Account,Medium,5.58,Resolved,Neutral
T300638,C11822,O102526,2026-08-20,Delivery,Medium,20.27,Resolved,Positive
T300639,C12395,O106380,2026-01-03,Payment,Medium,4.99,Resolved,Positive
T300640,C11380,O106684,2026-02-12,Refund,Low,33.93,Resolved,Positive
T300641,C10918,O107854,2026-03-07,Product,Medium,12.89,In Progress,Negative
T300642,C13581,O104027,2026-04-20,Account,Medium,15.17,Closed,Neutral
T300643,C13618,O109964,2026-04-14,Payment,Medium,10.72,Resolved,Negative
T300644,C13776,O104352,2026-03-09,account,Medium,21.21,Resolved,Neutral
T300645,C10677,O108427,2026-01-30,Refund,High,6.49,Resolved,Negative
T300646,C13544,O109988,2026-01-27,Payment,Low,12.2,In Progress,Negative
T300647,C12580,O108373,2026-03-27,Account,Medium,12.16,Resolved,Negative
T300648,C10460,O106406,2026-06-16,Product,High,4.75,Closed,Negative
T300649,C10061,O106959,2026-04-25,Delivery,Medium,12.25,Open,Positive
T300650,C11571,O104841,2026-01-23,Account,Medium,8.6,Resolved,Neutral
T300651,C12471,O104733,2026-05-22,Product,Medium,6.9,Resolved,Negative
T300652,C11992,O103014,2026-07-24,Delivery,Low,6.56,Open,Positive
T300653,C10180,O107741,2026-08-30,Delivery,Low,4.59,Closed,Positive
T300654,C10459,O105625,2026-06-08,Delivery,Low,16.47,Resolved,Neutral
T300655,C10247,O106965,2026-01-09,Payment,Medium,26.36,Open,Negative
T300656,C11868,O102030,2026-08-21,Payment,Low,4.5,Resolved,Negative
T300657,C13388,O109843,2026-02-18,Refund,Medium,3.77,Resolved,Neutral
T300658,C10634,O105271,2026-07-10,Account,Low,10.74,Resolved,Neutral
T300659,C10823,O102884,2026-04-23,Refund,Medium,9.53,Resolved,Neutral
T300660,C10866,O105805,2026-04-30,Delivery,Medium,7.52,Resolved,Negative
T300661,C11911,O102586,2026-02-27,Product,Medium,35.37,Resolved,Positive
T300662,C12094,O106741,2026-02-09,Refund,Medium,9.64,Resolved,Positive
T300663,C12795,O109583,2026-06-24,Refund,Low,16.7,Resolved,Positive
T300664,C13242,O100675,2026-07-26,Account,Medium,6.11,Resolved,Positive
T300665,C10700,O103748,2026-06-01,,Medium,14.82,Open,Negative
T300666,C10249,O102515,2026-04-23,Refund,,17.06,Resolved,Neutral
T300667,C12440,O103739,2026-06-15,Refund,Medium,9.44,Resolved,Negative
T300668,C10367,O103313,2026-08-01,Delivery,Critical,8.55,Resolved,Negative
T300669,C10559,O102653,2026-04-01,Delivery,Low,19.02,Resolved,Negative
T300670,C12664,O108611,2026-08-24,Product,Medium,11.77,Resolved,Neutral
T300671,C12017,O108425,2026-06-23,Payment,Low,6.7,In Progress,Neutral
T300672,C11138,O103405,2026-04-09,Payment,Medium,8.53,Resolved,Negative
T300673,C10386,O100487,2026-02-24,Product,Medium,8.02,Resolved,Negative
T300674,C12414,O109018,2026-05-13,Delivery,Medium,10.89,Resolved,Neutral
T300675,C12366,O108194,2026-05-02,Product,,13.11,In Progress,Positive
T300676,C13300,O101995,2026-05-02,delivery,Low,27.27,In Progress,Neutral
T300677,C12405,O100113,2026-07-13,Product,Low,21.39,Open,Neutral
T300678,C10344,O105148,2026-05-28,Account,Medium,12.61,In Progress,Negative
T300679,C10615,O107576,2026-03-19,Delivery,Low,8.51,Resolved,Negative
T300680,C12040,O101284,2026-02-26,Refund,High,23.14,Resolved,Negative
T300681,C13632,O102077,2026-06-26,Account,Medium,6.91,In Progress,Neutral
T300682,C11944,O109849,2026-03-18,Refund,Medium,5.83,In Progress,Neutral
T300683,C10296,O102231,2026-08-01,Account,Medium,15.56,Resolved,Neutral
T300684,C11339,O105729,2026-05-10,Delivery,Medium,2.36,Resolved,Neutral
T300685,C10878,O104951,2026-07-06,Payment,Medium,14.26,Resolved,Neutral
T300686,C10430,O105435,2026-08-28,Payment,Medium,5.95,Resolved,Neutral
T300687,C11978,O106717,2026-02-02,Payment,Low,16.22,Resolved,Neutral
T300688,C10592,O106767,2026-07-13,Refund,Critical,7.31,Open,Positive
T300689,C11128,O104781,2026-07-16,Refund,Medium,47.41,Closed,Negative
T300690,C13200,O106160,2026-04-10,Delivery,Medium,22.16,Resolved,Neutral
T300691,C13010,O107168,2026-04-18,Product,Critical,16.29,Open,Negative
T300692,C13778,O108219,2026-01-25,Payment,Medium,3.99,In Progress,Neutral
T300693,C12104,O106030,2026-04-17,Product,Low,12.26,Resolved,Positive
T300694,C11935,O104508,2026-03-09,Payment,Medium,14.35,Resolved,Neutral
T300695,C11324,O105779,2026-03-24,Payment,Medium,13.65,Resolved,Positive
T300696,C13322,O101119,2026-02-19,Product,Medium,24.58,Resolved,Negative
T300697,C13183,O102376,2026-08-11,Payment,Medium,11.47,Resolved,Neutral
T300698,C12649,O102531,2026-01-24,Delivery,,24.87,Resolved,Negative
T300699,C12236,O105801,2026-08-27,Product,High,11.85,Resolved,Negative
T300700,C10189,O100257,2026-01-02,Product,Low,11.03,Resolved,Positive
T300701,C12166,O106954,2026-02-18,Product,Medium,33.43,In Progress,Negative
T300702,C13917,O104644,2026-03-21,Delivery,Medium,4.51,In Progress,Neutral
T300703,C13973,O101549,2026-02-12,,High,60.39,In Progress,Negative
T300704,C11917,O108929,2026-06-21,Delivery,High,16.0,In Progress,Negative
T300705,C13506,O109844,2026-06-22,Product,High,8.21,Closed,Negative
T300706,C12711,O107427,2026-09-08,Product,Critical,6.74,Resolved,Neutral
T300707,C10347,O105529,2026-05-15,Payment,Low,-12.0,Resolved,Neutral
T300708,C13516,O102474,2026-02-14,Product,Medium,14.29,Closed,Neutral
T300709,C13089,O105871,2026-03-10,Product,Medium,1.97,Resolved,Negative
T300710,C12726,O105167,2026-07-08,Product,Medium,21.34,Resolved,Neutral
T300711,C10036,O109136,2026-02-21,Account,High,9.32,Closed,Negative
T300712,C10398,O101348,2026-04-02,Account,Medium,13.05,Resolved,Positive
T300713,C11067,O100686,2026-02-23,Payment,High,5.74,Resolved,Positive
T300714,C11756,O106629,2026-04-08,Account,Medium,21.14,Resolved,Neutral
T300715,C13833,O104757,2026-04-10,Account,Medium,7.82,In Progress,Negative
T300716,C12235,O104423,2026-05-29,Product,High,1.9,Open,Neutral
T300717,C10965,O109606,2026-01-08,Delivery,Medium,13.51,In Progress,Neutral
T300718,C13799,O107259,2026-02-09, ,Low,15.3,Resolved,Negative
T300719,C13463,O104315,2026-08-29,,Low,7.74,Resolved,Positive
T300720,C13118,O103718,2026-02-07,product,Low,28.76,Closed,Positive
T300721,C10717,O106733,2026-06-05,Product,High,10.94,Resolved,Neutral
T300722,C12005,O108280,2026-05-17,Account,Low,17.17,Closed,Neutral
T300723,C11661,O104203,2026-06-25,Product,High,12.74,Resolved,Negative
T300724,C12795,O109610,2026-07-07,Delivery,Medium,49.21,Closed,Negative
T300725,C13969,O104482,2026-08-31,Product,,8.73,In Progress,Negative
T300726,C12425,O108482,2026-08-12,Account,Medium,17.13,Resolved,Positive
T300727,C13534,O106707,2026-07-18,Account,Low,8.76,Resolved,Neutral
T300728,C10153,O104867,2026-07-12,Refund,Medium,9.25,Resolved,Positive
T300729,C11518,O108628,2026-03-19,Delivery,Low,5.93,Closed,Negative
T300730,C10165,O108960,2026-06-26,Payment,Medium,7.86,In Progress,Neutral
T300731,C10004,O103622,2026-04-14,Refund,Medium,4.9,In Progress,Negative
T300732,C10067,O103040,2026-07-30,Payment,Low,2.11,Resolved,Neutral
T300733,C12614,O103464,2026-08-20,Account,High,10.89,In Progress,Neutral
T300734,C13888,O104439,2026-02-22,Payment,Medium,11.23,Resolved,Neutral
T300735,C11582,O102355,2026-02-22,Payment,High,19.75,In Progress,Negative
T300736,C10985,O103516,2026-09-06,Account,Medium,11.12,Resolved,Neutral
T300737,C12697,O105272,2026-03-04,Payment,Medium,20.29,Open,Negative
T300738,C12878,O102996,2026-03-11,Product,Medium,10.89,Closed,Negative
T300739,C13282,O100469,2026-01-23,Account,High,19.32,Resolved,Neutral
T300740,C13103,O102595,2026-04-27,Account,,23.47,Resolved,Neutral
T300741,C11079,O103001,2026-06-06,Payment,Low,9.84,Open,Negative
T300742,C10405,O107562,2026-07-07,Product,High,24.29,Resolved,Neutral
T300743,C12939,O106265,2026-09-03,Account, Low ,2.66,In Progress,Neutral
T300744,C10399,O100582,2026-05-18,Delivery,High,2.49,Resolved,Positive
T300745,C10801,O100976,2026-03-04,Payment,Medium,12.78,Resolved,Neutral
T300746,C11031,O106995,2026-08-16,Delivery,Medium,7.64,Resolved,Negative
T300747,C10576,O101135,2026-06-24,Account,Medium,6.23,Resolved,Positive
T300748,C13564,O105462,2026-07-14,Account,Medium,15.46,In Progress,Negative
T300749,C11583,O100959,2026-06-26,Product,Medium,24.22,Resolved,Negative
T300750,C11180,O102526,2026-03-30,Product,Medium,9.38,In Progress,Negative
T300751,C13422,O108649,2026-04-17,Account,Medium,4.93,Open,Neutral
T300752,C12980,O108105,2026-01-03,Product,Low,16.75,Resolved,Neutral
T300753,C13426,O104812,2026-01-25,Refund,Critical,12.38,Resolved,Neutral
T300754,C12390,O102259,2026-03-08,Refund,High,11.86,Resolved,Positive
T300755,C11793,O101679,2026-04-05,Delivery,,15.71,Resolved,Negative
T300756,C13465,O107651,2026-05-30,Refund,Low,10.07,Closed,Neutral
T300757,C13584,O107795,2026-04-02,Payment,Low,22.72,Resolved,Neutral
T300758,C12918,O100394,2026-03-08,Payment,Low,5.58,Resolved,Neutral
T300759,C13941,O108385,2026-04-29,Refund,Medium,19.08,Resolved,Neutral
T300760,C13658,O108986,2026-08-19,Refund,High,6.16,Resolved,Negative
T300761,C10737,O108558,2026-02-16,Delivery,Low,35.43,Closed,Negative
T300762,C12841,O102603,2026-07-26,Product,Medium,31.13,Resolved,Neutral
T300763,C10622,O109046,2026-07-17,Delivery,Low,7.0,Resolved,Negative
T300764,C12334,O102661,2026-06-09,Product,Low,14.0,Resolved,Positive
T300765,C11285,O101200,2026-04-27,Product,Medium,16.78,Closed,Positive
T300766,C13619,O108723,2026-04-22,Product,High,5.77,Closed,Positive
T300767,C12371,O100546,2026-04-09,Delivery,,13.02,Closed,Negative
T300768,C10230,O107540,2026-07-02,Delivery,Medium,13.37,Closed,Negative
T300769,C13101,O103313,2026-02-13,Refund,Medium,22.95,Closed,Positive
T300770,C11495,O106419,2026-08-20,Payment,Medium,28.74,Closed,Positive
T300771,C10269,O108116,2026-03-23,Payment,Low,11.1,Resolved,Negative
T300772,C10050,O107373,2026-02-03,Payment,High,6.79,Open,Neutral
T300773,C11916,O108245,2026-02-03,Account,Critical,26.23,In Progress,Positive
T300774,C13660,O103834,2026-02-05,Refund,High,5.94,Resolved,Positive
T300775,C12651,O102485,2026-06-12,Product,Low,39.27,Closed,Positive
T300776,C12076,O100947,2026-03-10,Payment,High,10.06,Resolved,Positive
T300777,C12671,O106278,2026-03-24,Product,Medium,5.76,Open,Negative
T300778,C12031,O104860,2026-08-15,Payment,High,20.47,Closed,Positive
T300779,C11150,O107436,2026-01-05,Product,Low,12.35,Closed,Positive
T300780,C10526,O100746,2026-04-19,Account,Low,24.29,In Progress,Neutral
T300781,C13333,O106085,2026-01-29,Refund,Low,10.38,Open,Negative
T300782,,O101232,2026-08-04,Refund,,11.14,Resolved,Neutral
T300783,C10875,O100441,2026-08-30,Product,Medium,9.13,Resolved,Positive
T300784,C10197,O102446,2026-08-08,,Medium,9.29,Resolved,Neutral
T300785,C12369,O106500,2026-05-12,Refund,High,8.51,In Progress,Positive
T300786,C11704,O109769,2026-03-06,Account,Critical,12.62,Resolved,Negative
T300787,C10817,O109659,2026-01-25,Product,Medium,13.54,Closed,Neutral
T300788,C13094,O100107,2026-03-01,Payment,Medium,18.87,Resolved,Neutral
T300789,C11691,O103055,2026-02-17,Account,Low,15.98,Resolved,Positive
T300790,C10283,O106063,2026-09-13,Refund,Low,13.72,Resolved,Neutral
T300791,C10449,O101305,2026-05-06,Delivery,Medium,6.9,Resolved,Positive
T300792,C12029,O103130,2026-02-08,Payment,Medium,17.68,Resolved,Neutral
T300793,C13260,O101260,2026-01-21,Account,Medium,34.24,Resolved,Neutral
T300794,C11188,O103027,2026-02-09,,Critical,9.6,Resolved,Neutral
T300795,C12178,O104863,2026-01-21,Product,Medium,17.37,Resolved,Positive
T300796,C10964,O105978,2026-02-28,Account,Medium,15.5,Resolved,Positive
T300797,C11253,O107531,2026-01-16,,Low,12.29,Resolved,Negative
T300798,C12379,O101598,2026-05-15,Delivery,Critical,16.26,Resolved,Negative
T300799,C12207,O107077,2026-07-20,Payment,High,14.2,Resolved,Neutral
T300800,C12786,O108121,2026-01-19,Delivery,Low,13.69,Resolved,Negative
T300801,C13780,O106996,2026-01-25,Payment,High,12.81,Resolved,Neutral
T300802,C13063,O105152,2026-06-19,Product,Medium,17.86,In Progress,Negative
T300803,C13144,O104991,2026-04-06,Refund,Critical,10.65,Resolved,Neutral
T300804,C13755,O107585,2026-01-24,Delivery,Critical,8.21,Closed,Positive
T300805,C13110,O100046,2026-06-09,,Medium,19.47,Closed,Neutral
T300806,C10284,O107800,2026-06-24,Refund,Low,34.67,Closed,Neutral
T300807,C10728,O100228,2026-07-18,Refund,Medium,37.39,Open,Neutral
T300808,C10740,O108317,2026-08-02,Delivery,Low,17.7,Resolved,Positive
T300809,C11466,O103856,2026-07-25,Account,Low,29.42,Closed,Neutral
T300810,C12638,O105665,2026-06-27,Product,Medium,8.65,Closed,Positive
T300811,C12941,O108588,2026-02-15,Account,Medium,7.18,Closed,Positive
T300812,C13090,O105500,2026-01-11,Payment,Medium,12.07,Open,Positive
T300813,C11387,O103192,2026-04-13,Refund,Medium,15.61,In Progress,Negative
T300814,C12425,O101631,2026-07-03,Account,High,13.62,Resolved,Neutral
T300815,C13905,O107153,2026-04-18,Account,Low,9.66,Closed,Positive
T300816,C10637,O101299,2026-08-30,Delivery,Medium,21.37,Resolved,Negative
T300817,C13088,O105745,2026-04-03,Refund,High,24.16,Open,Neutral
T300818,C13053,O108286,2026-03-11,Payment,Medium,3.99,Resolved,Neutral
T300819,C13910,O101460,2026-08-24,Payment,High,10.08,Resolved,Positive
T300820,C13741,O109948,2026-04-28,Account,Critical,1.88,Open,Neutral
T300821,C12972,O107689,2026-04-04,Delivery,Low,6.25,Resolved,Positive
T300822,C12939,O101224,2026-01-05,Product,Medium,12.9,In Progress,Neutral
T300823,C13538,O103865,2026-03-27,Refund,High,32.97,In Progress,Positive
T300824,C10000,O103124,2026-06-24,Refund,Low,23.49,Resolved,Neutral
T300825,C11761,O103848,2026-04-20,Payment,Low,6.53,Resolved,Neutral
T300826,C10109,O105826,2026-04-03,Account,High,21.49,Resolved,Positive
T300827,C10173,O106806,2026-06-07,Account,High,13.04,Closed,Neutral
T300828,C10537,O101617,2026-05-18,Product,High,15.31,Resolved,Negative
T300829,C13676,O107982,2026-01-12, Refund ,Low,3.86,Closed,Negative
T300830,C11886,O104381,2026-09-09,Product,,15.08,Resolved,Neutral
T300831,C10124,O108089,2026-07-29,Account,Medium,19.2,In Progress,Negative
T300832,C10135,O105129,2026-08-12,Delivery,Medium,12.43,Resolved,Negative
T300833,C11107,O103698,2026-07-02,Delivery,Low,7.03,Resolved,Negative
T300834,C13461,O106182,2026-08-25,Payment,High,7.14,Resolved,Negative
T300835,C12112,O106564,2026-08-31,Refund,Medium,11.95,Resolved,Negative
T300836,C11421,O109262,2026-07-24,Delivery,Low,9.05,Resolved,Negative
T300837,C11052,O108148,2026-06-11,Delivery,High,10.87,Resolved,Negative
T300838,C13672,O102666,2026-06-09,Product,High,19.49,Resolved,Positive
T300839,C13091,O102826,2026-04-20,Delivery,Critical,5.38,Open,Neutral
T300840,C13087,O102535,2026-06-30,Refund,Low,11.43,Resolved,Negative
T300841,C13282,O103057,2026-03-26,Product,Medium,10.99,Closed,Positive
T300842,C11124,O108931,2026-02-21,Account,High,14.82,Resolved,Negative
T300843,C11857,O106328,2026-05-12,Delivery,Critical,1.13,Resolved,Negative
T300844,C11645,O103129,2026-08-05,Payment,High,8.47,Resolved,Negative
T300845,C12010,O108490,2026-05-01,Delivery,Medium,13.7,Closed,Positive
T300846,C13023,O106866,2026-02-07,,Low,25.05,Resolved,Neutral
T300847,C12154,O109986,2026-03-27,Product,Critical,15.17,Closed,Neutral
T300848,C11806,O109143,2026-06-01,Product,Medium,9.45,Open,Positive
T300849,C10317,O107891,2026-06-25,Payment,Low,9.9,Resolved,Neutral
T300850,C11723,O101163,2026-05-02, ,Medium,24.32,In Progress,Positive
T300851,C12369,O101236,2026-05-13,Account,Medium,7.71,Resolved,Negative
T300852,C11047,O100445,2026-08-21,Refund,High,5.75,Resolved,Neutral
T300853,C10463,O105379,2026-05-14,Product,Medium,15.36,Resolved,Neutral
T300854,C12216,O109101,2026-02-03,Payment,Medium,7.33,Resolved,Neutral
T300855,C10517,O104613,2026-02-09,Product, Low ,32.62,In Progress,Negative
T300856,C13827,O108130,2026-07-27,Delivery,Low,-12.0,Resolved,Positive
T300857,C11901,O103077,2026-01-18, Product ,Low,28.32,Resolved,Negative
T300858,C12059,O104434,2026-05-16,Payment,Medium,15.42,Resolved,Positive
T300859,C10157,O109772,2026-08-27,Payment,High,21.04,Resolved,Positive
T300860,C12476,O105724,2026-03-03,Refund,Low,10.95,Resolved,Neutral
T300861,C13308,O101647,2026-03-22,Delivery,Low,6.24,Resolved,Negative
T300862,C10075,O109000,2026-03-16,Product,Low,4.79,Closed,Neutral
T300863,C13690,O106663,2026-03-25,Delivery,Medium,3.37,Resolved,Positive
T300864,C13099,O105973,2026-04-20,Payment,High,17.05,Resolved,Neutral
T300865,C11599,O104908,2026-05-17,Account,Critical,15.9,In Progress,Positive
T300866,C10996,O106821,2026-05-19,Delivery,Low,7.01,Resolved,Neutral
T300867,C11796,O106081,2026-05-29,DELIVERY,Medium,7.07,Open,Positive
T300868,C10410,O104381,2026-05-23,Product,Medium,5.51,In Progress,Neutral
T300869,C12570,O100557,2026-08-21,Delivery,High,11.19,Resolved,Negative
T300870,C12515,O107073,2026-06-04,Account,Medium,13.61,Resolved,Neutral
T300871,C10434,O101795,2026-06-05,Account,Low,20.43,Resolved,Neutral
T300872,C13552,O105648,2026-07-01,Refund,Medium,15.19,In Progress,Positive
T300873,C12990,O106554,2026-07-22,REFUND,Medium,27.67,In Progress,Neutral
T300874,C12305,O109327,2026-06-08,Delivery, ,19.22,Resolved,Negative
T300875,,O105455,2026-06-04,Account,Medium,6.32,Open,Negative
T300876,C10833,O106105,2026-06-18,,High,23.51,Resolved,Negative
T300877,C12779,O104207,2026-02-11,Refund,Low,4.12,Resolved,Negative
T300878,C11512,O108929,2026-05-15,Refund,Medium,15.2,Closed,Negative
T300879,C13188,O101573,2026-04-01,Refund,High,7.55,Resolved,Negative
T300880,C11831,O106515,2026-03-02,Product,Medium,14.7,Closed,Neutral
T300881,C10070,O104439,2026-07-08,Delivery,Low,7.47,Open,Negative
T300882,C11968,O103884,2026-08-26,Account,Medium,35.58,In Progress,Negative
T300883,C13153,O108616,2026-03-13,Account,High,10.22,Resolved,Neutral
T300884,C11994,O100156,2026-02-17,Refund,Low,28.36,Closed,Negative
T300885,C10165,O106666,2026-05-12,Refund,,11.28,Resolved,Neutral
T300886,C12523,O101283,2026-03-09,Refund,Low,19.06,Resolved,Positive
T300887,C10970,O109905,2026-07-14,Delivery,Low,11.28,Resolved,Negative
T300888,C12464,O109931,2026-01-29,Refund,High,5.66,Resolved,Positive
T300889,C13515,O106138,2026-09-03,Account,Low,8.38,Resolved,Negative
T300890,C10518,O100781,2026-02-02,Delivery,Medium,22.03,Resolved,Neutral
T300891,C10211,O100644,2026-04-23,Payment,Low,18.29,Resolved,Positive
T300892,C10968,O108141,2026-04-14,Account,,7.34,In Progress,Positive
T300893,C12651,O109155,2026-02-13,Refund,Low,4.45,Resolved,Neutral
T300894,C10222,O107464,2026-05-19,Payment,Low,8.18,In Progress,Negative
T300895,C10295,O100829,2026-04-30,Delivery,Medium,28.4,Resolved,Negative
T300896,C11600,O105661,2026-03-08,Payment,High,28.16,Closed,Neutral
T300897,C10459,O104560,2026-08-14,Payment,Low,14.6,In Progress,Neutral
T300898,C13518,O104012,2026-07-26,Account,Low,7.37,Closed,Negative
T300899,C11741,O106596,2026-05-25,Account,Low,17.38,Resolved,Positive
T300900,C13212,O100283,2026-07-23,Product,Low,15.89,Resolved,Neutral
T300901,C11319,O106747,2026-03-01,Account,Medium,15.32,Closed,Neutral
T300902,C10068,O103593,2026-03-09,Delivery,High,12.57,In Progress,Positive
T300903,C12478,O106647,2026-04-19,Product,Medium,7.92,In Progress,Neutral
T300904,C12107,O105568,2026-06-30,Payment,Low,8.81,Closed,Neutral
T300905,C10916,O105317,2026-06-15,Account,Medium,5.72,Open,Negative
T300906,C13079,O105052,2026-05-16,Payment,High,13.87,In Progress,Neutral
T300907,C13543,O102159,2026-07-07,Account,Low,19.12,Resolved,Neutral
T300908,C13554,O100138,2026-03-17,Account,High,19.55,Open,Neutral
T300909,C11607,O103205,2026-06-21,Refund,Low,6.79,Resolved,Negative
T300910,C12626,O107325,2026-02-27,Account,Medium,1.35,Resolved,Neutral
T300911,C10456,O109168,2026-04-17,Product,,12.31,Resolved,Negative
T300912,C12660,O109894,2026-08-15,Delivery,Medium,8.46,In Progress,Positive
T300913,C12493,O101275,2026-03-30,Payment,High,25.41,In Progress,Negative
T300914,C11208,O107177,2026-01-06,Product,Medium,6.22,Resolved,Neutral
T300915,C12245,O102824,2026-07-31,Account,High,18.44,Resolved,Negative
T300916,C10827,O105056,2026-08-28,Product,Low,20.87,Resolved,Negative
T300917,C10095,O108086,2026-08-14,Account,Low,44.73,Closed,Neutral
T300918,C10644,O108111,2026-04-22,Payment,Medium,13.16,Resolved,Negative
T300919,C11711,O105964,2026-01-31,Account,Medium,11.05,Resolved,Negative
T300920,C11004,O103735,2026-08-24,Account,Critical,11.28,Resolved,Positive
T300921,C12809,O105649,2026-01-14,Product,Medium,14.74,Closed,Negative
T300922,C10152,O109902,2026-05-04,Payment,Low,9.99,Resolved,Negative
T300923,C13968,O108404,2026-04-20,Refund,Low,17.51,Resolved,Neutral
T300924,C13366,O101525,2026-05-11,Product,Medium,21.61,Resolved,Neutral
T300925,C10210,O104046,2026-07-24,Delivery,Critical,20.38,Resolved,Negative
T300926,C12832,O107676,2026-07-22,Payment,High,1.71,In Progress,Neutral
T300927,C11168,O105052,2026-03-24,Account,Low,22.31,Resolved,Positive
T300928,C10383,O106691,2026-01-27,Account,High,8.4,Resolved,Negative
T300929,C10123,O109065,2026-09-03,Payment,Medium,11.62,Resolved,Neutral
T300930,C13634,O100651,2026-06-25,,High,12.05,Resolved,Neutral
T300931,C11716,O102911,2026-04-19,Delivery,Low,9.27,Resolved,Negative
T300932,C12122,O108772,2026-03-01,Product,High,5.17,Closed,Neutral
T300933,C12204,O102729,2026-02-14,Delivery,Medium,19.86,Resolved,Neutral
T300934,C13303,O108697,2026-04-08,Delivery,high,25.54,In Progress,Neutral
T300935,C12756,O108325,2026-03-22,,Medium,10.98,Resolved,Positive
T300936,C10580,O108173,2026-02-12,Product,Low,9.05,In Progress,Neutral
T300937,C11737,O104831,2026-04-18,Account,,18.33,Resolved,Positive
T300938,C10471,O101857,2026-06-14,Account,Low,9.16,Resolved,Positive
T300939,C13935,O107615,2026-01-07,Payment,High,13.84,In Progress,Neutral
T300940,C10209,O107748,2026-08-15,Delivery,Medium,23.04,Closed,Neutral
T300941,C12969,O108163,2026-05-01,Refund,Low,4.77,Resolved,Neutral
T300942,C11435,O107419,2026-09-14,Product,Medium,5.68,Closed,Neutral
T300943,C13389,O104692,2026-06-05,Delivery,Critical,5.53,Closed,Negative
T300944,C13949,O105732,2026-06-14,Product,Low,18.51,In Progress,Neutral
T300945,C11523,O104497,2026-06-23,Refund,,24.88,Resolved,Neutral
T300946,C10229,O108907,2026-01-06,Payment,High,4.34,Resolved,Neutral
T300947,C12318,O100530,2026-07-05,Refund,Low,25.06,Open,Neutral
T300948,C10938,O100550,2026-01-19,Delivery,Medium,10.8,Closed,Negative
T300949,C11888,O105419,2026-07-20,Refund,Medium,5.89,Resolved,Neutral
T300950,C13434,O106521,2026-03-02,Refund,High,29.42,Resolved,Neutral
T300951,C13910,O107316,2026-06-27,Payment,Low,12.62,In Progress,Neutral
T300952,C11054,O103647,2026-02-18,Account,Medium,6.25,Closed,Positive
T300953,C13295,O108820,2026-02-14,Account,Medium,14.03,Resolved,Positive
T300954,C12702,O101190,2026-05-16,Delivery,Medium,19.66,In Progress,Negative
T300955,C11785,O105788,2026-08-01,Refund,Medium,-12.0,Resolved,Neutral
T300956,C13035,O105636,2026-03-10,Refund,High,3.37,Closed,Positive
T300957,C11980,O101586,2026-08-24,Refund,High,9.88,Open,Neutral
T300958,C11085,O107283,2026-09-15,Account,Medium,9.98,Closed,Positive
T300959,C13478,O102597,2026-06-20,Payment,Medium,21.18,Resolved,Positive
T300960,C11587,O105205,2026-07-22,Delivery,Low,13.06,Closed,Neutral
T300961,C11307,O100305,2026-07-28,Account,Medium,11.61,Open,Neutral
T300962,C13314,O107928,2026-03-24,Delivery,Medium,17.11,In Progress,Negative
T300963,C11243,O109329,2026-02-06,Delivery,High,24.65,Open,Neutral
T300964,C13996,O108822,2026-08-29,Payment,Low,15.61,In Progress,Neutral
T300965,C10967,O107602,2026-07-21, ,Medium,18.67,Resolved,Positive
T300966,C12480,O100000,2026-03-24,Delivery,Medium,28.99,Resolved,Negative
T300967,C13503,O109722,2026-08-25,Refund,Low,11.73,Resolved,Neutral
T300968,C13900,O108369,2026-04-01,Product,Low,16.13,Resolved,Positive
T300969,C10256,O109050,2026-06-08,Product,Low,18.48,Resolved,Negative
T300970,C12500,O104019,2026-04-28,Account,Medium,18.4,Resolved,Positive
T300971,C11207,O106711,2026-03-05,Product,Low,14.43,Resolved,Neutral
T300972,,O106608,2026-06-06,Account,High,12.45,Resolved,Neutral
T300973,C12162,O101210,2026-05-18,Refund,Low,6.39,Resolved,Neutral
T300974,C11094,O107138,2026-07-05,Account,Low,8.74,Resolved,Positive
T300975,C12675,O102263,2026-07-29,Account,Medium,12.57,Resolved,Negative
T300976,C13110,O102551,2026-06-29,Account,Low,17.72,Resolved,Neutral
T300977,C13700,O103196,2026-02-12,Delivery,Critical,12.5,Resolved,Neutral
T300978,C13925,O106149,2026-05-18, ,Medium,19.67,Open,Neutral
T300979,C12122,O108159,2026-08-20,Delivery,Low,10.52,Resolved,Negative
T300980,C13920,O105458,2026-06-25,Delivery,High,19.86,Closed,Neutral
T300981,C11983,O105016,2026-04-15,Delivery,Medium,5.65,Closed,Negative
T300982,C10662,O106777,2026-01-18,,Low,12.94,Resolved,Neutral
T300983,C11722,O108253,2026-02-05,Product,Low,38.39,Closed,Neutral
T300984,C10092,O106706,2026-06-01,Product,High,12.38,Closed,Negative
T300985,C13180,O102451,2026-05-13,Account,Critical,5.65,Resolved,Negative
T300986,C13578,O106135,2026-07-17,Refund,High,25.7,Resolved,Neutral
T300987,C10737,O101944,2026-04-19,Product,High,16.84,Resolved,Neutral
T300988,C10185,O105947,2026-05-05,Account,Medium,7.62,Resolved,Positive
T300989,C12105,O101599,2026-05-14,Refund,Low,22.42,Resolved,Positive
T300990,C13764,O104925,2026-06-14,Refund,Medium,22.99,Resolved,Negative
T300991,C11854,O102431,2026-06-16,,Medium,9.37,Resolved,Neutral
T300992,C10671,O103027,2026-05-26,Refund,Medium,17.72,Resolved,Negative
T300993,C13319,O105692,2026-06-20,Account,Medium,12.65,Resolved,Positive
T300994,C11361,O104815,2026-01-02,Delivery,Low,10.34,Closed,Neutral
T300995,C13818,O105596,2026-02-15,Product,Medium,10.08,Resolved,Positive
T300996,C13416,O100431,2026-03-06,Account,Medium,16.92,Closed,Neutral
T300997,C13949,O103315,2026-03-14,Delivery,Medium,8.33,Closed,Neutral
T300998,C13296,O105106,2026-03-13,Payment,High,8.96,Resolved,Positive
T300999,C10622,O102850,2026-02-07,Refund,Medium,11.89,Closed,Positive
T301000,C10198,O101373,2026-09-15,Refund,Medium,24.98,Open,Positive
T301001,C10596,O100015,2026-06-02,Delivery,Low,22.4,In Progress,Positive
T301002,C12690,O106335,2026-02-21,Refund,Medium,8.61,Resolved,Positive
T301003,C10871,O103678,2026-04-15,Account,Low,7.75,In Progress,Negative
T301004,C12798,O100490,2026-02-10,Delivery,Medium,14.07,Resolved,Negative
T301005,C10601,O108359,2026-03-07,Account,Medium,13.71,Resolved,Neutral
T301006,C11779,O103166,2026-01-28,Delivery,High,15.58,Resolved,Negative
T301007,C12686,O106753,2026-07-03,Refund,High,13.23,Resolved,Neutral
T301008,C11931,O107651,2026-05-06,Refund,Low,23.35,Resolved,Neutral
T301009,C10775,O108944,2026-01-29,Payment,Low,7.94,Resolved,Positive
T301010,C11080,O109139,2026-04-30,Delivery,Low,14.67,Resolved,Negative
T301011,C11725,O101241,2026-01-13,,Critical,21.64,Resolved,Negative
T301012,C11232,O100669,2026-03-19,PAYMENT,Medium,9.95,Closed,Positive
T301013,C12603,O100063,2026-04-05,Delivery,Medium,29.19,Resolved,Negative
T301014,C13031,O101427,2026-03-19,Payment,CRITICAL,1.3,Closed,Neutral
T301015,C11864,O105432,2026-01-21,Delivery,Low,6.05,In Progress,Negative
T301016,C12179,O105633,2026-03-26,Refund,Low,8.58,Resolved,Neutral
T301017,C11133,O106366,2026-06-08,Refund,Low,2.67,Open,Neutral
T301018,C11487,O108418,2026-02-05,Delivery,Low,11.5,Resolved,Negative
T301019,C10915,O105151,2026-09-13,Account,Low,11.95,Closed,Neutral
T301020,C11285,O102781,2026-08-07,Account,High,19.2,Resolved,Negative
T301021,,O102937,2026-07-28,Refund,High,12.91,Resolved,Positive
T301022,C10473,O102824,2026-08-13,Delivery,Medium,23.13,Resolved,Positive
T301023,C13732,O105877,2026-01-24,Payment,Medium,21.23,In Progress,Negative
T301024,C12279,O100260,2026-07-26,Payment,Medium,9.81,Resolved,Neutral
T301025,C12716,O105731,2026-04-14,Refund,,21.86,Resolved,Neutral
T301026,C12168,O100974,2026-03-23,Account,Low,21.27,In Progress,Positive
T301027,C11982,O108206,2026-03-26,Product,High,18.44,Closed,Neutral
T301028,C13825,O104214,2026-07-13,Account,High,3.99,Closed,Positive
T301029,C12561,O107430,2026-07-29,Payment,Low,17.38,Resolved,Positive
T301030,C11889,O105887,2026-08-18,Delivery,,25.63,Resolved,Negative
T301031,C10151,O103701,2026-05-29,Refund,High,7.71,In Progress,Neutral
T301032,C13027,O104267,2026-01-31,Refund,High,24.92,Resolved,Neutral
T301033,C10848,O100291,2026-01-10,Payment,Medium,6.55,Resolved,Neutral
T301034,C12256,O109427,2026-01-04,REFUND,Medium,8.73,Resolved,Negative
T301035,C10252,O107618,2026-09-04,Refund,Low,13.68,In Progress,Positive
T301036,C12307,O106730,2026-09-07,Delivery,Medium,16.74,Closed,Neutral
T301037,C10293,O102615,2026-04-24,Product,Low,5.27,Resolved,Negative
T301038,C12396,O101470,2026-06-17,Payment, ,21.11,Resolved,Neutral
T301039,C12202,O102012,2026-05-31,Refund,Medium,2.11,Resolved,Neutral
T301040,C10402,O104535,2026-07-29,Product,Medium,5.32,In Progress,Neutral
T301041,C10980,O105424,2026-04-05,Payment,High,12.68,Resolved,Positive
T301042,C10801,O105892,2026-07-07,Delivery,Medium,4.72,Resolved,Negative
T301043,C11548,O100546,2026-06-29,Account,Medium,3.79,In Progress,Negative
T301044,C13768,O100665,2026-01-10,Delivery,Medium,23.83,Resolved,Negative
T301045,C12948,O102752,2026-03-01,Account,Low,6.75,Open,Negative
T301046,C12609,O106632,2026-03-14,Payment,high,21.2,Resolved,Neutral
T301047,C12245,O104666,2026-02-16,Payment,Low,9.74,Open,Positive
T301048,C11311,O103984,2026-04-22,Account,High,22.8,Open,Neutral
T301049,C12780,O104456,2026-07-06,Product,Low,19.65,Open,Positive
T301050,C10745,O100957,2026-06-20,Refund,Low,16.72,Resolved,Neutral
T301051,C12122,O100167,2026-04-07,Product,Low,13.07,Resolved,Negative
T301052,C13382,O109359,2026-01-27,Product,Low,5.61,Open,Positive
T301053,C13744,O103732,2026-03-02,Delivery,Critical,16.57,In Progress,Neutral
T301054,C12586,O106467,2026-03-24,Delivery,Low,44.24,Resolved,Negative
T301055,C11030,O102452,2026-06-23,Account,Medium,7.7,Resolved,Negative
T301056,C13642,O104261,2026-04-24,Payment,Medium,8.72,Resolved,Neutral
T301057,C13798,O107272,2026-05-10,,Medium,33.2,Resolved,Negative
T301058,C10699,O103874,2026-04-12,Payment,Medium,21.21,Resolved,Negative
T301059,C11368,O105630,2026-08-10,Refund,High,10.44,Closed,Neutral
T301060,,O101091,2026-05-13,Delivery,Medium,10.65,In Progress,Neutral
T301061,C10888,O108629,2026-07-19,Payment,Medium,17.42,Resolved,Neutral
T301062,C10219,O109944,2026-08-08,Product,Medium,15.48,In Progress,Negative
T301063,C12684,O102480,2026-04-24,Account,low,21.4,Resolved,Neutral
T301064,C11895,O106954,2026-08-27,Product,Low,7.53,Resolved,Neutral
T301065,C10853,O100531,2026-02-01,Delivery,Low,10.53,Resolved,Negative
T301066,C13984,O102424,2026-08-07,Product,Low,17.92,Resolved,Negative
T301067,C13564,O100663,2026-09-01,Delivery,Low,37.52,In Progress,Negative
T301068,C11953,O105900,2026-06-18,Refund,,13.69,Resolved,Negative
T301069,C13669,O106217,2026-08-11,Product,Low,11.27,Open,Positive
T301070,C13263,O101257,2026-06-02,Product,Critical,9.54,Resolved,Positive
T301071,C13763,O104474,2026-05-29,Delivery,Medium,11.95,Resolved,Positive
T301072,C12825,O106835,2026-01-12,Product,Medium,6.46,Closed,Negative
T301073,C10961,O102579,2026-04-18,Account,Low,26.52,Resolved,Negative
T301074,C11611,O101036,2026-02-14,Delivery,Critical,26.21,Resolved,Negative
T301075,C10965,O108175,2026-05-18,Product,Low,14.23,Resolved,Neutral
T301076,C12193,O107846,2026-03-31,Product,High,20.12,Resolved,Negative
T301077,C13517,O102944,2026-04-04,Payment,High,18.21,Resolved,Negative
T301078,C10643,O100277,2026-03-03,Payment,Medium,13.13,Resolved,Neutral
T301079,C10041,O102253,2026-02-07,Account, Medium ,36.03,In Progress,Neutral
T301080,C10485,O101316,2026-05-14,Product,Medium,15.91,Resolved,Neutral
T301081,C12518,O104831,2026-06-19,Account,High,29.43,Closed,Neutral
T301082,C11704,O109411,2026-09-10,Product,Critical,9.18,Resolved,Negative
T301083,C11553,O101224,2026-04-03,Delivery,Critical,8.56,Resolved,Positive
T301084,C13873,O103219,2026-01-10,Payment,Low,9.74,Resolved,Negative
T301085,C12253,O102431,2026-06-27,Product,Critical,50.67,Resolved,Positive
T301086,,O107180,2026-07-11,REFUND,,20.86,Resolved,Neutral
T301087,C11457,O102039,2026-06-13,Account,Low,19.97,Closed,Positive
T301088,C12066,O106288,2026-04-27,Account,Low,11.71,Resolved,Neutral
T301089,C11459,O107589,2026-03-25,Product,High,5.81,Resolved,Negative
T301090,C10511,O102773,2026-02-21,Delivery,Low,26.76,Resolved,Negative
T301091,C11919,O100655,2026-07-23,Delivery,Medium,9.26,Resolved,Negative
T301092,C10489,O101838,2026-06-16,Product,Low,15.14,Resolved,Positive
T301093,C11348,O100654,2026-06-30,Refund,Low,10.68,Resolved,Neutral
T301094,C10707,O100418,2026-06-12,Payment,Medium,11.65,Resolved,Neutral
T301095,C12446,O104291,2026-01-01,Payment,Medium,6.07,Resolved,Positive
T301096,C10232,O103730,2026-03-20,Delivery,Low,16.92,Resolved,Negative
T301097,C12775,O106780,2026-07-18,Refund,Medium,11.11,Resolved,Neutral
T301098,C11997,O100775,2026-05-26,Account,High,13.05,Resolved,Neutral
T301099,C10488,O108153,2026-07-08,Account,Medium,19.44,Resolved,Negative
T301100,C11249,O108532,2026-01-08,Refund,,23.53,Resolved,Negative
T301101,C13172,O106638,2026-06-30,Account,Medium,15.82,In Progress,Neutral
T301102,C12920,O103011,2026-04-17,Payment,Low,18.68,Closed,Neutral
T301103,C11693,O108150,2026-07-20,Refund,Low,10.2,Resolved,Negative
T301104,C11473,O106013,2026-01-28,Refund,Low,17.59,Resolved,Positive
T301105,C12506,O109477,2026-08-25,Delivery,High,18.67,Resolved,Neutral
T301106,C13126,O108207,2026-03-23,Payment,Low,18.49,Resolved,Positive
T301107,C12635,O107884,2026-03-18,,Medium,8.65,Resolved,Positive
T301108,C12401,O101107,2026-09-15,Payment,Low,11.25,Resolved,Negative
T301109,C13641,O103959,2026-05-25,Product,High,4.36,Resolved,Positive
T301110,C12425,O108389,2026-04-13,Payment,High,5.74,Resolved,Positive
T301111,C12054,O105641,2026-03-18,Payment,High,10.51,Resolved,Negative
T301112,C10386,O100491,2026-07-28,Payment,Low,16.27,Resolved,Neutral
T301113,C11905,O106454,2026-07-18,Delivery,Low,4.76,Resolved,Negative
T301114,C13459,O101580,2026-01-08,Account,Critical,4.89,Resolved,Positive
T301115,C12643,O109987,2026-02-20,Account,Medium,15.8,Resolved,Neutral
T301116,C12801,O108641,2026-01-16,Payment,Low,14.51,Resolved,Neutral
T301117,C11013,O106649,2026-07-24,Product,Medium,16.77,Resolved,Negative
T301118,C10868,O109181,2026-06-24,Payment,Medium,9.78,Resolved,Neutral
T301119,C13821,O109999,2026-04-03,Account,LOW,14.58,In Progress,Negative
T301120,C12542,O105578,2026-06-26,Delivery,Low,4.24,Resolved,Neutral
T301121,C13152,O105666,2026-05-26,Account, ,17.74,Resolved,Positive
T301122,C12679,O107202,2026-06-09,Refund,High,18.92,Resolved,Negative
T301123,C13745,O104213,2026-04-11,Product,,10.94,Open,Neutral
T301124,C12549,O106777,2026-01-17,Product,Medium,3.11,In Progress,Negative
T301125,C12650,O101646,2026-06-10,Payment,Medium,17.89,Closed,Neutral
T301126,C11152,O101255,2026-03-31,Payment,Medium,11.86,Resolved,Negative
T301127,C12443,O100098,2026-04-19,Delivery,High,3.7,Resolved,Positive
T301128,C11370,O103538,2026-08-06,Product,Low,14.7,Resolved,Negative
T301129,,O108279,2026-02-22,Delivery,Medium,12.4,Resolved,Positive
T301130,C10751,O100289,2026-05-11,Payment,High,12.04,Resolved,Positive
T301131,C12656,O103401,2026-02-18,Refund,Medium,22.68,Resolved,Positive
T301132,C11010,O108795,2026-08-10,Account,Medium,14.92,Resolved,Negative
T301133,C10479,O107086,2026-04-30,Account,Medium,12.32,In Progress,Negative
T301134,C12540,O109809,2026-08-16,Delivery,Medium,16.94,Resolved,Negative
T301135,C11893,O108857,2026-01-10,Payment,Low,11.29,Resolved,Neutral
T301136,C13829,O108648,2026-08-24,Refund,Medium,3.56,Resolved,Negative
T301137,C10176,O100450,2026-03-24,Refund,Medium,11.43,Resolved,Negative
T301138,C11761,O102136,2026-09-12,Product,Low,14.24,Resolved,Negative
T301139,C11287,O107628,2026-05-14,Product,Medium,10.36,Resolved,Negative
T301140,C12270,O102829,2026-03-13,Product,High,14.35,Resolved,Neutral
T301141,C10755,O101326,2026-01-15,Payment,Medium,11.2,Closed,Negative
T301142,C13294,O104730,2026-01-24,Payment,Medium,7.66,Resolved,Negative
T301143,C11947,O104928,2026-06-28,,Medium,7.03,In Progress,Neutral
T301144,C10696,O105240,2026-01-28,Refund,Medium,15.1,Resolved,Negative
T301145,C12473,O109695,2026-04-04,Refund,High,8.84,Resolved,Positive
T301146,C11834,O104150,2026-05-31,Delivery,Medium,15.52,In Progress,Negative
T301147,C13288,O109751,2026-01-03,Delivery,Critical,16.59,Resolved,Negative
T301148,C13929,O106395,2026-08-15,Account,Medium,12.89,Resolved,Neutral
T301149,C13162,O104538,2026-04-27,Refund,Low,31.69,Resolved,Neutral
T301150,C13097,O107408,2026-08-15,Refund,Low,9.84,Resolved,Positive
T301151,C11910,O104519,2026-08-31,Payment,Low,7.2,Open,Negative
T301152,C11940,O105855,2026-02-12,Product,Low,7.36,Resolved,Positive
T301153,C10821,O104089,2026-01-25,Payment,Low,11.01,Resolved,Neutral
T301154,C11807,O108048,2026-05-15,Product,Medium,29.02,Resolved,Positive
T301155,C10851,O107076,2026-07-09,Payment,High,9.78,In Progress,Positive
T301156,C10284,O105843,2026-02-21,Refund,Low,10.4,In Progress,Positive
T301157,C10230,O107627,2026-06-28,Product,Medium,15.05,Closed,Negative
T301158,C13510,O108978,2026-01-13,Refund,Medium,5.51,In Progress,Negative
T301159,C10281,O106205,2026-07-03,Product,Medium,5.03,Resolved,Neutral
T301160,C12279,O108642,2026-05-16,Refund,Critical,9.04,Resolved,Neutral
T301161,C10094,O105316,2026-03-29,Refund,Low,5.05,Resolved,Neutral
T301162,C10744,O100364,2026-06-01,Refund,Medium,20.46,Closed,Neutral
T301163,C11777,O103522,2026-08-17,Refund,Low,11.89,Closed,Negative
T301164,C10656,O100141,2026-05-25,Refund,High,8.85,Resolved,Negative
T301165,C13243,O108645,2026-01-23,Refund,Low,13.6,Resolved,Negative
T301166,C10665,O106845,2026-06-07,Delivery,Medium,2.5,Resolved,Negative
T301167,C12538,O102506,2026-02-23,Refund,High,15.35,Closed,Positive
T301168,C10287,O106248,2026-06-07,Account,Medium,11.2,In Progress,Negative
T301169,C10574,O102367,2026-09-13,Refund,Low,9.77,In Progress,Negative
T301170,C10174,O101854,2026-02-23,Account,Medium,31.58,Resolved,Negative
T301171,C10042,O101161,2026-05-14,Delivery,Medium,34.79,Resolved,Negative
T301172,C10531,O101626,2026-01-04,Product,Low,8.61,In Progress,Negative
T301173,C12085,O101296,2026-08-26,Account,Medium,18.65,In Progress,Positive
T301174,C13342,O105986,2026-09-07,Product,Low,11.28,Resolved,Neutral
T301175,C12379,O100843,2026-06-28,Refund,Critical,7.71,Open,Negative
T301176,C13103,O108148,2026-02-09,Refund,Medium,12.04,Closed,Neutral
T301177,C13489,O108415,2026-06-15,Account,High,16.9,In Progress,Neutral
T301178,C11006,O107259,2026-07-25,,Medium,8.8,Closed,Neutral
T301179,C10343,O104649,2026-03-24,Delivery,High,22.43,Resolved,Positive
T301180,C12319,O106815,2026-03-10,Account,Medium,19.28,Resolved,Neutral
T301181,C12072,O106206,2026-02-28,Delivery,Low,16.63,Resolved,Negative
T301182,C12918,O105674,2026-04-13,Payment,Medium,19.74,Closed,Neutral
T301183,C10346,O107808,2026-08-22,Delivery,High,16.47,In Progress,Negative
T301184,C13437,O109165,2026-01-18,Refund,Medium,29.84,Open,Neutral
T301185,C10881,O103281,2026-02-02,Delivery,High,19.07,Closed,Negative
T301186,C10176,O101344,2026-07-23,Account, Medium ,12.67,Closed,Negative
T301187,C11941,O101489,2026-05-25,Delivery,High,17.06,Open,Negative
T301188,C12444,O105347,2026-01-08,Product,Low,6.92,Open,Negative
T301189,C12302,O101641,2026-06-07,Product,High,17.42,In Progress,Neutral
T301190,C11109,O105615,2026-09-02,Product,Low,30.85,In Progress,Positive
T301191,C10422,O108592,2026-07-26,,Medium,16.9,Open,Negative
T301192,C12847,O104503,2026-05-01,Payment,Medium,11.19,In Progress,Neutral
T301193,C10543,O101071,2026-04-28,Account,,12.81,Resolved,Negative
T301194,C11588,O102547,2026-01-06,Delivery,High,30.54,In Progress,Neutral
T301195,C10521,O109587,2026-06-08,Delivery,Low,23.99,Resolved,Positive
T301196,C11477,O106062,2026-08-30,Refund,Low,26.68,Closed,Neutral
T301197,C11180,O106583,2026-02-21,Payment,High,13.93,Closed,Negative
T301198,C13061,O107962,2026-06-06,Payment,Medium,10.55,Open,Neutral
T301199,C11063,O108431,2026-02-22,Refund,Low,10.51,Resolved,Negative
T301200,C12957,O100968,2026-06-10,Delivery,Low,12.03,Resolved,Negative
T301201,C13219,O106114,2026-04-06,,Medium,14.08,Resolved,Neutral
T301202,C13322,O105903,2026-09-14,Account,Medium,6.55,Resolved,Positive
T301203,C10438,O104575,2026-06-04,Account,High,-12.0,Open,Positive
T301204,C10116,O108146,2026-03-12,Product,High,15.89,Closed,Negative
T301205,C12150,O101615,2026-08-28,Payment,Medium,12.53,Resolved,Negative
T301206,C10252,O101143,2026-07-14,Delivery,Low,9.29,Resolved,Neutral
T301207,C13366,O108261,2026-09-09,Refund,Low,15.08,Resolved,Positive
T301208,C12608,O107887,2026-08-22,Refund,Low,15.06,Resolved,Neutral
T301209,C11772,O104676,2026-05-23,Refund,High,19.59,Resolved,Positive
T301210,C11293,O101375,2026-02-22,Delivery,Critical,8.78,Closed,Positive
T301211,C13927,O103587,2026-08-10,Refund,Critical,23.07,Resolved,Negative
T301212,C13625,O107924,2026-06-22,Product,Low,-12.0,Resolved,Negative
T301213,C13365,O103570,2026-05-04,Refund,Medium,13.85,Resolved,Neutral
T301214,C13677,O100969,2026-08-16,Product,High,15.75,Resolved,Positive
T301215,C12801,O108082,2026-05-24,Delivery,Low,24.06,Resolved,Negative
T301216,C11540,O103276,2026-07-28,Account,Medium,3.26,Closed,Negative
T301217,C11353,O102242,2026-07-12,Delivery,Medium,6.24,Closed,Negative
T301218,C10522,O101809,2026-08-14,Refund,Low,16.49,Resolved,Neutral
T301219,C12260,O107481,2026-06-25,Payment,Medium,25.6,Resolved,Neutral
T301220,C13913,O102554,2026-08-03, ,Low,15.76,In Progress,Negative
T301221,C12833,O100814,2026-04-16,Account,Medium,19.41,Resolved,Neutral
T301222,C10770,O106954,2026-08-15,Account,High,8.85,Resolved,Negative
T301223,C10991,O106637,2026-02-21,Refund,Medium,30.08,In Progress,Positive
T301224,C13964,O105229,2026-07-13,Payment,Critical,9.21,Resolved,Neutral
T301225,C11158,O100929,2026-06-01,Payment,High,24.0,Resolved,Neutral
T301226,C13046,O100013,2026-05-02,Product,Medium,20.93,In Progress,Negative
T301227,C12683,O108663,2026-07-23,Product,Low,10.83,Resolved,Neutral
T301228,C12487,O102097,2026-02-04,Product,Low,14.17,In Progress,Neutral
T301229,C10599,O107678,2026-02-28,Payment,High,23.99,Resolved,Positive
T301230,C11364,O108705,2026-02-18,Delivery,Low,9.92,Resolved,Negative
T301231,C13176,O102090,2026-07-27,Product,Medium,5.68,Open,Negative
T301232,C10858,O106853,2026-07-08,Product,Medium,24.04,Resolved,Negative
T301233,C10591,O109806,2026-07-10,Account,Critical,28.42,Closed,Negative
T301234,C13409,O103123,2026-03-12,Payment,Medium,8.76,Resolved,Positive
T301235,C13874,O101727,2026-06-09,Payment,Medium,25.18,Resolved,Negative
T301236,C11509,O105815,2026-02-06,Product,Medium,9.88,Closed,Neutral
T301237,C11165,O101774,2026-09-11,Refund,Medium,13.13,Resolved,Positive
T301238,C13465,O107920,2026-03-02,Payment,Medium,18.01,Resolved,Positive
T301239,C12063,O104321,2026-08-09,Refund,Low,44.54,In Progress,Neutral
T301240,C11265,O108537,2026-09-10,Product,High,12.39,Resolved,Negative
T301241,C10302,O102979,2026-06-04,Product,Medium,26.05,In Progress,Negative
T301242,C10166,O104754,2026-09-09,Refund,Medium,15.52,In Progress,Positive
T301243,C13514,O109478,2026-03-25,Account,Low,7.87,Resolved,Neutral
T301244,C10795,O107080,2026-06-11,Refund,Low,27.11,In Progress,Neutral
T301245,C13083,O103290,2026-07-28,Payment,High,14.58,Closed,Neutral
T301246,C10408,O100466,2026-05-07,Refund,Medium,19.43,Resolved,Neutral
T301247,C11665,O102807,2026-05-20, ,Low,19.62,Resolved,Negative
T301248,C12155,O108163,2026-04-15,Account,Low,11.71,Open,Neutral
T301249,C11064,O106600,2026-03-30,Payment,Low,21.55,Resolved,Positive
T301250,C13702,O101982,2026-06-16,Account,Medium,14.37,In Progress,Negative
T301251,C11881,O100062,2026-02-14,Product,Low,4.47,Closed,Neutral
T301252,C12111,O105961,2026-01-06,Refund,Medium,21.46,Resolved,Neutral
T301253,C13874,O105596,2026-03-04,Account,Low,7.49,In Progress,Negative
T301254,C12407,O106969,2026-02-11,Refund,Low,12.29,Resolved,Positive
T301255,C12783,O108086,2026-01-14,Delivery,Medium,10.81,Resolved,Negative
T301256,C11729,O105244,2026-03-26,Product, Low ,17.4,Resolved,Negative
T301257,C12734,O109914,2026-04-14,Delivery,,8.31,Closed,Positive
T301258,C12709,O101666,2026-03-02,Payment,Medium,5.53,Open,Neutral
T301259,C10842,O106690,2026-05-18,Refund,Medium,27.17,Resolved,Negative
T301260,C11378,O101613,2026-02-04,Payment,,20.85,Resolved,Positive
T301261,C11824,O105290,2026-05-19,Delivery,Medium,17.47,Resolved,Positive
T301262,C10638,O103922,2026-02-09,Refund,Low,5.12,Open,Neutral
T301263,C12078,O109526,2026-01-28,Payment,Medium,23.34,Open,Neutral
T301264,C12185,O108798,2026-02-13,Product,Medium,21.84,Resolved,Neutral
T301265,C11073,O106419,2026-02-15,Account,High,13.0,Resolved,Positive
T301266,C13778,O105758,2026-03-08,Account,medium,10.82,Resolved,Negative
T301267,C12156,O104193,2026-01-24,Refund,Medium,7.9,Closed,Neutral
T301268,C10550,O107777,2026-02-11,Payment,Medium,12.66,In Progress,Negative
T301269,C13088,O101828,2026-08-21,,Low,13.12,Resolved,Negative
T301270,C11392,O101706,2026-06-06,Payment,High,5.56,Resolved,Neutral
T301271,C11511,O106922,2026-08-28,Delivery,Medium,5.06,Resolved,Negative
T301272,C10257,O105270,2026-05-13,Product,High,14.51,In Progress,Negative
T301273,C13753,O106701,2026-02-17,Account,Medium,13.79,Closed,Positive
T301274,C11698,O107970,2026-06-10,Delivery,High,7.77,In Progress,Negative
T301275,C13513,O109690,2026-09-01,Delivery,Medium,7.91,Closed,Negative
T301276,C10793,O104428,2026-08-12,Delivery,Medium,9.7,Closed,Neutral
T301277,C13401,O106809,2026-02-19,Account,Medium,15.44,Resolved,Positive
T301278,C11610,O105303,2026-05-21,Refund,Medium,8.07,Closed,Neutral
T301279,C12224,O101505,2026-03-08,Account,Medium,6.11,In Progress,Negative
T301280,,O100368,2026-04-07,Delivery,Low,14.97,Closed,Neutral
T301281,C10632,O105624,2026-09-14,Refund,Low,34.36,Closed,Positive
T301282,C12772,O109608,2026-01-29,Refund,Low,21.08,Resolved,Negative
T301283,C13297,O100856,2026-04-06,Refund,Critical,15.47,In Progress,Neutral
T301284,C10882,O104563,2026-02-04,Payment,Low,1.24,Resolved,Positive
T301285,C12843,O107580,2026-03-30,Delivery,Medium,36.92,Resolved,Positive
T301286,C11015,O109218,2026-05-12,Account,High,6.22,Resolved,Positive
T301287,C10265,O100122,2026-06-14,Product,Medium,13.02,Resolved,Neutral
T301288,C11965,O101109,2026-03-20,Payment,Medium,13.7,Resolved,Negative
T301289,C11165,O109174,2026-05-15,Product,HIGH,-12.0,Resolved,Neutral
T301290,C11005,O108693,2026-09-02,Delivery,Low,22.75,In Progress,Negative
T301291,C11896,O100458,2026-01-05,Delivery,High,5.05,Resolved,Negative
T301292,C10558,O102131,2026-01-13,Product,Critical,8.03,Closed,Negative
T301293,C10221,O103005,2026-09-13,Delivery,High,1.77,Closed,Negative
T301294,C13036,O100669,2026-01-23,Payment,Low,51.9,Resolved,Negative
T301295,C13490,O105496,2026-04-03,Delivery,Medium,6.83,Resolved,Positive
T301296,C11803,O107294,2026-08-25,Product,Medium,10.61,Resolved,Negative
T301297,C13834,O100429,2026-07-05,Product,Medium,6.19,Open,Positive
T301298,C12134,O100319,2026-08-18,Payment,Medium,11.88,Resolved,Neutral
T301299,C11090,O100268,2026-05-18,Refund,Medium,17.85,Resolved,Neutral
T301300,C11607,O101688,2026-04-09,Payment,Medium,7.63,Closed,Neutral
T301301,C13246,O100901,2026-07-29,Delivery,High,8.76,Closed,Negative
T301302,C11620,O104414,2026-05-28,Refund,Medium,5.91,Resolved,Neutral
T301303,C13256,O103033,2026-03-25,Delivery,Low,8.76,Resolved,Positive
T301304,C11433,O108291,2026-06-18,Refund,High,7.25,In Progress,Neutral
T301305,C11073,O105379,2026-05-21,Product,Medium,14.63,In Progress,Neutral
T301306,C12356,O101155,2026-04-02,Account,Low,1.93,Resolved,Positive
T301307,C10455,O109713,2026-06-08,Payment,Low,12.96,Open,Negative
T301308,C10093,O101437,2026-08-25,,Low,10.67,In Progress,Positive
T301309,C13234,O102366,2026-02-01,Delivery,Medium,28.5,Resolved,Negative
T301310,C10021,O104585,2026-03-30,Delivery,Medium,11.7,Resolved,Negative
T301311,C11060,O107453,2026-07-17,Account,Medium,4.29,Resolved,Neutral
T301312,C10118,O105788,2026-02-25,Payment,Medium,34.41,Resolved,Negative
T301313,C10017,O107400,2026-06-13,Refund,Medium,9.51,Resolved,Neutral
T301314,C10392,O101952,2026-05-30,Account,,5.25,In Progress,Neutral
T301315,C13052,O104199,2026-07-24,Refund,Low,5.2,Resolved,Neutral
T301316,C13239,O102066,2026-07-27,Refund,Medium,14.92,Resolved,Negative
T301317,,O101751,2026-08-12,Product,Medium,27.79,Resolved,Negative
T301318,C11432,O106696,2026-03-09,Delivery,Medium,4.81,Open,Negative
T301319,C13835,O109244,2026-01-01,Product,Critical,30.23,Resolved,Neutral
T301320,C13783,O102192,2026-09-05,Payment,Low,12.09,Resolved,Positive
T301321,C10231,O106688,2026-03-31,Delivery,Medium,10.21,Closed,Neutral
T301322,C12361,O101889,2026-08-24, ,Medium,34.61,Resolved,Neutral
T301323,C13641,O109925,2026-03-18,Refund,High,11.52,Open,Neutral
T301324,C10463,O106209,2026-03-09,Product,Medium,8.76,Resolved,Neutral
T301325,C13613,O101599,2026-05-01,Delivery,High,3.1,Open,Positive
T301326,C13656,O107455,2026-03-01,Refund,Medium,19.66,In Progress,Neutral
T301327,C11336,O102997,2026-08-13,Product,High,13.16,Resolved,Neutral
T301328,C12072,O108232,2026-01-14,Refund,Medium,34.86,Closed,Neutral
T301329,C10281,O103440,2026-07-30,Delivery,Medium,18.33,In Progress,Negative
T301330,C11222,O103884,2026-05-04,Delivery,Low,12.12,Resolved,Negative
T301331,C12884,O106617,2026-04-17,Refund,High,0.6,In Progress,Neutral
T301332,C13045,O109348,2026-06-04,Payment,Medium,25.75,Resolved,Positive
T301333,C13891,O102268,2026-05-22,Account,Low,7.92,Resolved,Neutral
T301334,C13794,O107925,2026-06-29,Refund,Medium,3.48,Resolved,Positive
T301335,C10226,O103669,2026-04-29,Product,Low,19.96,Resolved,Negative
T301336,C13077,O108806,2026-08-14,Refund,Medium,10.09,Closed,Negative
T301337,C12224,O106832,2026-07-04,Product,Low,12.94,Resolved,Positive
T301338,C11439,O103146,2026-01-24,,Critical,5.48,Closed,Neutral
T301339,C11819,O104762,2026-03-30,Delivery,Medium,12.03,In Progress,Neutral
T301340,C13951,O102355,2026-01-11, ,Medium,12.31,Open,Positive
T301341,C12958,O102357,2026-04-13,Account, Medium ,3.82,Closed,Negative
T301342,C11957,O103698,2026-06-14,Delivery,Medium,-12.0,Resolved,Negative
T301343,C12315,O105593,2026-07-19,Account,Low,8.93,Resolved,Neutral
T301344,C12418,O100734,2026-09-14,Delivery, High ,8.84,Resolved,Neutral
T301345,C12679,O101418,2026-01-24,Product,Medium,4.85,Open,Positive
T301346,C12211,O107840,2026-03-12,Payment,Low,27.05,Resolved,Neutral
T301347,C10277,O108991,2026-06-05,Payment,High,22.8,In Progress,Negative
T301348,C13869,O103363,2026-05-23,Account,Medium,14.33,Resolved,Positive
T301349,C11964,O104999,2026-01-01,Product,Medium,2.64,Resolved,Neutral
T301350,C12270,O106350,2026-03-20,Account,Medium,18.63,In Progress,Negative
T301351,C11799,O109721,2026-08-19,Refund,High,20.9,Closed,Neutral
T301352,C10233,O107574,2026-04-13,Refund,Medium,3.95,Closed,Neutral
T301353,C13584,O101066,2026-08-03,,High,18.89,In Progress,Positive
T301354,C12925,O102501,2026-03-09,Product,Low,7.77,Resolved,Positive
T301355,C10219,O108065,2026-07-13,Account,Critical,7.78,Resolved,Positive
T301356,C12171,O109618,2026-05-22,Refund,,11.6,In Progress,Negative
T301357,C13976,O100441,2026-06-01,Product,Medium,11.23,In Progress,Neutral
T301358,C10229,O103665,2026-02-25,,Medium,13.3,Resolved,Positive
T301359,C11751,O108511,2026-05-31,Refund,High,10.32,Resolved,Neutral
T301360,C10497,O107860,2026-08-23,Payment,Medium,8.26,Resolved,Negative
T301361,C10203,O105550,2026-01-29,Payment,Low,9.62,Resolved,Neutral
T301362,C10603,O104933,2026-05-16,Delivery,Low,13.45,Resolved,Negative
T301363,C11643,O102820,2026-05-27,Product,High,14.43,Resolved,Neutral
T301364,C11656,O109447,2026-08-22,Refund,Medium,17.13,Resolved,Neutral
T301365,C13138,O103611,2026-06-17,Delivery,High,27.98,In Progress,Neutral
T301366,C10997,O101639,2026-02-11,Payment,Low,24.26,Resolved,Negative
T301367,C12904,O106117,2026-06-27,Delivery,Low,12.6,Open,Neutral
T301368,C12044,O102946,2026-05-01,Account,LOW,27.82,Closed,Neutral
T301369,C12894,O103516,2026-09-09,Refund,Critical,5.55,In Progress,Neutral
T301370,C12329,O106506,2026-03-27,Payment,Medium,17.14,Closed,Positive
T301371,C11680,O109922,2026-07-25,Product,,23.7,Closed,Neutral
T301372,C12859,O100493,2026-01-10,Account,Medium,20.64,Resolved,Positive
T301373,C10092,O106866,2026-08-09,Delivery,Medium,12.41,Resolved,Negative
T301374,C11655,O105634,2026-01-11,Delivery,Critical,22.95,In Progress,Negative
T301375,C10992,O106972,2026-03-08,Delivery,High,9.34,Resolved,Negative
T301376,C12375,O105083,2026-05-08,Product,,9.1,In Progress,Positive
T301377,,O107919,2026-03-17,Product,Critical,10.47,Resolved,Positive
T301378,C12829,O107306,2026-01-06,Delivery,Medium,11.24,Open,Negative
T301379,C11432,O107495,2026-01-09,Product,Medium,18.99,Resolved,Neutral
T301380,C10222,O104384,2026-01-08,Delivery,Medium,12.71,Resolved,Negative
T301381,C13862,O107908,2026-03-30,Delivery,Low,22.9,In Progress,Negative
T301382,C13570,O102434,2026-08-30,Delivery,Medium,12.63,Closed,Negative
T301383,C13359,O108978,2026-01-05,Account,High,24.19,Closed,Positive
T301384,C13480,O107836,2026-08-04,,High,20.15,Resolved,Negative
T301385,C13854,O107192,2026-09-04,Product,Critical,19.12,Resolved,Neutral
T301386,C13054,O108012,2026-03-13,Refund,High,28.66,Resolved,Neutral
T301387,C13519,O103857,2026-05-18,product,Low,4.85,Resolved,Negative
T301388,C13383,O108011,2026-08-05,Refund,Medium,44.32,Resolved,Neutral
T301389,C13243,O107950,2026-06-10,Account,Low,9.6,Resolved,Positive
T301390,,O105261,2026-06-10,Product,Medium,17.43,Resolved,Neutral
T301391,C13368,O103626,2026-04-14,Delivery,High,20.73,Resolved,Negative
T301392,C11733,O106194,2026-01-03,Delivery,Low,25.03,Resolved,Neutral
T301393,C13792,O102921,2026-03-17,Refund,Medium,20.7,Resolved,Positive
T301394,C11768,O109895,2026-03-18,Account,Low,13.08,Resolved,Negative
T301395,C12937,O107300,2026-04-03, Account ,Medium,3.01,Resolved,Positive
T301396,C12895,O104241,2026-03-29,Delivery,Medium,13.23,Closed,Neutral
T301397,C13252,O103783,2026-03-03,Product, ,15.39,Resolved,Negative
T301398,C10487,O108388,2026-03-07,,Medium,6.57,Resolved,Negative
T301399,C13453,O106025,2026-02-22,Product,Medium,17.1,Resolved,Negative
T301400,C13647,O101131,2026-07-24,Product,High,22.25,Resolved,Neutral
T301401,C12477,O105687,2026-01-11,Account,Critical,18.38,In Progress,Neutral
T301402,C10040,O100917,2026-04-15,Payment,Medium,30.2,Resolved,Neutral
T301403,C10363,O108522,2026-06-13,,Critical,7.31,Resolved,Neutral
T301404,C12289,O102023,2026-04-22,Delivery,High,-12.0,In Progress,Negative
T301405,C12981,O100777,2026-03-31,Delivery,,34.65,Resolved,Negative
T301406,C12010,O102712,2026-03-18,Refund,High,4.3,Open,Neutral
T301407,C10615,O102759,2026-04-27,Payment,Medium,4.31,Resolved,Neutral
T301408,C13687,O100472,2026-03-27,Delivery,Medium,15.9,Resolved,Neutral
T301409,C11133,O107828,2026-09-11,Payment,Medium,11.9,Resolved,Positive
T301410,C11889,O107804,2026-03-15,Account,Medium,5.87,Open,Negative
T301411,C11368,O106441,2026-04-26,Payment,Low,17.15,Open,Negative
T301412,C12662,O105977,2026-06-06, Refund ,Medium,21.8,Resolved,Neutral
T301413,C13727,O107295,2026-05-13,,Critical,15.17,In Progress,Neutral
T301414,C13672,O105439,2026-03-12,Delivery,Low,20.73,In Progress,Positive
T301415,C10900,O102412,2026-05-18,Account,High,29.12,Resolved,Positive
T301416,C11991,O101510,2026-02-06,Account,High,19.24,Closed,Negative
T301417,C13417,O105501,2026-07-20,Refund,,9.57,Resolved,Negative
T301418,C12711,O104186,2026-01-30,Product,Low,8.12,Resolved,Positive
T301419,C10018,O105034,2026-04-20,Product,Medium,22.71,Closed,Negative
T301420,C11146,O103545,2026-02-11,Delivery,Medium,10.4,Resolved,Negative
T301421,C12368,O101519,2026-05-11,Payment,High,11.23,Resolved,Negative
T301422,C10426,O109495,2026-05-19,Account,Medium,14.31,In Progress,Negative
T301423,C13521,O108324,2026-03-27,Payment,High,13.01,Resolved,Neutral
T301424,C13730,O106680,2026-03-26,Delivery,Critical,14.12,Resolved,Negative
T301425,C13159,O107846,2026-04-20,Delivery,High,23.74,Closed,Negative
T301426,C13004,O106935,2026-04-09,Product,Critical,2.99,Resolved,Neutral
T301427,C10453,O107641,2026-03-06,Account,Medium,6.44,Open,Negative
T301428,C10076,O104380,2026-04-01,Delivery,Medium,15.05,Closed,Neutral
T301429,C13879,O101828,2026-09-15,Delivery,Medium,14.07,Resolved,Neutral
T301430,C11373,O102453,2026-06-04,Product,High,6.07,Closed,Negative
T301431,C11328,O105370,2026-08-06,Payment,Medium,4.91,In Progress,Positive
T301432,C13785,O104916,2026-07-22,Delivery,Medium,25.2,In Progress,Negative
T301433,C10846,O103115,2026-03-03,Product,Low,14.07,Resolved,Positive
T301434,C13470,O109554,2026-08-16,Payment,Medium,20.14,Resolved,Neutral
T301435,C12372,O101329,2026-02-11,Delivery,Low,6.34,In Progress,Negative
T301436,C10738,O109809,2026-01-24,Account,Critical,8.48,Closed,Neutral
T301437,C13992,O107863,2026-02-18,Payment,Medium,25.43,Resolved,Neutral
T301438,C11316,O100006,2026-07-24,Payment,Low,7.73,In Progress,Positive
T301439,C10269,O102531,2026-04-11,Delivery,High,18.68,Closed,Negative
T301440,C10115,O109483,2026-03-17,Delivery,Low,10.74,Resolved,Positive
T301441,C10147,O108611,2026-02-26,Delivery,High,9.02,Resolved,Negative
T301442,C12940,O107184,2026-05-03,Payment,Medium,11.86,Resolved,Positive
T301443,C10523,O105192,2026-04-27,Delivery,Medium,18.07,Closed,Neutral
T301444,C13084,O104411,2026-08-17,Delivery,Medium,18.67,In Progress,Neutral
T301445,C10484,O108548,2026-06-12,Product,,5.46,Resolved,Positive
T301446,C13205,O102020,2026-04-02,Account,,9.65,Resolved,Positive
T301447,C10953,O107189,2026-02-11,Account,Low,8.92,Resolved,Neutral
T301448,C11142,O102716,2026-05-14,Refund,Medium,10.22,Resolved,Negative
T301449,C13264,O101061,2026-06-26,Payment,Medium,27.26,Resolved,Neutral
T301450,C10305,O104819,2026-07-02,Account,Low,12.12,Resolved,Neutral
T301451,C13588,O102218,2026-06-04,Product,Medium,14.31,Resolved,Positive
T301452,C10824,O104985,2026-05-12,Refund,Medium,6.17,Open,Neutral
T301453,C13456,O107852,2026-08-17,Payment,Medium,29.49,Closed,Positive
T301454,C12288,O105984,2026-03-09,Account,High,18.4,Closed,Positive
T301455,C10928,O108972,2026-03-21,Account,Low,15.5,Resolved,Negative
T301456,C10571,O103898,2026-09-02,Account,Low,-12.0,Resolved,Positive
T301457,C13234,O103717,2026-01-15,Payment,Medium,12.33,Resolved,Neutral
T301458,C11291,O108156,2026-01-27,Delivery,Medium,19.75,Resolved,Neutral
T301459,C11188,O107059,2026-05-16,Refund,Medium,3.55,Resolved,Neutral
T301460,C12436,O109196,2026-09-10,,Medium,19.54,Resolved,Negative
T301461,C13543,O102709,2026-05-15,Delivery,Low,15.42,In Progress,Negative
T301462,C12408,O105092,2026-05-11,,High,13.35,Resolved,Neutral
T301463,C12924,O102242,2026-03-26,Product,High,19.8,Resolved,Negative
T301464,C12492,O105977,2026-03-31,Account,High,42.93,Resolved,Positive
T301465,C12801,O103460,2026-06-25,Account,Medium,27.72,Resolved,Negative
T301466,C12001,O102575,2026-08-20,Product,Medium,24.74,Resolved,Negative
T301467,C10711,O106566,2026-04-13,Payment,Low,15.4,Closed,Neutral
T301468,C11543,O105529,2026-01-17,Product,,9.68,In Progress,Negative
T301469,C12194,O104180,2026-04-22,Refund,High,-12.0,In Progress,Negative
T301470,C13212,O104192,2026-09-09,Refund,High,12.58,Open,Neutral
T301471,C12241,O102858,2026-05-10,Account,,19.05,Resolved,Neutral
T301472,C12911,O109062,2026-07-06,Refund,Medium,19.44,Open,Positive
T301473,C11954,O108880,2026-01-27,Account,Medium,9.93,Closed,Positive
T301474,C12854,O105771,2026-04-19,Refund,,7.41,Open,Negative
T301475,C10386,O103058,2026-08-13,Delivery,Medium,18.0,In Progress,Neutral
T301476,C10801,O100271,2026-05-18,Payment,Low,44.27,Resolved,Negative
T301477,C11929,O108396,2026-04-24,ACCOUNT,High,28.19,Resolved,Negative
T301478,C11635,O106773,2026-03-16,Payment,Low,31.6,Resolved,Negative
T301479,C11789,O105966,2026-01-26,Account,Critical,4.87,Resolved,Positive
T301480,C11722,O101537,2026-01-27,Account,Medium,21.13,In Progress,Negative
T301481,C12191,O106064,2026-07-24,Delivery,Low,8.94,Resolved,Negative
T301482,C13600,O104059,2026-01-03,Account,Medium,7.1,Closed,Negative
T301483,C11197,O104116,2026-05-07,Product,Low,4.19,Open,Negative
T301484,C11356,O100367,2026-01-02,Payment,Medium,20.98,Closed,Neutral
T301485,C12360,O106931,2026-08-21,Account,Low,28.87,Closed,Neutral
T301486,C10911,O106236,2026-09-07,Payment,Critical,4.09,Closed,Negative
T301487,C10111,O107127,2026-05-05,Account,Medium,36.25,Closed,Neutral
T301488,C11961,O107210,2026-08-11,Account,High,7.5,Resolved,Positive
T301489,C12666,O106888,2026-07-15,Refund,Medium,13.71,Closed,Neutral
T301490,C12593,O105265,2026-09-05,Delivery,Medium,3.43,Resolved,Negative
T301491,C11972,O102990,2026-07-06,Refund,Medium,6.21,Closed,Negative
T301492,C12047,O101997,2026-07-02,Refund,High,9.7,Resolved,Negative
T301493,C11172,O101495,2026-08-15,Refund,Critical,23.71,Resolved,Neutral
T301494,C13988,O106931,2026-09-07,Account,Medium,21.58,In Progress,Positive
T301495,C13763,O103322,2026-02-17,Account,,16.68,Resolved,Neutral
T301496,C10456,O100773,2026-06-12,PRODUCT,Low,20.49,Open,Neutral
T301497,C10948,O104417,2026-08-28,Account,Low,7.95,Closed,Positive
T301498,C10140,O103119,2026-04-30,Refund,Low,21.68,Resolved,Negative
T301499,C10714,O109088,2026-04-26,,Medium,47.17,Resolved,Positive
T301500,C11689,O104380,2026-04-30,Refund,Medium,10.88,Resolved,Negative
T301501,C13065,O102859,2026-06-20,Account,Medium,16.69,Resolved,Negative
T301502,C13107,O104273,2026-04-24,Delivery,Medium,16.18,In Progress,Negative
T301503,C12899,O100988,2026-09-14,Product,Medium,11.74,Resolved,Neutral
T301504,C13793,O107788,2026-04-19,Product,Critical,18.35,Closed,Neutral
T301505,C10378,O109808,2026-09-13,,Low,6.15,Resolved,Neutral
T301506,C12585,O106026,2026-01-20,Payment,Medium,16.58,Resolved,Negative
T301507,C12182,O103602,2026-04-05,Account,High,18.75,Closed,Neutral
T301508,C11932,O105024,2026-05-07,Product,Medium,9.17,Resolved,Negative
T301509,,O107441,2026-05-30,Payment,High,35.1,Closed,Positive
T301510,C10186,O101097,2026-01-29,Refund,Low,11.64,In Progress,Positive
T301511,C12321,O101522,2026-06-17,Delivery,Medium,20.75,Resolved,Negative
T301512,C12892,O100000,2026-08-12,Account, Low ,22.07,Open,Positive
T301513,C11629,O109507,2026-05-29,Refund,Medium,9.37,Resolved,Neutral
T301514,C12477,O109119,2026-08-23,Delivery,High,11.63,Resolved,Neutral
T301515,C11166,O105230,2026-07-14,Product,Critical,5.29,Resolved,Negative
T301516,C12683,O100336,2026-02-23,DELIVERY,Medium,25.57,Resolved,Neutral
T301517,C12643,O103510,2026-03-28,Account,Medium,2.01,Resolved,Negative
T301518,C11600,O104039,2026-08-26,Payment,Medium,2.83,Resolved,Neutral
T301519,C13831,O106354,2026-03-03,Account,High,21.33,In Progress,Neutral
T301520,C11630,O103326,2026-03-20,Product,High,17.04,Resolved,Negative
T301521,C13335,O102481,2026-01-23,Product,Medium,7.62,Resolved,Neutral
T301522,C10556,O107544,2026-08-25,Payment,High,11.49,Resolved,Neutral
T301523,C12655,O101695,2026-07-25,Account,Medium,15.68,Closed,Positive
T301524,C11462,O105997,2026-03-21,Account,Medium,17.81,Resolved,Negative
T301525,C12041,O107104,2026-05-24,Product,Medium,13.95,Resolved,Neutral
T301526,C13052,O103176,2026-01-19,Refund,Medium,8.77,In Progress,Neutral
T301527,C11155,O101762,2026-06-30,Delivery,Medium,11.45,Open,Neutral
T301528,C10592,O103767,2026-03-23,Account,Medium,20.0,Open,Neutral
T301529,C11357,O106807,2026-03-23,Delivery,High,18.01,Resolved,Negative
T301530,C11259,O106443,2026-05-15,Refund,Medium,9.27,Resolved,Positive
T301531,C10644,O109829,2026-03-10,Account,Low,8.19,Closed,Neutral
T301532,C11124,O104350,2026-08-21,Delivery,Medium,-12.0,Resolved,Negative
T301533,C10534,O100190,2026-06-17,Payment,High,18.48,Resolved,Neutral
T301534,C13819,O105389,2026-08-07, ,Medium,18.55,Resolved,Positive
T301535,C10847,O106217,2026-03-01,Account,Low,19.95,Resolved,Neutral
T301536,C12874,O105569,2026-08-19,Delivery,Low,16.37,Resolved,Negative
T301537,C11886,O103739,2026-05-06,Payment,Low,9.28,In Progress,Neutral
T301538,,O109346,2026-08-17,Delivery, Medium ,5.82,Resolved,Neutral
T301539,C13524,O101406,2026-03-19,Account,Medium,14.64,Resolved,Negative
T301540,C13828,O103707,2026-01-28,Delivery,Medium,31.72,Closed,Neutral
T301541,C13842,O100175,2026-02-10,Refund,High,15.68,Open,Neutral
T301542,C13021,O109606,2026-09-01,Account,Critical,16.34,Closed,Negative
T301543,C12546,O105349,2026-01-12,Account,High,13.93,In Progress,Negative
T301544,C13662,O102023,2026-02-02,Delivery,Low,34.88,Resolved,Negative
T301545,C11855,O102926,2026-02-27,Product,,9.93,Resolved,Neutral
T301546,C13871,O102964,2026-08-17,Refund,Medium,7.42,Closed,Positive
T301547,C10968,O107030,2026-06-14,Delivery,Medium,28.31,Resolved,Negative
T301548,,O102725,2026-06-19,,Low,10.5,Closed,Neutral
T301549,C13561,O107265,2026-06-20, Refund ,High,9.07,Resolved,Neutral
T301550,C13636,O108742,2026-07-20,Account,High,4.66,Resolved,Negative
T301551,C12763,O105429,2026-08-21,Payment,Low,15.75,Resolved,Neutral
T301552,C12708,O100962,2026-08-24,Product,Low,23.04,Resolved,Neutral
T301553,C11347,O109300,2026-05-31,Delivery,Medium,20.79,Open,Negative
T301554,C12286,O102329,2026-09-03,Refund,High,21.39,Open,Positive
T301555,C13960,O109063,2026-05-07,Account,Low,30.38,Closed,Negative
T301556,C13884,O101735,2026-07-08,Account,Medium,8.99,Resolved,Positive
T301557,C11725,O106937,2026-02-27,Account,Medium,28.2,Resolved,Positive
T301558,,O102332,2026-01-23,Refund,High,6.41,In Progress,Positive
T301559,,O108853,2026-08-03,Delivery,Low,7.61,Closed,Negative
T301560,C10882,O104474,2026-08-21,Product,Medium,8.48,Closed,Negative
T301561,C12875,O104265,2026-06-05,Product,Medium,21.26,Open,Positive
T301562,C10231,O105960,2026-06-02,Account,Medium,16.41,Open,Negative
T301563,C10904,O108217,2026-05-14,Product,Low,15.2,Resolved,Neutral
T301564,C13858,O103839,2026-01-22,Delivery,High,31.07,Resolved,Positive
T301565,C11689,O106160,2026-09-09,Delivery,Medium,10.97,Resolved,Negative
T301566,C13742,O101662,2026-03-05,Payment,Medium,19.18,Resolved,Neutral
T301567,C13228,O109176,2026-07-24,Refund,Critical,9.5,Open,Negative
T301568,C10026,O108910,2026-09-07,Payment,Medium,31.06,Closed,Neutral
T301569,C11213,O102670,2026-09-09,,Low,23.85,Closed,Positive
T301570,C11251,O101464,2026-01-27,Refund,Medium,4.99,In Progress,Negative
T301571,C12634,O101972,2026-05-01,Account,,16.63,Closed,Negative
T301572,C13771,O100628,2026-01-10,Account,Medium,12.93,Resolved,Negative
T301573,C13564,O100257,2026-03-26,Product,Low,13.28,In Progress,Positive
T301574,C11480,O100255,2026-05-27,Refund,Low,8.81,Closed,Neutral
T301575,C10126,O103985,2026-03-11,Account,Medium,15.17,Open,Positive
T301576,C10019,O109567,2026-04-23,Account,Low,4.27,Resolved,Neutral
T301577,C12603,O109581,2026-01-01,Delivery,Medium,7.92,Resolved,Positive
T301578,C11472,O102388,2026-01-05,Payment,Medium,9.51,Closed,Negative
T301579,C10138,O103746,2026-04-20,Product,Low,2.88,In Progress,Neutral
T301580,C12753,O104364,2026-04-25,Product,Medium,26.72,Resolved,Negative
T301581,C11386,O106850,2026-06-04,Refund,Low,22.36,Closed,Negative
T301582,C12920,O103077,2026-03-03,refund,Low,21.5,Resolved,Positive
T301583,C10863,O102336,2026-09-03,Product,Low,6.8,Resolved,Neutral
T301584,C12410,O103963,2026-03-03,Payment,High,18.56,In Progress,Neutral
T301585,C13720,O102504,2026-06-13,Account,Medium,16.82,Resolved,Neutral
T301586,C10680,O103844,2026-06-10,,Medium,13.66,Resolved,Positive
T301587,C12212,O107581,2026-01-10,Payment,Low,20.63,Resolved,Neutral
T301588,C11034,O109410,2026-04-11,Account,Medium,17.0,Closed,Negative
T301589,C12196,O103912,2026-04-10,Product,Medium,25.32,Resolved,Neutral
T301590,C10014,O102750,2026-01-29,Delivery,Medium,30.98,Resolved,Negative
T301591,C10931,O104504,2026-04-28,Product,Medium,13.35,Resolved,Positive
T301592,C10741,O102943,2026-01-06,Payment,High,21.5,Resolved,Positive
T301593,C12281,O103119,2026-04-08,Refund,Medium,23.21,Resolved,Negative
T301594,C13284,O105074,2026-07-09,Account,High,14.4,Resolved,Negative
T301595,C12415,O103636,2026-05-18,Payment,Medium,12.62,Resolved,Negative
T301596,C12267,O106784,2026-04-16,Account,Medium,6.55,Closed,Neutral
T301597,C11453,O108886,2026-02-23,Delivery,Low,12.73,Resolved,Positive
T301598,C11731,O102940,2026-05-08,Account,High,-12.0,Closed,Negative
T301599,C12103,O102083,2026-08-14,Account,Medium,22.91,Resolved,Neutral
T301600,C13785,O106792,2026-04-23,,High,10.15,Resolved,Negative
T301601,C13826,O102088,2026-02-25,Product,High,35.28,Open,Positive
T301602,C11927,O101824,2026-03-19,,High,15.77,Resolved,Neutral
T301603,C11646,O105513,2026-07-09,Payment,Medium,25.25,Resolved,Positive
T301604,C12994,O102957,2026-01-15,Product,Medium,17.46,Resolved,Positive
T301605,C13777,O104125,2026-05-19,Payment,Low,2.1,Resolved,Positive
T301606,C11279,O106770,2026-02-25,Delivery,Low,2.07,In Progress,Negative
T301607,C11905,O101263,2026-09-13,Account,Low,18.12,In Progress,Negative
T301608,C13799,O100074,2026-07-06,Delivery,Low,17.17,Resolved,Negative
T301609,C11674,O108369,2026-08-25,Account,High,12.56,Resolved,Neutral
T301610,C13604,O107311,2026-04-27,Product,Medium,15.15,Closed,Positive
T301611,C11554,O103655,2026-03-12,Account,Low,9.7,Resolved,Neutral
T301612,C13207,O100017,2026-04-01,Product,Medium,20.67,In Progress,Positive
T301613,C10379,O108666,2026-03-10,Refund,Medium,16.06,Resolved,Neutral
T301614,C13532,O107720,2026-09-04,Refund,Low,4.77,Resolved,Neutral
T301615,C13048,O104058,2026-01-20,Delivery,,10.08,Resolved,Neutral
T301616,C12209,O103394,2026-03-15,Account,Low,35.62,Open,Negative
T301617,C10344,O104808,2026-05-01,Account,HIGH,12.75,Closed,Positive
T301618,C13866,O108239,2026-07-22,Account,High,9.75,Resolved,Negative
T301619,C12007,O103339,2026-04-18,delivery,Low,11.91,Closed,Negative
T301620,C10492,O104447,2026-02-18,Payment, Low ,26.54,Resolved,Neutral
T301621,C12213,O107872,2026-01-20,Product,Medium,6.23,Resolved,Negative
T301622,C11636,O109806,2026-08-03,PRODUCT,Medium,12.09,In Progress,Neutral
T301623,C10240,O104667,2026-04-02,Delivery,Medium,7.85,Resolved,Neutral
T301624,C13634,O108796,2026-01-16,Product,Medium,6.73,Resolved,Neutral
T301625,C13749,O109291,2026-05-22,Payment,Medium,20.56,Resolved,Neutral
T301626,C12839,O108422,2026-08-08,Account,Low,19.77,Resolved,Neutral
T301627,C13209,O101222,2026-08-24,Delivery,Medium,14.67,Resolved,Neutral
T301628,C12312,O106205,2026-08-01,Payment,High,9.37,Resolved,Neutral
T301629,C13998,O103981,2026-04-11,Product,Low,10.67,Resolved,Negative
T301630,C10149,O109137,2026-01-21,Account,High,1.7,Closed,Positive
T301631,C13588,O103062,2026-04-24,Delivery,Low,23.41,Resolved,Positive
T301632,C12764,O106910,2026-02-02,Account,Medium,7.97,Resolved,Neutral
T301633,C12181,O109213,2026-07-18,Refund,High,2.36,Resolved,Positive
T301634,C11588,O105772,2026-02-04,Refund,Low,8.11,In Progress,Positive
T301635,C12402,O101470,2026-05-12,Delivery,Medium,10.96,In Progress,Negative
T301636,C11745,O102090,2026-07-21,Account,Medium,5.83,Resolved,Neutral
T301637,C12963,O104782,2026-09-03,Payment,,7.49,Closed,Positive
T301638,C13330,O106317,2026-01-21,Payment,Medium,16.14,Resolved,Positive
T301639,C11268,O100768,2026-08-28,Product,Medium,12.32,Open,Neutral
T301640,C10213,O102220,2026-07-14,Refund,Low,3.31,Resolved,Negative
T301641,C10984,O108727,2026-07-28,Account,Low,9.23,Closed,Positive
T301642,C13516,O105515,2026-05-12,Account,Critical,12.11,Resolved,Neutral
T301643,C11777,O109242,2026-05-20,product,Medium,10.95,Resolved,Neutral
T301644,C12294,O106701,2026-05-21,Payment,High,27.83,Resolved,Positive
T301645,C11090,O101748,2026-02-02,Account,Medium,15.77,Resolved,Negative
T301646,C10502,O104806,2026-03-03,Refund,Medium,18.59,Resolved,Negative
T301647,C12202,O100637,2026-06-29,Account,Critical,11.16,Closed,Neutral
T301648,,O104305,2026-02-11,Product,Low,6.63,In Progress,Positive
T301649,C10749,O109299,2026-01-22,Refund,High,25.92,Resolved,Positive
T301650,C13160,O100056,2026-02-24,Payment,Medium,18.17,Resolved,Positive
T301651,C10585,O105240,2026-06-25,Payment,Critical,23.0,Resolved,Neutral
T301652,C12941,O103335,2026-05-15,Refund,Medium,32.4,Closed,Positive
T301653,C13678,O105189,2026-03-27,Refund,Low,13.36,In Progress,Positive
T301654,C11476,O100568,2026-08-14,Delivery,Low,21.42,Resolved,Negative
T301655,C13556,O109732,2026-03-31,Account,Medium,4.38,In Progress,Neutral
T301656,C10074,O109399,2026-06-15,,High,20.63,Resolved,Positive
T301657,C11353,O103694,2026-06-21,Refund,Low,21.03,Resolved,Neutral
T301658,C11997,O104721,2026-08-24,Delivery,High,15.8,Open,Positive
T301659,C13856,O108055,2026-04-28,Account,Medium,7.4,Resolved,Negative
T301660,C13254,O105164,2026-01-08,Refund,Medium,12.7,Open,Neutral
T301661,C13273,O109261,2026-02-22,Refund,Low,7.11,Resolved,Negative
T301662,C13308,O101787,2026-01-24,Delivery,Medium,14.31,Resolved,Negative
T301663,C10423,O109940,2026-09-11,Product,,12.09,Resolved,Neutral
T301664,C13111,O107306,2026-03-11,Refund,Medium,14.02,Open,Neutral
T301665,C12449,O100496,2026-06-22,Delivery,Medium,19.48,Open,Neutral
T301666,C13151,O106379,2026-09-15,Delivery,Medium,12.92,Resolved,Negative
T301667,C11521,O103176,2026-06-04,Payment,Critical,23.13,Resolved,Positive
T301668,C12096,O108470,2026-03-31,Delivery,Medium,23.89,Closed,Positive
T301669,C11773,O101952,2026-04-25,Delivery,Medium,8.81,Open,Negative
T301670,C12732,O107865,2026-01-09,Delivery,Medium,9.62,Resolved,Negative
T301671,C13333,O107492,2026-03-09,Account,Low,26.77,In Progress,Positive
T301672,C11072,O105286,2026-03-24,Payment,Medium,6.85,Resolved,Negative
T301673,C11086,O102750,2026-09-01,Payment,Medium,26.89,Closed,Neutral
T301674,C12357,O102617,2026-04-03,Account,Medium,35.97,Resolved,Neutral
T301675,C13856,O105131,2026-09-06,Account,Medium,6.28,Closed,Positive
T301676,C10848,O105245,2026-07-10,Product,Medium,11.19,Closed,Negative
T301677,C13956,O103292,2026-03-23,Refund,Medium,18.58,In Progress,Negative
T301678,C10005,O100419,2026-02-28,Account,Critical,11.73,Resolved,Negative
T301679,,O104461,2026-06-26,Payment,Medium,19.09,Resolved,Neutral
T301680,C13271,O102296,2026-03-28,Account,Medium,6.69,Resolved,Negative
T301681,C10839,O107197,2026-09-07,Payment,Medium,6.35,Resolved,Negative
T301682,C13211,O106750,2026-03-17,Product, ,16.85,Closed,Positive
T301683,C10050,O105668,2026-05-04,Product,Critical,17.92,Closed,Neutral
T301684,C13536,O101269,2026-02-05,Product,High,31.65,Resolved,Negative
T301685,C10143,O106321,2026-03-03,Delivery,Low,3.06,Resolved,Negative
T301686,C10751,O104832,2026-05-17,Payment,Medium,17.21,Resolved,Positive
T301687,C12029,O104720,2026-04-24,Account,Medium,10.78,Open,Positive
T301688,C13334,O105866,2026-05-28,Account,Medium,18.89,Closed,Negative
T301689,C10853,O106829,2026-02-04,Product,High,16.68,Resolved,Negative
T301690,C11883,O102990,2026-07-17,Delivery,Medium,14.89,Resolved,Positive
T301691,C10652,O102004,2026-07-16,Refund,High,5.62,Closed,Neutral
T301692,C10465,O102015,2026-04-30, ,High,7.72,Open,Positive
T301693,C13868,O105819,2026-03-23,Account,Low,8.71,Open,Neutral
T301694,C13605,O100233,2026-08-02,Product,Critical,6.47,Resolved,Positive
T301695,C10053,O101157,2026-08-25,Payment,High,23.6,In Progress,Positive
T301696,C13230,O102851,2026-08-13,Delivery,Medium,15.89,Resolved,Negative
T301697,C10694,O107773,2026-07-07,Product,Low,15.47,Resolved,Neutral
T301698,C13720,O103299,2026-08-13,Account,Medium,15.23,Open,Positive
T301699,C13768,O105301,2026-03-09,Product,Low,14.2,Resolved,Positive
T301700,C10520,O100392,2026-08-27,Refund,High,12.52,Resolved,Positive
T301701,C10785,O100549,2026-08-14,Payment,,16.94,Open,Neutral
T301702,C11255,O101511,2026-08-27,Delivery,Medium,3.59,Resolved,Negative
T301703,C10376,O106091,2026-02-26,Account,Low,8.97,Resolved,Negative
T301704,C10307,O105728,2026-05-21,Delivery,Low,6.81,Resolved,Negative
T301705,C11072,O100098,2026-07-28,Product,Medium,13.61,Resolved,Neutral
T301706,C10996,O103321,2026-01-14,Product,Low,5.02,Resolved,Negative
T301707,C10985,O104145,2026-06-30,Account,Low,5.99,Resolved,Negative
T301708,C13598,O106022,2026-04-07,Payment,Low,21.84,Open,Neutral
T301709,C11744,O108141,2026-06-04,Delivery,Low,20.78,Resolved,Neutral
T301710,C12572,O101590,2026-07-21,Payment,Medium,28.51,In Progress,Negative
T301711,C13485,O105952,2026-06-19,Product,Medium,13.46,Resolved,Negative
T301712,C13939,O100920,2026-08-14,Payment,Low,40.61,Resolved,Neutral
T301713,C10282,O103330,2026-05-27,Delivery,Medium,13.4,Resolved,Negative
T301714,C13523,O102811,2026-02-01,Payment,Medium,15.14,In Progress,Negative
T301715,C11359,O104561,2026-07-15,Product,Low,17.53,Resolved,Neutral
T301716,C12927,O107779,2026-04-29,Payment,High,34.28,Resolved,Neutral
T301717,C12743,O105857,2026-05-13,Payment,Medium,9.0,Closed,Negative
T301718,C11221,O105255,2026-08-12,Account,High,14.48,Closed,Negative
T301719,C11176,O102340,2026-09-08,Delivery,Medium,25.73,Resolved,Negative
T301720,C10163,O109057,2026-02-18,Account,Low,8.79,Resolved,Negative
T301721,C12981,O100134,2026-08-07,Delivery,Low,7.28,Resolved,Negative
T301722,C13425,O107496,2026-05-29,Refund,Medium,5.3,Resolved,Negative
T301723,C13580,O100973,2026-07-25,,Critical,9.0,In Progress,Negative
T301724,C11211,O108401,2026-03-23,product,Low,11.09,In Progress,Neutral
T301725,C13362,O101998,2026-03-06,Refund,Medium,11.44,Open,Positive
T301726,C10399,O109004,2026-02-17,Payment,Low,14.4,Resolved,Negative
T301727,C13272,O106379,2026-09-12,Delivery,Low,25.18,Open,Negative
T301728,C12651,O105555,2026-09-03,Product,Medium,6.94,Closed,Neutral
T301729,C11728,O104112,2026-04-09,Product,Medium,4.41,Resolved,Positive
T301730,C13717,O109672,2026-07-19,Refund,Medium,7.93,Open,Neutral
T301731,C13524,O101313,2026-01-10,Payment,Medium,15.2,In Progress,Positive
T301732,C13052,O105524,2026-06-16,Product,Medium,12.89,Resolved,Positive
T301733,C12890,O100584,2026-05-04,Payment,High,7.36,In Progress,Neutral
T301734,C10846,O109799,2026-01-02,Account,Low,1.32,Open,Neutral
T301735,C12871,O109566,2026-02-02,Product,High,28.8,Resolved,Positive
T301736,C13806,O108778,2026-02-13,Product,High,8.99,Resolved,Neutral
T301737,C10928,O102030,2026-01-07,Payment,Low,10.73,Resolved,Negative
T301738,C10272,O103709,2026-01-12,Delivery,Medium,5.55,Resolved,Negative
T301739,,O108220,2026-01-17,,Medium,8.16,Resolved,Neutral
T301740,C10830,O106139,2026-09-04,Delivery,High,28.46,Resolved,Negative
T301741,C13862,O105373,2026-08-30,Delivery,Medium,6.02,Resolved,Neutral
T301742,C11878,O100384,2026-05-02,Product,High,10.83,Open,Neutral
T301743,C12898,O104629,2026-03-01,Product,Low,6.89,In Progress,Positive
T301744,C12624,O102481,2026-03-22,Delivery,Medium,5.69,Resolved,Negative
T301745,C13588,O103900,2026-07-29,Product,High,11.59,Resolved,Neutral
T301746,C13867,O101847,2026-04-15,,Medium,15.57,In Progress,Neutral
T301747,C77777,O102229,2026-09-02,Product,Low,23.12,Open,Neutral
T301748,C13438,O107929,2026-05-09,Product,High,10.38,Resolved,Neutral
T301749,C13723,O103602,2026-02-06,Account,Medium,17.79,Resolved,Positive
T301750,C12552,O100414,2026-09-06,Product,Medium,18.12,Closed,Neutral
T301751,C11425,O107702,2026-01-25,Product,High,25.98,Resolved,Neutral
T301752,C10127,O109303,2026-04-17,Payment, ,34.31,Open,Positive
T301753,C12047,O100776,2026-04-04,Product,Critical,16.29,Resolved,Positive
T301754,C13614,O109266,2026-04-06,Refund,,8.81,Resolved,Neutral
T301755,C11314,O108833,2026-06-12,Account,Medium,19.55,Resolved,Neutral
T301756,C12310,O103999,2026-01-29,Account,Medium,14.69,Open,Neutral
T301757,C10342,O107046,2026-02-15,Payment,Low,21.31,Resolved,Negative
T301758,,O107086,2026-04-12,Refund,Low,10.39,Resolved,Negative
T301759,C11119,O100967,2026-04-29,Product,Medium,30.32,Closed,Neutral
T301760,C11137,O103996,2026-03-18,Payment,High,15.47,Resolved,Positive
T301761,C11413,O102053,2026-03-24,Payment,Medium,17.02,Resolved,Neutral
T301762,C12144,O101059,2026-09-01,Product,Medium,11.89,Resolved,Neutral
T301763,C11843,O103205,2026-05-13,Payment,High,9.67,Resolved,Neutral
T301764,C13973,O104418,2026-05-30,Payment,Low,13.78,Resolved,Negative
T301765,C11839,O105469,2026-07-09,Account,Critical,12.41,In Progress,Neutral
T301766,C10429,O105938,2026-05-16,Payment,Medium,30.65,Open,Positive
T301767,C10041,O106631,2026-06-29,Product,High,11.11,Resolved,Neutral
T301768,C11117,O105794,2026-05-26,Payment,High,6.99,Open,Neutral
T301769,C10268,O107088,2026-05-25,Delivery,Medium,14.69,In Progress,Positive
T301770,C11360,O104702,2026-09-04, ,High,14.74,Resolved,Neutral
T301771,C13112,O103170,2026-03-24,Account,Medium,10.49,Closed,Negative
T301772,C12888,O105236,2026-08-16,Product,Low,9.32,Resolved,Positive
T301773,C11045,O104396,2026-09-11,Payment,High,12.52,Resolved,Neutral
T301774,C12958,O101319,2026-03-31,Product,Low,14.57,Closed,Neutral
T301775,C12142,O108785,2026-05-29,Delivery,Medium,15.58,Resolved,Negative
T301776,C13661,O100591,2026-05-25,Payment,Medium,4.66,Resolved,Negative
T301777,C11487,O101603,2026-08-13,Refund,Medium,9.36,Resolved,Neutral
T301778,C11988,O101856,2026-08-24,Refund,Low,14.31,Resolved,Neutral
T301779,C13205,O106157,2026-02-08,Delivery,Low,32.39,In Progress,Neutral
T301780,C11729,O101663,2026-08-22,Account,Low,15.31,Closed,Positive
T301781,C10691,O109472,2026-06-09,Account,Medium,6.77,Closed,Negative
T301782,C10884,O107246,2026-01-13,Delivery,Low,15.56,Resolved,Negative
T301783,C12277,O100181,2026-07-28,Product, ,16.74,Resolved,Neutral
T301784,C13309,O103392,2026-07-20,Refund,Medium,10.85,Resolved,Neutral
T301785,C10921,O101314,2026-07-18,Payment,Medium,8.7,Resolved,Negative
T301786,C11549,O106705,2026-08-19,Payment,High,15.73,Closed,Neutral
T301787,C12886,O105352,2026-05-14,Account,Medium,6.14,Resolved,Positive
T301788,C13500,O108759,2026-03-06,Refund,Low,1.0,Resolved,Negative
T301789,C12703,O100368,2026-01-03,Refund,Medium,14.45,Resolved,Negative
T301790,C10050,O100854,2026-07-12,Payment,Medium,13.6,Resolved,Negative
T301791,C13437,O109893,2026-03-03,Account,Low,13.13,Resolved,Neutral
T301792,C11383,O101288,2026-04-22,Product,Low,19.54,Open,Neutral
T301793,C12389,O101854,2026-08-30,Product,Low,10.17,Resolved,Neutral
T301794,C10368,O104807,2026-08-08,Product,Medium,11.75,Closed,Neutral
T301795,C10307,O100385,2026-03-26,Product,Low,10.46,Closed,Neutral
T301796,C10990,O109807,2026-04-08,Account,High,7.8,Resolved,Negative
T301797,C11713,O108190,2026-08-20,,Medium,9.23,Closed,Positive
T301798,C11412,O103990,2026-07-12,Account,Low,34.36,Resolved,Neutral
T301799,C11400,O100140,2026-02-13,Account,High,18.8,In Progress,Neutral
T301800,C10569,O101111,2026-03-09,Refund,High,8.37,Resolved,Positive
T301801,C13998,O100359,2026-06-12,Payment,Low,5.86,Closed,Positive
T301802,C10922,O109313,2026-04-15,Account,Medium,14.8,Closed,Negative
T301803,C12897,O100092,2026-01-16,Refund,Medium,8.48,In Progress,Neutral
T301804,C13379,O107186,2026-09-10,Account,Medium,22.47,Resolved,Negative
T301805,C13121,O105323,2026-09-10,Product,Medium,13.04,Open,Positive
T301806,C12063,O106762,2026-01-15,Delivery,Critical,9.06,Open,Negative
T301807,C11848,O108497,2026-02-05,Delivery,High,13.65,Resolved,Negative
T301808,C12640,O104119,2026-04-01,Account,Medium,15.54,Closed,Negative
T301809,C12512,O108255,2026-09-14,Payment,High,17.16,Closed,Positive
T301810,C13461,O100901,2026-02-09,Product,Medium,7.66,In Progress,Negative
T301811,C11174,O107428,2026-04-01,Refund, Low ,9.91,Open,Neutral
T301812,C12594,O102328,2026-02-12,,Low,16.56,Resolved,Neutral
T301813,C11655,O103280,2026-03-24,Account,Medium,7.13,Resolved,Neutral
T301814,C11585,O106254,2026-07-27,Delivery,Medium,10.74,Resolved,Negative
T301815,C10570,O104468,2026-04-22,Product,Low,27.85,Resolved,Positive
T301816,C10125,O100228,2026-06-11,Payment,Medium,11.25,Resolved,Neutral
T301817,C10257,O101183,2026-02-27,Product,Low,7.96,Resolved,Positive
T301818,C12368,O109741,2026-07-07,Refund,High,6.43,In Progress,Negative
T301819,C12110,O106143,2026-08-11,Product,Medium,20.29,Resolved,Negative
T301820,C11330,O101584,2026-09-02,Refund,Medium,15.41,Closed,Positive
T301821,C13516,O101931,2026-02-08,Account,High,16.06,Resolved,Neutral
T301822,,O100272,2026-01-18,Delivery,Low,2.63,Resolved,Positive
T301823,C11981,O106427,2026-03-30,Account,Low,9.94,Resolved,Positive
T301824,C11162,O101319,2026-07-19,Payment,Low,22.97,Resolved,Neutral
T301825,C12021,O106298,2026-03-29,Delivery,Medium,14.39,Resolved,Negative
T301826,C11236,O102216,2026-03-29,Payment,Medium,12.67,Resolved,Neutral
T301827,C12557,O100430,2026-06-16,Account,Critical,15.0,Open,Neutral
T301828,C12017,O103876,2026-02-22,Refund,Low,16.4,In Progress,Positive
T301829,C12997,O109030,2026-04-13,Account,High,4.19,Closed,Neutral
T301830,C10823,O107756,2026-04-09,Payment,Low,13.78,Resolved,Neutral
T301831,C10885,O103957,2026-06-12,Delivery,High,3.37,Resolved,Negative
T301832,C10100,O106022,2026-08-03,Delivery,Medium,12.99,Resolved,Negative
T301833,C13804,O103437,2026-03-08,Product,High,43.52,Resolved,Neutral
T301834,C11396,O102855,2026-05-28,Refund,Medium,24.59,Resolved,Neutral
T301835,C13592,O101324,2026-05-29,Product,Medium,21.15,In Progress,Neutral
T301836,C11415,O105199,2026-04-28,Payment,High,5.92,Resolved,Positive
T301837,C13471,O104565,2026-09-07,Refund,High,10.78,Resolved,Neutral
T301838,C11655,O108126,2026-04-04,REFUND,Medium,7.48,Resolved,Positive
T301839,C12999,O107981,2026-04-05,Delivery,Medium,19.02,In Progress,Negative
T301840,C12807,O102118,2026-09-14,Refund,High,6.64,Resolved,Positive
T301841,C10982,O100960,2026-05-11,Refund,Medium,17.3,Resolved,Positive
T301842,C10763,O108043,2026-01-15,Account,Low,12.45,Resolved,Neutral
T301843,C10207,O101142,2026-02-20,Delivery,Medium,9.15,Resolved,Neutral
T301844,C11588,O107754,2026-03-27,Payment,Medium,10.27,Resolved,Neutral
T301845,C11873,O102330,2026-07-01,Product,,41.85,Resolved,Neutral
T301846,C10766,O106045,2026-03-09,Account,high,26.52,Closed,Neutral
T301847,C11242,O100096,2026-01-30,Account,Low,10.97,Closed,Positive
T301848,C13085,O105547,2026-01-23,Delivery,Medium,23.98,Resolved,Negative
T301849,C12992,O106462,2026-05-16,Account,Low,9.64,Resolved,Negative
T301850,C10968,O101206,2026-05-06,,High,20.98,Resolved,Neutral
T301851,C10305,O108015,2026-04-06,Refund,Medium,32.88,Resolved,Neutral
T301852,C10498,O102401,2026-01-24,Delivery,Medium,14.66,Open,Negative
T301853,C12055,O105059,2026-02-05,Product,Medium,15.16,Resolved,Negative
T301854,C13935,O108903,2026-03-22,Refund,High,17.41,Closed,Neutral
T301855,C12653,O103508,2026-09-14,,Critical,34.31,Open,Positive
T301856,C10640,O106945,2026-03-02,Delivery,Medium,17.08,In Progress,Negative
T301857,C13400,O101466,2026-03-20,Payment,Medium,7.35,Closed,Neutral
T301858,C12383,O103716,2026-05-30,Product,Medium,13.44,Resolved,Neutral
T301859,C11541,O101003,2026-09-04,Account,Low,22.47,Resolved,Negative
T301860,C13901,O106025,2026-07-23,Account,High,10.03,Open,Negative
T301861,C12226,O108206,2026-08-03,Refund,High,4.39,Resolved,Neutral
T301862,C13575,O102817,2026-08-09,Product,Critical,16.27,Resolved,Positive
T301863,C11356,O108440,2026-08-27,Delivery,Medium,21.12,Resolved,Positive
T301864,C13562,O105724,2026-04-16,Account,Medium,13.64,Resolved,Neutral
T301865,C10066,O100550,2026-01-14,Account, Low ,18.34,Resolved,Neutral
T301866,C13391,O109776,2026-04-09,Refund,Low,19.2,Closed,Neutral
T301867,C12132,O108558,2026-02-19,Delivery,,16.39,In Progress,Neutral
T301868,C12387,O101852,2026-09-08,Refund,Medium,22.15,In Progress,Neutral
T301869,C13503,O103051,2026-03-28,Product,High,11.44,Resolved,Negative
T301870,C13127,O109191,2026-05-17,Payment,Low,18.37,Resolved,Negative
T301871,C10543,O101398,2026-01-26,Product,Low,5.14,Resolved,Negative
T301872,C12881,O102816,2026-04-21,Payment,High,10.67,Resolved,Neutral
T301873,C12472,O108496,2026-09-01,Refund,Medium,29.73,Resolved,Positive
T301874,C12406,O107611,2026-06-29,Delivery,Low,14.79,Resolved,Negative
T301875,C77777,O107327,2026-02-11,Product,Medium,22.26,Open,Positive
T301876,C13437,O106116,2026-04-20,Delivery,Medium,21.06,In Progress,Positive
T301877,C13363,O100591,2026-09-07,Product,Medium,7.56,Resolved,Neutral
T301878,C11294,O105025,2026-08-01,Delivery,Medium,11.33,Resolved,Negative
T301879,C12324,O101029,2026-05-13,Account,High,11.86,Closed,Positive
T301880,C13759,O109323,2026-02-27,Delivery,Medium,11.52,Resolved,Negative
T301881,C11118,O109914,2026-06-05,Delivery,High,15.37,In Progress,Neutral
T301882,C10246,O105526,2026-02-22,,Medium,2.92,Resolved,Neutral
T301883,C11360,O102122,2026-07-14,Refund,High,7.03,Resolved,Neutral
T301884,C13621,O108878,2026-09-11,Refund,Medium,8.69,Resolved,Negative
T301885,C13793,O100565,2026-02-21,Account,Low,18.85,Resolved,Neutral
T301886,C11371,O104595,2026-05-29,Delivery,Low,5.55,Resolved,Negative
T301887,C10491,O107538,2026-06-17,ACCOUNT,Medium,31.92,Closed,Neutral
T301888,C13277,O107314,2026-02-04,Product,Medium,2.67,Resolved,Neutral
T301889,C13782,O106757,2026-03-20,Product,Medium,22.44,Resolved,Neutral
T301890,C11348,O104138,2026-01-02,Refund,Medium,5.57,Resolved,Neutral
T301891,C12708,O105027,2026-05-20,Delivery,Low,28.83,In Progress,Negative
T301892,C10197,O100764,2026-08-07,Product,Low,9.45,Resolved,Positive
T301893,C12975,O108397,2026-06-29,Payment,Low,22.45,Open,Negative
T301894,C10293,O108819,2026-05-08,Product,Medium,14.64,Resolved,Positive
T301895,C11626,O102821,2026-06-22,Payment,High,15.99,Resolved,Positive
T301896,C10135,O101607,2026-02-16,Payment,Low,7.91,Closed,Negative
T301897,C10531,O104315,2026-05-15,Product,Low,10.26,Resolved,Neutral
T301898,C13152,O100289,2026-01-21,Refund,Low,10.59,Open,Neutral
T301899,C10524,O101896,2026-07-11,Delivery,Medium,8.02,Closed,Negative
T301900,C11772,O103280,2026-07-26,Refund,High,20.71,Resolved,Negative
T301901,C10854,O101571,2026-05-29,Payment,Low,10.16,Resolved,Neutral
T301902,C13002,O104405,2026-06-27,Refund,Low,24.19,Resolved,Negative
T301903,C11823,O100144,2026-04-20,Refund,Medium,19.59,In Progress,Neutral
T301904,C12898,O100934,2026-05-10,Refund,High,8.12,Open,Neutral
T301905,C11708,O101685,2026-01-28,Refund,Low,7.63,Resolved,Negative
T301906,C13661,O104885,2026-02-20, Payment ,Low,12.46,Closed,Neutral
T301907,C10720,O106749,2026-01-25,Account,Low,22.74,Open,Positive
T301908,C12034,O101364,2026-08-25,Delivery,Low,27.48,Resolved,Positive
T301909,C10570,O101437,2026-07-06,,Low,13.27,Closed,Negative
T301910,C11394,O103780,2026-03-31,Refund,Critical,9.11,Resolved,Positive
T301911,C11446,O108511,2026-08-20,Account,,11.79,Closed,Negative
T301912,C11140,O109840,2026-08-31,Payment,High,6.76,Resolved,Positive
T301913,C12822,O107098,2026-03-26,Refund,Medium,5.95,Closed,Positive
T301914,C11728,O101460,2026-03-13,Product,High,14.24,Closed,Positive
T301915,C10591,O106981,2026-06-23,Account,Low,6.3,In Progress,Neutral
T301916,C11196,O106390,2026-08-30,Product,Medium,6.06,In Progress,Neutral
T301917,C12691,O100846,2026-06-14,Account,Medium,19.97,In Progress,Negative
T301918,C10978,O100242,2026-01-25,Refund,High,11.71,In Progress,Neutral
T301919,C13789,O101945,2026-03-07,Delivery,High,3.33,Resolved,Negative
T301920,C13847,O107884,2026-03-31, Product ,Critical,12.98,Resolved,Negative
T301921,C12017,O100485,2026-06-22,Payment,Medium,12.44,Resolved,Neutral
T301922,C10022,O109883,2026-05-08,Refund,Low,21.83,Closed,Neutral
T301923,C13606,O100332,2026-03-02,Refund,Low,4.98,Open,Neutral
T301924,C11944,O101283,2026-03-22,Delivery,Medium,8.6,Resolved,Negative
T301925,C12554,O103885,2026-04-05,Account,Medium,13.3,Resolved,Negative
T301926,C13069,O109396,2026-09-01,Refund,Medium,11.79,Closed,Positive
T301927,C11015,O106357,2026-03-28,Product,Medium,8.51,Resolved,Neutral
T301928,C13165,O103628,2026-07-10,Product,Medium,24.94,Resolved,Neutral
T301929,C11090,O105548,2026-05-18,Refund,Medium,22.53,Resolved,Positive
T301930,C11369,O109392,2026-05-27,Product,Medium,18.73,Resolved,Positive
T301931,C12255,O108934,2026-07-07,Refund,Medium,8.73,Closed,Positive
T301932,C11188,O103900,2026-06-11,Payment,Medium,15.93,Resolved,Negative
T301933,C10980,O108437,2026-01-07,Account,Medium,11.78,Closed,Negative
T301934,C10702,O108173,2026-05-07,Delivery,LOW,22.49,Resolved,Negative
T301935,C11828,O109160,2026-01-07,Delivery,High,7.59,Resolved,Negative
T301936,C13444,O107403,2026-08-20,Delivery,High,14.13,In Progress,Negative
T301937,C11817,O100292,2026-06-12,Payment,High,12.74,Open,Positive
T301938,C13753,O105816,2026-03-09,Delivery,Medium,12.16,Resolved,Negative
T301939,C13016,O105459,2026-06-19,Product,Medium,37.94,Resolved,Positive
T301940,C13449,O103599,2026-05-09,Payment,Medium,14.13,Resolved,Negative
T301941,C10745,O102990,2026-08-08,Product,Medium,16.92,Open,Positive
T301942,C11849,O102146,2026-08-29,Product,Low,10.39,Resolved,Neutral
T301943,C13867,O108481,2026-08-14,Payment,Low,23.43,Resolved,Positive
T301944,C13246,O105167,2026-03-18,Delivery,Low,13.54,Resolved,Negative
T301945,C10822,O106717,2026-05-02,Product,Low,5.41,Resolved,Neutral
T301946,C12919,O108970,2026-07-12,Account,High,10.78,In Progress,Neutral
T301947,C11019,O109278,2026-08-15,Payment,Medium,4.59,Resolved,Neutral
T301948,C12592,O102628,2026-09-06,refund,Low,15.27,Closed,Neutral
T301949,C10380,O100295,2026-04-08,Payment,Medium,20.7,Resolved,Positive
T301950,C12711,O102049,2026-01-06,Refund,Medium,7.8,In Progress,Negative
T301951,C12073,O100101,2026-08-16,Account,Medium,10.94,Closed,Negative
T301952,C10863,O105189,2026-06-13,,Low,7.26,Resolved,Neutral
T301953,C11928,O102519,2026-02-11,Payment,Low,9.67,Closed,Neutral
T301954,C12673,O104278,2026-07-28,Account,Critical,20.25,Resolved,Positive
T301955,C10869,O105157,2026-04-14,Product,Low,7.94,Resolved,Neutral
T301956,C11811,O102616,2026-01-03,Delivery,Low,7.57,Resolved,Negative
T301957,C11401,O102453,2026-07-25,Product,High,17.75,Resolved,Neutral
T301958,C12789,O109008,2026-08-07,Delivery,High,24.53,Resolved,Negative
T301959,C12125,O104155,2026-04-03,Delivery,,7.13,Closed,Negative
T301960,C11852,O105740,2026-07-27,Account,Low,26.02,Resolved,Positive
T301961,C11690,O102039,2026-09-05,,High,20.05,Open,Positive
T301962,C12443,O106776,2026-06-03,Refund,High,15.12,Closed,Neutral
T301963,C13584,O108587,2026-01-07,Payment,Critical,12.5,In Progress,Neutral
T301964,C10046,O109381,2026-01-20,Payment,High,18.2,Resolved,Negative
T301965,C11567,O103480,2026-08-24,Payment,Low,16.29,Open,Positive
T301966,C11483,O103864,2026-04-17,Payment,Medium,5.86,Closed,Positive
T301967,C13581,O102286,2026-08-27,Account,Critical,8.76,Closed,Neutral
T301968,C10689,O108741,2026-03-11,Payment,Low,13.62,Resolved,Neutral
T301969,C12809,O101445,2026-03-28,Refund,Low,17.86,Resolved,Neutral
T301970,C12467,O106499,2026-02-27,Product,Medium,18.3,In Progress,Neutral
T301971,C12592,O102418,2026-09-13,Product,Critical,7.4,Closed,Negative
T301972,C10812,O101984,2026-07-19,Delivery,Medium,7.96,Resolved,Neutral
T301973,C11711,O107718,2026-05-21,Delivery,Medium,21.19,Closed,Negative
T301974,C13286,O101423,2026-01-08, Refund ,Medium,6.88,Resolved,Positive
T301975,C10652,O101101,2026-04-22,Product,High,15.67,Resolved,Negative
T301976,C12149,O100116,2026-07-24,Product,Medium,42.31,Resolved,Negative
T301977,C10813,O100102,2026-02-05,refund,Low,6.46,Resolved,Negative
T301978,C12899,O103016,2026-05-27,Delivery,Medium,36.32,Open,Positive
T301979,C13322,O101857,2026-07-02,Refund,Medium,19.03,Closed,Positive
T301980,C11590,O106276,2026-06-05,Delivery,Medium,16.2,Resolved,Neutral
T301981,C12901,O103668,2026-05-09,PRODUCT,Low,37.72,In Progress,Negative
T301982,C11641,O102481,2026-01-13,Product,Medium,36.01,Resolved,Positive
T301983,C10706,O108294,2026-04-04,Product,Medium,2.8,Open,Negative
T301984,C13696,O108970,2026-02-10,Account,High,7.82,Resolved,Neutral
T301985,C12287,O101877,2026-07-05,Delivery,Low,2.6,Resolved,Neutral
T301986,C13510,O109175,2026-07-15,Refund,Low,9.89,Closed,Negative
T301987,C11889,O101542,2026-06-20,Payment,Medium,18.1,Resolved,Neutral
T301988,C13068,O103570,2026-01-10,Account,Medium,8.27,Resolved,Positive
T301989,C10609,O105819,2026-06-16,Delivery,Low,6.43,Resolved,Negative
T301990,C11198,O100897,2026-05-24,Refund,Medium,30.96,Resolved,Neutral
T301991,C12111,O104525,2026-06-03,,High,20.79,Resolved,Neutral
T301992,C13773,O101042,2026-02-06,Refund,Medium,7.17,Resolved,Neutral
T301993,,O100473,2026-05-19,Refund,Medium,29.85,Resolved,Neutral
T301994,C10025,O101340,2026-04-02,Payment,Low,10.61,Resolved,Neutral
T301995,C10438,O106056,2026-03-06,Product,Low,20.79,Resolved,Negative
T301996,C13946,O107124,2026-04-25,Delivery,Medium,1.58,Resolved,Negative
T301997,C12521,O109644,2026-06-17,Delivery,Medium,8.34,Resolved,Negative
T301998,C10842,O101201,2026-07-25,Payment,High,12.27,Resolved,Negative
T301999,C11861,O100477,2026-01-18,Account,Low,17.85,In Progress,Positive
T302000,C11082,O104135,2026-03-10,Product,Low,2.16,Resolved,Neutral
T302001,C13612,O104051,2026-03-11,Payment,Critical,17.84,Closed,Neutral
T302002,C11860,O103361,2026-04-30,Account,Critical,8.26,Resolved,Negative
T302003,C13406,O103820,2026-07-02,Payment,Low,5.42,Closed,Neutral
T302004,C10029,O100797,2026-02-02,Refund,High,10.33,Resolved,Negative
T302005,C10966,O107684,2026-02-11,Refund,High,10.89,Open,Positive
T302006,C10421,O104861,2026-09-07,Refund,High,16.68,Resolved,Neutral
T302007,C10706,O100481,2026-06-03,Product,Low,35.86,Resolved,Positive
T302008,C10344,O105395,2026-07-27,Delivery,Low,12.84,In Progress,Negative
T302009,C12949,O102960,2026-04-07,Refund,Low,14.19,Resolved,Negative
T302010,C13051,O100661,2026-08-01,Payment,High,18.67,In Progress,Positive
T302011,C11040,O109500,2026-05-05,Payment,High,6.44,Resolved,Neutral
T302012,C11873,O106917,2026-01-24,Account,Medium,7.99,Resolved,Negative
T302013,C10963,O100212,2026-06-29,Account,High,31.57,Resolved,Positive
T302014,,O103661,2026-05-10,Delivery,High,21.25,Resolved,Neutral
T302015,C12900,O108365,2026-07-20,Refund,Medium,23.93,Resolved,Neutral
T302016,C13970,O102250,2026-01-18,Product,Low,3.63,Open,Neutral
T302017,C11411,O105179,2026-08-31,Delivery,Critical,14.41,Resolved,Neutral
T302018,C12767,O108199,2026-01-04,Product,Low,12.82,In Progress,Neutral
T302019,C10215,O108573,2026-05-15,Delivery,High,9.66,Resolved,Neutral
T302020,C13973,O100958,2026-04-28,account,medium,15.83,Resolved,Neutral
T302021,C13423,O102580,2026-06-22,Payment,Low,12.63,Resolved,Positive
T302022,C11358,O105276,2026-02-23,Product,Medium,11.95,Open,Positive
T302023,C12459,O102749,2026-09-07,Refund,High,15.89,Resolved,Neutral
T302024,C10326,O104173,2026-07-11,Delivery,Low,22.08,Open,Neutral
T302025,C12597,O101805,2026-04-09,Delivery,Medium,13.22,Resolved,Neutral
T302026,C11366,O104711,2026-02-11,Refund,Low,12.74,Resolved,Neutral
T302027,C11304,O106222,2026-08-13,Payment,Medium,5.48,Resolved,Neutral
T302028,C12138,O108127,2026-03-24,Product,Critical,19.65,Resolved,Negative
T302029,C10904,O106549,2026-08-05,Product,High,17.38,Resolved,Negative
T302030,C10940,O106923,2026-02-03,Payment,Low,12.04,Closed,Neutral
T302031,C13105,O106299,2026-01-18,Payment,Medium,23.39,Resolved,Neutral
T302032,C10191,O109300,2026-05-15,Product,Medium,13.02,Closed,Negative
T302033,C10594,O100698,2026-06-17,Product,Low,7.86,Open,Neutral
T302034,C12385,O104733,2026-07-23,DELIVERY,Medium,11.25,Resolved,Negative
T302035,C10225,O108681,2026-04-13,Product,Medium,15.29,Closed,Neutral
T302036,C10072,O105833,2026-02-09,Product,,23.85,Resolved,Neutral
T302037,C13124,O101378,2026-05-09,Payment,Medium,14.3,Closed,Neutral
T302038,C11162,O107873,2026-08-17,Payment,High,21.91,Resolved,Negative
T302039,C13788,O103139,2026-07-23,Account,High,19.93,Open,Positive
T302040,C13462,O105409,2026-02-23,Delivery, ,14.93,Resolved,Neutral
T302041,C10426,O109871,2026-04-02,Payment,Medium,14.39,Closed,Neutral
T302042,C12942,O100077,2026-08-04,Delivery,Critical,6.09,Resolved,Negative
T302043,C12996,O106989,2026-06-21,Payment,Medium,5.8,Open,Neutral
T302044,C13565,O101140,2026-01-26,Delivery,,27.2,Resolved,Negative
T302045,C13585,O106656,2026-09-07,Account,High,22.18,Resolved,Positive
T302046,C11933,O106173,2026-07-04,Delivery,Low,18.51,Resolved,Negative
T302047,C10598,O109412,2026-06-21,Product,Medium,21.19,Resolved,Neutral
T302048,C12527,O102515,2026-06-13,Account,High,15.7,In Progress,Negative
T302049,C13187,O105261,2026-04-10,Refund,Medium,11.23,Open,Negative
T302050,,O103051,2026-08-31, ,Medium,5.53,Resolved,Neutral
T302051,C10817,O108101,2026-09-02,Account,Medium,23.11,Resolved,Neutral
T302052,C10684,O108024,2026-02-11,Payment,Low,14.21,Resolved,Neutral
T302053,C13508,O105498,2026-08-07,Payment,High,10.07,Resolved,Negative
T302054,C13040,O109863,2026-08-03,Account,Medium,41.12,In Progress,Neutral
T302055,C11186,O104902,2026-01-23,Delivery,Medium,15.93,Resolved,Negative
T302056,C10835,O101914,2026-07-27,Payment,Low,14.89,Resolved,Neutral
T302057,C10590,O108947,2026-06-18,Refund,Medium,17.75,Resolved,Negative
T302058,C11523,O101374,2026-02-09,Account,Critical,4.14,Open,Neutral
T302059,C13695,O105408,2026-02-23,Refund,Medium,11.46,In Progress,Negative
T302060,C10319,O101809,2026-08-17,Product,Medium,11.03,In Progress,Positive
T302061,C13508,O100806,2026-05-27,Delivery,Medium,16.26,Closed,Negative
T302062,,O103273,2026-06-05,Delivery,Medium,22.85,Closed,Positive
T302063,C10636,O103543,2026-09-01,Product,Low,8.75,Resolved,Neutral
T302064,C11437,O107832,2026-04-10,Delivery,Low,24.77,Resolved,Positive
T302065,C13366,O108687,2026-04-03,Payment,Medium,30.7,Resolved,Positive
T302066,C13103,O109059,2026-02-12,Product,Medium,9.57,Resolved,Neutral
T302067,C11850,O105314,2026-09-01,Product,Low,36.85,Resolved,Neutral
T302068,C12343,O107614,2026-08-20,Account,Low,4.31,Resolved,Neutral
T302069,C13821,O104944,2026-06-15,Payment,Medium,26.02,Resolved,Negative
T302070,C12599,O108252,2026-05-31,Payment,Medium,8.35,Resolved,Negative
T302071,C10135,O108493,2026-06-12,Refund,Low,19.08,Resolved,Negative
T302072,C10378,O104779,2026-08-25,Product,Low,9.7,Resolved,Neutral
T302073,C12708,O106777,2026-05-27,Refund,High,16.77,Resolved,Neutral
T302074,C11376,O106325,2026-09-02,Refund,Low,5.71,Resolved,Neutral
T302075,C13868,O101168,2026-08-25,Account,Low,-12.0,Closed,Neutral
T302076,C12447,O107729,2026-01-12,Payment,Medium,16.5,In Progress,Neutral
T302077,C13032,O105105,2026-07-23,Product,Low,9.07,Resolved,Neutral
T302078,C11755,O107242,2026-01-21,Refund,Low,1.19,In Progress,Neutral
T302079,C13047,O100773,2026-06-25,Delivery,High,11.8,Resolved,Negative
T302080,C12588,O105436,2026-06-23,Account,Low,13.57,Open,Neutral
T302081,C12655,O105256,2026-04-08,Account,Medium,4.28,In Progress,Positive
T302082,C10281,O106847,2026-06-09,Account,Medium,32.49,Resolved,Positive
T302083,C11323,O108872,2026-07-11,Payment,Low,19.67,In Progress,Negative
T302084,C11058,O104202,2026-08-01,Refund,Low,42.1,Resolved,Neutral
T302085,C11978,O109693,2026-05-26,Account,Medium,19.82,Resolved,Neutral
T302086,C13527,O102037,2026-04-29,Delivery,Low,5.24,Resolved,Negative
T302087,C13056,O109075,2026-03-27,Payment,Medium,29.39,Resolved,Neutral
T302088,C13736,O101635,2026-08-27,Payment,Medium,10.6,Resolved,Neutral
T302089,C12688,O101929,2026-07-06,Product,High,13.33,Resolved,Neutral
T302090,C11837,O103671,2026-06-07,Account,High,14.67,Resolved,Negative
T302091,C12250,O108537,2026-02-12,Payment,Medium,20.28,Resolved,Negative
T302092,C11641,O101457,2026-02-06,Account,Medium,25.38,Resolved,Neutral
T302093,C13327,O107306,2026-06-14,Delivery,Low,10.87,Closed,Neutral
T302094,C13562,O105909,2026-08-07,Account,Medium,12.51,In Progress,Negative
T302095,C10459,O104685,2026-07-06,Refund,Low,7.33,Resolved,Neutral
T302096,,O109664,2026-03-18,Refund,Medium,21.63,Open,Negative
T302097,C12053,O103760,2026-08-31,Delivery,Low,3.13,Closed,Negative
T302098,C10813,O100036,2026-08-21,Payment,Medium,7.79,Resolved,Neutral
T302099,C10893,O102874,2026-01-27,Refund,Medium,28.97,Resolved,Negative
T302100,C13014,O105563,2026-02-13,Product,Low,26.3,Resolved,Neutral
T302101,C11506,O107617,2026-06-26,Delivery,High,7.04,Resolved,Neutral
T302102,C13773,O101656,2026-07-16,Delivery,High,4.69,Resolved,Negative
T302103,C13792,O105261,2026-03-24,Account,Medium,10.22,Closed,Neutral
T302104,C10161,O109109,2026-07-19,Product,Critical,22.78,In Progress,Neutral
T302105,C13964,O105249,2026-07-25,Refund,High,9.34,In Progress,Positive
T302106,C13188,O106764,2026-02-11,Product,Medium,7.21,Resolved,Negative
T302107,C12583,O109451,2026-01-30,Account,Low,6.99,Resolved,Neutral
T302108,C10068,O102154,2026-07-08,Account,Low,7.33,Resolved,Negative
T302109,C10357,O103543,2026-03-06,,Low,35.47,Resolved,Positive
T302110,C13054,O109021,2026-08-19,Delivery,Low,19.94,In Progress,Negative
T302111,C12903,O101719,2026-03-18,Refund,Low,4.82,Resolved,Neutral
T302112,C11359,O107456,2026-01-14,Delivery,Low,29.74,Resolved,Negative
T302113,C13686,O105322,2026-01-24,Refund,Medium,12.93,Resolved,Neutral
T302114,C13350,O101111,2026-06-16,Refund,Low,14.64,Resolved,Negative
T302115,C12433,O109661,2026-05-11,Refund,Medium,22.43,Resolved,Neutral
T302116,C11570,O100123,2026-07-23,Refund,High,2.56,In Progress,Positive
T302117,C13552,O100609,2026-05-02,Product,Critical,18.8,Resolved,Neutral
T302118,C12672,O100790,2026-02-22,Account,Medium,9.56,Resolved,Negative
T302119,C10163,O106250,2026-08-05,Delivery,High,5.18,Closed,Negative
T302120,C10033,O103049,2026-05-23,Refund,Medium,20.77,In Progress,Neutral
T302121,C12992,O108347,2026-07-29,Delivery,,7.0,Open,Negative
T302122,C10302,O106137,2026-01-21,PRODUCT,Medium,26.71,Resolved,Neutral
T302123,C12059,O102552,2026-07-24,Refund,medium,11.45,Resolved,Positive
T302124,C10542,O100139,2026-07-25,,Medium,9.38,In Progress,Neutral
T302125,C12824,O104304,2026-06-08,DELIVERY,Low,10.37,Resolved,Negative
T302126,C13787,O101223,2026-04-13,Product,Medium,11.4,Resolved,Neutral
T302127,C13327,O109107,2026-03-24,Product,Low,22.74,Open,Neutral
T302128,C12206,O109704,2026-05-03,Delivery,Low,2.22,Closed,Negative
T302129,C12086,O100303,2026-09-06,Product,High,13.22,In Progress,Positive
T302130,C11950,O102598,2026-06-21,Delivery,Medium,21.26,Resolved,Negative
T302131,C13218,O103361,2026-06-18,Account,Low,12.66,Resolved,Neutral
T302132,C13255,O108372,2026-04-18,Product,Medium,14.82,Closed,Neutral
T302133,C11987,O109856,2026-04-14,Payment,HIGH,8.07,Closed,Positive
T302134,C12157,O106478,2026-04-26,Payment,Low,5.93,In Progress,Negative
T302135,C13604,O108356,2026-04-27,Refund,High,5.92,In Progress,Negative
T302136,C11154,O104806,2026-02-15,Product,Medium,8.28,Closed,Neutral
T302137,C11146,O109305,2026-05-15,Product,Low,7.79,Closed,Neutral
T302138,C10205,O104488,2026-05-08,Delivery,Low,24.41,Resolved,Negative
T302139,C10713,O103806,2026-03-21,Payment,High,14.23,In Progress,Positive
T302140,C13865,O107088,2026-07-03,Account,Low,10.72,Closed,Negative
T302141,C10079,O101132,2026-05-27,Payment,Low,9.03,Resolved,Neutral
T302142,C10163,O104795,2026-06-16,Refund,High,12.69,Resolved,Positive
T302143,C13299,O104612,2026-03-26,Delivery,HIGH,7.12,Resolved,Negative
T302144,C13835,O107334,2026-09-14,,High,17.07,Resolved,Negative
T302145,C12480,O105939,2026-03-31,Delivery,Medium,7.87,Open,Negative
T302146,C11626,O100150,2026-01-05,Refund,,18.77,Resolved,Neutral
T302147,C12837,O101239,2026-07-21,Product,Medium,3.05,Resolved,Neutral
T302148,C10654,O102384,2026-08-08,Account,High,9.43,Closed,Neutral
T302149,C11159,O102161,2026-08-11,Refund,High,3.57,Closed,Positive
T302150,C10724,O107909,2026-06-14,Delivery,Medium,32.09,Closed,Positive
T302151,C11459,O108249,2026-04-17,Account,Medium,10.6,Resolved,Positive
T302152,C10538,O105398,2026-05-13,Payment,Low,6.92,Resolved,Positive
T302153,C10432,O107234,2026-09-13,Payment,High,22.38,Resolved,Positive
T302154,C10381,O102888,2026-08-18,Delivery,High,41.2,Open,Negative
T302155,C13632,O102862,2026-02-14,account,,15.32,In Progress,Neutral
T302156,C13285,O106652,2026-01-18,Product,Medium,13.08,Closed,Positive
T302157,C11541,O106553,2026-01-11,Refund,Medium,13.87,Resolved,Neutral
T302158,C11116,O107960,2026-01-11,Delivery,Low,10.36,Resolved,Positive
T302159,C10487,O100775,2026-03-19,Product,High,37.74,Resolved,Neutral
T302160,C10245,O109817,2026-02-12,Payment,Medium,5.74,In Progress,Negative
T302161,C11059,O107381,2026-01-01,ACCOUNT,Medium,9.73,Resolved,Negative
T302162,C11116,O103924,2026-01-21,Payment,High,26.62,Closed,Neutral
T302163,C11384,O101115,2026-01-11,Payment,High,9.46,In Progress,Neutral
T302164,C12370,O105242,2026-04-16,Payment,Medium,5.73,In Progress,Positive
T302165,C13109,O109831,2026-03-27,Product,Medium,14.45,Closed,Positive
T302166,C13415,O104562,2026-08-03,,Low,5.2,In Progress,Neutral
T302167,C11442,O103659,2026-07-24,Refund,High,19.07,Resolved,Neutral
T302168,C13229,O103400,2026-07-29,Delivery,High,31.35,Resolved,Neutral
T302169,C13982,O104768,2026-02-16,Payment, Low ,17.69,Resolved,Negative
T302170,C10299,O104916,2026-08-27,Refund,Medium,12.33,In Progress,Negative
T302171,C10543,O103838,2026-01-07,Payment,Medium,13.71,Closed,Neutral
T302172,C13336,O106607,2026-07-27,Refund,Medium,16.41,Closed,Positive
T302173,C12006,O100071,2026-05-12,Account,Low,6.9,Resolved,Neutral
T302174,C13862,O105090,2026-06-07,Account,Medium,15.61,Resolved,Negative
T302175,C10259,O107165,2026-02-05,Payment,Medium,15.36,In Progress,Neutral
T302176,C12132,O102355,2026-07-20,Account,Medium,41.22,Open,Neutral
T302177,C10021,O105658,2026-03-15,Product,Medium,12.25,Closed,Neutral
T302178,C10814,O106203,2026-09-11,Product,High,17.78,Closed,Positive
T302179,C10796,O108147,2026-09-06,Account,Medium,21.88,Closed,Positive
T302180,C11377,O100721,2026-07-31,Account,Critical,14.76,Open,Positive
T302181,C12363,O106543,2026-06-26,Account,Low,20.23,Open,Neutral
T302182,C10289,O109998,2026-01-02,Delivery,,13.05,Resolved,Neutral
T302183,C12510,O103513,2026-03-17,Delivery,Medium,18.5,Resolved,Negative
T302184,C11228,O102950,2026-06-01,Payment,Low,18.09,Closed,Neutral
T302185,C12017,O105860,2026-03-24,Refund,Medium,16.97,Resolved,Neutral
T302186,C10746,O101451,2026-07-01,Payment,Low,3.93,Resolved,Neutral
T302187,C11633,O108039,2026-02-01,,Low,8.87,Closed,Neutral
T302188,C12352,O100820,2026-02-13,Product,Medium,21.16,In Progress,Positive
T302189,C12216,O106635,2026-03-20,Payment,Medium,19.23,Resolved,Negative
T302190,C12479,O102168,2026-03-10,Refund, Critical ,29.22,In Progress,Neutral
T302191,C10322,O102498,2026-03-01,Refund,Low,14.44,Resolved,Positive
T302192,C12984,O105009,2026-07-05,Refund,Low,16.08,In Progress,Neutral
T302193,C11630,O104522,2026-04-14,Refund,Critical,28.77,Resolved,Negative
T302194,C10879,O102997,2026-07-08,Payment,High,12.81,Resolved,Negative
T302195,C12326,O103664,2026-04-14,Delivery,Medium,25.25,Resolved,Negative
T302196,C11985,O101665,2026-08-22,Refund,Medium,3.17,Resolved,Neutral
T302197,C11773,O101850,2026-06-17,Payment,,21.9,Resolved,Negative
T302198,C13754,O109166,2026-03-22,Account,High,25.1,Resolved,Neutral
T302199,C12807,O105353,2026-09-04,ACCOUNT,Medium,11.4,Resolved,Neutral
T302200,C10598,O108778,2026-02-07,Account,Low,15.03,Closed,Negative
T302201,C11560,O103243,2026-08-26,Product,Low,12.32,Resolved,Negative
T302202,C13602,O104908,2026-07-22,Product,Medium,9.39,Resolved,Positive
T302203,C13560,O108721,2026-07-21,Payment,Medium,12.15,Open,Negative
T302204,C10964,O106357,2026-03-01,Delivery,Medium,-12.0,In Progress,Positive
T302205,C12509,O109465,2026-07-12,Account,Medium,29.18,Resolved,Neutral
T302206,C13364,O101229,2026-03-27,Account,MEDIUM,16.16,Resolved,Neutral
T302207,C12581,O100699,2026-05-28,Refund,Medium,17.18,Resolved,Neutral
T302208,C13321,O100278,2026-03-11,Account,Medium,13.63,Closed,Neutral
T302209,C10242,O102161,2026-04-08,Delivery,Low,24.35,Resolved,Positive
T302210,C13982,O103975,2026-04-19,Product,Low,18.63,Resolved,Negative
T302211,C11122,O104044,2026-01-13,PAYMENT,High,7.2,Resolved,Positive
T302212,C10997,O108194,2026-02-26,Payment,,8.31,Resolved,Neutral
T302213,C10080,O105497,2026-01-25,Product,High,14.3,Resolved,Neutral
T302214,C13237,O103538,2026-08-31,Delivery,Low,17.13,Resolved,Neutral
T302215,C10077,O108145,2026-01-23,Product,Medium,1.49,Resolved,Neutral
T302216,C13651,O105579,2026-03-01,Delivery,Low,15.96,In Progress,Neutral
T302217,C12478,O107875,2026-08-13,Payment, ,10.34,Resolved,Negative
T302218,C13916,O109230,2026-08-25,Delivery,Medium,8.17,Resolved,Negative
T302219,C11304,O109302,2026-05-31, Account ,Low,8.39,Resolved,Negative
T302220,C13671,O102464,2026-06-07,Account,Low,13.54,Resolved,Positive
T302221,C13322,O101353,2026-07-22,Refund,High,3.97,Open,Negative
T302222,C11725,O106522,2026-01-11,Payment,Critical,17.38,In Progress,Neutral
T302223,C12063,O101994,2026-04-24,Account,Medium,10.56,Resolved,Neutral
T302224,C10813,O106781,2026-06-01,Payment,High,12.01,Resolved,Neutral
T302225,C10157,O108315,2026-07-12,Account,Low,14.1,Resolved,Positive
T302226,C13517,O100568,2026-05-16,Payment,Medium,2.13,In Progress,Neutral
T302227,C11029,O108445,2026-03-01,Account,Low,9.5,Resolved,Positive
T302228,C11811,O102953,2026-09-07,Payment,Medium,33.2,Resolved,Neutral
T302229,C10995,O109759,2026-06-15,Delivery,High,14.61,Open,Negative
T302230,C13925,O108824,2026-01-05,Delivery,Low,19.18,Resolved,Negative
T302231,C11675,O103569,2026-08-22,Refund,Low,15.01,Resolved,Neutral
T302232,C13472,O104089,2026-04-14,Refund,Medium,17.16,Resolved,Negative
T302233,C12812,O103519,2026-02-18,Account,Medium,20.32,In Progress,Neutral
T302234,C12785,O102226,2026-03-09,Delivery,Medium,16.2,Resolved,Neutral
T302235,C10167,O107578,2026-04-15,Payment,Medium,12.88,Resolved,Negative
T302236,C10237,O104824,2026-04-24,Delivery,High,5.54,Resolved,Neutral
T302237,C11189,O107375,2026-03-01,Delivery,Low,20.87,Resolved,Negative
T302238,C10833,O103523,2026-06-13,Refund,Critical,15.72,In Progress,Positive
T302239,C11073,O105583,2026-04-26,Delivery,Medium,3.65,Resolved,Neutral
T302240,C11243,O106945,2026-05-20,Payment,Low,11.7,Closed,Positive
T302241,C11953,O104705,2026-09-13,Delivery,Medium,19.69,Resolved,Negative
T302242,,O100353,2026-07-13,Delivery,Low,-12.0,Resolved,Negative
T302243,C10427,O102500,2026-03-30,Account,Medium,4.92,Resolved,Neutral
T302244,C12418,O103297,2026-02-22,Delivery,Low,28.71,Resolved,Neutral
T302245,C10980,O102934,2026-09-08,Product,Low,12.04,Resolved,Positive
T302246,C13483,O109089,2026-05-27,Product,Low,-12.0,Resolved,Neutral
T302247,C10697,O107576,2026-02-06,Product,Low,14.16,In Progress,Positive
T302248,C10478,O105584,2026-01-16,Account,Medium,10.94,Resolved,Neutral
T302249,C13049,O101499,2026-04-24,Account,Low,16.1,Closed,Neutral
T302250,C12667,O104229,2026-08-20,Product, High ,11.42,In Progress,Neutral
T302251,C12735,O100611,2026-06-28,Product,Low,9.7,Closed,Positive
T302252,C13631,O106062,2026-02-23,Delivery,Medium,18.84,Resolved,Positive
T302253,,O100419,2026-06-02,Delivery,Medium,27.88,Resolved,Neutral
T302254,C11064,O103209,2026-02-24,Account,Medium,14.17,Resolved,Neutral
T302255,C13860,O100984,2026-07-14,Delivery,High,11.2,In Progress,Positive
T302256,C12940,O105815,2026-05-24,Product,Medium,16.26,Resolved,Negative
T302257,C12835,O105161,2026-07-29,Account,Medium,16.77,Open,Neutral
T302258,C11530,O108117,2026-07-16,Payment,Medium,10.16,Open,Neutral
T302259,C10359,O109514,2026-04-06,Product,Medium,14.11,Resolved,Neutral
T302260,C13109,O107253,2026-04-08,Product,Medium,37.87,Open,Positive
T302261,C10902,O103052,2026-08-21,Refund,Low,24.58,Resolved,Neutral
T302262,C10794,O104580,2026-04-09,Payment,Medium,5.25,Closed,Neutral
T302263,C10166,O103147,2026-03-08,Payment,Low,13.71,Resolved,Neutral
T302264,C13654,O107050,2026-08-16,Refund,Medium,33.96,Resolved,Positive
T302265,C13489,O108881,2026-07-21,Product,Medium,23.95,In Progress,Neutral
T302266,C10097,O104325,2026-01-17,Payment,Medium,19.92,Resolved,Neutral
T302267,C10576,O109704,2026-03-23,Account,Medium,10.84,Resolved,Negative
T302268,C13017,O109555,2026-05-29,Refund,Medium,17.44,Resolved,Neutral
T302269,C12928,O105113,2026-07-31,Delivery,Low,30.68,Closed,Negative
T302270,C11961,O107587,2026-04-21,Delivery,Medium,17.18,Resolved,Positive
T302271,C12926,O108118,2026-07-04,,,25.3,Resolved,Positive
T302272,C13658,O109814,2026-07-07,Account,Medium,17.24,In Progress,Negative
T302273,C13112,O107081,2026-07-02,Account,Medium,3.5,Resolved,Negative
T302274,C13207,O101225,2026-01-09,Product,Low,7.19,Closed,Neutral
T302275,C13652,O108400,2026-02-04,Product,Medium,28.16,Resolved,Negative
T302276,C12376,O107492,2026-03-14,Account,High,16.16,Closed,Positive
T302277,C11806,O107684,2026-02-03,Payment,Critical,18.31,Closed,Negative
T302278,C11504,O109244,2026-02-11,Product,,42.12,Open,Neutral
T302279,C11945,O102736,2026-05-15,Payment,High,31.55,Resolved,Negative
T302280,C10676,O100533,2026-06-28,Product,Critical,29.26,Closed,Negative
T302281,C12667,O106864,2026-03-08,Product,Medium,8.37,Resolved,Positive
T302282,C12133,O106666,2026-06-14,Delivery,Medium,32.87,Resolved,Negative
T302283,C13985,O100533,2026-04-08,Product,Low,7.5,Resolved,Neutral
T302284,C13034,O103817,2026-06-22,Refund,Medium,15.5,Resolved,Positive
T302285,C10719,O103278,2026-07-07,,High,8.46,Resolved,Neutral
T302286,C10508,O106021,2026-05-02,Account,Critical,6.42,Resolved,Neutral
T302287,C10781,O106307,2026-01-04,REFUND,Medium,28.94,Resolved,Positive
T302288,C10564,O101089,2026-02-12,Payment,Medium,8.28,Resolved,Negative
T302289,C11397,O100745,2026-07-18,Delivery,Medium,5.47,Closed,Negative
T302290,C11883,O101421,2026-07-06,Delivery,High,2.53,In Progress,Neutral
T302291,C10956,O103431,2026-05-20,Account,Medium,18.66,Resolved,Neutral
T302292,C11025,O101239,2026-09-07,Product,,27.16,Resolved,Neutral
T302293,C12402,O100343,2026-01-30,Refund,Medium,13.79,Resolved,Positive
T302294,C10910,O108095,2026-06-22,Payment,Low,18.54,Resolved,Negative
T302295,C12618,O106046,2026-05-29,Refund,Critical,13.75,In Progress,Positive
T302296,C10315,O101815,2026-05-12,,High,9.84,Resolved,Neutral
T302297,C10885,O108502,2026-07-04,Account,Low,22.51,Open,Positive
T302298,C11473,O106949,2026-02-21,,Medium,36.47,Resolved,Negative
T302299,C12289,O100829,2026-05-14,Refund,,10.26,Resolved,Neutral
T302300,C12797,O107996,2026-06-10,,Low,13.78,Resolved,Negative
T302301,C12329,O101804,2026-03-17,Payment,High,16.31,Closed,Positive
T302302,C11222,O106823,2026-02-06,Delivery,Medium,26.44,Closed,Negative
T302303,C10691,O100653,2026-01-03,Product,HIGH,12.77,Open,Positive
T302304,C12966,O100114,2026-03-12,Refund,Medium,15.87,Resolved,Neutral
T302305,C13728,O109022,2026-01-20,Product,Medium,2.67,In Progress,Negative
T302306,,O106680,2026-04-15,Payment,Low,2.64,Open,Neutral
T302307,C13002,O107755,2026-09-01,Account,Medium,19.76,Resolved,Positive
T302308,C12189,O100243,2026-01-01,,Low,9.56,Resolved,Negative
T302309,C10615,O107977,2026-08-20,Product,Medium,12.1,Resolved,Positive
T302310,C13143,O100077,2026-02-07,Payment,Medium,20.58,Resolved,Positive
T302311,C10627,O109602,2026-05-07,PAYMENT,Medium,16.66,Resolved,Neutral
T302312,C13325,O108686,2026-08-08,Product,High,22.42,In Progress,Neutral
T302313,C12985,O103601,2026-01-12,Account,Critical,21.16,Resolved,Positive
T302314,C13505,O103257,2026-05-28,Payment,High,2.77,Closed,Negative
T302315,C12567,O104296,2026-03-09,Payment,High,20.85,Open,Positive
T302316,C11777,O104209,2026-02-04,Delivery,Medium,12.98,In Progress,Negative
T302317,C11529,O106232,2026-03-14,Refund,Medium,13.8,Resolved,Neutral
T302318,C12868,O107040,2026-02-20,Product,Low,20.67,Closed,Neutral
T302319,C10251,O106313,2026-01-04,,Low,36.92,Resolved,Positive
T302320,C11146,O104788,2026-01-18,Refund,High,31.06,Resolved,Neutral
T302321,C12679,O103211,2026-05-27,Product,Medium,16.94,Resolved,Negative
T302322,C11225,O109530,2026-07-28,Refund,Medium,19.94,Resolved,Negative
T302323,C11506,O109784,2026-09-06,Product,Low,13.08,Resolved,Positive
T302324,C10159,O103808,2026-08-30,Product,Medium,9.61,Resolved,Neutral
T302325,C11104,O106256,2026-07-01,Product,Medium,42.12,Closed,Positive
T302326,C11551,O103592,2026-03-15,Payment,High,15.5,Resolved,Negative
T302327,C13850,O100034,2026-02-11,Payment,High,3.96,Resolved,Neutral
T302328,C10572,O105414,2026-01-21,Account,Medium,21.86,Resolved,Neutral
T302329,C12213,O109888,2026-01-31,Account,Medium,47.89,Resolved,Neutral
T302330,C12407,O107114,2026-05-26,Product,Low,20.78,Resolved,Negative
T302331,C10317,O102041,2026-08-09,Account,Low,5.17,Open,Neutral
T302332,C11029,O109203,2026-06-10,REFUND,High,15.31,Resolved,Positive
T302333,C10719,O107000,2026-06-03,,,9.19,Resolved,Negative
T302334,C12265,O108814,2026-03-31,Product,Low,11.85,Closed,Neutral
T302335,C10333,O100285,2026-06-27,Refund,Medium,9.2,Closed,Neutral
T302336,C12553,O107685,2026-06-19, Delivery ,Low,22.81,Open,Negative
T302337,C11326,O106407,2026-08-10,Account,Low,18.37,Open,Negative
T302338,C12804,O102986,2026-07-16,Product,Low,8.65,Resolved,Neutral
T302339,C13847,O101951,2026-03-14,Refund,Medium,6.55,Resolved,Negative
T302340,C12185,O107067,2026-04-04,Product,Medium,11.26,Open,Negative
T302341,C10593,O102406,2026-03-26,Refund,Medium,8.69,Resolved,Negative
T302342,C12174,O106214,2026-01-29,PAYMENT,Low,16.97,In Progress,Neutral
T302343,C12526,O102795,2026-06-14,Delivery,Medium,13.14,Open,Negative
T302344,C10360,O108804,2026-05-17,Refund,High,16.03,Open,Negative
T302345,C10443,O100535,2026-05-26,Account,Low,1.56,Resolved,Neutral
T302346,C13775,O100374,2026-02-18,Account,Low,12.12,Resolved,Negative
T302347,C12751,O101240,2026-08-24,Delivery,Medium,21.04,Resolved,Negative
T302348,C12807,O105653,2026-02-15,Account,Medium,27.16,Resolved,Neutral
T302349,C12881,O105709,2026-01-10,Product,Medium,8.82,Resolved,Negative
T302350,C11833,O106570,2026-06-27,Product,Low,15.4,Resolved,Neutral
T302351,C13673,O104059,2026-07-15,Product,Medium,8.3,Closed,Neutral
T302352,C12389,O100391,2026-09-12,Product,High,11.87,Resolved,Positive
T302353,C13183,O107171,2026-04-20,Product,Medium,14.76,Resolved,Neutral
T302354,C11639,O105288,2026-03-15,ACCOUNT,Low,11.35,Closed,Neutral
T302355,C12201,O104550,2026-04-21,Refund,Low,9.57,Resolved,Positive
T302356,C10031,O108792,2026-07-30,Refund,Medium,-12.0,Resolved,Negative
T302357,C13848,O108330,2026-01-17,Product,Medium,18.06,In Progress,Neutral
T302358,C11031,O109379,2026-08-27,Payment,Low,22.45,In Progress,Positive
T302359,C10058,O107946,2026-01-05,Refund,Medium,22.44,In Progress,Neutral
T302360,C10459,O101114,2026-07-14,Refund,,13.06,Open,Neutral
T302361,C10539,O101025,2026-05-09,Product,Medium,25.4,Closed,Neutral
T302362,C13186,O101642,2026-09-10,Account,Medium,30.75,Closed,Positive
T302363,C12509,O100206,2026-03-14,Delivery,Medium,9.39,Resolved,Neutral
T302364,C12283,O104723,2026-05-04,Product,High,14.88,Resolved,Neutral
T302365,C13543,O101567,2026-06-21,Delivery,Medium,25.16,Resolved,Negative
T302366,C11740,O109586,2026-04-07,Product,Medium,6.22,In Progress,Positive
T302367,C11550,O102025,2026-06-20,Product,Low,26.16,Open,Negative
T302368,C10501,O101205,2026-02-12,Delivery,Low,-12.0,Resolved,Negative
T302369,C10638,O103705,2026-08-25,Refund,Medium,18.03,Resolved,Positive
T302370,C11668,O106259,2026-07-06,Account,Medium,4.95,Resolved,Neutral
T302371,C11385,O107363,2026-03-13,Payment,Critical,10.41,Open,Negative
T302372,C11631,O102072,2026-01-28,,Medium,7.3,Resolved,Negative
T302373,C12604,O103711,2026-06-05,Payment,Low,20.2,Resolved,Neutral
T302374,C13398,O100503,2026-08-26,Payment,Medium,7.7,Resolved,Negative
T302375,C10619,O106765,2026-09-05,Refund,Medium,10.71,Open,Positive
T302376,C11018,O105137,2026-01-12,Payment,Medium,21.36,Resolved,Negative
T302377,C10153,O104595,2026-01-21,Refund,Medium,6.74,Resolved,Neutral
T302378,C12646,O107351,2026-06-06,Payment,Medium,3.69,In Progress,Positive
T302379,C13755,O101855,2026-04-11,Product,Critical,9.61,Resolved,Positive
T302380,C10730,O100285,2026-01-04,Delivery,Low,21.92,Resolved,Neutral
T302381,C13139,O100339,2026-08-17,Delivery,Low,10.56,Resolved,Neutral
T302382,C13785,O108828,2026-07-20,Payment,,26.3,Resolved,Negative
T302383,C13262,O107174,2026-03-08,Refund,High,14.77,In Progress,Neutral
T302384,C12652,O104823,2026-08-25,Account,Medium,17.03,Resolved,Neutral
T302385,C12754,O103705,2026-05-08,Payment,High,17.93,Resolved,Positive
T302386,C12316,O105497,2026-03-29,Product,Medium,1.62,Resolved,Neutral
T302387,C11144,O106672,2026-07-05,,Medium,16.28,Closed,Positive
T302388,C10718,O109948,2026-06-25,Refund,Medium,4.61,Resolved,Neutral
T302389,C13690,O100170,2026-04-20,Refund,Medium,14.17,In Progress,Negative
T302390,C10006,O100097,2026-03-22,Refund,Low,1.54,Resolved,Neutral
T302391,C13370,O109215,2026-08-24,Product,Critical,15.48,Resolved,Positive
T302392,C10303,O108467,2026-06-07,Product,Critical,5.95,In Progress,Negative
T302393,C13651,O103786,2026-04-21,Payment,High,5.69,Open,Neutral
T302394,C12859,O107811,2026-04-30,Payment,,4.58,Resolved,Negative
T302395,C13585,O102437,2026-03-21,Refund,Medium,22.66,Resolved,Neutral
T302396,C13556,O109180,2026-07-22,Delivery,High,8.83,Open,Negative
T302397,C13048,O103953,2026-03-24,Delivery,Medium,14.2,Resolved,Negative
T302398,C10467,O109801,2026-03-07,Payment,Critical,2.02,Resolved,Neutral
T302399,C13347,O106618,2026-06-22,Payment,Medium,19.53,Resolved,Neutral
T302400,C11859,O102559,2026-01-30,Account, ,25.95,Closed,Negative
T302401,C10524,O108231,2026-08-06,Payment,Medium,8.21,Resolved,Positive
T302402,C12375,O106152,2026-04-17,Delivery,High,8.36,Open,Negative
T302403,C13536,O101818,2026-06-05,Product,Medium,13.99,Resolved,Negative
T302404,C11901,O101798,2026-04-18,Refund,Medium,4.45,Resolved,Negative
T302405,C13001,O104144,2026-08-22,,MEDIUM,16.27,Resolved,Neutral
T302406,C12824,O101545,2026-05-01,Refund,Critical,31.97,Resolved,Negative
T302407,C11619,O102483,2026-03-12,Payment,High,16.76,Resolved,Neutral
T302408,C11380,O103564,2026-04-29,Payment,High,15.8,Resolved,Negative
T302409,C12183,O100159,2026-01-02,Account,Medium,10.04,In Progress,Positive
T302410,C13990,O100510,2026-02-06,,Medium,13.41,Resolved,Neutral
T302411,C11093,O109766,2026-05-14,ACCOUNT,High,25.32,In Progress,Positive
T302412,C10904,O100230,2026-07-30,Refund,Low,7.17,Resolved,Negative
T302413,C10088,O100869,2026-05-12,Product,Low,23.87,Closed,Neutral
T302414,C10250,O109554,2026-08-06,Refund,Medium,19.21,Open,Positive
T302415,C11344,O108386,2026-09-05,Delivery,HIGH,21.75,Resolved,Neutral
T302416,C12729,O108359,2026-07-06,Account,Low,15.51,Closed,Negative
T302417,C13494,O100687,2026-01-16,Delivery,Critical,24.42,Resolved,Neutral
T302418,C11423,O109545,2026-05-08,Account,Low,16.96,Resolved,Negative
T302419,C11034,O108052,2026-01-29,Account,Low,24.64,Resolved,Neutral
T302420,C11117,O109735,2026-06-17,Product,Low,8.64,Resolved,Negative
T302421,C13704,O105323,2026-06-01,Payment,High,19.85,In Progress,Neutral
T302422,C13245,O105985,2026-02-13,Product,Low,29.92,Open,Positive
T302423,C10272,O103144,2026-06-11,Delivery,High,39.32,In Progress,Negative
T302424,C11214,O103696,2026-03-26,Account,Low,11.64,In Progress,Neutral
T302425,C12210,O102208,2026-02-01,Delivery,High,9.55,Resolved,Positive
T302426,C10363,O101854,2026-04-19,Refund,Low,37.47,Resolved,Positive
T302427,C13652,O100969,2026-09-11,Product,Medium,23.78,In Progress,Neutral
T302428,C11719,O100471,2026-02-23,Delivery,Medium,30.54,Resolved,Neutral
T302429,C13709,O105737,2026-01-23,Delivery,HIGH,8.07,Resolved,Negative
T302430,C11588,O100789,2026-03-03,payment,Low,16.78,In Progress,Positive
T302431,C12547,O105147,2026-01-11,,,11.17,Resolved,Negative
T302432,C11858,O106120,2026-05-22,Payment,Low,18.33,Resolved,Positive
T302433,C13561,O102468,2026-05-19,Account,High,12.41,Open,Negative
T302434,C10093,O106058,2026-04-21,,High,17.58,Closed,Positive
T302435,C13679,O108400,2026-04-22,Refund,Low,11.89,Resolved,Negative
T302436,C12888,O105813,2026-01-19,Refund,Low,11.43,In Progress,Negative
T302437,C13298,O106286,2026-07-06,Refund,Low,11.34,Open,Neutral
T302438,C10385,O101941,2026-01-23,Payment,Medium,20.16,In Progress,Neutral
T302439,C12370,O100382,2026-01-28,Delivery,Low,17.73,Resolved,Negative
T302440,C11174,O104437,2026-05-04,Delivery,Medium,21.2,Resolved,Positive
T302441,C12784,O108927,2026-05-11,Account,High,8.9,Open,Positive
T302442,C10043,O105054,2026-01-22,Payment,Low,20.27,In Progress,Neutral
T302443,C11819,O109279,2026-07-29,Account,Medium,24.24,In Progress,Neutral
T302444,C10541,O108999,2026-01-11,Payment,Medium,30.47,Open,Neutral
T302445,C11932,O109934,2026-01-29,ACCOUNT,Medium,7.39,In Progress,Neutral
T302446,C12779,O106715,2026-09-04,Delivery,Low,34.91,Resolved,Negative
T302447,C11357,O107531,2026-07-26,Payment,Medium,2.51,Open,Negative
T302448,C11028,O103096,2026-09-15,Account,Medium,6.82,In Progress,Positive
T302449,C12222,O102183,2026-05-30,Delivery,Medium,4.39,Resolved,Positive
T302450,C11051,O104665,2026-07-20,Refund,Low,11.26,Resolved,Neutral
T302451,C11810,O101919,2026-07-11,Delivery,Low,28.03,Resolved,Negative
T302452,C12234,O109816,2026-06-17,,Critical,5.4,Resolved,Neutral
T302453,C13532,O102386,2026-06-05,PAYMENT,High,18.18,Open,Positive
T302454,C10997,O102983,2026-03-21,Payment,Low,10.36,In Progress,Neutral
T302455,C10653,O102447,2026-03-25,Delivery,Low,11.6,Resolved,Negative
T302456,C13987,O104491,2026-06-29,Payment,Medium,23.14,Open,Neutral
T302457,C11261,O102367,2026-04-05,Product,Low,5.9,In Progress,Neutral
T302458,C10868,O105392,2026-08-26,REFUND,Medium,6.36,Open,Neutral
T302459,C11145,O102261,2026-08-14,Refund,High,10.71,Resolved,Neutral
T302460,C12475,O103047,2026-07-19,Payment,High,5.1,Resolved,Positive
T302461,C12958,O101640,2026-06-30,Delivery,Medium,8.8,In Progress,Negative
T302462,C12066,O102695,2026-08-28,Refund,High,13.69,Closed,Neutral
T302463,C13178,O103843,2026-06-21,Refund,Medium,15.31,Closed,Positive
T302464,C12572,O106383,2026-07-07,Payment,Medium,2.93,Closed,Positive
T302465,C10886,O101148,2026-08-11,Refund,High,5.23,Resolved,Negative
T302466,C13500,O101341,2026-05-31,Account,Low,7.04,Resolved,Positive
T302467,C11937,O100613,2026-06-09,Delivery,Low,20.53,Open,Negative
T302468,C13935,O109047,2026-03-14,Payment,Low,26.5,Open,Positive
T302469,C11213,O101078,2026-03-31, ,Low,4.74,In Progress,Neutral
T302470,C12566,O107852,2026-09-11,Account,Low,25.54,Closed,Neutral
T302471,C13361,O106678,2026-09-10,Payment,Medium,51.47,Closed,Neutral
T302472,C10808,O102450,2026-06-24,Delivery,Low,5.96,Open,Negative
T302473,C12764,O108627,2026-01-12,Account,High,10.21,Resolved,Neutral
T302474,C13388,O106743,2026-02-14,Product,High,16.67,Resolved,Neutral
T302475,C11065,O107491,2026-04-18,Payment,Low,23.02,Resolved,Negative
T302476,C12808,O107882,2026-03-16,Delivery,Low,27.68,Open,Positive
T302477,,O103264,2026-07-04,Refund, ,5.49,Resolved,Neutral
T302478,C10853,O106229,2026-03-08,Account,Low,20.77,Resolved,Neutral
T302479,C10673,O103152,2026-07-28,Delivery,Medium,2.0,Resolved,Positive
T302480,C10562,O103509,2026-08-14,Account,Medium,11.09,In Progress,Neutral
T302481,C12852,O103355,2026-06-09,Payment,High,21.56,In Progress,Neutral
T302482,C13797,O100078,2026-05-24,Payment,Low,23.54,Resolved,Positive
T302483,C11319,O101829,2026-03-12,Delivery,Medium,26.33,Resolved,Negative
T302484,C10411,O103224,2026-04-06,Payment,Low,5.05,Resolved,Negative
T302485,C13090,O104455,2026-03-30,Refund,High,17.08,Resolved,Neutral
T302486,C10422,O108115,2026-02-16,Product,Medium,40.63,Resolved,Neutral
T302487,C10998,O109154,2026-08-06,Refund,High,16.49,Open,Negative
T302488,C13348,O106405,2026-07-17,Delivery,Medium,7.53,Resolved,Neutral
T302489,C13627,O101502,2026-01-30,Delivery,Medium,16.44,Resolved,Positive
T302490,C11061,O107297,2026-07-01,Delivery,Low,4.77,Resolved,Negative
T302491,C12184,O108641,2026-03-31,,Medium,15.12,Closed,Neutral
T302492,C13290,O102703,2026-04-08,Refund,Medium,16.77,Resolved,Positive
T302493,C13160,O101429,2026-02-22,Delivery,High,10.29,Closed,Negative
T302494,C11530,O105632,2026-05-21,Payment,Low,11.69,Resolved,Neutral
T302495,C12445,O109109,2026-08-19,Delivery,Low,12.73,Resolved,Negative
T302496,C13197,O106687,2026-02-08,Delivery,Medium,22.86,In Progress,Negative
T302497,C13478,O107664,2026-05-28,Payment,Low,6.47,Resolved,Neutral
T302498,C13832,O108584,2026-04-03,Refund,Low,10.02,Closed,Positive
T302499,C11715,O102719,2026-01-12,Delivery,Medium,26.08,Resolved,Neutral
T302500,,O107404,2026-04-24,Account,Medium,10.42,Resolved,Neutral
T302501,C11813,O108758,2026-06-12,Delivery,Low,7.62,Closed,Neutral
T302502,C12461,O103331,2026-08-22,Delivery,Low,18.26,Closed,Negative
T302503,C10590,O109926,2026-09-13,Refund,Low,59.13,Resolved,Negative
T302504,C13236,O103612,2026-08-19,Delivery,High,17.32,Resolved,Negative
T302505,C13493,O109116,2026-04-23,Product,Low,14.11,Resolved,Negative
T302506,C13092,O107706,2026-03-03,Payment,Low,10.45,Resolved,Negative
T302507,C10813,O102150,2026-04-01,Refund,Medium,12.44,Resolved,Negative
T302508,C11793,O100640,2026-05-10,,Low,1.75,Closed,Negative
T302509,C11763,O106883,2026-01-26,Account,Medium,7.03,Resolved,Negative
T302510,C10907,O102263,2026-05-29,Product,Critical,14.44,Resolved,Neutral
T302511,C13194,O100091,2026-05-06,Refund,Medium,13.38,In Progress,Neutral
T302512,C11377,O108893,2026-07-16,Refund,Medium,18.95,Resolved,Negative
T302513,C11224,O105075,2026-04-20,Payment,Low,-12.0,Resolved,Positive
T302514,C10150,O109150,2026-07-12,Delivery,Medium,16.18,Resolved,Negative
T302515,C12838,O104358,2026-03-17,Refund,Critical,21.04,Open,Positive
T302516,C12362,O108879,2026-04-28,Account,Medium,14.43,Closed,Positive
T302517,C11490,O104715,2026-02-04,Account,,37.88,Resolved,Neutral
T302518,C13715,O105305,2026-09-09,Account,Medium,6.05,Resolved,Neutral
T302519,C10073,O107397,2026-06-23,Delivery,High,14.23,Resolved,Negative
T302520,,O106997,2026-06-29,Product,Medium,23.77,Resolved,Negative
T302521,C13573,O108050,2026-04-15,Refund,Medium,7.61,Closed,Positive
T302522,C13351,O105521,2026-04-22,Product,Low,10.99,Resolved,Positive
T302523,C12270,O103559,2026-08-28,Delivery,Medium,12.14,In Progress,Neutral
T302524,C11740,O106429,2026-04-13,Delivery,Medium,3.45,Resolved,Positive
T302525,C12726,O100208,2026-06-02,Account,Low,26.02,Resolved,Neutral
T302526,C11793,O102553,2026-09-05,Payment,,22.78,Open,Neutral
T302527,C12064,O105220,2026-08-28,Product,Medium,8.65,Resolved,Positive
T302528,C10911,O104450,2026-08-10,Refund,Low,18.93,Resolved,Positive
T302529,C11665,O100869,2026-04-22,Delivery,Medium,10.19,Open,Neutral
T302530,C12571,O100220,2026-02-01,Delivery,Low,6.29,Resolved,Negative
T302531,,O108783,2026-08-11,Account,Low,33.87,Resolved,Positive
T302532,C13781,O108788,2026-06-13,Refund,Medium,22.33,Resolved,Neutral
T302533,C11152,O100969,2026-07-02,Refund,Medium,23.84,Resolved,Negative
T302534,C11140,O104612,2026-03-15,Account,High,22.97,Closed,Positive
T302535,C10908,O107966,2026-08-21,Delivery,Medium,6.33,Resolved,Negative
T302536,C12691,O104217,2026-08-09,Account,High,11.19,Resolved,Neutral
T302537,C13256,O106671,2026-07-02,Payment,High,10.26,Resolved,Positive
T302538,C10778,O104563,2026-06-03,Account,High,16.01,Closed,Negative
T302539,C13316,O102527,2026-07-18,Refund,Medium,11.45,Resolved,Positive
T302540,C10476,O109603,2026-02-04,Refund,Medium,14.51,Open,Positive
T302541,C10143,O105431,2026-06-26,Product, ,12.24,In Progress,Negative
T302542,C10708,O101358,2026-09-08,Refund,High,12.11,Resolved,Negative
T302543,C13551,O100005,2026-04-23,Payment,Medium,25.32,Closed,Negative
T302544,C12105,O107916,2026-01-15,Product,Medium,8.04,Resolved,Neutral
T302545,C13238,O108787,2026-05-06,Payment,Medium,20.41,Closed,Neutral
T302546,C12281,O103454,2026-09-09,,Low,16.42,Resolved,Neutral
T302547,C10451,O108340,2026-06-14,Account,Medium,4.39,Resolved,Neutral
T302548,C12807,O103479,2026-02-22,Account,Low,29.68,Resolved,Positive
T302549,C11576,O103223,2026-05-18,Refund,Low,13.82,In Progress,Negative
T302550,C13301,O103566,2026-06-09,Account,Low,11.61,Resolved,Neutral
T302551,C11499,O101225,2026-03-06,Payment,Medium,28.45,Resolved,Positive
T302552,C13457,O105815,2026-04-13,Account,Critical,29.15,Closed,Neutral
T302553,C10355,O106381,2026-07-29,Refund,Low,31.68,Resolved,Negative
T302554,C13606,O105013,2026-08-28,Account,Critical,24.44,Resolved,Negative
T302555,C10163,O102502,2026-07-29,Delivery, ,7.97,In Progress,Negative
T302556,C11114,O101488,2026-02-28,Account,Medium,7.98,Resolved,Positive
T302557,C10139,O103226,2026-01-11,Delivery,Medium,9.33,Closed,Neutral
T302558,C11292,O104312,2026-08-24,Payment,High,22.68,Open,Negative
T302559,C10544,O100040,2026-06-10,Delivery,Medium,17.01,In Progress,Negative
T302560,C12696,O108150,2026-01-13,Product,,1.64,Resolved,Neutral
T302561,C13964,O105795,2026-06-12, ,Critical,13.8,Resolved,Neutral
T302562,C12785,O108931,2026-07-22,Delivery,Medium,9.06,In Progress,Neutral
T302563,C11565,O104188,2026-02-10,Product,High,40.98,Open,Neutral
T302564,C12830,O103883,2026-02-20,Account,Low,6.82,Resolved,Neutral
T302565,C11247,O105207,2026-06-27,Account,High,19.39,Open,Neutral
T302566,C10643,O109710,2026-06-30, ,Medium,2.61,Resolved,Neutral
T302567,C13604,O102330,2026-07-06,Refund,Low,8.71,Closed,Negative
T302568,C10916,O105994,2026-02-19,Payment,High,8.42,In Progress,Negative
T302569,C13431,O106255,2026-01-23,Refund,Critical,14.28,Open,Neutral
T302570,C10373,O109051,2026-09-10,Delivery,Medium,9.35,Closed,Negative
T302571,C13727,O109210,2026-06-03,Delivery,Low,25.41,Closed,Positive
T302572,C12138,O105702,2026-03-04,Account,,8.75,Open,Negative
T302573,C11949,O108052,2026-07-25,Payment,Low,24.37,Resolved,Positive
T302574,C12978,O104551,2026-07-15,Delivery,Medium,26.83,Resolved,Negative
T302575,C11367,O108883,2026-02-23,Account,Medium,16.27,Resolved,Negative
T302576,C11779,O109142,2026-02-14,Payment,Medium,14.58,Resolved,Positive
T302577,C11510,O102991,2026-07-10,Account,Low,6.41,Resolved,Negative
T302578,C11955,O107990,2026-01-15,Refund,Low,9.18,Resolved,Negative
T302579,C12207,O105003,2026-02-02,Delivery,Medium,10.0,Open,Negative
T302580,C13465,O104448,2026-09-07,Refund,High,22.43,In Progress,Neutral
T302581,C11965,O103847,2026-02-06,Delivery,Medium,16.38,Resolved,Negative
T302582,C10542,O103395,2026-09-15,Refund,High,14.12,Open,Neutral
T302583,C12946,O106561,2026-08-13,Refund,Low,13.14,In Progress,Neutral
T302584,C10123,O107358,2026-03-06,Payment, ,9.93,Open,Neutral
T302585,C10788,O103630,2026-08-22,Product,High,18.59,Resolved,Negative
T302586,C10633,O107464,2026-01-05,Refund,Medium,24.33,Resolved,Negative
T302587,C13904,O103408,2026-02-10,Payment,Low,10.2,Resolved,Positive
T302588,C10130,O104697,2026-04-06,Product,Low,19.94,Closed,Positive
T302589,C13999,O102342,2026-08-01,Refund,Low,18.65,Open,Neutral
T302590,C11284,O106608,2026-04-20,Refund,Medium,15.39,Resolved,Negative
T302591,C10372,O109024,2026-03-01,Account,Medium,8.5,Resolved,Positive
T302592,C13058,O106896,2026-07-02,,Medium,8.85,Closed,Positive
T302593,C12998,O104154,2026-07-27,Delivery,Medium,17.66,Resolved,Negative
T302594,C12864,O108471,2026-03-28,Product,Medium,20.66,Resolved,Neutral
T302595,C11378,O103719,2026-05-14,Product,Medium,23.15,Resolved,Negative
T302596,C10476,O107094,2026-04-06,Product,Medium,17.33,Resolved,Positive
T302597,C12702,O108999,2026-01-31,Product,Medium,24.5,Resolved,Negative
T302598,C12617,O107134,2026-07-19,Account,Medium,15.77,Resolved,Neutral
T302599,C12111,O103842,2026-01-25,Payment,Medium,4.58,Closed,Neutral
T302600,C12704,O109041,2026-07-11,Account,Medium,14.61,Open,Negative
T302601,C10534,O103861,2026-02-05,Delivery,Medium,6.97,Closed,Neutral
T302602,C13356,O105572,2026-02-19,Account,Low,28.44,Open,Neutral
T302603,C12692,O109230,2026-07-26,Account,Critical,10.59,Resolved,Positive
T302604,C10211,O104337,2026-09-04, Product ,Medium,12.51,Resolved,Neutral
T302605,C13417,O106678,2026-08-02,Account,Low,13.96,Resolved,Neutral
T302606,C13268,O103273,2026-01-06,Delivery,High,23.13,Resolved,Negative
T302607,C10284,O100614,2026-06-25,Delivery,High,4.29,Resolved,Positive
T302608,C10506,O100737,2026-05-17,Refund,Medium,7.89,Resolved,Neutral
T302609,C11397,O101533,2026-05-07,Delivery,Low,8.96,Resolved,Negative
T302610,C10826,O100068,2026-06-20,Payment,Low,14.66,In Progress,Neutral
T302611,C11419,O109580,2026-03-19,Delivery,High,4.81,Open,Neutral
T302612,C10836,O102324,2026-07-27,Delivery,Medium,13.9,Resolved,Negative
T302613,C13686,O104815,2026-03-06,Product,Medium,7.89,Resolved,Negative
T302614,C11048,O108485,2026-02-04,Payment,Medium,12.74,In Progress,Negative
T302615,C11757,O103828,2026-06-02,Product,Low,14.74,Resolved,Negative
T302616,C10452,O108799,2026-08-18,Product,Medium,20.83,Resolved,Positive
T302617,C13664,O104082,2026-02-12,Refund,Low,6.89,Resolved,Positive
T302618,C12817,O100430,2026-01-01,Delivery,Medium,5.29,In Progress,Negative
T302619,C10751,O107684,2026-03-09,Payment,Medium,13.28,Resolved,Neutral
T302620,C12019,O106956,2026-05-07,Payment,High,7.46,Open,Positive
T302621,C10994,O100955,2026-03-30,Refund,High,26.84,Resolved,Negative
T302622,C10059,O103897,2026-09-12,Payment,High,30.53,Resolved,Positive
T302623,C11085,O107402,2026-02-23,Payment,Medium,11.63,Resolved,Neutral
T302624,C12482,O102877,2026-01-17,Account,Medium,5.3,Resolved,Negative
T302625,C11460,O106200,2026-08-31,Account,Critical,34.86,Resolved,Neutral
T302626,,O108147,2026-05-07,Payment,medium,8.35,Resolved,Neutral
T302627,C13030,O101407,2026-03-06,Account,Low,19.2,Open,Positive
T302628,C13717,O109754,2026-06-24,Product,Critical,12.87,Resolved,Negative
T302629,C11522,O103489,2026-08-20,Refund,High,20.22,Resolved,Neutral
T302630,C13365,O109387,2026-07-07,Product,Low,7.36,Resolved,Negative
T302631,C11536,O108015,2026-03-13,Refund,Medium,6.49,Resolved,Negative
T302632,C11698,O106498,2026-03-03,Payment,Low,9.07,Resolved,Negative
T302633,C10450,O108102,2026-04-03,Account,Low,9.28,In Progress,Negative
T302634,C12373,O100610,2026-05-03,Payment,Medium,13.3,Resolved,Neutral
T302635,C10356,O106850,2026-01-19,Payment,Medium,21.83,Resolved,Neutral
T302636,C11237,O100800,2026-04-14,Account,Low,15.9,Closed,Neutral
T302637,C12783,O103385,2026-06-03,Delivery,Medium,3.27,In Progress,Neutral
T302638,C10011,O103543,2026-02-01,Refund,Medium,34.09,In Progress,Neutral
T302639,C11253,O103114,2026-06-16,Product,Low,6.93,Resolved,Neutral
T302640,C10352,O103699,2026-07-29,Delivery,Low,34.94,Resolved,Neutral
T302641,C11003,O109067,2026-05-09,Product,MEDIUM,5.76,Resolved,Positive
T302642,C13934,O109902,2026-04-15,Delivery,Medium,24.41,Resolved,Negative
T302643,C10193,O109521,2026-02-11,Payment,High,9.44,Resolved,Neutral
T302644,C13651,O107455,2026-08-15,Account,Low,9.96,Resolved,Positive
T302645,C13944,O107449,2026-03-12,Product,High,12.58,Resolved,Neutral
T302646,C13489,O107240,2026-02-10,Account,Medium,11.35,Resolved,Negative
T302647,C10068,O105713,2026-01-30,Delivery,Medium,6.87,Resolved,Negative
T302648,C10609,O102761,2026-05-24,Product,Critical,6.87,Resolved,Neutral
T302649,C12688,O107376,2026-07-22,Payment,Medium,11.57,In Progress,Negative
T302650,C12956,O104136,2026-04-18,Payment,Medium,8.47,Resolved,Neutral
T302651,C12558,O102092,2026-02-04,Payment,Low,33.89,In Progress,Positive
T302652,C13137,O104677,2026-02-06,Product,Medium,24.43,Resolved,Positive
T302653,C11023,O106149,2026-07-17,Payment,Low,7.02,In Progress,Negative
T302654,C13431,O108002,2026-08-21,Refund,Critical,18.5,Resolved,Neutral
T302655,C10116,O101779,2026-01-09,Delivery,Low,21.02,Resolved,Negative
T302656,C12408,O109295,2026-02-04,Refund,Medium,21.9,Resolved,Neutral
T302657,C10625,O106685,2026-09-11,ACCOUNT,Low,19.04,Resolved,Neutral
T302658,C12544,O103613,2026-04-18,Refund,Low,9.8,Resolved,Positive
T302659,C13607,O107735,2026-06-29,Refund,Medium,10.19,Open,Positive
T302660,C13367,O104406,2026-01-11,Payment,Medium,19.77,Open,Neutral
T302661,C12594,O102383,2026-06-13,Account,Medium,5.96,Closed,Positive
T302662,C10457,O100367,2026-06-04,Payment,Medium,9.6,Resolved,Neutral
T302663,C13077,O103877,2026-06-01,Payment,Low,17.47,Resolved,Neutral
T302664,C13865,O105170,2026-07-05,Product,Critical,10.86,Closed,Negative
T302665,C12772,O104780,2026-04-08,Delivery,Low,5.83,Resolved,Neutral
T302666,C13412,O106016,2026-02-25,Refund,Medium,15.65,Resolved,Positive
T302667,C11259,O109346,2026-02-24,Payment,Medium,16.1,Closed,Negative
T302668,C13708,O109087,2026-04-24,Payment,Low,16.0,In Progress,Neutral
T302669,C10259,O103048,2026-02-18,Refund,Low,2.9,Closed,Negative
T302670,C10701,O101884,2026-03-18,Payment,Medium,29.66,Resolved,Neutral
T302671,C13740,O106107,2026-07-03,Refund,High,11.81,Resolved,Neutral
T302672,C13504,O108766,2026-05-30,Refund,Low,10.35,Resolved,Neutral
T302673,C11656,O103309,2026-08-15,Account,High,12.99,In Progress,Neutral
T302674,C11621,O100835,2026-01-02,PAYMENT,Medium,19.08,Closed,Positive
T302675,C12050,O108890,2026-09-13,Product,Medium,7.7,Open,Negative
T302676,C11694,O100108,2026-04-09,Account,Low,19.64,Resolved,Positive
T302677,,O109478,2026-05-12,Product,Medium,15.26,Resolved,Negative
T302678,C10148,O106408,2026-02-22,Payment,Medium,13.29,Resolved,Neutral
T302679,C11709,O102393,2026-05-01,Product,Medium,6.27,Resolved,Positive
T302680,C13656,O104289,2026-07-03,Refund,Low,19.44,Resolved,Positive
T302681,C10948,O103288,2026-01-11,Refund,Medium,10.8,Resolved,Negative
T302682,C13870,O107871,2026-06-25,Account,Low,12.85,Resolved,Positive
T302683,C12724,O102561,2026-05-23,Refund,,30.49,Resolved,Positive
T302684,C11393,O104558,2026-01-04,Payment,Medium,22.3,In Progress,Neutral
T302685,C13429,O105819,2026-08-19,Refund,Low,4.36,Open,Neutral
T302686,,O108566,2026-07-30, , ,13.33,Open,Neutral
T302687,C10203,O109646,2026-05-11,Payment,Medium,26.52,Resolved,Neutral
T302688,C11824,O104860,2026-09-05,Product,Medium,4.79,Open,Negative
T302689,C13925,O105925,2026-02-26,Delivery,Low,34.69,Resolved,Neutral
T302690,C13208,O108052,2026-07-16,Payment,Low,16.92,In Progress,Negative
T302691,C10890,O106709,2026-03-08,Refund,Medium,9.24,Resolved,Negative
T302692,C12068,O109402,2026-05-19,Delivery,High,9.01,Resolved,Negative
T302693,C12378,O107460,2026-04-09,Payment,Medium,17.93,Resolved,Neutral
T302694,C13927,O106033,2026-07-29,Product,Medium,16.4,Resolved,Negative
T302695,C11577,O109734,2026-02-26,Payment,Medium,25.87,Closed,Negative
T302696,C13387,O109106,2026-04-08,Refund,High,14.72,In Progress,Negative
T302697,C10837,O109572,2026-02-15,Account,Medium,14.13,In Progress,Negative
T302698,C11573,O101183,2026-06-01,Refund,Low,20.61,Resolved,Neutral
T302699,C13461,O105970,2026-06-20,Payment,High,5.72,Resolved,Neutral
T302700,C11104,O106518,2026-04-30,Account,Medium,9.51,Resolved,Neutral
T302701,C10902,O104706,2026-05-25,Payment,Medium,5.54,Open,Positive
T302702,C10974,O102442,2026-01-05,Product,Medium,33.87,In Progress,Negative
T302703,C11938,O107674,2026-08-28,Payment,Medium,11.63,Closed,Positive
T302704,C12154,O102356,2026-03-10, ,Medium,11.49,Resolved,Positive
T302705,C11362,O100346,2026-01-12,Payment,Critical,18.83,Resolved,Negative
T302706,C10031,O109725,2026-08-14,Refund,medium,11.39,Resolved,Neutral
T302707,C12604,O104238,2026-05-09,Product,Medium,5.03,Closed,Negative
T302708,C13894,O101612,2026-06-27,Refund,Low,10.76,Resolved,Neutral
T302709,C11085,O108065,2026-05-22,Refund,High,13.0,In Progress,Neutral
T302710,C12437,O104881,2026-06-18,Account,High,13.85,Open,Negative
T302711,C11294,O104476,2026-06-04,Delivery,Medium,21.65,Resolved,Neutral
T302712,C13010,O104807,2026-01-28,Delivery,Low,13.83,Resolved,Negative
T302713,C11924,O100329,2026-04-01,Payment,Medium,25.84,Resolved,Neutral
T302714,C10268,O109903,2026-03-09,Refund,Medium,6.61,Resolved,Positive
T302715,C13024,O106199,2026-03-24,Account,Low,18.63,Closed,Negative
T302716,C10449,O109279,2026-08-16,Payment,Low,-12.0,In Progress,Neutral
T302717,C12259,O108484,2026-09-05,Account,Medium,5.02,Resolved,Neutral
T302718,C12091,O109980,2026-07-13,Product,Medium,15.17,In Progress,Neutral
T302719,C13572,O105867,2026-01-03,Product,Medium,17.95,In Progress,Neutral
T302720,C10034,O105557,2026-03-08,Refund,Low,6.42,Closed,Neutral
T302721,C13495,O105769,2026-02-19,Payment,Medium,14.8,Resolved,Neutral
T302722,C12677,O105094,2026-01-28,Refund,High,6.27,Resolved,Negative
T302723,C11086,O105414,2026-08-05,Product,High,29.36,Resolved,Neutral
T302724,C10658,O100781,2026-08-11,Delivery,,9.61,Resolved,Negative
T302725,C10222,O107015,2026-09-06,Account,Medium,30.15,Open,Neutral
T302726,C11646,O100917,2026-03-06,Delivery,Medium,15.66,Closed,Negative
T302727,C12772,O100904,2026-06-21,Payment,High,10.61,Resolved,Negative
T302728,C10177,O105821,2026-04-01,Delivery, High ,34.56,Resolved,Negative
T302729,C11305,O102812,2026-08-18,Product,Medium,19.97,Resolved,Positive
T302730,C13640,O101142,2026-04-09,Delivery,Medium,24.0,In Progress,Negative
T302731,C13191,O102998,2026-05-26,Delivery,Medium,5.5,Resolved,Negative
T302732,C12299,O109079,2026-05-11,Account,High,6.0,In Progress,Neutral
T302733,C12147,O106248,2026-05-19,Payment,Medium,12.04,Resolved,Neutral
T302734,C13635,O100660,2026-06-29,Account,Low,20.0,Resolved,Negative
T302735,C10924,O100748,2026-03-04,Delivery,High,14.28,Resolved,Negative
T302736,C13071,O100129,2026-01-20,Product,Low,16.23,In Progress,Positive
T302737,C10278,O105663,2026-07-27,Delivery,Low,7.45,Resolved,Neutral
T302738,C11656,O100461,2026-08-14,Payment,Medium,16.79,Closed,Positive
T302739,C10012,O109429,2026-09-08,Refund,High,3.9,Closed,Positive
T302740,C12939,O100737,2026-06-02,Product,Medium,16.53,Open,Positive
T302741,C11765,O102843,2026-03-15,Delivery,High,7.46,Resolved,Neutral
T302742,C12080,O101997,2026-02-03,Delivery,Low,7.67,Closed,Negative
T302743,C12980,O107312,2026-01-04,,,8.0,Closed,Neutral
T302744,C11651,O105359,2026-04-09,Product,Medium,8.93,In Progress,Positive
T302745,C11304,O106159,2026-01-08, , Medium ,8.79,Open,Negative
T302746,C10454,O109487,2026-08-01,Payment,Medium,11.61,Resolved,Positive
T302747,C10256,O103010,2026-04-17,Delivery,High,6.31,Resolved,Neutral
T302748,C12486,O105526,2026-05-22,Delivery,Low,14.93,Resolved,Neutral
T302749,C13908,O103540,2026-06-01, ,Medium,19.43,Closed,Positive
T302750,C13521,O108143,2026-04-13,Product,Medium,10.4,Closed,Negative
T302751,C12737,O100432,2026-09-08,Refund,Medium,22.6,Open,Positive
T302752,C12876,O101352,2026-02-22,Product,Low,14.23,Resolved,Neutral
T302753,C10992,O103150,2026-01-10,Payment,Medium,38.05,Resolved,Positive
T302754,C12382,O101751,2026-05-12,Account,Low,11.23,Resolved,Neutral
T302755,C12926,O100533,2026-03-27,Delivery,Medium,2.94,Closed,Negative
T302756,C12167,O108547,2026-06-19,Payment,Medium,14.35,Resolved,Neutral
T302757,C11871,O108031,2026-08-16,Product,High,6.0,Resolved,Neutral
T302758,C12087,O100387,2026-06-27,Payment,Medium,5.37,Resolved,Neutral
T302759,C12047,O109813,2026-05-19,Refund,Low,11.62,In Progress,Neutral
T302760,C11978,O106890,2026-04-05,REFUND,Medium,10.46,Resolved,Negative
T302761,C12892,O108482,2026-04-28,Delivery,Medium,11.11,Closed,Negative
T302762,C10294,O103789,2026-08-24,Product,High,5.89,Closed,Neutral
T302763,C11687,O101647,2026-05-03,Payment,Low,9.22,In Progress,Positive
T302764,C11095,O103489,2026-06-22,Product,High,16.13,Resolved,Positive
T302765,C12413,O105645,2026-04-18,Refund,Medium,18.72,Closed,Positive
T302766,C11149,O108300,2026-05-13,Product,Medium,16.85,In Progress,Neutral
T302767,C13671,O106949,2026-08-22,,High,55.4,In Progress,Negative
T302768,C11687,O103576,2026-03-06,Delivery,Medium,9.53,Resolved,Negative
T302769,C11977,O107477,2026-06-09,Account,Medium,26.92,Resolved,Negative
T302770,C10631,O108088,2026-08-03,Account,Medium,11.54,Resolved,Neutral
T302771,C13649,O104515,2026-04-10,Product,High,14.65,Resolved,Negative
T302772,C13130,O109983,2026-03-26,Payment,Low,16.66,Resolved,Neutral
T302773,C10835,O101134,2026-03-24,Refund,low,16.56,In Progress,Neutral
T302774,C10818,O102802,2026-06-20,Refund,Medium,7.36,In Progress,Neutral
T302775,C12751,O101658,2026-04-24,Product,Low,6.15,In Progress,Positive
T302776,C11613,O103394,2026-06-22,Delivery,Medium,11.62,Closed,Negative
T302777,C12265,O100583,2026-01-14,Product,Medium,19.75,In Progress,Neutral
T302778,C12384,O101895,2026-04-05,Account,Medium,21.86,Resolved,Negative
T302779,C11217,O108322,2026-04-04,Account,HIGH,19.74,Resolved,Positive
T302780,C12161,O105842,2026-08-18,Refund,Medium,12.01,Resolved,Positive
T302781,C10413,O107247,2026-08-17,Refund,High,8.17,Open,Negative
T302782,C11534,O109485,2026-05-14,PRODUCT,Low,14.78,Resolved,Negative
T302783,C13797,O106462,2026-07-22,Account,Low,19.45,Resolved,Negative
T302784,C11548,O104357,2026-01-04,Refund,Medium,28.62,In Progress,Negative
T302785,C12522,O101016,2026-04-09,Delivery,Low,16.23,Open,Negative
T302786,C11367,O105690,2026-04-28,Account,Medium,20.41,Open,Positive
T302787,C13026,O108105,2026-05-11,Payment,Low,17.77,Closed,Neutral
T302788,C12433,O104850,2026-09-09, ,Medium,6.77,Closed,Negative
T302789,C10151,O108859,2026-02-26,Refund, Medium ,18.56,Resolved,Neutral
T302790,C10376,O104696,2026-04-23,Delivery,Medium,9.75,Resolved,Neutral
T302791,C13172,O107735,2026-09-02,Delivery,Medium,11.61,Resolved,Positive
T302792,C11330,O102710,2026-01-05,Account,Medium,4.91,Resolved,Neutral
T302793,C12148,O101093,2026-06-23,Delivery,,8.11,Closed,Negative
T302794,C10523,O101299,2026-09-10,Delivery,Low,26.05,Closed,Neutral
T302795,C11795,O101537,2026-09-09,Product,Medium,12.12,Closed,Positive
T302796,C13014,O100427,2026-06-21,Payment,Medium,22.41,Resolved,Negative
T302797,C10692,O104099,2026-03-13,Delivery,Medium,36.32,Resolved,Positive
T302798,C13518,O103277,2026-03-25,Account,Medium,14.57,Resolved,Positive
T302799,C10122,O101494,2026-04-04,Account,Low,40.25,In Progress,Negative
T302800,C10317,O109984,2026-02-12,Payment,Medium,11.06,Resolved,Neutral
T302801,C13511,O105243,2026-03-24,Refund,High,7.21,Closed,Neutral
T302802,C11313,O108937,2026-01-24,Payment,Low,21.05,Resolved,Neutral
T302803,C10475,O105204,2026-01-18,Delivery,Medium,14.45,Resolved,Negative
T302804,C11699,O105303,2026-06-06,Delivery,High,17.42,In Progress,Neutral
T302805,C11741,O108662,2026-01-07,Delivery,Low,4.72,Resolved,Negative
T302806,C12061,O106438,2026-03-18,Delivery,Medium,6.38,Closed,Negative
T302807,C12080,O108337,2026-04-20,Account, Medium ,14.06,In Progress,Positive
T302808,C10802,O108103,2026-05-24,Payment,Low,27.15,Open,Negative
T302809,C11128,O101931,2026-03-10,Payment,Medium,6.08,In Progress,Negative
T302810,C13074,O105109,2026-01-25,Payment,medium,7.8,Open,Neutral
T302811,C10184,O104802,2026-04-07,Payment,Medium,10.94,Resolved,Negative
T302812,C13680,O107055,2026-04-26,Product,Critical,12.35,Resolved,Neutral
T302813,C13831,O101328,2026-09-03,Account,High,14.11,Resolved,Negative
T302814,C12994,O102770,2026-04-18,Product,,2.53,Resolved,Neutral
T302815,C13143,O107466,2026-06-04,Account,Medium,6.98,Resolved,Neutral
T302816,C10616,O101542,2026-07-10,Product,High,21.45,Closed,Negative
T302817,C12057,O100651,2026-04-18,Product,MEDIUM,9.05,Resolved,Negative
T302818,C12664,O104724,2026-07-03,Account,Medium,15.64,Resolved,Negative
T302819,C11981,O108166,2026-01-17,Refund,High,3.27,In Progress,Negative
T302820,C13029,O105960,2026-01-28,Product,High,16.57,Resolved,Neutral
T302821,C12548,O106329,2026-03-06,Delivery,MEDIUM,15.28,Open,Neutral
T302822,C13971,O102997,2026-02-19,Payment,Medium,16.11,In Progress,Positive
T302823,C12980,O107142,2026-06-10,Delivery,Medium,3.12,Open,Positive
T302824,C12824,O100882,2026-07-30,,Low,15.45,Resolved,Neutral
T302825,C12108,O107405,2026-05-03,Account,Low,6.3,Resolved,Neutral
T302826,C11206,O106433,2026-04-12,Refund,Low,20.96,Resolved,Negative
T302827,C11454,O100869,2026-07-26,Payment,Critical,40.65,Open,Positive
T302828,C11103,O105042,2026-07-13,Product,Medium,4.19,Resolved,Neutral
T302829,C11476,O109830,2026-08-01,Payment,Medium,12.23,Resolved,Neutral
T302830,C10835,O101067,2026-05-24,Account,Low,30.52,Resolved,Neutral
T302831,C10479,O104746,2026-04-07,Product,Medium,4.19,Closed,Neutral
T302832,C12622,O109299,2026-07-28,Account,Medium,13.63,Resolved,Neutral
T302833,C13999,O105816,2026-06-23,Refund,Medium,7.66,Open,Positive
T302834,C12250,O107782,2026-07-12,Delivery,Medium,3.42,Resolved,Neutral
T302835,C11627,O105307,2026-06-05,Refund,Medium,16.86,Resolved,Positive
T302836,C11118,O109727,2026-02-06,Delivery,Medium,10.85,Resolved,Negative
T302837,C10538,O101698,2026-09-03,Product,Medium,12.75,Resolved,Negative
T302838,C13147,O108040,2026-06-14,Product,Low,1.85,Resolved,Positive
T302839,C12061,O108082,2026-02-28,Delivery,Low,17.42,Open,Negative
T302840,C11864,O104369,2026-04-23,Payment,Medium,3.88,In Progress,Neutral
T302841,C12398,O104504,2026-06-08,Product,High,31.88,In Progress,Neutral
T302842,C12697,O102826,2026-05-31,Delivery,Low,21.75,Resolved,Negative
T302843,C10169,O100376,2026-06-11,Refund,Low,6.65,Resolved,Negative
T302844,C13723,O101123,2026-06-14,Account,Medium,29.32,In Progress,Neutral
T302845,C12542,O101853,2026-05-07,Product,High,34.24,In Progress,Negative
T302846,C13804,O102886,2026-03-24,Delivery,Low,7.94,Resolved,Positive
T302847,C12625,O101456,2026-07-19,Product,Medium,19.41,Resolved,Positive
T302848,C13675,O101427,2026-09-12,Delivery,High,14.55,Closed,Positive
T302849,C10256,O106955,2026-09-12,Delivery,High,28.61,Resolved,Neutral
T302850,C10562,O102282,2026-04-08,Account,Medium,24.51,Resolved,Positive
T302851,C10871,O109618,2026-09-09,Account,High,8.9,Resolved,Positive
T302852,C12949,O107953,2026-06-11,Account,Medium,10.6,Resolved,Neutral
T302853,C12729,O109152,2026-06-09,Delivery,High,5.11,In Progress,Positive
T302854,C10472,O106198,2026-03-21,Account,Medium,17.22,Resolved,Neutral
T302855,C10339,O102106,2026-04-18,,High,8.86,Resolved,Neutral
T302856,C13263,O105359,2026-02-15,Product,Medium,26.38,Resolved,Neutral
T302857,C12860,O101868,2026-09-15,Refund,Low,39.56,Closed,Positive
T302858,C11819,O104056,2026-07-21,Delivery,Low,9.21,In Progress,Negative
T302859,C10511,O103250,2026-02-25,Refund,Low,13.02,Resolved,Negative
T302860,C12711,O108363,2026-07-23,Product,Low,22.1,Resolved,Negative
T302861,C12103,O101717,2026-08-03,Delivery,High,10.73,Resolved,Positive
T302862,C12323,O109707,2026-07-24,Product,Low,13.17,Resolved,Positive
T302863,C11488,O101238,2026-04-28,Account,Medium,18.7,Resolved,Positive
T302864,C13478,O106472,2026-05-05,Delivery,Medium,15.38,Resolved,Negative
T302865,C11803,O109263,2026-06-03,Payment,High,15.32,Resolved,Neutral
T302866,C12211,O103903,2026-04-05,Delivery,High,19.1,Closed,Positive
T302867,C12883,O103705,2026-01-18,Product,Low,19.61,Resolved,Negative
T302868,C12724,O108945,2026-02-11,Delivery,Low,27.51,Closed,Neutral
T302869,C10693,O106625,2026-02-19, ,Low,6.33,In Progress,Neutral
T302870,C12236,O103200,2026-06-23,Product,,21.33,Resolved,Positive
T302871,C11044,O108218,2026-05-13,Account,Medium,22.57,Resolved,Positive
T302872,C12977,O109027,2026-02-27,Refund,High,14.16,Resolved,Neutral
T302873,C13680,O108672,2026-07-14,Account,Medium,14.89,Resolved,Negative
T302874,C11682,O106029,2026-03-30,Delivery,High,22.37,Resolved,Negative
T302875,C12317,O109993,2026-06-01,Product,High,24.14,Closed,Neutral
T302876,C10669,O106642,2026-08-26,Delivery,Medium,16.09,Resolved,Negative
T302877,C10595,O104052,2026-08-22,Product,Medium,27.9,Resolved,Neutral
T302878,C11048,O100967,2026-01-03,Delivery,Medium,11.22,Closed,Positive
T302879,C11112,O100999,2026-07-02,Product,Medium,24.57,Resolved,Negative
T302880,C11014,O106173,2026-05-13,Payment,Low,10.74,Closed,Neutral
T302881,C10169,O102973,2026-02-28,Product,High,5.97,Closed,Positive
T302882,C11157,O105995,2026-02-06,Account,Critical,11.5,Open,Neutral
T302883,C13521,O100148,2026-05-14,Payment,Low,31.37,In Progress,Positive
T302884,C13189,O102122,2026-01-17,Payment,Low,9.15,Resolved,Negative
T302885,C13780,O105967,2026-08-08,Product,Low,31.2,Resolved,Neutral
T302886,C11926,O108799,2026-07-10,Delivery,Medium,11.14,Resolved,Negative
T302887,C12816,O104427,2026-05-19,Delivery,Critical,5.58,Closed,Positive
T302888,C10899,O104991,2026-09-10,Delivery,Low,19.32,In Progress,Negative
T302889,C11884,O105266,2026-07-23, Product ,High,7.82,In Progress,Negative
T302890,C13996,O102073,2026-06-30,Delivery,Low,8.12,In Progress,Negative
T302891,C13033,O100480,2026-02-18,Delivery,High,29.47,Closed,Neutral
T302892,C11627,O106409,2026-04-03,Account,Medium,5.82,In Progress,Negative
T302893,C13434,O107641,2026-08-06,Refund,High,25.42,Open,Positive
T302894,C11386,O100923,2026-09-05,Product,Medium,23.89,Resolved,Positive
T302895,,O103387,2026-05-21,Account,Medium,22.03,Resolved,Neutral
T302896,C13361,O109040,2026-01-09,Product,Medium,15.96,Resolved,Positive
T302897,C12780,O101622,2026-08-23,Payment,medium,17.55,Resolved,Neutral
T302898,C10739,O101486,2026-07-02,Account,Medium,8.33,Resolved,Negative
T302899,C12629,O109747,2026-04-26,Payment,Medium,4.63,Closed,Neutral
T302900,C12536,O102741,2026-06-28,Product,Low,4.57,Resolved,Neutral
T302901,C10498,O102491,2026-02-21,Delivery,High,18.89,Resolved,Negative
T302902,C10578,O102342,2026-04-13,Refund,Low,6.93,Closed,Neutral
T302903,C11560,O104930,2026-05-08,Account,Medium,11.43,Resolved,Neutral
T302904,C11761,O106475,2026-05-14,Payment,Low,12.08,Resolved,Negative
T302905,C11480,O103332,2026-07-07,Delivery,Medium,10.98,In Progress,Negative
T302906,C10160,O102274,2026-07-31,Product,High,9.83,Resolved,Positive
T302907,C10969,O100932,2026-03-26,Payment,,16.89,Closed,Neutral
T302908,C10368,O109600,2026-04-21,Delivery,Low,26.76,Resolved,Negative
T302909,C12306,O102867,2026-04-24,Refund,Low,9.85,Resolved,Positive
T302910,C10761,O106635,2026-06-04,Payment,High,14.31,Resolved,Neutral
T302911,C10466,O103653,2026-06-16,Product,Low,15.36,Resolved,Neutral
T302912,C11216,O102624,2026-08-05,Payment,Low,12.87,In Progress,Positive
T302913,C11307,O102266,2026-06-19,Product,Low,33.38,Closed,Neutral
T302914,C12288,O101439,2026-02-25,Refund,Low,30.58,In Progress,Positive
T302915,C10872,O106370,2026-06-21,Delivery,High,10.17,Resolved,Neutral
T302916,C10852,O103267,2026-03-20,Account,Low,15.25,Closed,Negative
T302917,C12332,O106756,2026-03-21,Account,Low,14.92,Closed,Neutral
T302918,C11712,O107977,2026-04-20,Account,High,1.83,Open,Negative
T302919,C11699,O107611,2026-01-27,Account,Medium,19.92,Resolved,Neutral
T302920,C11150,O104328,2026-06-03,Refund,Medium,10.89,Resolved,Positive
T302921,C12347,O104722,2026-09-07,Payment,Low,11.67,Resolved,Neutral
T302922,C10718,O104165,2026-07-25,Product,,18.23,Resolved,Negative
T302923,C11310,O109240,2026-01-19,Product,Medium,34.78,Resolved,Negative
T302924,C10376,O100674,2026-06-25,Account,Medium,11.27,Open,Neutral
T302925,C12720,O109571,2026-08-07,Payment,High,31.88,Resolved,Neutral
T302926,C13428,O106876,2026-08-18,Account,High,15.01,Resolved,Negative
T302927,C12416,O104040,2026-07-29,Account,High,13.26,Closed,Neutral
T302928,C10736,O108309,2026-07-06,Product,Low,9.84,Resolved,Positive
T302929,C12510,O101731,2026-08-10,Refund,Medium,5.12,Open,Neutral
T302930,C12968,O105972,2026-02-12,Product,Medium,14.25,Resolved,Neutral
T302931,C10596,O101233,2026-03-27,Payment,Low,3.65,Resolved,Negative
T302932,C13192,O107901,2026-05-20,Delivery,Low,24.78,Closed,Negative
T302933,C10882,O103508,2026-04-22,Delivery,High,15.06,Resolved,Negative
T302934,C11928,O100686,2026-04-28,Delivery,Medium,3.42,Resolved,Negative
T302935,C12968,O106701,2026-06-02,Payment,Medium,6.22,Closed,Negative
T302936,C10617,O103261,2026-05-13,Delivery,High,14.19,Closed,Negative
T302937,C11907,O109791,2026-02-19,,Critical,21.09,Resolved,Negative
T302938,C13804,O109819,2026-06-09,Refund,Low,17.86,Resolved,Neutral
T302939,C13344,O106965,2026-07-15,Payment,Medium,15.74,In Progress,Negative
T302940,C10009,O105594,2026-09-06,Account,Medium,4.15,Open,Positive
T302941,C12523,O105577,2026-07-16,Product,High,12.74,Resolved,Negative
T302942,C13710,O109866,2026-04-15,Payment,Medium,19.91,Resolved,Neutral
T302943,C12000,O103965,2026-03-18,Delivery,Low,4.86,Closed,Negative
T302944,C10661,O107084,2026-07-10,Product,High,34.6,Open,Positive
T302945,C13831,O108341,2026-03-26,Delivery,Medium,12.29,Resolved,Neutral
T302946,C13699,O109605,2026-02-21,Product,Medium,4.22,Resolved,Positive
T302947,C10991,O101697,2026-05-27,Refund,Critical,26.23,Open,Neutral
T302948,C12332,O109676,2026-04-25,Account,Medium,9.26,Resolved,Negative
T302949,C12771,O109566,2026-08-31,Delivery,Medium,14.64,Resolved,Negative
T302950,C10955,O104797,2026-04-20,Product,Medium,33.77,Closed,Neutral
T302951,C12913,O100914,2026-06-23,Account,HIGH,14.41,Resolved,Positive
T302952,C12993,O104994,2026-03-23,Refund,Low,10.24,In Progress,Negative
T302953,C12046,O102468,2026-01-25,Delivery,High,16.19,Resolved,Negative
T302954,C13966,O102947,2026-04-26,Delivery,Low,22.25,Closed,Negative
T302955,C11498,O101375,2026-02-13,Product,Medium,21.15,Resolved,Negative
T302956,C11299,O106131,2026-02-11,Refund,Medium,19.21,Resolved,Neutral
T302957,C13505,O103355,2026-07-20,Product,Medium,9.45,In Progress,Neutral
T302958,C11417,O106438,2026-08-04,Account,High,14.6,Closed,Negative
T302959,C11167,O101540,2026-08-18,Product,Low,7.84,Resolved,Neutral
T302960,C12248,O100214,2026-05-16,Product,Medium,14.84,Resolved,Positive
T302961,C10706,O103633,2026-05-15,Product,High,21.5,Open,Negative
T302962,,O105099,2026-08-18,Refund,Medium,27.64,Resolved,Neutral
T302963,C10452,O107222,2026-08-12,Product,Low,11.17,Resolved,Neutral
T302964,C10055,O108142,2026-08-19,Product,Low,12.13,Resolved,Positive
T302965,C12259,O108017,2026-04-13,Account,High,12.61,Resolved,Neutral
T302966,C13471,O103315,2026-03-09,Account,Medium,17.24,Closed,Neutral
T302967,C13096,O103886,2026-01-02,Payment,High,2.14,Closed,Negative
T302968,C12389,O105922,2026-08-23,Payment,Medium,11.19,Resolved,Neutral
T302969,C11191,O100782,2026-02-02,,Low,9.15,Resolved,Neutral
T302970,C11814,O101430,2026-02-14,Product,High,5.54,Resolved,Neutral
T302971,C12588,O108979,2026-02-19,Account,Low,8.92,In Progress,Neutral
T302972,C10146,O100455,2026-07-26,Refund,Low,17.3,Resolved,Positive
T302973,C10944,O106635,2026-05-10,Payment,Low,13.24,Resolved,Neutral
T302974,C13810,O100450,2026-05-09,Account,Critical,10.67,Resolved,Negative
T302975,C10237,O103707,2026-02-28,Delivery,Medium,18.25,Open,Negative
T302976,C10908,O108903,2026-03-15,Refund,Low,6.54,In Progress,Negative
T302977,C13781,O108609,2026-07-21,Payment,Low,15.05,Closed,Negative
T302978,C11924,O106611,2026-09-13,Account,Low,13.43,Closed,Positive
T302979,C11939,O103785,2026-02-12,Refund,Critical,6.42,In Progress,Neutral
T302980,C10732,O104269,2026-08-28, ,High,1.87,Resolved,Negative
T302981,C11522,O101848,2026-01-30,Product,,4.8,Resolved,Neutral
T302982,C10110,O103996,2026-02-28,Account,High,10.36,Resolved,Negative
T302983,C12024,O100915,2026-06-25,Refund,Medium,6.19,Resolved,Neutral
T302984,C10671,O108995,2026-04-27,Product,Medium,25.06,Resolved,Negative
T302985,C10044,O108703,2026-08-25,Delivery,Low,17.28,Resolved,Negative
T302986,C11625,O109290,2026-05-18,Account,Medium,14.36,Resolved,Positive
T302987,C10221,O100582,2026-01-11,Payment,Medium,12.34,Resolved,Negative
T302988,C11012,O105881,2026-06-29,Delivery,Medium,17.72,Resolved,Neutral
T302989,C10485,O109668,2026-05-20,Product,High,7.13,Open,Positive
T302990,C12495,O109279,2026-02-09,Account,Medium,14.15,In Progress,Neutral
T302991,C11219,O108143,2026-02-03,Account,Low,20.58,Closed,Positive
T302992,C12026,O108053,2026-06-03,Account,Medium,12.7,Resolved,Neutral
T302993,C10353,O108527,2026-06-13,Delivery,Medium,22.6,Resolved,Negative
T302994,C12930,O108298,2026-03-04,Product,Medium,14.54,Resolved,Negative
T302995,C13633,O100836,2026-03-04, Delivery ,Medium,14.78,Resolved,Negative
T302996,C10431,O108310,2026-09-04,,Medium,15.49,In Progress,Negative
T302997,C12368,O100452,2026-05-28,Product,Medium,35.47,Resolved,Negative
T302998,C11679,O105733,2026-03-28,Delivery,Low,12.28,Closed,Negative
T302999,C10490,O105634,2026-07-19,Refund,Medium,6.41,Open,Neutral
T303000,C12851,O101794,2026-02-10,Account,Low,9.41,Resolved,Negative
T303001,C13521,O104260,2026-06-09,Account,High,2.83,Resolved,Positive
T303002,C10527,O102711,2026-03-09,Refund,Medium,19.99,Resolved,Neutral
T303003,C13279,O106472,2026-03-14,Refund,Critical,17.77,Resolved,Neutral
T303004,C11588,O107200,2026-08-16,Delivery,Medium,24.74,Open,Neutral
T303005,C13136,O106411,2026-06-08,Product,Low,19.25,Resolved,Negative
T303006,C10983,O102314,2026-01-15,Product,Medium,20.95,Resolved,Positive
T303007,C12005,O102878,2026-06-01,Product,Critical,16.57,Resolved,Positive
T303008,C12790,O106766,2026-07-03,Refund,Medium,8.6,Resolved,Negative
T303009,C12501,O108574,2026-02-11,Refund, ,10.95,Resolved,Neutral
T303010,C10473,O108472,2026-03-27,Payment,Low,23.61,In Progress,Neutral
T303011,C13248,O103155,2026-03-27,Account,Low,18.08,Open,Negative
T303012,C11882,O102485,2026-06-18,Payment,Medium,9.6,In Progress,Positive
T303013,C13002,O106711,2026-09-14,,High,21.63,In Progress,Negative
T303014,C13747,O101121,2026-04-22,Payment,Medium,30.68,Resolved,Neutral
T303015,C11176,O109709,2026-08-24,Delivery,Medium,11.23,Resolved,Neutral
T303016,C10101,O106460,2026-01-16,Product,Medium,15.32,Resolved,Positive
T303017,C13950,O106822,2026-03-01,Delivery,Low,9.35,Resolved,Negative
T303018,C11345,O102150,2026-01-26,Payment,Low,16.78,Resolved,Negative
T303019,C10820,O106713,2026-05-01,Product,Medium,8.3,In Progress,Neutral
T303020,C11991,O103287,2026-06-26,Delivery,Low,16.14,Open,Negative
T303021,C12719,O107217,2026-08-20,Account,Medium,7.42,Resolved,Positive
T303022,C13694,O105973,2026-05-22,Account,Low,13.48,Resolved,Neutral
T303023,C12269,O103469,2026-04-25,Payment,Medium,17.33,Resolved,Neutral
T303024,C13843,O103000,2026-02-14, Payment ,Medium,3.66,Resolved,Negative
T303025,C12262,O102579,2026-03-01,Delivery,Medium,6.23,Resolved,Neutral
T303026,C12150,O103306,2026-01-19,Account,Low,8.09,Resolved,Positive
T303027,C11981,O105468,2026-01-16,Product,Low,22.19,Resolved,Neutral
T303028,C10167,O101671,2026-06-09,Payment,High,32.41,In Progress,Neutral
T303029,C10246,O109610,2026-04-02,Delivery,Low,1.08,Resolved,Negative
T303030,C12850,O102987,2026-05-11,Delivery,Medium,14.92,Resolved,Negative
T303031,C13617,O105361,2026-07-25,Product,Medium,8.21,Resolved,Negative
T303032,C10057,O104525,2026-01-19,Delivery,Medium,14.41,Resolved,Neutral
T303033,C10852,O100459,2026-03-03,Delivery,Critical,12.56,Open,Negative
T303034,C13850,O107780,2026-03-19,Delivery,Medium,21.96,In Progress,Neutral
T303035,C13403,O100258,2026-07-03,Refund,Medium,9.59,Resolved,Neutral
T303036,C12360,O109245,2026-05-13,Payment,High,6.04,Closed,Positive
T303037,C11935,O108994,2026-08-23,Refund,Medium,17.44,In Progress,Neutral
T303038,C13284,O109277,2026-04-02,Product,Low,23.4,Closed,Positive
T303039,C10736,O109095,2026-07-24,Payment,Medium,14.72,Resolved,Positive
T303040,C10351,O103281,2026-04-27,Account,Low,14.26,Closed,Neutral
T303041,C13010,O108301,2026-02-21,Account,High,10.81,Resolved,Neutral
T303042,C11663,O100205,2026-06-21,Refund,Medium,12.01,Resolved,Positive
T303043,C10413,O109839,2026-01-27,Account,High,8.28,In Progress,Neutral
T303044,C12100,O105871,2026-02-06,Product,Medium,32.52,Resolved,Neutral
T303045,C10702,O100340,2026-01-05,Delivery,High,7.94,Resolved,Negative
T303046,C11322,O108280,2026-08-11,Product,Medium,9.68,Resolved,Negative
T303047,C11589,O102249,2026-08-12,Delivery,High,14.84,In Progress,Negative
T303048,C12947,O104993,2026-08-15,Account,High,12.02,Resolved,Positive
T303049,C13085,O107217,2026-01-28,Account,High,36.26,Open,Negative
T303050,C11837,O101974,2026-05-18,Product,High,12.1,Resolved,Neutral
T303051,C13565,O108573,2026-03-08,Account,High,18.2,Resolved,Negative
T303052,C12274,O103193,2026-07-03,Product,Low,21.25,Closed,Neutral
T303053,C10712,O105719,2026-08-18,Delivery,High,20.94,Resolved,Negative
T303054,C11203,O109119,2026-01-10,Account,High,27.98,Open,Negative
T303055,C12138,O104650,2026-04-20,Account,Low,19.64,Resolved,Neutral
T303056,C13626,O101571,2026-06-14,DELIVERY,Medium,6.58,Resolved,Neutral
T303057,C12178,O100671,2026-05-23,Payment,Medium,35.57,Resolved,Positive
T303058,C12078,O109082,2026-01-24,Payment,Low,12.87,Resolved,Neutral
T303059,C11750,O103144,2026-07-18,Refund,Medium,7.81,Resolved,Neutral
T303060,C11686,O101825,2026-05-19,Refund, Low ,13.56,Resolved,Negative
T303061,C10004,O104947,2026-03-18,Refund,Low,20.87,Closed,Negative
T303062,C10186,O100851,2026-03-23,,Medium,22.23,Resolved,Neutral
T303063,C12873,O103821,2026-04-24,Payment,Critical,27.88,Closed,Negative
T303064,C12869,O101863,2026-07-04,Refund,Low,41.31,In Progress,Neutral
T303065,C10789,O102494,2026-09-14,Payment,Low,22.98,Resolved,Negative
T303066,C10226,O107007,2026-05-24,Product,Low,21.7,Open,Neutral
T303067,C13364,O103897,2026-09-15,Product,Medium,17.54,In Progress,Neutral
T303068,C10599,O101746,2026-09-06,Delivery,High,23.18,Closed,Negative
T303069,C13961,O109371,2026-07-23,Delivery,Medium,23.48,Resolved,Negative
T303070,C13744,O101095,2026-02-10,Payment,Medium,14.69,Open,Neutral
T303071,C10170,O109618,2026-08-03,Delivery,Medium,19.01,Resolved,Positive
T303072,C12681,O106519,2026-05-25,Payment,Medium,19.29,Resolved,Negative
T303073,C10353,O108723,2026-05-25,Refund,Medium,9.35,In Progress,Neutral
T303074,C11749,O102499,2026-02-08,Product,Medium,7.28,Resolved,Negative
T303075,C13155,O105920,2026-03-31,Product,Low,8.02,In Progress,Neutral
T303076,C10393,O109461,2026-02-11,Delivery,High,20.36,Resolved,Positive
T303077,C12176,O108976,2026-03-18,Payment,,17.45,Resolved,Neutral
T303078,C11540,O103975,2026-05-02,Product,Medium,28.23,In Progress,Neutral
T303079,C12377,O100099,2026-05-25,Payment, ,8.22,Resolved,Neutral
T303080,C13193,O109125,2026-07-14,Delivery,Low,8.73,Resolved,Negative
T303081,C10059,O100811,2026-01-18,Payment,medium,11.55,Open,Neutral
T303082,C10441,O107667,2026-06-29,Refund,Medium,17.16,Resolved,Negative
T303083,C10998,O100011,2026-04-15,Refund,Low,4.06,In Progress,Neutral
T303084,C10113,O107438,2026-09-13,Account,Medium,10.01,In Progress,Negative
T303085,C11213,O104788,2026-01-22,Account,High,19.84,In Progress,Positive
T303086,C11777,O101304,2026-07-20,Account,Medium,4.17,Open,Negative
T303087,C13963,O100099,2026-03-16,Delivery,Low,10.38,Open,Negative
T303088,C10767,O101321,2026-08-26,Product,Low,3.53,Resolved,Negative
T303089,C10243,O103405,2026-03-15,Delivery,Medium,12.39,Resolved,Negative
T303090,C10200,O107298,2026-04-26,Payment,Medium,25.01,Resolved,Neutral
T303091,C13020,O105779,2026-06-21,Refund,Medium,21.18,Open,Neutral
T303092,C12970,O106524,2026-03-13,Refund,High,16.08,Resolved,Neutral
T303093,C10295,O106742,2026-07-20,Account,Low,26.08,Resolved,Neutral
T303094,C11312,O107772,2026-05-19,ACCOUNT,Medium,18.87,Resolved,Positive
T303095,C10112,O104628,2026-04-18,Product,Low,6.75,Closed,Positive
T303096,C10157,O109727,2026-07-15,Product,Medium,20.67,Resolved,Negative
T303097,C10229,O106742,2026-02-15,Delivery,Critical,5.93,Resolved,Negative
T303098,C10427,O100444,2026-02-26,Product,Medium,14.36,In Progress,Neutral
T303099,C12409,O108233,2026-05-06,Account,Medium,12.52,Resolved,Neutral
T303100,C10508,O108495,2026-08-31,Product,High,30.01,Resolved,Neutral
T303101,C11815,O106473,2026-01-30,Delivery,Low,32.2,In Progress,Negative
T303102,C10014,O104945,2026-06-14,Account,Medium,17.32,Resolved,Neutral
T303103,C13372,O104179,2026-08-29,Delivery,High,12.01,Resolved,Negative
T303104,C12894,O101808,2026-02-22,Account,High,16.69,Resolved,Neutral
T303105,C10713,O108605,2026-08-10,Account,High,24.73,Resolved,Neutral
T303106,C11429,O103702,2026-03-24,Account,Medium,24.69,Resolved,Neutral
T303107,C12384,O105977,2026-05-24,Payment,Medium,16.91,Resolved,Neutral
T303108,C10798,O103674,2026-09-12,Payment,Medium,36.85,Resolved,Negative
T303109,C10957,O104842,2026-07-11,Payment,Medium,-12.0,Resolved,Neutral
T303110,C10961,O102109,2026-06-04,Product,Medium,3.65,Resolved,Positive
T303111,C12998,O100003,2026-09-15,Product,Low,37.78,Resolved,Negative
T303112,C12576,O106655,2026-09-10,Product,Low,10.97,Resolved,Negative
T303113,C13382,O101818,2026-01-23,Refund,High,11.97,Closed,Negative
T303114,C13093,O109712,2026-01-27,Refund,Medium,32.77,Resolved,Neutral
T303115,C13221,O104960,2026-08-09,Product, ,25.58,In Progress,Neutral
T303116,C12347,O105277,2026-05-11,Account,Low,29.19,Resolved,Positive
T303117,C10770,O107915,2026-07-30,Account,Low,16.0,Resolved,Negative
T303118,C10185,O106930,2026-03-02,Delivery,Medium,19.41,Resolved,Negative
T303119,C12000,O104482,2026-05-17,Refund,Medium,14.83,Resolved,Neutral
T303120,C10695,O103578,2026-07-12,Delivery,High,8.6,Resolved,Negative
T303121,,O104615,2026-05-24,Payment,Medium,14.69,Closed,Positive
T303122,C12620,O100982,2026-05-06,Refund,Low,13.52,Closed,Neutral
T303123,C13985,O101745,2026-06-30,Account,Low,4.42,Open,Neutral
T303124,C10628,O102316,2026-07-27,Delivery,Medium,10.78,Resolved,Negative
T303125,C11096,O108155,2026-01-23,Account,Low,6.61,Resolved,Negative
T303126,C13279,O101332,2026-03-04,Payment,High,2.68,Resolved,Positive
T303127,C10680,O107486,2026-08-11,Product,High,16.64,Resolved,Neutral
T303128,C11429,O109825,2026-08-05,Product,Low,4.85,Resolved,Neutral
T303129,C10018,O105004,2026-09-15,Refund,Medium,4.18,Resolved,Negative
T303130,C12402,O104425,2026-06-23,Payment,Low,6.95,Resolved,Negative
T303131,C13950,O105190,2026-07-31,Refund,Critical,15.11,Closed,Neutral
T303132,C10134,O102223,2026-08-21,Product,Medium,9.73,Resolved,Negative
T303133,C12427,O108290,2026-08-14,Refund,Low,6.21,Resolved,Neutral
T303134,C11536,O100741,2026-06-20,Product,Critical,21.97,In Progress,Negative
T303135,C10354,O109993,2026-04-29,Delivery,Low,11.93,Resolved,Negative
T303136,C10105,O106309,2026-03-12,Payment,Medium,3.0,Resolved,Neutral
T303137,C12295,O108460,2026-06-07,Refund,Medium,22.47,Closed,Negative
T303138,C11935,O108282,2026-08-19,Delivery,Medium,6.79,In Progress,Neutral
T303139,C10518,O105218,2026-06-22,Payment,Low,18.86,Closed,Negative
T303140,C12486,O103521,2026-04-21,Product,Medium,16.79,Resolved,Neutral
T303141,C10598,O100668,2026-04-18,DELIVERY,Medium,8.2,Resolved,Negative
T303142,C10465,O108854,2026-01-22,Product,High,13.38,Resolved,Positive
T303143,C13764,O105232,2026-04-27, Account ,Medium,6.9,Resolved,Neutral
T303144,C12543,O100187,2026-07-20,Product,Medium,33.97,In Progress,Negative
T303145,C10992,O101838,2026-02-08,Refund,Low,11.63,Resolved,Negative
T303146,C10363,O106593,2026-04-17,Refund,Medium,14.12,Resolved,Negative
T303147,C13501,O105791,2026-03-06,Refund,High,8.78,Resolved,Negative
T303148,C10997,O103738,2026-07-13,Refund,HIGH,12.19,In Progress,Neutral
T303149,C10789,O106023,2026-01-12,Delivery,High,10.43,Resolved,Negative
T303150,C11894,O106255,2026-05-07,Product,High,24.31,Closed,Positive
T303151,C13721,O105545,2026-07-23,Account,Medium,14.61,Open,Neutral
T303152,C12050,O109425,2026-02-27,Delivery,Medium,22.25,Resolved,Neutral
T303153,C11549,O101387,2026-07-10,Payment,High,10.3,Resolved,Positive
T303154,C13469,O102000,2026-08-13,Refund,Low,38.94,Resolved,Neutral
T303155,C10839,O100984,2026-05-27,Payment,Critical,21.08,Open,Positive
T303156,C13156,O107843,2026-03-09,Delivery,High,34.4,Open,Neutral
T303157,C10691,O104306,2026-04-07,Product,Critical,20.75,Resolved,Negative
T303158,C12452,O102770,2026-07-21,Delivery,High,5.78,Resolved,Neutral
T303159,C11556,O100364,2026-04-13,Delivery,High,37.4,Resolved,Negative
T303160,C11324,O106828,2026-08-19,Product,Medium,3.73,Resolved,Negative
T303161,C10598,O105135,2026-01-05,Account,Low,9.29,Closed,Neutral
T303162,C10555,O108299,2026-04-22,REFUND,Medium,3.58,Resolved,Positive
T303163,C11664,O103034,2026-08-20,Payment,Medium,15.48,Resolved,Negative
T303164,,O107588,2026-02-10,PRODUCT,Medium,24.22,Resolved,Neutral
T303165,C11665,O107596,2026-08-28,Refund,Medium,6.28,In Progress,Negative
T303166,C13186,O109641,2026-02-07,Refund,Low,-12.0,In Progress,Neutral
T303167,C13066,O104370,2026-08-10,Refund,Medium,-12.0,In Progress,Neutral
T303168,C13818,O101207,2026-06-14,Refund,Low,8.53,Closed,Positive
T303169,C13170,O100368,2026-01-11,Refund,High,14.81,Resolved,Negative
T303170,C10418,O104572,2026-08-22,refund,Low,8.1,Resolved,Negative
T303171,C10312,O103881,2026-05-26,Account,High,20.35,Resolved,Positive
T303172,C11586,O101357,2026-07-26,Delivery,Medium,5.08,Resolved,Negative
T303173,C11987,O106833,2026-03-01,Payment,High,19.91,Open,Positive
T303174,C13146,O103868,2026-03-17,Account,High,7.05,Resolved,Positive
T303175,C11538,O105099,2026-01-21,Account,Low,12.18,Open,Negative
T303176,C11917,O108223,2026-05-09,Account,Medium,12.38,Resolved,Neutral
T303177,C10567,O103656,2026-07-31,Product,,9.19,In Progress,Negative
T303178,C12924,O104839,2026-06-22,Payment,Medium,22.16,Resolved,Negative
T303179,C12195,O104475,2026-06-04,Product,Low,11.47,Resolved,Negative
T303180,C11860,O100587,2026-06-17,ACCOUNT,Medium,16.54,Resolved,Negative
T303181,C13726,O109501,2026-07-13,Payment,Low,13.95,In Progress,Neutral
T303182,C13958,O107591,2026-06-12,Refund,Low,12.93,Resolved,Neutral
T303183,C11950,O105059,2026-08-11,,Low,27.61,Resolved,Negative
T303184,C10468,O104033,2026-07-19,Product,High,19.04,Resolved,Positive
T303185,C11145,O106880,2026-04-24,Payment,Low,10.45,Resolved,Positive
T303186,C13219,O101899,2026-07-17,Refund,Low,17.16,Resolved,Neutral
T303187,C10324,O103179,2026-04-18,Account,High,13.96,Resolved,Neutral
T303188,C11466,O102814,2026-07-20,Refund,Low,12.38,Resolved,Neutral
T303189,C13881,O109453,2026-04-10,Payment,Medium,6.77,Resolved,Neutral
T303190,C13584,O109158,2026-02-28,Delivery,Medium,5.88,Open,Negative
T303191,,O107156,2026-04-17,Delivery,Medium,13.73,Open,Neutral
T303192,C13591,O103562,2026-03-15,Account,Medium,10.41,Resolved,Neutral
T303193,C10873,O103319,2026-03-13,Refund,Low,29.08,Resolved,Neutral
T303194,C11832,O103216,2026-04-01,Delivery,Medium,17.78,In Progress,Neutral
T303195,C11536,O103689,2026-04-18,Account,Medium,12.83,In Progress,Negative
T303196,C13250,O109289,2026-01-30,Account,High,5.08,Closed,Negative
T303197,C10923,O104741,2026-05-26,Refund,Critical,6.06,Open,Negative
T303198,C11755,O104434,2026-04-04,Account,Low,19.45,In Progress,Neutral
T303199,C13657,O109957,2026-02-19,Payment,Low,7.51,Resolved,Positive
T303200,C10040,O102663,2026-01-30,Account,,15.43,Resolved,Neutral
T303201,C11171,O104782,2026-04-29,Payment,High,30.73,Closed,Negative
T303202,C11040,O107716,2026-09-09,Delivery,Low,27.22,Resolved,Negative
T303203,C10050,O108205,2026-04-06,Delivery,Medium,22.37,Resolved,Negative
T303204,C10233,O101223,2026-01-16,Delivery,Medium,14.03,Resolved,Neutral
T303205,C11758,O103287,2026-06-04,Payment,Low,12.45,Closed,Negative
T303206,C10740,O103878,2026-08-17,Refund,Medium,1.32,Closed,Negative
T303207,C13786,O109869,2026-04-21,Delivery,Medium,8.92,Resolved,Negative
T303208,C10857,O103972,2026-09-13,Account,Low,13.08,Resolved,Neutral
T303209,C12601,O108774,2026-01-24,Delivery,High,13.37,In Progress,Negative
T303210,C11618,O101434,2026-02-17,Product,Medium,15.44,In Progress,Positive
T303211,C12757,O100309,2026-03-31,Product,High,5.1,Resolved,Positive
T303212,C12982,O106982,2026-04-29,Product,Medium,13.83,Open,Neutral
T303213,C10925,O105494,2026-04-13,Product,High,27.91,Resolved,Neutral
T303214,C11376,O107890,2026-06-21,Product,High,26.47,Resolved,Negative
T303215,C11620,O106261,2026-08-18,Refund,Medium,33.94,Resolved,Negative
T303216,C11688,O101676,2026-04-22,Payment,Low,19.43,Resolved,Negative
T303217,C13906,O102914,2026-09-11,Refund,Low,3.53,Resolved,Neutral
T303218,C13943,O108102,2026-08-30,delivery,Medium,9.33,Open,Neutral
T303219,C10322,O101178,2026-06-27,Refund,Medium,5.98,Resolved,Negative
T303220,C13478,O108619,2026-01-04, Delivery ,medium,8.81,Resolved,Negative
T303221,C10094,O104456,2026-02-11,Delivery,Medium,8.21,In Progress,Negative
T303222,C11635,O103085,2026-04-02,Refund,Medium,11.07,In Progress,Negative
T303223,C11988,O107684,2026-03-08,Account,Low,13.49,Resolved,Negative
T303224,C10688,O106029,2026-03-08,Product,,7.28,Resolved,Negative
T303225,C13817,O106312,2026-03-21,Payment,Medium,14.2,Resolved,Neutral
T303226,C11152,O107540,2026-01-13,Product,Medium,10.95,In Progress,Neutral
T303227,C13847,O103899,2026-02-04,Account,Medium,3.52,Resolved,Positive
T303228,C11393,O108069,2026-04-30, Product ,Low,14.79,In Progress,Neutral
T303229,C11129,O102217,2026-04-18,Product,High,3.02,In Progress,Neutral
T303230,C11388,O109341,2026-08-16,Account,Medium,16.41,Resolved,Negative
T303231,C12585,O108267,2026-01-08,Payment,Medium,13.86,In Progress,Negative
T303232,C11741,O106172,2026-05-27,Delivery,Critical,10.15,Closed,Negative
T303233,C11998,O101362,2026-06-14,Delivery,Low,24.03,In Progress,Neutral
T303234,C12223,O106961,2026-08-31,Delivery,High,5.11,Resolved,Negative
T303235,C12835,O107052,2026-05-17,Payment,Medium,15.5,Resolved,Positive
T303236,C13607,O105203,2026-01-04,Account,Low,19.79,Closed,Neutral
T303237,C12496,O102643,2026-06-14,Refund,Medium,11.01,Resolved,Positive
T303238,C10955,O108739,2026-01-26,Delivery,High,5.21,Resolved,Negative
T303239,C13601,O109019,2026-08-30,Payment,Medium,7.4,Resolved,Negative
T303240,C10459,O104877,2026-06-01,Account,Medium,16.39,Resolved,Positive
T303241,C13594,O103227,2026-02-10,Delivery,Medium,3.05,Closed,Negative
T303242,C11224,O102338,2026-02-11,Delivery,High,19.15,Resolved,Negative
T303243,C10200,O109909,2026-04-26, ,High,8.0,Closed,Negative
T303244,C11959,O105138,2026-03-21,Payment,Low,8.98,In Progress,Neutral
T303245,C12589,O102890,2026-03-10,Account,High,5.61,In Progress,Positive
T303246,C10388,O109163,2026-04-11,Refund,High,9.91,Closed,Positive
T303247,C11271,O101091,2026-07-30,Payment,Critical,18.15,Closed,Neutral
T303248,C11610,O102418,2026-08-05,Account, Low ,11.78,Resolved,Positive
T303249,C12425,O104667,2026-06-09,Product,Low,14.49,Closed,Neutral
T303250,C12865,O103867,2026-05-03,Account,High,25.58,Resolved,Negative
T303251,C10022,O107981,2026-03-17,Payment,Low,10.21,Resolved,Neutral
T303252,C10139,O109087,2026-08-10,Product,High,4.59,Resolved,Neutral
T303253,C12964,O101814,2026-04-25,Delivery,High,9.06,Resolved,Neutral
T303254,C12685,O106468,2026-02-14,Delivery,Medium,5.93,Resolved,Negative
T303255,C13641,O103535,2026-05-03,Delivery,Medium,8.08,In Progress,Neutral
T303256,C11327,O103510,2026-01-08,Delivery,low,44.0,Resolved,Negative
T303257,C11691,O108540,2026-01-10,Refund,Low,17.56,Resolved,Negative
T303258,C13742,O102785,2026-04-22,Delivery,Medium,19.73,Resolved,Positive
T303259,C13357,O104356,2026-05-08,Account,,13.35,Resolved,Neutral
T303260,C10123,O108352,2026-04-12,DELIVERY,Medium,15.93,In Progress,Neutral
T303261,C11467,O102477,2026-05-01,Delivery,Medium,27.04,Resolved,Neutral
T303262,C12621,O102514,2026-08-11,Product,Medium,14.31,Resolved,Neutral
T303263,C13879,O109332,2026-08-22,Refund,Medium,7.52,Resolved,Negative
T303264,C12578,O103723,2026-04-12,Refund,Medium,13.75,Closed,Neutral
T303265,C10836,O103224,2026-07-27,Refund,Low,14.16,Resolved,Positive
T303266,C10555,O102745,2026-02-05,Product,High,9.02,Resolved,Negative
T303267,C11537,O101737,2026-06-03,Refund,Low,26.11,Resolved,Neutral
T303268,C13711,O109026,2026-02-01,Refund,Medium,10.41,Resolved,Negative
T303269,C13233,O101691,2026-05-26,Product,Medium,12.88,Open,Negative
T303270,C11365,O101750,2026-09-13,Product,Medium,7.54,In Progress,Negative
T303271,C13098,O107475,2026-07-31,Refund,,20.48,Resolved,Neutral
T303272,C13482,O107323,2026-02-09,Product,Low,5.07,Resolved,Positive
T303273,C11244,O107243,2026-05-28,,Medium,9.65,Resolved,Neutral
T303274,C11509,O108336,2026-07-06,PRODUCT,Medium,4.8,Resolved,Positive
T303275,C11985,O108538,2026-08-04,Account,High,4.82,Resolved,Negative
T303276,C10621,O103467,2026-02-14,Payment,High,6.98,Resolved,Neutral
T303277,C12290,O108805,2026-06-13,Delivery,Medium,11.93,Resolved,Negative
T303278,C10580,O103228,2026-02-25,Refund,Medium,17.9,Closed,Negative
T303279,C12968,O101925,2026-02-26,Delivery,Low,7.08,Closed,Negative
T303280,C10508,O106014,2026-02-08,Account,Medium,24.33,Closed,Positive
T303281,C13170,O103095,2026-01-06,Delivery,MEDIUM,29.9,Resolved,Neutral
T303282,C11398,O101003,2026-07-23,Payment,Low,4.87,In Progress,Negative
T303283,C12660,O109723,2026-05-28,Account,Low,27.73,Closed,Neutral
T303284,C12128,O108154,2026-03-19,Payment,Medium,22.64,Closed,Neutral
T303285,C12268,O100688,2026-04-05,Refund,Low,11.31,Resolved,Positive
T303286,C13217,O108418,2026-03-26,Refund,High,10.52,Resolved,Neutral
T303287,C12129,O102441,2026-05-01,Payment,Medium,17.31,Resolved,Neutral
T303288,C13521,O100731,2026-02-02,Product,Medium,6.38,Resolved,Neutral
T303289,C13521,O108486,2026-09-09,Delivery,,9.06,Open,Neutral
T303290,C12127,O102518,2026-06-25,Payment,Medium,5.08,Resolved,Negative
T303291,C11874,O105060,2026-04-18,Account,Medium,8.21,Resolved,Neutral
T303292,C10252,O106632,2026-03-17,REFUND,Medium,4.5,Resolved,Positive
T303293,C13765,O108740,2026-01-22,Delivery,Medium,17.16,Open,Neutral
T303294,C12285,O105505,2026-02-02,Payment,Medium,10.58,Resolved,Negative
T303295,C11422,O105548,2026-01-20,Refund,High,28.93,Closed,Neutral
T303296,C10917,O103503,2026-02-08,Account,High,9.48,Resolved,Neutral
T303297,C13996,O106275,2026-01-04,Account,Low,20.79,Resolved,Neutral
T303298,C10393,O102969,2026-09-04,Refund, ,7.19,Open,Positive
T303299,C13969,O106435,2026-03-23,Account,Low,8.35,In Progress,Neutral
T303300,C10357,O107707,2026-04-28,Refund,Low,2.82,In Progress,Neutral
T303301,C12900,O108057,2026-03-17,Payment,Medium,7.63,Resolved,Neutral
T303302,C12194,O107643,2026-03-14,refund,Low,16.54,Resolved,Negative
T303303,C10744,O109820,2026-09-12,Product,Medium,12.3,Resolved,Negative
T303304,C10546,O109232,2026-06-03,Product,Medium,14.51,Resolved,Neutral
T303305,C12268,O109869,2026-08-14,Payment,Medium,25.36,Resolved,Negative
T303306,C13834,O101123,2026-05-02,Account,Low,11.6,Open,Positive
T303307,C13131,O106852,2026-01-18,Product,Medium,11.96,In Progress,Neutral
T303308,C10934,O101510,2026-02-16,Account,Medium,16.86,Resolved,Positive
T303309,C11576,O103681,2026-06-08,Delivery,Medium,18.42,Open,Negative
T303310,C12684,O105985,2026-05-17,Refund,Medium,8.23,Resolved,Neutral
T303311,C11735,O108680,2026-03-05,Product,Low,6.73,In Progress,Neutral
T303312,C11868,O108784,2026-01-04,Delivery,Medium,19.09,Open,Negative
T303313,C10033,O104419,2026-04-15,Product,Medium,10.57,Resolved,Neutral
T303314,C10899,O108433,2026-06-07,Product,Medium,7.06,Open,Positive
T303315,C12443,O109923,2026-05-18,Payment,Low,12.79,Closed,Neutral
T303316,C11753,O103556,2026-05-09,,Critical,6.84,Resolved,Neutral
T303317,C10885,O105775,2026-03-19,Account,High,5.07,Resolved,Positive
T303318,C11686,O106323,2026-06-23,Payment,Medium,36.99,Resolved,Positive
T303319,C12437,O105898,2026-05-08,Payment,Medium,13.74,Resolved,Negative
T303320,C12536,O107386,2026-09-06,Delivery,Low,16.67,Resolved,Neutral
T303321,C13369,O109841,2026-05-30,Delivery,Low,27.79,Resolved,Negative
T303322,C13406,O104443,2026-03-12,Account,Medium,23.3,Resolved,Neutral
T303323,C11848,O104801,2026-05-17,Refund,Medium,33.46,In Progress,Neutral
T303324,C11923,O105793,2026-06-03, Delivery ,Medium,18.27,In Progress,Negative
T303325,C13921,O105960,2026-02-17,Delivery,Medium,7.25,Resolved,Positive
T303326,C12804,O100888,2026-09-11,Delivery,Low,7.18,Resolved,Negative
T303327,C11601,O100223,2026-09-14,Refund,Low,9.25,Closed,Positive
T303328,C13491,O104816,2026-06-19,Payment,Medium,8.84,Open,Negative
T303329,C12626,O102008,2026-05-15,Product,Medium,10.57,Open,Neutral
T303330,C13400,O101238,2026-09-01,Product,Low,19.63,Resolved,Neutral
T303331,C13232,O108984,2026-09-13,Account,High,22.95,Closed,Negative
T303332,C13547,O107001,2026-01-23,Refund,Medium,11.11,In Progress,Neutral
T303333,C10633,O109376,2026-03-21,Account,Low,25.88,Open,Neutral
T303334,C13374,O101941,2026-04-21,Account,Medium,19.44,Closed,Positive
T303335,C11896,O104741,2026-03-08,Payment,High,11.42,Closed,Negative
T303336,C13745,O107740,2026-04-08,Payment,High,10.74,Resolved,Neutral
T303337,C11078,O107651,2026-02-11,Refund,Medium,3.06,Resolved,Neutral
T303338,C10260,O104465,2026-01-29,Product,Low,13.13,Resolved,Neutral
T303339,C10816,O109034,2026-02-03,Delivery,Low,9.91,In Progress,Negative
T303340,C10297,O107848,2026-07-11,Payment,High,15.55,Closed,Neutral
T303341,C10510,O100079,2026-08-13,Refund,Medium,21.87,Resolved,Neutral
T303342,C12134,O104981,2026-02-05,Product,Low,1.39,Resolved,Neutral
T303343,C12892,O107596,2026-02-17,Product,Low,10.77,Resolved,Positive
T303344,C11398,O104136,2026-01-06,Delivery,Low,18.12,Open,Negative
T303345,C10819,O109988,2026-05-30,Delivery,Medium,15.64,Open,Positive
T303346,C13149,O109749,2026-05-03,Account,Low,15.49,Resolved,Negative
T303347,C13416,O104545,2026-08-16,Product,High,13.64,Open,Negative
T303348,C10707,O102233,2026-03-31,Refund,Medium,12.49,In Progress,Positive
T303349,C12847,O103548,2026-05-03,Delivery,Medium,35.36,In Progress,Neutral
T303350,C11474,O103433,2026-06-08,Payment,Low,16.5,Resolved,Negative
T303351,C10252,O101910,2026-02-16,Product,Low,12.02,Resolved,Neutral
T303352,C11902,O108645,2026-01-15,Product,Low,13.72,In Progress,Neutral
T303353,C10159,O107643,2026-03-20,Product,Medium,19.71,Resolved,Negative
T303354,C10391,O104127,2026-06-04,Payment,Low,6.58,Closed,Neutral
T303355,C10967,O107872,2026-03-15,Refund,Low,15.85,Resolved,Neutral
T303356,C13372,O106572,2026-06-28,Payment,Critical,9.54,Resolved,Negative
T303357,C13297,O101210,2026-01-24,Product,Critical,34.48,Resolved,Negative
T303358,C10362,O101749,2026-06-14,Account,Medium,25.14,In Progress,Neutral
T303359,C10382,O101197,2026-07-19,Refund,Low,14.49,Resolved,Neutral
T303360,C10368,O105379,2026-04-15,Account,Medium,38.39,Resolved,Positive
T303361,C13979,O104278,2026-02-24,Product,Low,3.82,Resolved,Positive
T303362,C13535,O108489,2026-01-29,Refund,Low,32.02,Resolved,Neutral
T303363,C12763,O102664,2026-07-12,Refund,Medium,29.99,Resolved,Positive
T303364,C12169,O105026,2026-03-22,Account,Medium,21.66,In Progress,Positive
T303365,C10351,O106249,2026-08-05,Payment,Medium,12.15,Closed,Neutral
T303366,C13648,O102755,2026-05-31,Payment,Low,19.53,Resolved,Neutral
T303367,C10678,O104632,2026-05-25,Product,,6.94,Resolved,Negative
T303368,C10181,O103268,2026-02-03,Refund,Medium,25.66,Resolved,Negative
T303369,C13397,O106901,2026-08-28,Payment,Medium,15.42,Resolved,Positive
T303370,C11008,O100934,2026-08-28,Payment,Medium,9.78,In Progress,Neutral
T303371,C13744,O105621,2026-08-10,Delivery,High,36.98,Closed,Negative
T303372,C12481,O104802,2026-08-01,Delivery,Low,6.72,Resolved,Neutral
T303373,C13999,O104341,2026-02-14,Refund,High,6.93,Closed,Neutral
T303374,C13120,O102091,2026-08-29,Delivery,Medium,12.14,Resolved,Positive
T303375,C10078,O109210,2026-08-07,Refund,Medium,17.57,Resolved,Negative
T303376,C13072,O107003,2026-08-13,Product, Low ,26.03,Resolved,Neutral
T303377,C10746,O101756,2026-04-06,Account,High,11.65,Resolved,Positive
T303378,C11390,O101853,2026-08-02,Account,Medium,15.89,Open,Negative
T303379,C13215,O106449,2026-03-06,Payment,Medium,25.73,In Progress,Negative
T303380,C13751,O109028,2026-01-11,Account,Medium,14.57,Resolved,Negative
T303381,C13426,O108291,2026-06-04,Refund,,12.04,In Progress,Negative
T303382,C11975,O103577,2026-03-29,Delivery,High,5.41,Resolved,Positive
T303383,C10344,O105097,2026-09-10,Delivery,Medium,55.95,Resolved,Negative
T303384,C11864,O104346,2026-07-07,Refund,High,3.97,Open,Neutral
T303385,C11880,O101394,2026-02-15,Refund,Medium,8.74,Resolved,Neutral
T303386,C10584,O101610,2026-01-30,Refund,High,13.33,Resolved,Positive
T303387,C11815,O109714,2026-02-17,Refund,MEDIUM,17.01,Closed,Neutral
T303388,C10238,O102672,2026-06-08,Product,Low,16.18,Resolved,Negative
T303389,C13299,O107355,2026-02-02,Delivery,,18.62,Resolved,Neutral
T303390,C13687,O103783,2026-01-25,Product,High,19.72,Resolved,Negative
T303391,C12734,O100291,2026-01-15,Product, High ,7.05,Resolved,Negative
T303392,C10473,O100246,2026-03-18,Payment,Medium,2.38,In Progress,Neutral
T303393,C13557,O101022,2026-06-26,Product,Medium,0.75,Resolved,Positive
T303394,C12025,O101554,2026-04-02,Payment,Low,25.49,Resolved,Positive
T303395,C11921,O101443,2026-04-19,Product,Low,19.36,Resolved,Positive
T303396,C13034,O107990,2026-01-25,Refund,Critical,46.34,Resolved,Positive
T303397,C12066,O108848,2026-07-18,Delivery,Critical,35.43,Open,Negative
T303398,C11801,O108516,2026-06-26,Delivery,Medium,15.99,Resolved,Negative
T303399,C13816,O101653,2026-02-19, Account ,Medium,27.75,Resolved,Neutral
T303400,C11115,O106684,2026-03-01,Delivery,Low,7.33,Resolved,Negative
T303401,C10529,O106809,2026-09-03,Delivery,Medium,10.91,Resolved,Negative
T303402,C12205,O103669,2026-07-31,Payment,Medium,4.71,Closed,Neutral
T303403,C10057,O106804,2026-03-24,,Low,10.35,Resolved,Negative
T303404,C11092,O100009,2026-06-16,Account,Medium,25.81,Resolved,Neutral
T303405,C12147,O108442,2026-03-02,Account,High,10.69,Resolved,Positive
T303406,C13660,O107791,2026-06-13,Payment,High,18.43,In Progress,Positive
T303407,C13940,O102065,2026-03-19,Delivery,Low,13.47,Resolved,Negative
T303408,C12543,O106975,2026-01-14,,Medium,14.65,Resolved,Neutral
T303409,C10672,O109020,2026-01-22,Product,Medium,17.1,Resolved,Positive
T303410,C10326,O100341,2026-06-08,Refund,Medium,14.25,Resolved,Negative
T303411,C12218,O100835,2026-08-02,Account,Medium,17.98,Closed,Positive
T303412,C10285,O100250,2026-01-13,Delivery,Medium,23.08,Resolved,Negative
T303413,C12222,O104600,2026-07-06,Delivery,Medium,20.85,In Progress,Positive
T303414,C10088,O105435,2026-05-21,Delivery,Low,13.17,In Progress,Negative
T303415,C13760,O103008,2026-08-03,Payment,High,14.72,In Progress,Negative
T303416,C10204,O108071,2026-01-13,Delivery,High,4.19,Resolved,Neutral
T303417,C12314,O100639,2026-07-11,Payment,Medium,9.93,Resolved,Negative
T303418,C13338,O105392,2026-01-23,Refund, Low ,10.18,Open,Neutral
T303419,C12007,O103930,2026-06-03,Delivery,Medium,16.18,Closed,Positive
T303420,C11602,O108434,2026-06-21,Product,Medium,10.58,Closed,Positive
T303421,C12854,O109266,2026-02-14,Payment,Low,17.25,Resolved,Negative
T303422,C10955,O100819,2026-09-01,Refund,Low,3.13,Resolved,Neutral
T303423,C10532,O101651,2026-01-08,Refund,High,33.26,In Progress,Neutral
T303424,C10755,O104962,2026-05-13,Product,High,12.71,In Progress,Neutral
T303425,C11243,O104773,2026-03-06,Product,Low,21.16,Open,Neutral
T303426,C10020,O102643,2026-01-26,Product,Low,18.48,Closed,Positive
T303427,C10971,O100437,2026-05-25,Payment,Low,22.98,Closed,Positive
T303428,C13423,O105731,2026-09-03,Payment,Critical,15.84,Resolved,Negative
T303429,C10567,O106024,2026-04-18,Product,Medium,15.94,Closed,Negative
T303430,C13721,O108873,2026-01-12,Refund,Low,18.26,Resolved,Negative
T303431,C11147,O105204,2026-08-14,Delivery,Low,19.56,Resolved,Negative
T303432,C13187,O101817,2026-08-14,Refund,Medium,14.64,Resolved,Positive
T303433,C12964,O102327,2026-06-19,Account,High,15.05,In Progress,Positive
T303434,C11112,O101818,2026-03-06,Account,Low,2.91,Open,Positive
T303435,C10104,O109005,2026-07-17,Delivery,High,12.5,Closed,Negative
T303436,C13347,O100801,2026-04-25,Payment,Medium,18.96,Resolved,Negative
T303437,C11086,O107766,2026-03-24,Payment,Low,9.3,In Progress,Neutral
T303438,C12246,O107016,2026-03-26,Refund,Low,5.3,In Progress,Negative
T303439,C10449,O102676,2026-05-11,Account,Medium,12.02,Resolved,Positive
T303440,C11788,O109730,2026-06-01,Refund,Critical,18.79,In Progress,Neutral
T303441,C10156,O107628,2026-03-01,Product,CRITICAL,4.82,Resolved,Negative
T303442,C12283,O102564,2026-04-30,Account,Medium,9.54,Closed,Neutral
T303443,C10419,O106669,2026-04-29,Payment,Medium,18.77,In Progress,Neutral
T303444,C12649,O103041,2026-04-09,Refund,,6.13,Resolved,Positive
T303445,C12623,O101130,2026-06-14,Payment,High,4.58,In Progress,Negative
T303446,C13875,O109455,2026-01-28,Refund,Medium,12.87,In Progress,Neutral
T303447,C13777,O102035,2026-03-31,Refund,Medium,37.27,In Progress,Neutral
T303448,C12726,O102714,2026-02-07,Refund,Medium,18.61,Resolved,Positive
T303449,C11258,O104476,2026-01-31,Account,Low,25.84,Resolved,Neutral
T303450,C11447,O101694,2026-04-21,Refund,Critical,17.21,Resolved,Positive
T303451,C11629,O104174,2026-09-03,Payment,Medium,12.4,Resolved,Neutral
T303452,,O104253,2026-09-02,Delivery,Critical,37.23,Resolved,Positive
T303453,C10090,O107068,2026-01-08,Refund,High,25.56,Open,Positive
T303454,C13589,O101241,2026-01-15,Payment,High,5.65,Resolved,Positive
T303455,C13856,O107526,2026-03-14,Delivery,High,25.56,In Progress,Negative
T303456,C10112,O107193,2026-05-03,Refund,High,49.34,Resolved,Negative
T303457,C12564,O102714,2026-04-20, Account ,High,13.27,Closed,Negative
T303458,C13051,O100625,2026-06-12,Product,Medium,11.25,Resolved,Positive
T303459,C11132,O107290,2026-03-13,Account,high,8.63,Resolved,Negative
T303460,C13170,O103834,2026-04-12,Delivery,High,14.85,Resolved,Negative
T303461,C11741,O103601,2026-06-19,Account,Low,20.82,Resolved,Neutral
T303462,C12458,O104631,2026-01-13,Account,High,8.82,Open,Negative
T303463,C12153,O102729,2026-08-12,Refund,High,11.05,Resolved,Neutral
T303464,C11083,O107382,2026-03-31,Account,Low,4.53,Resolved,Positive
T303465,C11037,O100212,2026-08-28,Refund,Low,17.47,Resolved,Positive
T303466,C12506,O101718,2026-06-08,Refund,Medium,14.66,Resolved,Neutral
T303467,C13160,O102552,2026-02-12,Account,Low,2.62,Open,Positive
T303468,C12241,O108947,2026-07-09,Refund,Low,4.84,Resolved,Positive
T303469,C10805,O103956,2026-08-31,Product,,19.04,Closed,Positive
T303470,C10408,O107037,2026-01-28,Delivery,Medium,12.56,In Progress,Negative
T303471,C13601,O101539,2026-04-14,Refund,Medium,9.39,Resolved,Neutral
T303472,C10444,O109931,2026-03-27,Refund,High,9.32,Closed,Negative
T303473,C12924,O106247,2026-07-21,Account,Medium,12.72,Resolved,Negative
T303474,C11969,O103028,2026-01-19,Refund,Medium,25.12,In Progress,Neutral
T303475,C13105,O106482,2026-05-16,Account,Low,4.26,In Progress,Positive
T303476,C11048,O105097,2026-02-19,Delivery,Medium,18.72,Resolved,Negative
T303477,C13375,O106423,2026-07-14,Payment,Medium,17.81,Resolved,Positive
T303478,C10964,O102646,2026-02-21,Account,Low,13.39,Resolved,Positive
T303479,C11144,O105767,2026-06-09,Product,High,4.36,Closed,Negative
T303480,C11064,O109499,2026-04-26,Product,Critical,17.5,Resolved,Positive
T303481,C12463,O104791,2026-06-24,Payment,High,2.05,Closed,Neutral
T303482,C11962,O108801,2026-05-24,Delivery,Medium,11.06,Resolved,Neutral
T303483,C11882,O108816,2026-04-23,Product,Low,6.96,Resolved,Negative
T303484,C13111,O104125,2026-06-05,Refund,High,18.67,Resolved,Neutral
T303485,C11827,O107161,2026-02-27,Payment,Low,14.81,Resolved,Neutral
T303486,C11350,O106409,2026-09-15,Account,Medium,12.26,In Progress,Neutral
T303487,C11940,O100853,2026-03-19,Delivery,Low,8.38,Resolved,Positive
T303488,C12508,O100087,2026-06-07,Delivery,Critical,13.02,In Progress,Neutral
T303489,C12150,O100436,2026-06-27,Payment,Medium,8.3,Resolved,Positive
T303490,C13531,O109065,2026-06-11,,Low,4.05,Closed,Neutral
T303491,C13515,O100760,2026-08-20,Account,Low,27.01,Open,Positive
T303492,C13270,O100418,2026-05-27,Payment,Medium,3.93,Resolved,Neutral
T303493,C10463,O101036,2026-08-04,Account,Medium,22.19,In Progress,Positive
T303494,C12832,O105340,2026-06-01,Account,High,34.7,Resolved,Neutral
T303495,C11753,O102411,2026-04-30,Delivery,High,11.8,Open,Negative
T303496,C10853,O108093,2026-04-11,Refund,Critical,26.52,Closed,Neutral
T303497,C12570,O104328,2026-04-29,Refund,Low,14.82,In Progress,Negative
T303498,C12734,O100558,2026-01-29,Delivery,Low,13.12,Resolved,Neutral
T303499,C13058,O106360,2026-05-20,,High,10.13,Closed,Negative
T303500,C10824,O101352,2026-01-09,Payment,Medium,12.38,Resolved,Neutral
T303501,C13003,O104930,2026-04-22,Refund,Medium,21.26,Closed,Neutral
T303502,C11959,O108711,2026-01-23,Payment,Low,8.67,Resolved,Neutral
T303503,C10960,O104636,2026-06-23,Delivery,Low,7.08,Closed,Neutral
T303504,C12324,O104587,2026-02-11,Account,Medium,14.44,Closed,Positive
T303505,C12926,O109586,2026-09-14,Delivery,low,4.3,Resolved,Neutral
T303506,C13094,O102473,2026-03-02,Account,Medium,24.65,Resolved,Neutral
T303507,C11547,O107094,2026-07-04,Product,Medium,38.23,Closed,Neutral
T303508,C10700,O107692,2026-06-29,Refund,Critical,12.26,In Progress,Neutral
T303509,C12815,O109872,2026-05-01,Delivery,Medium,10.06,Resolved,Neutral
T303510,C11479,O106528,2026-06-25,Account,High,35.31,In Progress,Neutral
T303511,C11736,O104165,2026-01-02,Account,Medium,11.98,Resolved,Neutral
T303512,C13498,O107156,2026-08-09,,Low,21.7,Open,Neutral
T303513,C13310,O102840,2026-03-06,Product,High,21.06,Resolved,Positive
T303514,C11714,O109012,2026-03-19,Delivery,,10.09,Resolved,Neutral
T303515,C12655,O104105,2026-07-04,Payment,Low,18.52,Resolved,Negative
T303516,C12891,O103326,2026-01-18,Refund,Medium,6.67,Open,Neutral
T303517,C10677,O107945,2026-05-22,Product,Medium,4.65,Resolved,Neutral
T303518,C11851,O100138,2026-02-02,Account,Medium,28.49,In Progress,Neutral
T303519,C13635,O105206,2026-05-09,Product,Medium,3.44,Resolved,Neutral
T303520,C12360,O103307,2026-05-03,Product,Medium,23.99,Resolved,Positive
T303521,C10633,O106456,2026-08-15,Delivery,,20.58,Open,Neutral
T303522,C12115,O108171,2026-04-11,Product,Medium,10.36,Resolved,Negative
T303523,C13375,O105237,2026-05-02,Payment,Low,27.96,Resolved,Positive
T303524,C10480,O101155,2026-04-20,Product,Low,21.29,Resolved,Neutral
T303525,C13311,O107329,2026-02-04,Payment,Low,7.66,Resolved,Neutral
T303526,C10114,O109226,2026-04-01,Payment,Low,44.83,Resolved,Negative
T303527,C13974,O100740,2026-04-15,Delivery,High,11.75,Resolved,Negative
T303528,C13392,O107351,2026-07-15,Delivery,High,6.51,Resolved,Neutral
T303529,C11492,O100902,2026-06-30,Delivery,Medium,8.63,In Progress,Neutral
T303530,C11840,O106696,2026-06-22,Refund,Medium,7.91,Closed,Neutral
T303531,C11675,O105971,2026-07-26,Delivery,Medium,8.1,In Progress,Negative
T303532,C13900,O105150,2026-06-24,Delivery, High ,12.19,Resolved,Neutral
T303533,C12839,O103155,2026-01-31,Payment,,17.16,Open,Neutral
T303534,C12555,O108560,2026-03-22,Account,Medium,18.48,Resolved,Negative
T303535,C11962,O109069,2026-03-12,,Low,14.82,Resolved,Negative
T303536,C10625,O108996,2026-01-05,Payment,Medium,10.71,In Progress,Neutral
T303537,C12928,O101110,2026-01-10,Product,High,5.64,Closed,Negative
T303538,C11513,O104527,2026-07-11,Account,Medium,17.29,In Progress,Neutral
T303539,C12610,O101077,2026-04-08,Refund,Critical,5.39,Open,Positive
T303540,C12931,O101580,2026-06-02,Account,Medium,5.04,Resolved,Negative
T303541,C11908,O103712,2026-09-11,Payment,Medium,13.07,In Progress,Neutral
T303542,C12856,O103191,2026-03-20,Product,Low,13.37,Closed,Neutral
T303543,C13463,O103203,2026-08-19,Refund,Medium,18.88,In Progress,Neutral
T303544,C11089,O107773,2026-07-09,Product,Medium,3.3,Resolved,Negative
T303545,C12097,O108298,2026-02-03,Product,Medium,18.36,Resolved,Neutral
T303546,C12900,O104616,2026-04-19,Delivery,Low,4.94,Resolved,Positive
T303547,C10972,O105063,2026-04-05,Delivery,Medium,18.31,Resolved,Neutral
T303548,C10099,O105830,2026-05-24,Refund,High,10.42,Resolved,Positive
T303549,C13709,O105531,2026-07-22,Payment,Low,11.06,Resolved,Neutral
T303550,C11679,O100790,2026-06-16,Payment,Medium,22.29,Closed,Positive
T303551,C12722,O102137,2026-02-08,Delivery,Medium,16.48,Resolved,Negative
T303552,C13190,O108727,2026-04-07,Delivery,Low,29.74,Closed,Negative
T303553,C10111,O108062,2026-07-09,Product,Low,6.05,Resolved,Neutral
T303554,C12118,O104927,2026-02-20,Refund,Low,9.52,Resolved,Neutral
T303555,C10980,O108846,2026-05-11,Account,LOW,10.07,Open,Positive
T303556,C11240,O109236,2026-08-11,Account,Low,18.05,Open,Neutral
T303557,C11528,O103071,2026-02-28,Refund,Low,5.14,Resolved,Neutral
T303558,C12139,O109282,2026-03-27,Refund,Low,12.6,In Progress,Neutral
T303559,C13424,O100624,2026-01-23,Payment,Medium,7.87,In Progress,Negative
T303560,C13023,O104183,2026-02-28,Refund,Medium,17.28,Resolved,Neutral
T303561,C11988,O107403,2026-05-16,Product,Low,9.32,Resolved,Negative
T303562,,O106113,2026-01-21,Account,Medium,22.85,In Progress,Positive
T303563,C13129,O107195,2026-08-21,Delivery,High,25.59,Resolved,Neutral
T303564,C13796,O106464,2026-04-26,Account,Medium,17.62,Resolved,Neutral
T303565,C11142,O100291,2026-05-21,,High,21.06,Resolved,Neutral
T303566,C13421,O103566,2026-01-10,Account,Low,18.54,Open,Neutral
T303567,C10938,O100794,2026-01-03,Product,low,9.47,Resolved,Neutral
T303568,C12000,O108336,2026-08-19,Product,Medium,14.34,In Progress,Negative
T303569,C12977,O109412,2026-08-16,Payment,Medium,10.42,Resolved,Neutral
T303570,C12817,O104291,2026-02-08,Payment,Low,6.86,Resolved,Positive
T303571,C12591,O106727,2026-08-04,Product,Medium,10.11,Resolved,Neutral
T303572,C11963,O103234,2026-01-31,Payment,Low,12.56,Resolved,Neutral
T303573,C10719,O102556,2026-02-21,Delivery,Low,12.64,Open,Neutral
T303574,C10315,O105299,2026-01-16,Account,Low,9.81,Resolved,Positive
T303575,C12597,O106628,2026-04-23,Delivery,Low,15.38,In Progress,Positive
T303576,C11346,O105265,2026-02-26,Refund,High,15.95,Open,Neutral
T303577,C10323,O109456,2026-08-14,Account,High,12.78,Resolved,Neutral
T303578,C10387,O105929,2026-05-04,Refund,High,15.84,Resolved,Positive
T303579,C12135,O109122,2026-06-08,Refund,Medium,6.72,In Progress,Negative
T303580,C13240,O103319,2026-08-09,Payment,Critical,23.96,Resolved,Positive
T303581,C10205,O105290,2026-04-14,Delivery,Low,10.72,Open,Negative
T303582,C12903,O109330,2026-03-31,Refund,Low,7.8,Resolved,Neutral
T303583,C13206,O103796,2026-02-18,Account,Low,17.36,Resolved,Neutral
T303584,C13058,O104111,2026-07-08,Delivery,Low,4.8,Resolved,Neutral
T303585,C12270,O101416,2026-07-04,Account,Low,31.36,Open,Negative
T303586,C12911,O104060,2026-04-24,Payment,Medium,20.46,Resolved,Positive
T303587,C13533,O106285,2026-05-04,Account,Medium,20.99,Resolved,Neutral
T303588,C13526,O105095,2026-08-26,Delivery,Medium,33.49,Resolved,Negative
T303589,C12930,O102871,2026-06-14,Account,Medium,13.97,Resolved,Positive
T303590,C11975,O109274,2026-04-14,Refund,High,1.92,Resolved,Neutral
T303591,C10224,O106449,2026-02-22,Product,Medium,14.34,Resolved,Negative
T303592,C12398,O101612,2026-09-11,Delivery,Medium,15.92,In Progress,Negative
T303593,C13516,O100501,2026-06-17,Delivery,High,13.67,In Progress,Negative
T303594,C10794,O101502,2026-03-09,Payment,Medium,19.04,Resolved,Negative
T303595,C11669,O106171,2026-07-12,Payment,Medium,7.38,Closed,Neutral
T303596,C10117,O103014,2026-02-21,Product,Medium,8.45,Resolved,Negative
T303597,C12118,O107776,2026-04-05,Delivery,High,22.37,Resolved,Negative
T303598,C12001,O107660,2026-03-23,Product,High,11.94,Resolved,Positive
T303599,C10698,O108759,2026-05-11,Refund,Critical,6.23,Resolved,Negative
T303600,C12073,O102151,2026-01-12,Payment,Medium,11.32,Resolved,Positive
T303601,C10653,O102119,2026-01-25,Payment,Medium,10.38,Resolved,Positive
T303602,C10754,O100773,2026-01-17,Account,Low,4.91,Resolved,Neutral
T303603,C10941,O105806,2026-03-10,Delivery,Medium,12.52,Resolved,Negative
T303604,C10064,O109953,2026-06-10,Account,Medium,21.91,Open,Negative
T303605,C13992,O107008,2026-04-12,Refund,Medium,8.23,Resolved,Negative
T303606,C13267,O102304,2026-09-10,Delivery,Medium,43.12,Resolved,Positive
T303607,C12917,O105367,2026-06-21,Product,low,22.33,In Progress,Negative
T303608,C10307,O106713,2026-02-12,Payment,Medium,5.35,Resolved,Negative
T303609,C11812,O108875,2026-04-27,Account,Medium,15.89,Resolved,Negative
T303610,C13758,O108235,2026-06-25,Account,Low,24.12,Resolved,Positive
T303611,C13288,O104188,2026-01-20,Payment,Medium,20.5,Resolved,Neutral
T303612,C12374,O106077,2026-01-24,Product,High,13.97,In Progress,Neutral
T303613,C11664,O109826,2026-04-05,Product,High,8.84,Open,Neutral
T303614,C10264,O106198,2026-03-16,Delivery,Medium,20.01,Resolved,Neutral
T303615,C10182,O104764,2026-08-31,Delivery,High,25.6,Resolved,Neutral
T303616,,O104162,2026-05-17,Delivery,Low,14.65,Resolved,Negative
T303617,C13545,O102809,2026-01-07,Account,Critical,6.56,Resolved,Neutral
T303618,C10117,O100605,2026-09-09,Payment,,22.8,Resolved,Positive
T303619,C10759,O107347,2026-07-10,Refund,Low,9.75,Closed,Positive
T303620,C12177,O101219,2026-09-07,Account,High,35.59,Resolved,Positive
T303621,C12297,O104669,2026-05-14,,Medium,1.78,Resolved,Negative
T303622,C11038,O105164,2026-03-11,Delivery,Medium,31.25,In Progress,Negative
T303623,C11404,O105396,2026-04-28,Delivery,High,13.75,Resolved,Positive
T303624,C13428,O107567,2026-06-27,Product,Medium,15.77,Open,Negative
T303625,C13302,O101149,2026-02-11,Payment,,9.42,Resolved,Negative
T303626,C10705,O107518,2026-01-20,Refund,High,14.49,Resolved,Negative
T303627,C13262,O101969,2026-03-23,Account,Medium,13.1,Resolved,Positive
T303628,C12292,O106680,2026-08-11,ACCOUNT,Medium,19.32,Closed,Negative
T303629,C10085,O102078,2026-06-09,Payment,Low,14.04,In Progress,Negative
T303630,C13131,O102694,2026-04-03,Delivery,Low,13.84,Closed,Positive
T303631,C12453,O102436,2026-02-26,Payment,Medium,21.85,In Progress,Negative
T303632,C11081,O107665,2026-06-04,Account,,7.66,Resolved,Negative
T303633,C12215,O106329,2026-03-13,Payment,High,12.6,Resolved,Neutral
T303634,C10832,O109445,2026-06-02,Product,Low,11.25,Open,Neutral
T303635,C13239,O102512,2026-02-07,Account,Medium,20.41,Resolved,Positive
T303636,C10905,O109350,2026-07-18, Account , Medium ,16.0,Closed,Negative
T303637,C10109,O105573,2026-04-30,Refund,Medium,12.2,In Progress,Positive
T303638,C12709,O107083,2026-05-23,Delivery,Medium,15.37,Resolved,Neutral
T303639,C10188,O107906,2026-05-27,Delivery,High,16.11,Open,Negative
T303640,C13954,O107949,2026-09-09,Account,Medium,10.38,Resolved,Negative
T303641,C11776,O102497,2026-08-28,Product,Low,25.03,Closed,Positive
T303642,C10376,O101637,2026-04-06,Refund,High,12.11,Open,Neutral
T303643,C11819,O103835,2026-09-06,Product,Medium,4.47,Resolved,Neutral
T303644,C13187,O105068,2026-08-02,Product,Medium,5.0,Open,Neutral
T303645,C12452,O100618,2026-04-12,Refund,Low,4.35,Closed,Neutral
T303646,C12527,O104520,2026-03-19,,Low,11.0,Resolved,Neutral
T303647,C13846,O105358,2026-01-03,Delivery, Low ,2.79,Resolved,Negative
T303648,C10955,O100946,2026-06-27,Payment,High,12.71,Resolved,Positive
T303649,C12893,O108176,2026-07-08,Delivery,High,16.09,In Progress,Neutral
T303650,C13328,O104648,2026-02-11,Delivery,Medium,22.18,Closed,Positive
T303651,C10671,O107858,2026-07-07,Payment,Medium,13.51,Resolved,Neutral
T303652,C13034,O101250,2026-08-27,Delivery,Low,27.84,In Progress,Neutral
T303653,C10707,O100913,2026-01-03,Refund,Low,13.58,Resolved,Positive
T303654,C13934,O105037,2026-05-09,Product,Medium,8.14,Closed,Neutral
T303655,C13431,O101878,2026-07-01,Account,Medium,10.22,Resolved,Positive
T303656,C11666,O103626,2026-04-07,Account,Medium,9.81,Open,Negative
T303657,C13900,O108655,2026-04-29,Account,High,27.06,Open,Neutral
T303658,C13074,O100508,2026-01-06,Payment,Low,15.89,Resolved,Positive
T303659,C13261,O100723,2026-05-29,Account,Low,7.93,In Progress,Negative
T303660,C13339,O103086,2026-04-23,Account,Low,13.0,In Progress,Positive
T303661,C11594,O107002,2026-05-09, ,High,10.32,Closed,Negative
T303662,C13653,O103426,2026-05-20,Payment,Medium,7.63,Resolved,Neutral
T303663,C13839,O100739,2026-02-27,Account,Medium,35.9,Resolved,Negative
T303664,C12540,O105832,2026-07-05,Payment,Medium,1.9,Resolved,Positive
T303665,C10617,O101646,2026-03-15,Account,Critical,10.58,In Progress,Neutral
T303666,C12648,O107406,2026-07-19,Refund,Low,22.83,Resolved,Neutral
T303667,C10775,O103699,2026-08-29,Refund,High,7.02,Resolved,Neutral
T303668,C11997,O101066,2026-05-30,Account,Low,33.65,Closed,Negative
T303669,C11316,O104953,2026-05-30,Product,Critical,6.69,Open,Positive
T303670,C11076,O109057,2026-04-23,Product,Medium,16.37,Resolved,Neutral
T303671,C13180,O104193,2026-05-03,Product,Low,10.69,Open,Positive
T303672,C11153,O102181,2026-09-10,Product,Low,6.09,Closed,Positive
T303673,C10488,O106793,2026-04-16,Product,High,13.82,Resolved,Neutral
T303674,C12893,O104675,2026-02-27,Delivery,Medium,14.51,Resolved,Negative
T303675,C11823,O107041,2026-05-15,Payment,Low,20.39,Resolved,Negative
T303676,C11465,O100785,2026-01-06,Refund,Medium,10.48,Resolved,Positive
T303677,C13754,O101528,2026-03-15,Account,Medium,5.74,Resolved,Negative
T303678,C12121,O103899,2026-01-11,Delivery,Medium,6.65,Resolved,Negative
T303679,C11682,O104351,2026-04-27,,Critical,22.76,In Progress,Neutral
T303680,C13438,O102837,2026-01-11,REFUND,Medium,25.04,Closed,Neutral
T303681,C10086,O107624,2026-01-26,Product,Medium,19.54,Resolved,Neutral
T303682,C13874,O108454,2026-02-24,Refund,High,10.55,In Progress,Neutral
T303683,C13930,O103481,2026-01-04,Delivery,High,34.64,Resolved,Negative
T303684,C11553,O105002,2026-04-24,,Medium,39.53,Resolved,Negative
T303685,C12252,O103369,2026-02-16,Payment,Low,29.57,Resolved,Positive
T303686,C13486,O109062,2026-02-05,,Low,6.69,Resolved,Neutral
T303687,C12128,O103658,2026-03-01,Product,Low,20.09,Resolved,Neutral
T303688,C10073,O108286,2026-06-03,Account,Low,14.38,Resolved,Neutral
T303689,C13271,O105275,2026-01-07,Delivery,Medium,23.27,Resolved,Neutral
T303690,C11191,O100181,2026-09-09,Refund,Medium,9.34,Resolved,Neutral
T303691,C10467,O101025,2026-06-26,Account,Medium,7.92,Resolved,Neutral
T303692,C12074,O102211,2026-07-11,Refund,Medium,7.16,Resolved,Negative
T303693,C10208,O104532,2026-08-28,Account,Medium,10.2,In Progress,Neutral
T303694,C12613,O109799,2026-08-12,Account,Low,15.24,Closed,Neutral
T303695,C10080,O107325,2026-03-28,Delivery,Low,12.49,Resolved,Negative
T303696,C11476,O100452,2026-02-06,Refund,Medium,14.85,Resolved,Positive
T303697,C13918,O101468,2026-08-02,Account,Medium,14.58,Resolved,Negative
T303698,C13196,O103811,2026-04-21,Refund,Medium,19.55,Resolved,Neutral
T303699,C10573,O109346,2026-05-10,Account,MEDIUM,18.18,Resolved,Neutral
T303700,C13610,O102453,2026-06-06,Product,Low,16.26,Resolved,Neutral
T303701,C12911,O105672,2026-05-28,Payment,Medium,27.24,Resolved,Neutral
T303702,C11954,O108438,2026-04-30,Payment,Low,9.05,Resolved,Neutral
T303703,C12397,O102146,2026-01-31,Refund,Low,10.43,Resolved,Negative
T303704,C10664,O106657,2026-06-20,Refund,Low,17.25,In Progress,Negative
T303705,C10068,O101404,2026-04-20,Account,High,1.75,Resolved,Positive
T303706,C11829,O104668,2026-06-04,Account,Medium,-12.0,In Progress,Neutral
T303707,C13975,O104883,2026-05-14,Account,Medium,9.01,Resolved,Neutral
T303708,C13850,O100336,2026-09-03,Refund,Low,15.03,Resolved,Positive
T303709,C11970,O103989,2026-06-22,Account,,5.42,Resolved,Negative
T303710,C10900,O104603,2026-07-01,Payment,High,7.83,Closed,Negative
T303711,C13237,O107750,2026-01-11,Account,Medium,15.67,Resolved,Positive
T303712,C10313,O107376,2026-03-17,Account,Medium,13.94,Closed,Neutral
T303713,C13593,O102597,2026-04-28,Product,Low,23.75,Resolved,Neutral
T303714,C11840,O106047,2026-03-16,Product,,17.95,Closed,Positive
T303715,C13982,O107694,2026-02-19,Delivery,High,19.2,Closed,Negative
T303716,C10969,O106267,2026-07-21,Refund,Medium,13.44,In Progress,Neutral
T303717,C11387,O105681,2026-02-11,Delivery,Critical,12.51,Resolved,Neutral
T303718,C11872,O107140,2026-04-30,Account,Medium,19.7,Resolved,Neutral
T303719,C11434,O109325,2026-08-23,Payment,Medium,13.37,In Progress,Negative
T303720,C11889,O100597,2026-02-13,Refund,Medium,15.51,In Progress,Positive
T303721,C12348,O104905,2026-06-17,Refund,Low,11.7,Resolved,Negative
T303722,C12322,O102827,2026-01-15,Refund,Medium,9.29,Closed,Negative
T303723,C11750,O108894,2026-09-09,Account,Medium,14.06,Resolved,Neutral
T303724,,O101562,2026-04-26,Delivery,Medium,11.47,Resolved,Negative
T303725,C11135,O109445,2026-03-15,Payment,Low,22.53,Resolved,Positive
T303726,C13128,O100829,2026-09-06,Account,Medium,1.66,Resolved,Neutral
T303727,C11908,O109565,2026-03-04,Product,Low,15.4,Resolved,Positive
T303728,C12318,O102882,2026-06-07, ,Medium,8.78,Resolved,Neutral
T303729,C10423,O104691,2026-07-14,Delivery,high,8.52,Resolved,Negative
T303730,C11121,O108035,2026-04-25,Product,High,10.47,Open,Neutral
T303731,C11384,O105363,2026-06-28,Payment,Medium,2.46,Resolved,Positive
T303732,C10817,O101909,2026-06-25,Refund,Low,48.01,Closed,Neutral
T303733,,O109944,2026-05-31,Delivery,High,3.57,Open,Positive
T303734,C11737,O105180,2026-03-14,Product,Medium,8.74,Resolved,Negative
T303735,C10657,O100631,2026-06-06,Payment,Medium,27.39,Closed,Neutral
T303736,C10381,O107530,2026-08-11,Delivery,High,17.55,Resolved,Neutral
T303737,C11425,O106574,2026-08-01,refund,Low,7.88,Closed,Neutral
T303738,C10499,O107053,2026-04-20,,Low,3.98,In Progress,Positive
T303739,C12519,O102344,2026-08-16,Payment,Medium,18.7,Resolved,Neutral
T303740,C13226,O100727,2026-04-01,Product,Medium,8.58,Resolved,Negative
T303741,C13090,O109613,2026-01-27,Payment,Low,5.33,In Progress,Positive
T303742,C11256,O102410,2026-04-18,Delivery,Low,11.24,Closed,Negative
T303743,C11183,O109108,2026-03-27,Account,Medium,6.19,Resolved,Negative
T303744,C12315,O106304,2026-04-13,account,Medium,6.69,Open,Neutral
T303745,C13357,O105055,2026-04-25,Product,Critical,32.6,In Progress,Neutral
T303746,C11605,O103432,2026-03-21,Delivery,Critical,15.86,In Progress,Positive
T303747,C12483,O105401,2026-03-06,Delivery,Medium,9.99,Resolved,Negative
T303748,C13911,O109811,2026-09-04,Delivery,Medium,16.0,Resolved,Negative
T303749,C13152,O106788,2026-02-01,Delivery,,10.08,Resolved,Neutral
T303750,,O105333,2026-06-09,Delivery,,5.54,Resolved,Positive
T303751,C13512,O103477,2026-05-14,Refund,Low,12.49,In Progress,Neutral
T303752,C12773,O107194,2026-05-03,Delivery,Medium,5.1,Resolved,Negative
T303753,C13562,O101854,2026-03-13,Payment,Medium,25.79,Closed,Negative
T303754,C13988,O108262,2026-09-02, ,Low,4.19,Resolved,Positive
T303755,C11539,O100307,2026-05-30,Delivery,Low,10.87,Open,Negative
T303756,C10087,O103687,2026-01-15,,Medium,21.73,Resolved,Neutral
T303757,C11104,O104770,2026-03-23,Refund,Low,11.8,Resolved,Negative
T303758,C10607,O106380,2026-07-14,Account,High,14.8,Resolved,Negative
T303759,C13803,O103672,2026-06-30,Account,Low,8.2,Resolved,Positive
T303760,C11853,O104846,2026-06-25,Delivery,Medium,9.05,Open,Negative
T303761,C12849,O101075,2026-06-15,Product,Medium,10.14,In Progress,Neutral
T303762,C12059,O108465,2026-04-03,,High,6.4,Resolved,Positive
T303763,C13589,O102698,2026-05-15,Product,Low,15.99,Resolved,Negative
T303764,C12453,O109441,2026-07-07,Delivery,High,13.19,In Progress,Neutral
T303765,C10487,O100954,2026-01-26,Product,,12.45,Resolved,Negative
T303766,C13532,O109575,2026-03-26,Product,Medium,10.26,Open,Neutral
T303767,C13819,O106978,2026-05-01,Refund,Low,17.22,Closed,Negative
T303768,C10687,O100381,2026-05-07,Product,High,30.69,In Progress,Negative
T303769,C10175,O104141,2026-03-03,Delivery, Low ,38.54,Open,Negative
T303770,C12918,O109344,2026-01-15,Account,Medium,7.62,Closed,Negative
T303771,C12421,O106441,2026-02-20,Payment,Medium,17.91,Resolved,Neutral
T303772,C10776,O102439,2026-07-01,Account,Medium,13.74,Closed,Positive
T303773,C11343,O100901,2026-05-24,Product,Medium,12.62,Resolved,Neutral
T303774,C11155,O109553,2026-01-13,Payment,Medium,8.4,Closed,Positive
T303775,C11785,O106813,2026-06-16,Account,Medium,13.38,In Progress,Positive
T303776,C12469,O104770,2026-02-17,Refund,Medium,17.08,In Progress,Neutral
T303777,C13068,O106296,2026-05-10,Delivery,Medium,13.11,In Progress,Negative
T303778,C13350,O107810,2026-05-01,Product,Medium,40.19,Resolved,Positive
T303779,C11224,O100352,2026-04-01,Delivery,High,6.7,Resolved,Negative
T303780,C13616,O102080,2026-08-31,Payment,Low,9.55,Closed,Neutral
T303781,C10688,O103332,2026-04-26,Refund,Low,38.21,Resolved,Neutral
T303782,C13293,O109379,2026-09-07,Refund,Medium,7.35,Resolved,Neutral
T303783,C11895,O102552,2026-05-17,Delivery,Low,19.25,Resolved,Negative
T303784,C13213,O106454,2026-01-24,Refund,High,11.65,Resolved,Negative
T303785,C11283,O107193,2026-05-13,Product,Medium,4.32,Resolved,Neutral
T303786,C10943,O105826,2026-05-24,Refund,High,4.34,Resolved,Neutral
T303787,C11342,O102588,2026-09-12,Account,Low,12.85,Resolved,Positive
T303788,C11862,O101742,2026-02-16,Delivery,Medium,16.45,Resolved,Neutral
T303789,C12668,O104053,2026-02-03,Refund,Low,5.75,Resolved,Positive
T303790,C13087,O102778,2026-04-14,Refund,Medium,21.39,In Progress,Positive
T303791,C10302,O107212,2026-03-15,Product,Medium,8.76,Resolved,Neutral
T303792,C12901,O100220,2026-06-01,Delivery,High,4.26,Resolved,Negative
T303793,C13225,O109828,2026-01-20,Account,Medium,37.03,Resolved,Neutral
T303794,C11942,O108002,2026-07-28,Product,Medium,19.06,Resolved,Neutral
T303795,C12083,O108059,2026-03-18,Product,Low,17.63,Open,Positive
T303796,C13797,O108618,2026-02-06,Refund,Low,7.54,Resolved,Neutral
T303797,C10387,O108091,2026-05-26,Payment,Low,7.38,Open,Neutral
T303798,C10251,O104816,2026-07-29,Delivery,Low,13.61,Resolved,Neutral
T303799,C12298,O101668,2026-02-18,Refund,High,20.34,Resolved,Neutral
T303800,C13861,O101221,2026-04-29,Product,Low,19.1,Resolved,Negative
T303801,C12142,O104402,2026-04-21,Account,Medium,8.37,In Progress,Positive
T303802,C12039,O101504,2026-06-29,Account,Medium,5.85,Resolved,Neutral
T303803,C13980,O100828,2026-05-14,,Low,10.22,Open,Neutral
T303804,C11735,O109127,2026-08-13,Product,Medium,14.7,In Progress,Negative
T303805,C11271,O109238,2026-04-07,Product,,17.94,In Progress,Neutral
T303806,C12104,O100921,2026-05-07,Delivery,Low,20.65,Closed,Negative
T303807,C11443,O100455,2026-08-30,Product,High,12.78,Resolved,Negative
T303808,C11922,O100492,2026-01-31,Account,Medium,8.16,Resolved,Neutral
T303809,C12419,O100562,2026-03-28,Account,Medium,6.69,Resolved,Negative
T303810,C12468,O108032,2026-06-14,Account,Critical,19.77,Resolved,Positive
T303811,C12097,O105516,2026-06-14,Payment,,13.1,Resolved,Neutral
T303812,C10157,O107328,2026-06-27,Delivery,Medium,18.05,Resolved,Negative
T303813,C13758,O100521,2026-07-20,Payment,Medium,27.76,In Progress,Negative
T303814,C13821,O105812,2026-04-08,Account,Low,9.33,Resolved,Neutral
T303815,C10233,O105869,2026-05-29,Payment,Low,13.66,Resolved,Neutral
T303816,C11037,O106481,2026-03-03,Refund,Medium,23.24,Resolved,Positive
T303817,C11205,O109358,2026-05-16,Delivery,Critical,5.25,Resolved,Negative
T303818,C10937,O107932,2026-02-28,Payment,Medium,12.12,Open,Neutral
T303819,C11601,O108297,2026-06-30,,Medium,4.73,Resolved,Positive
T303820,C11152,O103899,2026-08-26,Product,Critical,5.06,Resolved,Negative
T303821,C11978,O105237,2026-08-21,Refund,Low,13.88,Resolved,Positive
T303822,C12946,O102834,2026-02-26,Refund,Medium,5.37,In Progress,Neutral
T303823,C13800,O105826,2026-01-29,Delivery,Medium,10.45,Closed,Positive
T303824,C10155,O107937,2026-08-19,Payment,Medium,26.38,In Progress,Neutral
T303825,C11371,O109014,2026-05-09,Payment,Medium,41.87,Resolved,Negative
T303826,C12958,O104766,2026-03-11,,Medium,19.94,Resolved,Neutral
T303827,C12800,O109887,2026-03-15,Account,Medium,7.73,Resolved,Neutral
T303828,C11127,O105518,2026-04-07,Delivery,Medium,18.99,Resolved,Positive
T303829,C11700,O103915,2026-08-08,Refund,Critical,3.44,Resolved,Positive
T303830,C11988,O102772,2026-08-01,Delivery,High,37.49,Resolved,Negative
T303831,C11710,O100301,2026-07-04,Payment,Low,-12.0,Resolved,Neutral
T303832,C10988,O102648,2026-03-11,Product,Medium,8.83,Resolved,Neutral
T303833,C11868,O104591,2026-07-07,Delivery,High,19.18,Resolved,Negative
T303834,C12915,O101676,2026-02-23,Refund,Low,10.0,Resolved,Neutral
T303835,C13040,O100110,2026-05-13,Payment,Medium,18.03,Resolved,Positive
T303836,C10839,O102937,2026-02-24,Product,Medium,11.81,Resolved,Neutral
T303837,C12641,O104041,2026-01-01,Account,Medium,1.66,Resolved,Positive
T303838,C11846,O107766,2026-04-03,Product,Low,10.97,Resolved,Positive
T303839,C10576,O109609,2026-08-18,Account,Low,8.75,Open,Negative
T303840,C12347,O106971,2026-05-23,Product,Low,14.18,Resolved,Neutral
T303841,C11712,O104139,2026-06-12,Refund,Critical,11.85,Closed,Neutral
T303842,C13057,O108072,2026-08-20,Product,High,16.41,Resolved,Neutral
T303843,C12593,O105948,2026-05-21, Account ,Medium,10.91,Resolved,Neutral
T303844,C12574,O103020,2026-07-11,Payment,Medium,3.92,Resolved,Positive
T303845,C13381,O109876,2026-07-30,Account,High,14.46,In Progress,Positive
T303846,C11829,O104765,2026-06-28,Refund,Medium,6.54,Resolved,Neutral
T303847,C10365,O100171,2026-03-18,Product,Low,10.32,Resolved,Neutral
T303848,C12315,O101516,2026-07-10,Payment,High,17.54,Closed,Neutral
T303849,C11055,O103155,2026-01-10,Refund,Medium,13.33,Resolved,Negative
T303850,C13951,O108324,2026-09-07,Product,High,28.39,Resolved,Negative
T303851,C12168,O107372,2026-08-08,Product,High,52.0,Open,Negative
T303852,C13514,O106170,2026-04-08,Delivery,Low,23.74,Resolved,Negative
T303853,C10964,O102732,2026-04-27,Refund,High,35.13,Resolved,Neutral
T303854,C13672,O105080,2026-09-01, Delivery ,Critical,7.91,Closed,Negative
T303855,C12006,O105837,2026-04-29,Refund,,7.63,Resolved,Positive
T303856,C10109,O100159,2026-08-01,Product,Critical,7.12,Closed,Neutral
T303857,C13892,O107219,2026-05-28,Product,Medium,7.89,Resolved,Positive
T303858,C12644,O108841,2026-04-14,Payment,Medium,24.01,In Progress,Negative
T303859,C12368,O101651,2026-07-11,Product,Medium,5.15,Closed,Positive
T303860,C10020,O101260,2026-04-29,Delivery,High,34.41,In Progress,Negative
T303861,C12373,O108651,2026-09-11,Delivery,Low,6.32,Resolved,Negative
T303862,C11050,O107093,2026-02-27,Payment,Medium,29.57,Resolved,Positive
T303863,C13373,O105866,2026-04-03,Refund,Low,11.72,Resolved,Neutral
T303864,,O104579,2026-02-20,Product,High,20.68,Resolved,Positive
T303865,C11548,O104431,2026-05-30,Delivery,Medium,9.71,In Progress,Positive
T303866,C11309,O102568,2026-07-21,Account,High,16.3,Resolved,Neutral
T303867,C11316,O107595,2026-05-05,Payment,Low,45.68,Resolved,Neutral
T303868,C10917,O100653,2026-01-28,Account,Critical,11.36,Resolved,Neutral
T303869,C11082,O105669,2026-09-13,Payment,High,8.18,Resolved,Positive
T303870,C13762,O105569,2026-01-31,Account,Medium,3.6,In Progress,Neutral
T303871,C12501,O109155,2026-01-30,Refund,,10.6,Closed,Positive
T303872,C12457,O108463,2026-06-18,Delivery,Medium,20.27,Resolved,Negative
T303873,C11238,O107139,2026-04-16,Account,Low,16.62,Resolved,Neutral
T303874,C10255,O107013,2026-01-11,Delivery,Low,31.42,Resolved,Negative
T303875,C12519,O104278,2026-05-12,Payment,Low,18.71,Open,Neutral
T303876,C10849,O106625,2026-03-29, Product ,Low,22.14,In Progress,Negative
T303877,C10917,O103075,2026-07-20,Delivery,Medium,54.85,Resolved,Negative
T303878,C11926,O100839,2026-04-22,Payment,Low,19.92,Closed,Positive
T303879,C11001,O102443,2026-03-18,Account,Medium,6.44,Closed,Negative
T303880,C12793,O105671,2026-05-03,Product,Medium,28.23,Resolved,Positive
T303881,C11565,O103871,2026-02-03,Delivery,Medium,5.74,Resolved,Neutral
T303882,C13505,O102640,2026-01-26,Product,Low,1.97,Closed,Positive
T303883,C11380,O103937,2026-04-01,Delivery,Low,28.47,Resolved,Negative
T303884,C11116,O108723,2026-07-26,Account,High,13.96,Resolved,Neutral
T303885,C13663,O101272,2026-07-03,Product,Low,27.19,Open,Neutral
T303886,C13676,O107926,2026-06-13,Delivery,High,7.9,In Progress,Negative
T303887,C11871,O101315,2026-09-12,Delivery,Medium,16.65,In Progress,Neutral
T303888,C10638,O109285,2026-05-25,Refund,High,7.63,Closed,Negative
T303889,C13650,O103654,2026-09-02,Product,Critical,18.56,Resolved,Neutral
T303890,C12889,O107048,2026-05-16,Account,High,6.07,Resolved,Negative
T303891,C11133,O101229,2026-05-30,Payment,Medium,4.3,Resolved,Neutral
T303892,C12723,O102742,2026-04-13,Payment,Low,7.31,In Progress,Neutral
T303893,C11128,O100013,2026-07-22,Delivery,Medium,9.85,Closed,Neutral
T303894,C10556,O101449,2026-07-21,Delivery,Low,8.0,Resolved,Negative
T303895,C13399,O100843,2026-09-09,Product,High,6.75,Closed,Neutral
T303896,C12789,O108048,2026-04-27,Product,Low,35.66,Resolved,Negative
T303897,C12908,O106749,2026-06-16,Product,Medium,11.24,Resolved,Positive
T303898,C10774,O103161,2026-03-15,Account,Medium,4.18,Resolved,Neutral
T303899,C10774,O106702,2026-02-20,Refund,Medium,17.98,Closed,Positive
T303900,C11277,O109990,2026-07-24,Refund,Medium,19.81,Resolved,Neutral
T303901,C11522,O105810,2026-01-09,Product,Low,27.63,Resolved,Positive
T303902,C10507,O104047,2026-05-07,Product,Low,18.05,Resolved,Negative
T303903,C11444,O108650,2026-06-02,Account,Medium,13.2,In Progress,Neutral
T303904,C10176,O105102,2026-01-24,Refund,Low,17.14,Closed,Neutral
T303905,C10216,O777777,2026-03-27,Payment,,8.42,In Progress,Neutral
T303906,C11651,O107878,2026-08-22,Refund,High,10.32,Resolved,Positive
T303907,C13425,O104512,2026-05-24,Product,High,33.74,Resolved,Positive
T303908,,O104558,2026-01-02,PRODUCT,Medium,6.33,Resolved,Positive
T303909,C12865,O100900,2026-04-19,Product,High,20.48,Resolved,Positive
T303910,C13569,O105912,2026-04-15,Refund,Low,14.92,Resolved,Positive
T303911,C12591,O108433,2026-05-17,Delivery,Medium,15.14,Closed,Negative
T303912,C13800,O102347,2026-07-20, ,,10.36,In Progress,Positive
T303913,C12690,O105497,2026-05-24,Product,,14.7,Resolved,Neutral
T303914,C11561,O103447,2026-09-01,PAYMENT,Medium,8.07,Resolved,Neutral
T303915,C11327,O101564,2026-04-11,Delivery,Medium,13.98,Resolved,Neutral
T303916,C10434,O105415,2026-07-06,Account,Medium,9.14,Resolved,Positive
T303917,C12860,O101186,2026-04-23,Delivery,Low,11.74,Resolved,Negative
T303918,C13811,O104706,2026-06-22,Refund,Medium,7.18,Resolved,Neutral
T303919,C12402,O108350,2026-07-19,Payment,Low,15.68,Closed,Neutral
T303920,C10028,O104107,2026-03-25,Account,Medium,9.01,Resolved,Neutral
T303921,C12653,O108384,2026-02-23,Account,Medium,29.53,Resolved,Neutral
T303922,C13252,O104159,2026-06-16,Account,Medium,18.19,Open,Positive
T303923,C11300,O101342,2026-05-30,Refund,Low,14.43,Open,Negative
T303924,C12228,O107567,2026-03-18,Delivery,High,9.21,Resolved,Neutral
T303925,C10470,O106276,2026-08-02,Product,Low,30.14,Resolved,Neutral
T303926,C12739,O103890,2026-03-10,Delivery,High,8.02,Closed,Negative
T303927,C11068,O100935,2026-07-31,Delivery,Medium,7.5,Closed,Negative
T303928,C11546,O104478,2026-08-21,Account,Medium,11.8,Resolved,Negative
T303929,C11577,O107128,2026-02-11,Account,Critical,23.33,Resolved,Neutral
T303930,C10578,O103775,2026-03-22,Payment,Low,15.12,Resolved,Positive
T303931,C13301,O109848,2026-07-29,Account,Medium,10.14,Closed,Neutral
T303932,C10652,O105660,2026-09-02,Product,High,22.59,Resolved,Neutral
T303933,C13867,O100468,2026-02-01,Payment,High,26.68,Resolved,Neutral
T303934,C10354,O100343,2026-02-15,Product,Low,8.54,Resolved,Positive
T303935,C11168,O105507,2026-04-17,Delivery,Low,6.86,Resolved,Positive
T303936,C11230,O109937,2026-08-09,Refund,Low,4.58,Closed,Positive
T303937,C13912,O102201,2026-02-03,Product,Medium,27.29,Resolved,Negative
T303938,C12414,O107400,2026-02-17,Product,,9.63,Resolved,Neutral
T303939,C13506,O103117,2026-07-31,Refund,Medium,8.6,Open,Neutral
T303940,C13038,O105663,2026-07-18,Payment,,28.65,Resolved,Neutral
T303941,C13843,O109609,2026-08-13,Product,Medium,18.13,In Progress,Negative
T303942,,O102349,2026-04-23,Payment,High,21.37,Resolved,Neutral
T303943,C10107,O109564,2026-04-06,Account,High,6.16,Resolved,Negative
T303944,,O104571,2026-03-14,Delivery,Medium,18.6,Closed,Positive
T303945,C13994,O102506,2026-03-03,Refund,High,4.57,In Progress,Negative
T303946,C12084,O103786,2026-08-23,Payment,Low,14.31,Resolved,Neutral
T303947,C13726,O105206,2026-08-18,Product,Medium,2.86,Closed,Negative
T303948,C11145,O106252,2026-06-28,Product,Medium,7.77,Closed,Positive
T303949,C10082,O100715,2026-05-22,Refund,,38.49,Closed,Neutral
T303950,C11003,O100182,2026-02-04,Account,Medium,14.1,In Progress,Neutral
T303951,C12869,O103447,2026-06-02,Account,Low,20.87,Resolved,Negative
T303952,C10988,O106660,2026-05-16,Account,Low,37.36,Resolved,Negative
T303953,C10559,O100177,2026-09-07,Delivery,,10.44,Closed,Neutral
T303954,C12882,O108914,2026-09-03,Payment,Medium,11.37,Closed,Negative
T303955,C11606,O107860,2026-04-02,Payment,Medium,22.57,Open,Positive
T303956,C12398,O108786,2026-01-13,Account,High,11.49,Resolved,Neutral
T303957,C10023,O106668,2026-05-24,Product,Low,25.39,Resolved,Negative
T303958,C10623,O103107,2026-06-24,Delivery,Medium,26.43,In Progress,Neutral
T303959,C11450,O108918,2026-04-26,Delivery,Medium,10.29,Resolved,Positive
T303960,C12127,O105651,2026-04-25,Payment,Medium,25.1,Open,Positive
T303961,C13869,O107404,2026-08-15,Product,Low,3.8,Resolved,Neutral
T303962,C12226,O101053,2026-07-18,,Medium,11.16,Resolved,Positive
T303963,C11988,O108900,2026-08-22,Product,Medium,17.19,Open,Positive
T303964,C12773,O100321,2026-02-21,Product,High,25.25,Closed,Neutral
T303965,C11103,O106312,2026-08-11,Payment,Medium,28.44,Resolved,Neutral
T303966,C13662,O108105,2026-03-12,Product,High,26.71,Resolved,Neutral
T303967,C11266,O102410,2026-08-24,Account,Medium,16.97,In Progress,Negative
T303968,C12532,O104021,2026-07-24,Account,Medium,9.84,Closed,Neutral
T303969,C11750,O100644,2026-03-18,Payment,High,16.86,Resolved,Positive
T303970,C10538,O107528,2026-05-20,Product,High,19.3,Closed,Negative
T303971,C10188,O101107,2026-05-06,Delivery,Low,6.06,Resolved,Negative
T303972,C13018,O106719,2026-07-29,Delivery,Medium,4.65,Closed,Negative
T303973,C13642,O101274,2026-01-26,Refund, ,43.76,Resolved,Negative
T303974,C11034,O108339,2026-07-25,Account,Medium,14.3,Resolved,Neutral
T303975,C10594,O105303,2026-04-24,Account,High,25.23,Closed,Negative
T303976,C11773,O104905,2026-01-20,Refund,Low,21.4,In Progress,Positive
T303977,C12954,O108592,2026-01-20,Refund,High,15.61,Resolved,Neutral
T303978,C12734,O103953,2026-08-27,Refund,Medium,15.89,In Progress,Neutral
T303979,C13303,O108772,2026-03-30,Account,Critical,8.12,In Progress,Neutral
T303980,C12175,O101420,2026-04-17,Delivery,Low,42.72,Closed,Negative
T303981,C10931,O101587,2026-04-21,Delivery,Medium,11.2,Resolved,Positive
T303982,C10883,O104923,2026-02-09,Payment,Low,29.71,Resolved,Negative
T303983,C12907,O100106,2026-08-31,Refund,Medium,6.92,Resolved,Positive
T303984,C10727,O109479,2026-09-14,Refund,,9.95,Resolved,Negative
T303985,C10035,O109789,2026-09-09,Refund,,5.62,Resolved,Neutral
T303986,C13338,O105811,2026-04-15,Product,Medium,47.61,In Progress,Neutral
T303987,C10786,O103531,2026-07-06,DELIVERY,Medium,15.5,In Progress,Negative
T303988,C11903,O101532,2026-08-03,Delivery,Medium,8.72,Resolved,Negative
T303989,C13196,O108584,2026-04-24,Payment,Medium,5.11,Resolved,Neutral
T303990,C12327,O103847,2026-04-05,Payment,Critical,7.98,Open,Neutral
T303991,C10730,O106441,2026-02-08,Refund,Low,9.09,Open,Neutral
T303992,C10818,O101840,2026-02-25,Product,Medium,12.68,In Progress,Negative
T303993,C13981,O108603,2026-09-15, Product ,Low,34.55,Resolved,Neutral
T303994,C12712,O109757,2026-08-21,Account,Medium,11.89,In Progress,Neutral
T303995,C13443,O107168,2026-02-22,Account,Medium,5.83,Resolved,Neutral
T303996,C12449,O107543,2026-07-16,Payment,High,10.11,Resolved,Positive
T303997,C11810,O101468,2026-03-14,Product,Medium,11.09,Resolved,Neutral
T303998,C12676,O107838,2026-07-16,Account,Medium,4.12,Closed,Neutral
T303999,C11811,O100682,2026-09-02,Refund,High,1.7,Resolved,Neutral
T304000,C11215,O106105,2026-08-13,Delivery,Medium,17.96,Closed,Negative
T304001,C13460,O104434,2026-04-23,Account,Medium,13.12,Resolved,Positive
T304002,C12069,O107145,2026-06-18,Product,,8.08,Resolved,Positive
T304003,C13258,O108543,2026-03-01,Refund,Medium,17.82,Open,Neutral
T304004,C10793,O101522,2026-01-25,Refund,Medium,13.89,In Progress,Neutral
T304005,C11903,O104027,2026-06-30,Refund,Medium,9.32,Resolved,Negative
T304006,C10723,O104583,2026-08-25,Account,Medium,16.59,Resolved,Positive
T304007,C10852,O107864,2026-04-19,, Medium ,21.71,In Progress,Negative
T304008,C11769,O102037,2026-06-03,Refund,Medium,9.49,Resolved,Negative
T304009,C10686,O109872,2026-06-03,Product,High,27.29,Closed,Neutral
T304010,C13421,O105712,2026-07-30,Product,High,26.55,In Progress,Neutral
T304011,C12737,O106580,2026-06-25,Refund,Medium,14.63,In Progress,Negative
T304012,C13060,O102891,2026-01-02,Product,Medium,1.56,Resolved,Positive
T304013,C13730,O104720,2026-01-19,Delivery,medium,40.26,Resolved,Negative
T304014,C12112,O102420,2026-05-31,Payment,Medium,13.65,Resolved,Neutral
T304015,C10292,O101465,2026-08-18,Refund,Medium,24.24,Resolved,Neutral
T304016,C13457,O104813,2026-05-14,Delivery,Medium,8.91,Resolved,Neutral
T304017,C12652,O109512,2026-08-22,Delivery,Medium,16.03,Closed,Negative
T304018,C11908,O105132,2026-03-25,Product,Medium,26.54,Open,Neutral
T304019,C13984,O103687,2026-04-30,Product,High,23.2,Resolved,Negative
T304020,C11921,O104607,2026-07-24,Payment,Medium,29.26,Resolved,Neutral
T304021,,O105404,2026-02-20,Product,High,26.1,Resolved,Neutral
T304022,C10100,O106769,2026-07-18, Payment ,Medium,10.26,Resolved,Neutral
T304023,C10132,O106717,2026-07-30,Product,Low,18.38,Resolved,Negative
T304024,C13450,O109018,2026-03-20,Account,High,6.73,Resolved,Neutral
T304025,C11392,O104993,2026-01-21,Payment,Medium,14.69,Closed,Neutral
T304026,C13680,O103763,2026-08-16,Account,Low,13.9,Resolved,Positive
T304027,C13558,O106390,2026-03-09,Refund,Medium,6.04,In Progress,Neutral
T304028,C12885,O101284,2026-07-21,Delivery,Medium,20.23,Closed,Negative
T304029,C12856,O103954,2026-07-16,,Low,5.32,Closed,Negative
T304030,C12942,O100850,2026-04-29,Refund,Low,25.96,Resolved,Negative
T304031,C13341,O109637,2026-08-07,Product,Low,7.07,Resolved,Neutral
T304032,C13488,O103904,2026-09-08,Delivery,Medium,4.91,Open,Negative
T304033,C13613,O101599,2026-08-20,Account,Medium,22.83,Resolved,Neutral
T304034,C12361,O104356,2026-08-07,Refund,Medium,10.97,Resolved,Positive
T304035,C11820,O102156,2026-04-29,Delivery,Low,8.39,Closed,Negative
T304036,C12886,O105498,2026-07-12,Product,Medium,12.69,Resolved,Positive
T304037,C13456,O108557,2026-07-17,Account,High,3.39,Resolved,Neutral
T304038,C11123,O100277,2026-04-28,Refund,High,12.65,Open,Neutral
T304039,C11065,O103052,2026-07-10,Product,Medium,10.5,Resolved,Positive
T304040,,O103891,2026-03-07,Payment,High,21.09,Closed,Negative
T304041,C11360,O109974,2026-09-01,Delivery,Low,12.05,Resolved,Negative
T304042,C10337,O105136,2026-05-03,Delivery,Medium,23.65,Closed,Negative
T304043,C11277,O100205,2026-07-26,Account,Medium,17.64,Closed,Negative
T304044,C10919,O101797,2026-01-06,Delivery,Medium,7.01,Resolved,Negative
T304045,C11244,O103854,2026-01-10,Payment,Medium,12.61,In Progress,Negative
T304046,C13025,O102133,2026-08-20,Refund,Low,45.35,Resolved,Negative
T304047,C12664,O100850,2026-07-04,Payment,Medium,11.9,In Progress,Neutral
T304048,C12176,O103732,2026-07-08,Payment,medium,10.22,Open,Neutral
T304049,C11727,O103398,2026-01-06,Account,High,12.81,Resolved,Negative
T304050,C11336,O107832,2026-05-12,Refund,High,12.35,Resolved,Neutral
T304051,C11546,O103449,2026-01-05,Delivery,High,9.32,Resolved,Neutral
T304052,C12843,O101408,2026-05-22,Product,LOW,16.38,Closed,Neutral
T304053,C12531,O101915,2026-02-28,Payment,,20.73,In Progress,Positive
T304054,C12440,O109843,2026-04-11,Delivery,High,33.87,Closed,Neutral
T304055,C12549,O106571,2026-04-29,Account,Medium,7.13,In Progress,Neutral
T304056,C10864,O102235,2026-09-14,Payment,Low,10.18,Resolved,Negative
T304057,C13487,O108910,2026-01-27,Delivery,Medium,5.04,Resolved,Positive
T304058,C10467,O103847,2026-02-20,Payment, High ,12.83,In Progress,Positive
T304059,C13959,O106320,2026-02-03,Refund,Low,24.33,Open,Neutral
T304060,C12698,O104506,2026-08-24,Account,Medium,34.76,Resolved,Negative
T304061,C10072,O100083,2026-06-12,Payment,Low,11.43,Open,Neutral
T304062,C11126,O107905,2026-03-18,Refund,Medium,5.08,Resolved,Neutral
T304063,C10346,O105275,2026-03-09,Account,Critical,4.1,Closed,Neutral
T304064,C10392,O104250,2026-01-03,Delivery,Low,17.88,Resolved,Positive
T304065,C11084,O108730,2026-08-29,Payment,Low,38.1,Resolved,Neutral
T304066,C11242,O106807,2026-01-07,Refund,Medium,3.98,Resolved,Positive
T304067,C11081,O101226,2026-09-12, Delivery ,Low,12.74,Open,Positive
T304068,C10456,O100033,2026-09-05,Payment,Low,17.86,In Progress,Negative
T304069,C13487,O103956,2026-09-15,Refund,Medium,7.86,In Progress,Negative
T304070,C11216,O108680,2026-07-25,Payment,Low,12.09,Resolved,Positive
T304071,C10884,O104826,2026-03-05,Product,Low,12.44,Closed,Neutral
T304072,C12987,O103710,2026-03-31,Refund,Medium,25.08,Resolved,Negative
T304073,C11197,O107986,2026-07-11,Delivery,Medium,5.7,Open,Negative
T304074,C10208,O103303,2026-08-01,Product,High,8.38,Resolved,Neutral
T304075,C11102,O109279,2026-02-05,Payment,Low,-12.0,Open,Negative
T304076,C11756,O105605,2026-08-01,Account,Low,7.58,Resolved,Neutral
T304077,C10758,O109648,2026-08-07,Refund,Low,21.0,Resolved,Negative
T304078,C13060,O105873,2026-05-14,Refund,Medium,6.96,Resolved,Neutral
T304079,C11810,O109974,2026-01-21,Product,Medium,13.28,Closed,Neutral
T304080,C11449,O106026,2026-03-29,Account,Low,17.4,Resolved,Positive
T304081,C13687,O102883,2026-01-02,Delivery,Medium,6.91,Resolved,Negative
T304082,C13613,O100019,2026-03-09,Product,,7.44,In Progress,Neutral
T304083,C13769,O102436,2026-01-14,Refund,High,6.51,In Progress,Positive
T304084,C11626,O100936,2026-03-16,Product,Medium,10.17,In Progress,Negative
T304085,C13466,O105127,2026-03-29,Account,Low,7.24,Resolved,Negative
T304086,C12652,O106913,2026-04-02,Refund,Low,14.16,Open,Negative
T304087,C12980,O106004,2026-06-04,Refund,Medium,7.87,Resolved,Negative
T304088,C13260,O100154,2026-05-31,Payment,High,9.41,Resolved,Negative
T304089,C10906,O108713,2026-07-18,Refund,Medium,17.85,Resolved,Neutral
T304090,C12153,O107606,2026-08-10,Refund,Medium,3.57,Resolved,Positive
T304091,C13114,O102270,2026-02-12,Product,Critical,11.73,In Progress,Positive
T304092,C12254,O102686,2026-07-31,Account,High,4.52,Resolved,Positive
T304093,C12324,O105889,2026-06-16,Account,High,1.19,Resolved,Negative
T304094,C12694,O109623,2026-02-17,Account,Critical,10.1,Resolved,Neutral
T304095,C12869,O105017,2026-08-31,Account,Medium,8.58,Resolved,Neutral
T304096,C11395,O101492,2026-07-04,Account,Critical,5.91,Resolved,Neutral
T304097,C11999,O100902,2026-08-10,Product,Low,26.65,Resolved,Neutral
T304098,C11711,O103193,2026-07-23,Delivery,Medium,13.36,Resolved,Negative
T304099,C11537,O109601,2026-07-29,,Medium,14.41,Open,Positive
T304100,C12321,O103521,2026-04-04,Delivery,Medium,7.27,Resolved,Negative
T304101,C10359,O100619,2026-07-26,,Medium,33.45,Resolved,Negative
T304102,C11015,O104252,2026-07-01,Payment, Medium ,9.91,Open,Positive
T304103,C12037,O105220,2026-09-12,Delivery,Low,14.72,Resolved,Negative
T304104,C12304,O109576,2026-01-27,Account,Medium,13.88,Resolved,Neutral
T304105,C10491,O108586,2026-06-02,Payment,Low,38.05,In Progress,Positive
T304106,C12981,O109287,2026-04-22,Product,High,-12.0,Resolved,Neutral
T304107,C13474,O101923,2026-04-13,Payment,High,7.36,Resolved,Positive
T304108,C10500,O101940,2026-04-11,Payment,Medium,13.31,Resolved,Neutral
T304109,C12399,O105713,2026-03-31,Account,Medium,10.77,Resolved,Neutral
T304110,C13405,O107371,2026-04-12,Payment,,23.81,Resolved,Neutral
T304111,C12798,O102717,2026-05-16,Product,High,4.11,Resolved,Positive
T304112,C11755,O109282,2026-01-13,ACCOUNT,High,17.24,Open,Negative
T304113,C13767,O105077,2026-03-02,Payment,Critical,10.82,Resolved,Neutral
T304114,C13739,O102569,2026-04-06,Payment,Medium,24.92,Resolved,Positive
T304115,C12299,O108732,2026-07-22,Refund,High,14.02,Resolved,Negative
T304116,C10837,O106339,2026-02-09,Product,Medium,29.58,Resolved,Neutral
T304117,C13397,O107015,2026-08-22,Payment,High,10.86,Closed,Neutral
T304118,C11105,O109371,2026-07-27,Delivery,High,10.98,Resolved,Neutral
T304119,C12426,O102768,2026-05-11,Payment,High,18.62,Resolved,Neutral
T304120,C12281,O108233,2026-07-07,Payment,Medium,11.85,Resolved,Positive
T304121,C13417,O109001,2026-08-18,Delivery,Low,13.03,Resolved,Negative
T304122,C13293,O102076,2026-08-16,Refund,Medium,7.59,Resolved,Negative
T304123,C12236,O105319,2026-06-01,Payment,Low,21.88,Resolved,Negative
T304124,C11648,O102350,2026-03-27,Refund,High,21.3,Resolved,Negative
T304125,C12495,O107962,2026-08-16,Payment,Low,44.91,Resolved,Neutral
T304126,C11601,O100700,2026-04-18,Refund,Low,13.92,Open,Negative
T304127,C12326,O100633,2026-06-11,Product,Low,2.83,Resolved,Positive
T304128,,O103206,2026-05-15,Delivery,Medium,10.11,Resolved,Negative
T304129,C10575,O102119,2026-01-29,Account,High,10.13,In Progress,Negative
T304130,C11586,O106833,2026-08-22,Refund,High,13.37,Resolved,Neutral
T304131,C12343,O108453,2026-01-14,Delivery,Medium,12.2,Resolved,Negative
T304132,C11373,O102499,2026-06-14,Delivery,High,8.66,Resolved,Neutral
T304133,C10104,O105476,2026-06-03,Delivery,Medium,8.31,Resolved,Neutral
T304134,C12426,O102496,2026-08-28,Delivery,Medium,19.08,Resolved,Positive
T304135,C11358,O100408,2026-03-21,Refund,Medium,17.35,Resolved,Positive
T304136,C13489,O105016,2026-01-25,Product,Medium,13.82,Open,Neutral
T304137,C12997,O108723,2026-03-10,Product,Low,27.31,Open,Negative
T304138,C10791,O108466,2026-08-10,Refund,Critical,13.18,Resolved,Neutral
T304139,C11434,O105541,2026-05-18,Delivery,High,22.45,In Progress,Positive
T304140,C11694,O105418,2026-07-18,Refund,Low,13.99,Resolved,Negative
T304141,C10713,O102797,2026-06-17,Product,Low,7.81,Resolved,Neutral
T304142,C10065,O105460,2026-03-14,Refund,Medium,7.22,Open,Negative
T304143,C12013,O108674,2026-07-31,Refund,Critical,8.93,Open,Negative
T304144,C11200,O108763,2026-08-24,Refund,Low,14.11,Resolved,Positive
T304145,C11509,O106991,2026-05-09,Refund,Medium,32.13,Resolved,Neutral
T304146,C11244,O101211,2026-08-30,Payment,,7.62,Closed,Neutral
T304147,C12513,O109613,2026-02-26,Refund,Low,16.55,Resolved,Neutral
T304148,C13216,O109800,2026-09-14,Payment,Low,30.92,Resolved,Negative
T304149,C13737,O101626,2026-02-09,Refund,High,11.31,Resolved,Negative
T304150,C11106,O107010,2026-08-08,Delivery,High,14.84,In Progress,Negative
T304151,C13735,O105682,2026-07-29,Refund,Critical,6.6,Closed,Positive
T304152,C11789,O108659,2026-01-23,Delivery,Medium,8.95,Resolved,Negative
T304153,C12710,O102877,2026-09-08,Refund,Low,5.2,Resolved,Positive
T304154,C12504,O105692,2026-04-29,Product,Medium,3.09,Resolved,Positive
T304155,C11869,O103859,2026-02-28,Payment,Low,9.51,Open,Negative
T304156,C11261,O109885,2026-01-24,,High,9.54,Closed,Negative
T304157,C11170,O101038,2026-01-15,Payment,Critical,20.25,Open,Neutral
T304158,C10386,O104289,2026-02-10,Delivery,Medium,22.48,In Progress,Neutral
T304159,C11036,O101715,2026-08-18,Payment,Low,19.13,Open,Neutral
T304160,C10126,O100121,2026-08-30,Product,High,11.77,Resolved,Neutral
T304161,C12171,O106647,2026-08-29,Refund,Medium,16.86,Resolved,Neutral
T304162,C12894,O106215,2026-07-25,Delivery,Medium,23.51,Resolved,Negative
T304163,C11924,O109534,2026-07-16,Refund,Low,11.25,Open,Negative
T304164,C10647,O105802,2026-01-24,Product,High,2.23,Open,Negative
T304165,C13281,O105239,2026-01-27,Payment,Medium,6.86,Resolved,Neutral
T304166,C12790,O101786,2026-04-02,Account,Medium,15.68,Resolved,Negative
T304167,C13691,O105289,2026-03-23,Delivery,Medium,15.12,Open,Negative
T304168,C10474,O106231,2026-01-08,Payment,Medium,9.13,Resolved,Neutral
T304169,C11240,O108884,2026-01-13,Product,Medium,25.33,Closed,Neutral
T304170,C10351,O103909,2026-05-08,Account,Low,11.92,Resolved,Neutral
T304171,C10331,O105107,2026-08-09,Product,Medium,2.58,Resolved,Negative
T304172,C13333,O109195,2026-06-07,Product,Low,10.32,Resolved,Neutral
T304173,C11920,O107084,2026-03-08,Payment,Medium,19.66,Resolved,Neutral
T304174,C10012,O105689,2026-04-22,Product,High,5.74,Resolved,Negative
T304175,C11539,O102309,2026-03-27,Delivery,High,14.88,Closed,Negative
T304176,C11290,O107392,2026-03-11,Refund,Low,4.3,In Progress,Neutral
T304177,C12723,O104403,2026-05-08,Product,Medium,4.58,Resolved,Positive
T304178,C13188,O104224,2026-06-25,Refund,Low,7.71,Resolved,Negative
T304179,,O104712,2026-06-13,Delivery,Low,8.13,Closed,Positive
T304180,C10460,O102254,2026-04-03,Delivery,Low,18.0,In Progress,Positive
T304181,C13325,O102980,2026-03-14,Product,High,8.73,Closed,Negative
T304182,C11770,O104040,2026-01-16,Refund,Medium,14.26,Resolved,Neutral
T304183,C10216,O108666,2026-06-09,Product,High,27.94,Resolved,Neutral
T304184,C10107,O101077,2026-02-21,Product,High,15.01,Resolved,Neutral
T304185,C10309,O106926,2026-03-26,Payment,Medium,8.44,Resolved,Positive
T304186,C10609,O104063,2026-05-14,Account,Medium,19.18,Open,Positive
T304187,C10067,O107032,2026-06-22,Payment,Medium,20.72,In Progress,Negative
T304188,C10933,O109480,2026-07-25,Product,Low,26.47,Resolved,Negative
T304189,C12720,O103067,2026-04-06,Refund,Critical,8.27,Resolved,Negative
T304190,C13444,O101263,2026-02-25,Delivery,High,2.18,In Progress,Negative
T304191,C13919,O104709,2026-03-17,,Medium,22.57,Resolved,Negative
T304192,C11672,O104020,2026-01-12,Account,Medium,8.11,Closed,Neutral
T304193,C12597,O105684,2026-03-28,account,Medium,28.59,Resolved,Negative
T304194,C11179,O101038,2026-07-04,Product,Medium,34.22,Closed,Positive
T304195,C11902,O105903,2026-05-13,Delivery,Medium,7.54,Resolved,Negative
T304196,C10169,O106187,2026-01-14, ,Medium,15.99,Closed,Negative
T304197,C13845,O101957,2026-05-10,Account,Medium,15.58,Resolved,Neutral
T304198,C10021,O105040,2026-02-24,Delivery,Low,11.91,Resolved,Negative
T304199,C10288,O105410,2026-02-10,Product,Medium,6.82,Resolved,Negative
T304200,C11078,O103993,2026-04-07,Payment,Critical,26.55,Resolved,Positive
T304201,C13992,O102960,2026-07-26,Payment,High,14.75,Resolved,Positive
T304202,C10298,O108195,2026-06-20, Product ,Critical,10.08,In Progress,Neutral
T304203,C11781,O101384,2026-05-14,Account,Medium,19.52,In Progress,Negative
T304204,C13794,O109839,2026-06-28,Delivery,Low,16.01,Resolved,Negative
T304205,C10475,O109236,2026-03-23,Refund,High,10.45,Closed,Negative
T304206,C13779,O103708,2026-06-18,Product,Medium,33.23,Resolved,Neutral
T304207,C11184,O101872,2026-06-10,Account,Medium,36.31,Open,Neutral
T304208,C12855,O105772,2026-02-19,Product,High,13.11,Resolved,Negative
T304209,C10420,O109611,2026-08-16,Account,Medium,11.51,Resolved,Negative
T304210,C12560,O107099,2026-07-19,Payment, Medium ,18.03,Resolved,Negative
T304211,C10218,O107599,2026-06-13,Account,Low,16.21,In Progress,Neutral
T304212,C12311,O103044,2026-08-01,Account,Low,16.26,Resolved,Positive
T304213,C11791,O100361,2026-04-23,Delivery,Medium,10.06,Resolved,Neutral
T304214,C10501,O102857,2026-08-04,Product,High,7.81,Resolved,Neutral
T304215,C11593,O102346,2026-06-05,PRODUCT,Medium,42.69,In Progress,Negative
T304216,C12943,O105593,2026-06-15,,critical,26.83,Resolved,Neutral
T304217,C13675,O101986,2026-01-14,Account,High,12.91,In Progress,Negative
T304218,C12647,O107535,2026-04-01,Product,High,13.88,Resolved,Positive
T304219,C12950,O105330,2026-07-28,Delivery,High,9.97,Resolved,Negative
T304220,C13800,O102349,2026-03-17,Account,Medium,12.19,Resolved,Negative
T304221,C13488,O102471,2026-09-04,Payment,Critical,7.02,Resolved,Neutral
T304222,C11519,O105577,2026-07-09,Product,Medium,18.99,Resolved,Neutral
T304223,C11053,O100628,2026-09-09,Delivery,Low,12.4,Resolved,Negative
T304224,C10874,O103957,2026-03-20,Payment,Medium,8.83,In Progress,Positive
T304225,C11335,O102985,2026-01-31,Product,High,19.0,Resolved,Positive
T304226,C13029,O108868,2026-04-09,Payment,Medium,14.67,Resolved,Negative
T304227,C11492,O101000,2026-02-20,Refund, ,12.33,Resolved,Neutral
T304228,C13442,O105095,2026-05-27,Account,Medium,16.03,Resolved,Neutral
T304229,C13718,O109298,2026-04-11,Refund,High,10.49,Resolved,Neutral
T304230,C10848,O104952,2026-01-06,Payment,High,13.47,In Progress,Negative
T304231,C12923,O106095,2026-07-27,,High,15.09,Resolved,Negative
T304232,C11779,O102659,2026-02-21,Product,Medium,16.24,Closed,Positive
T304233,C12316,O109955,2026-06-03,Refund,Medium,15.93,Closed,Neutral
T304234,C12254,O102894,2026-05-02,Payment,High,11.01,Closed,Positive
T304235,C11398,O103026,2026-04-01,Product,High,7.72,Resolved,Neutral
T304236,C11476,O109238,2026-09-14,Refund,Medium,8.12,In Progress,Negative
T304237,C13922,O104787,2026-07-07,Delivery,High,3.32,In Progress,Negative
T304238,C10809,O108974,2026-05-29,Product,Medium,7.12,Resolved,Neutral
T304239,C10740,O105635,2026-08-20,Delivery,Low,5.21,Closed,Neutral
T304240,C11291,O104845,2026-01-21,Payment,Medium,4.43,Resolved,Neutral
T304241,C12065,O109601,2026-01-11, Refund ,Medium,9.09,Open,Negative
T304242,C10430,O103053,2026-08-01,Delivery,Low,19.07,Resolved,Negative
T304243,C13566,O100149,2026-02-28,Account,Medium,22.99,Resolved,Positive
T304244,C12579,O102903,2026-03-07,,Medium,10.09,In Progress,Neutral
T304245,C10414,O101121,2026-04-25,Refund,Low,4.39,Resolved,Positive
T304246,C13452,O107157,2026-08-30,Refund,Medium,11.01,Closed,Neutral
T304247,C13615,O102068,2026-02-06,Payment,Low,6.75,In Progress,Negative
T304248,C11596,O109998,2026-01-31,Delivery,Critical,5.61,Closed,Negative
T304249,C11645,O103042,2026-05-13,Delivery,Low,6.98,Resolved,Negative
T304250,C11411,O107000,2026-06-05,Refund,Medium,2.19,Resolved,Positive
T304251,C12546,O109038,2026-01-31,Product,Medium,11.2,Resolved,Neutral
T304252,C12593,O103989,2026-09-11,Refund,Medium,13.64,Closed,Positive
T304253,C13037,O102617,2026-02-19,Refund,Medium,16.33,Resolved,Neutral
T304254,C12801,O102378,2026-02-23,,Low,20.45,Closed,Negative
T304255,C11002,O101357,2026-04-25,Account,Medium,3.65,Resolved,Neutral
T304256,C12694,O108396,2026-08-05,Delivery,Low,12.37,Resolved,Negative
T304257,C12704,O102238,2026-05-10,Refund,Low,8.52,Closed,Negative
T304258,C11009,O105767,2026-08-06,Refund,Medium,4.9,In Progress,Negative
T304259,C12229,O107839,2026-01-28,Payment,Low,32.87,Resolved,Negative
T304260,C10948,O107113,2026-07-17,payment,Low,17.98,In Progress,Neutral
T304261,C10941,O108189,2026-08-28,Product,,4.08,Resolved,Neutral
T304262,C11989,O108012,2026-06-10,Account,Medium,14.05,Resolved,Neutral
T304263,C12384,O105851,2026-01-14,Refund,Medium,16.23,Resolved,Negative
T304264,C13511,O100860,2026-04-07,Refund,Medium,24.81,Closed,Positive
T304265,C13521,O102015,2026-02-21,Delivery,Medium,6.31,Resolved,Neutral
T304266,C10691,O107722,2026-03-14,Payment,High,30.67,Resolved,Neutral
T304267,C13884,O105304,2026-08-24,Delivery,Low,15.78,Resolved,Negative
T304268,C11079,O105623,2026-09-05,REFUND,Medium,11.39,Resolved,Positive
T304269,C10099,O102325,2026-01-20,Product,Low,6.84,In Progress,Positive
T304270,C10589,O105180,2026-06-22,Refund,Low,15.35,Resolved,Neutral
T304271,C11034,O109984,2026-04-08,Refund,Low,38.17,Closed,Negative
T304272,,O107243,2026-09-13,Delivery,Low,30.06,Resolved,Negative
T304273,C11279,O106167,2026-06-20,Product,Medium,30.0,Resolved,Neutral
T304274,C11452,O108119,2026-02-08,Account,,10.21,Resolved,Negative
T304275,C12134,O108244,2026-06-24,ACCOUNT,Low,19.1,In Progress,Neutral
T304276,C12476,O106002,2026-04-19,Product,Critical,19.42,Resolved,Neutral
T304277,C13463,O107569,2026-05-09,Account,High,10.71,Resolved,Positive
T304278,C12601,O105434,2026-04-03,Payment,Medium,2.71,Resolved,Negative
T304279,C11867,O105822,2026-08-20,Delivery,High,15.29,Resolved,Negative
T304280,C10669,O105409,2026-01-28,Account,High,13.57,Resolved,Negative
T304281,C10993,O107677,2026-04-28,Delivery,Medium,17.22,Resolved,Negative
T304282,C10317,O109197,2026-08-25,Delivery,Medium,14.23,Resolved,Negative
T304283,C12895,O100085,2026-09-10,Product,High,14.11,Resolved,Positive
T304284,C12435,O104145,2026-04-14,Refund,Medium,17.06,Closed,Negative
T304285,C13593,O102616,2026-04-29,Refund,Low,12.18,In Progress,Neutral
T304286,C10153,O102242,2026-01-02,Delivery,Medium,7.49,Resolved,Neutral
T304287,C11940,O101840,2026-01-16,Delivery,Low,4.72,Open,Positive
T304288,C13380,O102400,2026-05-10,Product,Low,11.71,Closed,Neutral
T304289,C11661,O105274,2026-02-16,,Medium,10.54,In Progress,Positive
T304290,C13254,O100901,2026-05-12,Delivery,Medium,21.21,In Progress,Negative
T304291,C13674,O103718,2026-04-10,Product,Medium,27.23,In Progress,Positive
T304292,C13881,O109854,2026-03-26,Delivery,Medium,9.61,Resolved,Negative
T304293,C12715,O102522,2026-08-02,Product,Low,3.35,Closed,Positive
T304294,C12209,O103920,2026-06-09,Delivery,Medium,9.46,Open,Positive
T304295,C11266,O104704,2026-06-04,Refund,Low,19.54,Resolved,Neutral
T304296,C12170,O108928,2026-03-05,Refund,Critical,18.03,Resolved,Positive
T304297,C10737,O105459,2026-01-05,Delivery,High,-12.0,Open,Negative
T304298,C12974,O102249,2026-05-16,Payment,Low,10.12,Closed,Neutral
T304299,C11245,O107885,2026-03-10,Refund,,10.78,Resolved,Negative
T304300,C11443,O100065,2026-04-16,Product,Medium,14.66,Closed,Neutral
T304301,C11559,O106072,2026-03-14,Account,Medium,7.93,Resolved,Neutral
T304302,C10930,O104213,2026-01-08,Product,Medium,25.62,Resolved,Neutral
T304303,C12605,O107547,2026-01-18,Product,Low,28.55,In Progress,Neutral
T304304,C12782,O109066,2026-07-18,Delivery,Medium,8.59,Resolved,Positive
T304305,C10620,O101377,2026-07-06,Product,High,7.55,Closed,Negative
T304306,C10928,O109016,2026-07-12,Delivery,High,18.36,Closed,Positive
T304307,C11620,O107530,2026-03-31,Delivery,Critical,43.58,Resolved,Negative
T304308,C13520,O102295,2026-04-08,Payment,high,10.11,Resolved,Neutral
T304309,C12453,O105633,2026-04-25,Refund,High,15.28,Open,Positive
T304310,C12347,O100885,2026-05-13,Product,Low,13.13,Closed,Negative
T304311,C12173,O105038,2026-09-06,Delivery,Medium,19.84,Closed,Positive
T304312,C10361,O106357,2026-02-04,Payment,Low,4.95,Resolved,Negative
T304313,C11036,O108154,2026-04-28,Account,Medium,18.96,Closed,Neutral
T304314,C11305,O100514,2026-06-02,Refund,Medium,14.89,Resolved,Neutral
T304315,C13030,O106755,2026-03-27,Delivery,Critical,16.37,Resolved,Neutral
T304316,C10848,O109824,2026-02-17,Payment,High,8.26,Resolved,Neutral
T304317,C11291,O104580,2026-02-02,Delivery,Low,11.87,Resolved,Negative
T304318,C12590,O109251,2026-05-26,Payment,Low,16.87,Resolved,Neutral
T304319,C13367,O107037,2026-08-13,Refund,Medium,9.81,Resolved,Neutral
T304320,C11585,O104053,2026-05-25,Product,Medium,12.73,Resolved,Positive
T304321,C12586,O101701,2026-07-23,Account,Medium,14.57,Resolved,Neutral
T304322,C11906,O106279,2026-08-28,Refund,Low,17.86,Resolved,Positive
T304323,C13762,O102087,2026-06-11,Product,Low,7.16,In Progress,Positive
T304324,C11492,O105513,2026-09-07,Payment,Low,23.71,Resolved,Neutral
T304325,C12683,O109408,2026-04-23,Payment,Critical,12.73,In Progress,Neutral
T304326,,O109046,2026-03-28,Delivery,Medium,7.47,Resolved,Negative
T304327,C10669,O104984,2026-06-12,Payment,Medium,7.93,Closed,Neutral
T304328,C12332,O107881,2026-02-13,Account,High,5.1,Closed,Neutral
T304329,C10172,O104206,2026-05-09,Account,Medium,27.11,Resolved,Neutral
T304330,C10109,O100285,2026-02-25,Product,Critical,1.76,Resolved,Neutral
T304331,C13883,O106755,2026-06-20,Product,Medium,18.24,Closed,Neutral
T304332,C12944,O100183,2026-08-03,Account,Medium,10.29,Resolved,Negative
T304333,C13389,O105135,2026-02-05,Payment,Low,8.93,Closed,Neutral
T304334,C10280,O100546,2026-08-22,Refund,Medium,6.78,Open,Neutral
T304335,C13724,O105730,2026-04-08,Product,Medium,12.02,Resolved,Negative
T304336,C11624,O103381,2026-02-14,Payment,High,12.37,Resolved,Positive
T304337,C11364,O105736,2026-04-01,Account,Medium,10.25,In Progress,Neutral
T304338,C11663,O100655,2026-05-24,Payment,High,1.94,Resolved,Positive
T304339,C13521,O108431,2026-04-26,Payment,Medium,12.75,In Progress,Negative
T304340,C11366,O104548,2026-03-18,Account,Low,19.46,Open,Negative
T304341,C13567,O108617,2026-03-01,Delivery,Low,35.69,Closed,Negative
T304342,C13359,O107679,2026-08-23,Payment,High,18.98,Resolved,Neutral
T304343,,O102392,2026-03-20,Product,Medium,8.14,In Progress,Negative
T304344,C11394,O107231,2026-05-10,Account,Low,27.65,Resolved,Positive
T304345,C11338,O106775,2026-08-31,Delivery,Medium,10.12,Resolved,Negative
T304346,C10559,O101550,2026-07-24,Delivery,Medium,30.17,In Progress,Neutral
T304347,C13434,O104529,2026-02-28,Delivery,Medium,9.7,Resolved,Negative
T304348,C10216,O105651,2026-08-25,Payment,Low,5.76,Closed,Negative
T304349,C11742,O104408,2026-05-21,Account,High,16.32,Resolved,Positive
T304350,C12850,O107686,2026-01-25,Payment,Low,17.55,Open,Positive
T304351,C10879,O104219,2026-04-27,Payment,Low,9.66,Closed,Positive
T304352,C10549,O105678,2026-06-17,Delivery,Medium,12.26,Resolved,Negative
T304353,C12907,O100926,2026-04-15,Delivery,,13.29,Open,Positive
T304354,C12388,O106778,2026-01-20,Account,Medium,-12.0,Resolved,Negative
T304355,C11174,O104602,2026-01-21,Refund,High,13.64,Resolved,Negative
T304356,C11670,O102160,2026-06-20,Refund,Low,12.1,Resolved,Positive
T304357,C13075,O102893,2026-07-16,Product,High,32.84,Open,Positive
T304358,C10287,O103859,2026-05-19,Payment,Medium,13.23,Open,Neutral
T304359,C11846,O100976,2026-03-05,Refund,Medium,14.01,In Progress,Neutral
T304360,C13519,O108289,2026-08-18,Payment,Medium,18.36,Resolved,Negative
T304361,C13084,O106690,2026-03-21,Delivery,critical,12.35,In Progress,Negative
T304362,C10611,O107206,2026-09-08,Account,Medium,10.95,Resolved,Neutral
T304363,C12768,O107475,2026-04-18,Payment,Low,8.33,Closed,Neutral
T304364,C12214,O101497,2026-05-19,Product,Medium,3.91,In Progress,Neutral
T304365,C10256,O107335,2026-01-29,Payment,High,3.62,Resolved,Negative
T304366,C10299,O109616,2026-07-20,Account,Medium,13.82,Resolved,Neutral
T304367,C13068,O107458,2026-09-09,Refund,Medium,10.27,Resolved,Negative
T304368,C12252,O105645,2026-06-18,Payment,High,22.25,Resolved,Negative
T304369,C12279,O105084,2026-05-15,Payment,Medium,8.19,Resolved,Neutral
T304370,C13216,O100846,2026-03-01,Product,Low,5.62,Resolved,Positive
T304371,C11960,O107721,2026-04-27,Product,Low,11.08,In Progress,Neutral
T304372,C10307,O108949,2026-04-04,Payment,Medium,11.15,Resolved,Positive
T304373,C12414,O108874,2026-07-16,Product,Low,11.89,Resolved,Neutral
T304374,C12822,O102609,2026-04-10,Delivery,Medium,16.45,Resolved,Negative
T304375,C11424,O104410,2026-01-03,Payment,Medium,18.33,Open,Neutral
T304376,C13713,O109267,2026-02-22,Product,Medium,9.62,Closed,Neutral
T304377,C11254,O106895,2026-06-13,Refund,High,11.25,Open,Positive
T304378,C11818,O106307,2026-01-29,Account,Low,39.29,Resolved,Neutral
T304379,C12226,O101726,2026-03-09,Product,Medium,3.62,Resolved,Positive
T304380,C11773,O105773,2026-03-09,Refund,High,37.92,Resolved,Negative
T304381,C11969,O102654,2026-04-14,Refund,,17.12,Resolved,Negative
T304382,C13838,O109444,2026-01-23,Account,Medium,12.86,Open,Neutral
T304383,C10888,O106642,2026-03-19,Delivery,Medium,5.0,In Progress,Negative
T304384,C12257,O106125,2026-03-16,Refund,High,37.33,Closed,Positive
T304385,C11798,O109077,2026-02-08,Delivery,Low,31.9,Resolved,Negative
T304386,C13959,O107320,2026-04-25,Delivery,CRITICAL,11.8,In Progress,Negative
T304387,C13100,O108561,2026-04-16,Payment,High,10.71,Closed,Neutral
T304388,C10876,O109961,2026-08-26,Product,Medium,14.34,In Progress,Negative
T304389,C13760,O104522,2026-01-16,Product,Medium,16.06,Resolved,Negative
T304390,C10545,O107802,2026-05-10,Product,Low,15.27,Resolved,Neutral
T304391,C13655,O108483,2026-06-14,Payment,Medium,25.09,Resolved,Neutral
T304392,C10033,O104591,2026-01-22,Payment,Medium,3.48,Resolved,Negative
T304393,C12576,O103109,2026-04-21,Refund,Medium,2.22,In Progress,Negative
T304394,C11810,O106374,2026-07-29,Refund,Critical,17.68,Open,Neutral
T304395,C10434,O105697,2026-01-09,Product,High,8.13,Resolved,Negative
T304396,C11821,O105634,2026-09-12,Payment,High,18.41,Resolved,Negative
T304397,C11100,O109714,2026-03-26,Delivery,Medium,2.49,Resolved,Negative
T304398,C10243,O109004,2026-06-02,Product,Low,13.06,Resolved,Neutral
T304399,C12545,O104869,2026-04-10,,Medium,54.67,Resolved,Neutral
T304400,C13410,O107580,2026-01-18,Refund,Low,11.58,Open,Neutral
T304401,C10282,O108187,2026-07-30,Payment,Medium,30.15,Closed,Neutral
T304402,C11218,O109175,2026-03-13,Account,High,15.21,Closed,Negative
T304403,C10114,O104949,2026-09-15,Payment,Medium,6.99,Resolved,Neutral
T304404,C12143,O105005,2026-08-23,Delivery,Medium,20.32,Resolved,Negative
T304405,C10832,O100143,2026-04-07,Account,High,6.63,Resolved,Negative
T304406,C11058,O108772,2026-05-21,Account,Medium,20.6,Closed,Negative
T304407,C12331,O104851,2026-06-21,Refund,Critical,22.86,Resolved,Positive
T304408,C12444,O109884,2026-03-05,Product,Low,36.13,In Progress,Negative
T304409,C11988,O105726,2026-03-12,Delivery, Low ,27.74,Resolved,Negative
T304410,C11128,O104201,2026-07-09,Refund,Medium,16.08,Resolved,Positive
T304411,C12786,O101593,2026-03-01,Account,Medium,1.47,Open,Positive
T304412,C13707,O100030,2026-08-15,Account,High,11.1,Closed,Neutral
T304413,C13010,O105508,2026-03-16,Account,Medium,12.54,Resolved,Negative
T304414,C13505,O101213,2026-06-21,Delivery,Low,4.52,In Progress,Positive
T304415,C13274,O106998,2026-06-20,Refund,Medium,8.31,In Progress,Negative
T304416,C11167,O102032,2026-07-16,Delivery,Medium,13.04,Resolved,Neutral
T304417,C11849,O100019,2026-09-13,Delivery,Low,34.52,Open,Positive
T304418,C10258,O106110,2026-05-04,Payment,Medium,12.23,In Progress,Positive
T304419,C13210,O104084,2026-03-03,Refund,High,13.33,Resolved,Negative
T304420,,O106381,2026-07-14,Delivery,High,23.78,In Progress,Negative
T304421,C11940,O100609,2026-01-21,Payment,Critical,38.22,Resolved,Negative
T304422,C12699,O104705,2026-03-21,Product,Medium,16.17,Resolved,Neutral
T304423,C11743,O102456,2026-08-31,Payment,Low,30.63,In Progress,Neutral
T304424,C11332,O100540,2026-08-06,Account,Medium,4.23,Open,Positive
T304425,C12787,O106363,2026-04-11,Delivery,High,12.31,Resolved,Negative
T304426,C13726,O105656,2026-06-01,Delivery,Low,15.6,Resolved,Negative
T304427,C12708,O107095,2026-08-14,Payment,High,9.4,Resolved,Positive
T304428,C12139,O104200,2026-08-03,Refund,Low,1.73,Resolved,Negative
T304429,C10231,O106472,2026-07-05,Delivery,High,5.89,Resolved,Negative
T304430,C13784,O109804,2026-07-20,Delivery,Medium,25.52,Resolved,Negative
T304431,C10213,O105992,2026-02-18,Refund,Critical,37.57,Resolved,Positive
T304432,C12831,O100692,2026-03-10,Refund,Medium,33.38,Open,Positive
T304433,C11611,O109973,2026-01-29,Delivery,Low,16.64,Resolved,Negative
T304434,C11151,O108648,2026-07-29,Account,High,2.97,Closed,Positive
T304435,C13256,O104492,2026-06-28,Payment,Medium,13.32,Closed,Negative
T304436,C12313,O102525,2026-06-12,Account,Medium,24.04,Open,Negative
T304437,C13662,O100557,2026-03-22,Refund,Medium,59.4,Resolved,Neutral
T304438,C12757,O103001,2026-03-05,Product,High,30.44,Resolved,Negative
T304439,C10059,O104250,2026-02-23,Refund,Medium,2.58,Resolved,Neutral
T304440,C13561,O105931,2026-01-19,Delivery,High,22.24,Resolved,Negative
T304441,C13627,O109131,2026-06-19,Product,Medium,14.28,Resolved,Neutral
T304442,C11251,O109909,2026-04-19,Account,Medium,5.43,Resolved,Neutral
T304443,C10644,O105298,2026-02-10,Account,High,9.52,In Progress,Neutral
T304444,C12595,O100739,2026-07-23,Payment,Medium,17.69,Resolved,Neutral
T304445,C10998,O103758,2026-02-26,Refund,High,17.93,Closed,Neutral
T304446,C11912,O101288,2026-06-21,Refund,Medium,2.47,Closed,Negative
T304447,C12622,O107282,2026-07-15,Account,Medium,2.3,Closed,Positive
T304448,C13205,O103418,2026-07-20,Account,,6.54,Open,Negative
T304449,C11238,O100948,2026-08-30,Refund,Medium,8.01,Resolved,Negative
T304450,C10246,O107873,2026-06-22,Refund,Medium,2.08,Open,Neutral
T304451,C11352,O104517,2026-08-16,Product,Medium,7.73,Closed,Positive
T304452,C11040,O100501,2026-02-23,Refund,Low,17.48,Closed,Positive
T304453,C13731,O100991,2026-04-19,Delivery,High,11.06,Closed,Positive
T304454,C12339,O103591,2026-05-18,Product,High,15.99,Resolved,Neutral
T304455,C11049,O102495,2026-02-07,Account,Medium,15.03,Open,Positive
T304456,C13620,O109104,2026-02-28,Payment,Medium,7.39,Resolved,Neutral
T304457,,O106689,2026-03-08,Product,,4.03,Closed,Positive
T304458,C12572,O101470,2026-03-17,Refund,Low,12.7,Resolved,Negative
T304459,C10200,O106417,2026-02-04,Product,High,14.87,In Progress,Negative
T304460,C10048,O101062,2026-01-05,Product,Medium,20.71,Resolved,Positive
T304461,C13967,O100640,2026-05-19, Product ,Medium,1.81,Resolved,Positive
T304462,C10171,O108911,2026-03-28,Payment,Medium,9.6,Resolved,Positive
T304463,C10002,O105790,2026-04-19,Payment,Medium,16.62,Resolved,Negative
T304464,C10214,O100554,2026-06-16,Product,Medium,17.91,Resolved,Negative
T304465,C10479,O101082,2026-04-03,Product,Medium,12.5,Closed,Neutral
T304466,C13705,O103510,2026-05-10,Delivery,Medium,10.32,In Progress,Positive
T304467,C10138,O109133,2026-08-19,Refund,Medium,6.57,Open,Negative
T304468,C13817,O109511,2026-07-24,Delivery,Medium,11.03,Open,Negative
T304469,C11023,O108939,2026-06-13,Product,Medium,8.08,In Progress,Positive
T304470,C12022,O104689,2026-07-03,Account,Low,8.98,Resolved,Negative
T304471,C10417,O101276,2026-05-29,Product,Medium,32.54,Closed,Positive
T304472,C11346,O103998,2026-07-01,Delivery,Low,14.1,Resolved,Negative
T304473,C13793,O107444,2026-01-23,Refund,Medium,28.18,Resolved,Negative
T304474,C12124,O106687,2026-09-14,Product,Medium,8.13,Resolved,Neutral
T304475,C10056,O108748,2026-06-15,Delivery,Low,35.01,Resolved,Neutral
T304476,C13717,O102319,2026-06-15,Payment,Low,13.44,Resolved,Neutral
T304477,C13228,O102120,2026-05-14,Refund,Medium,20.69,In Progress,Negative
T304478,C11096,O102397,2026-06-21,Payment,Low,17.03,In Progress,Negative
T304479,C12822,O109979,2026-01-23,Account,High,10.49,Resolved,Negative
T304480,C13485,O100575,2026-07-18,Delivery,Medium,37.62,Resolved,Positive
T304481,C11794,O102499,2026-01-26,Account,Medium,17.75,Resolved,Negative
T304482,C10626,O108823,2026-06-06,Product,High,16.6,In Progress,Positive
T304483,C13323,O103280,2026-05-04,Account,High,9.97,Resolved,Negative
T304484,C11369,O109058,2026-09-01,Payment,Low,12.18,In Progress,Positive
T304485,C12068,O107152,2026-05-28,Account,Medium,9.94,Resolved,Negative
T304486,C10359,O104088,2026-06-05,Payment,Medium,12.46,Open,Negative
T304487,C13960,O101043,2026-05-24,Refund,Low,27.06,Closed,Neutral
T304488,C12550,O109231,2026-01-01,Account,Low,12.15,Resolved,Neutral
T304489,C11932,O106709,2026-07-22,Delivery, High ,18.77,Resolved,Negative
T304490,C12584,O102583,2026-01-20,Payment,Medium,28.66,Resolved,Negative
T304491,C10682,O102551,2026-03-16,Delivery,Medium,16.52,In Progress,Negative
T304492,C11716,O109651,2026-07-18,Delivery,Medium,18.42,Resolved,Neutral
T304493,C13387,O104712,2026-01-18,Product,Low,26.61,In Progress,Neutral
T304494,C13580,O108580,2026-07-07,Account,Medium,11.24,Resolved,Positive
T304495,C10599,O101858,2026-06-07,Account,High,26.06,Resolved,Negative
T304496,C11604,O102189,2026-01-25,Product,Medium,17.5,Resolved,Neutral
T304497,C13067,O102081,2026-06-26,Account,High,7.25,Open,Negative
T304498,C10422,O105863,2026-03-09,,Medium,9.16,Resolved,Neutral
T304499,C10791,O100319,2026-02-23,Delivery,Critical,16.45,Resolved,Neutral
T304500,C11791,O101795,2026-01-10,,Low,8.23,Resolved,Negative
T304501,C10219,O100776,2026-04-06,Product,High,26.71,Closed,Positive
T304502,C12023,O103874,2026-01-01,Account,Medium,13.36,Closed,Positive
T304503,C12883,O104850,2026-09-12,Account,Low,7.51,Resolved,Neutral
T304504,C13016,O106883,2026-08-27,Delivery,Low,14.55,Open,Negative
T304505,C10878,O100837,2026-09-13,Product,Low,11.39,Open,Negative
T304506,C10633,O100644,2026-04-10,Delivery,Medium,11.84,Resolved,Negative
T304507,C12312,O102234,2026-01-27,Refund,Medium,28.62,Resolved,Negative
T304508,C13634,O100959,2026-09-15,Payment,High,6.63,Closed,Positive
T304509,C11879,O108052,2026-02-16,Account,Medium,35.85,Resolved,Positive
T304510,C11148,O109068,2026-06-18,Product,High,10.16,Resolved,Negative
T304511,C13698,O101668,2026-04-28,Refund,Critical,2.12,Resolved,Positive
T304512,C12540,O107175,2026-01-11,Refund,Medium,3.33,Resolved,Negative
T304513,C12775,O103970,2026-03-25,Refund,Medium,10.22,In Progress,Negative
T304514,C13356,O103208,2026-04-23,Account,Medium,9.81,Closed,Neutral
T304515,C12834,O104628,2026-04-16,Delivery,Low,9.9,In Progress,Negative
T304516,C13822,O109254,2026-04-14,Product,Low,18.9,Resolved,Positive
T304517,C10804,O105499,2026-07-18,Refund,Low,11.15,Resolved,Neutral
T304518,C10382,O109889,2026-08-27,,Medium,7.03,In Progress,Positive
T304519,C11358,O107887,2026-08-18,Delivery,High,13.7,Resolved,Positive
T304520,C11412,O100203,2026-02-01,Account,Low,5.47,In Progress,Negative
T304521,C12151,O106236,2026-06-26,Product,Medium,20.92,Resolved,Neutral
T304522,C13012,O107575,2026-03-14,Payment,High,3.49,Closed,Positive
T304523,C13753,O107160,2026-09-10,Account,Low,17.73,Open,Negative
T304524,C12500,O106013,2026-03-11,Delivery,Medium,4.3,Resolved,Neutral
T304525,C10718,O102848,2026-06-30,Account,Medium,20.48,Resolved,Neutral
T304526,C12253,O109547,2026-04-30,Payment,Medium,26.72,Open,Neutral
T304527,C12259,O104500,2026-06-07,Product,Low,5.63,Resolved,Positive
T304528,C12170,O109507,2026-02-21,Payment,High,19.21,Resolved,Negative
T304529,C13516,O108929,2026-03-15,refund,Medium,8.03,Resolved,Neutral
T304530,C11564,O106083,2026-08-18,Account,High,7.38,In Progress,Neutral
T304531,C10082,O106576,2026-02-23,Account,Low,7.41,Closed,Neutral
T304532,C11973,O108010,2026-04-25,,Medium,9.21,Resolved,Positive
T304533,C12878,O108682,2026-03-15,,Low,11.54,Closed,Positive
T304534,C13196,O102890,2026-07-11,Payment,Low,12.57,Closed,Neutral
T304535,C12886,O102243,2026-04-23,Refund,Medium,12.41,Closed,Neutral
T304536,C12265,O104806,2026-05-08,Refund,Low,15.91,Resolved,Negative
T304537,C10323,O103345,2026-03-13,Product,High,11.33,Resolved,Neutral
T304538,C12901,O105997,2026-07-03,Account,Critical,11.89,In Progress,Negative
T304539,C12921,O109439,2026-05-14,Payment,Medium,9.57,Resolved,Neutral
T304540,C13567,O100427,2026-01-09,Account,High,19.68,Resolved,Neutral
T304541,C10097,O100020,2026-06-05,Payment,Critical,22.85,Resolved,Neutral
T304542,C10121,O108734,2026-02-10,Account,,31.19,Resolved,Neutral
T304543,C10821,O109185,2026-08-05,Payment,Medium,17.82,Resolved,Neutral
T304544,C10567,O101932,2026-03-30,Product,Medium,18.19,Closed,Negative
T304545,C11416,O100950,2026-09-06,Account,Medium,9.06,Closed,Neutral
T304546,,O104815,2026-05-21,Account,High,16.77,In Progress,Neutral
T304547,C13244,O105670,2026-04-01,Payment,Medium,10.15,Closed,Neutral
T304548,C13324,O103135,2026-03-12,Product,Medium,24.65,Resolved,Neutral
T304549,C11093,O103393,2026-02-19,Refund,High,17.29,Resolved,Neutral
T304550,C11440,O100971,2026-03-07,Delivery,Medium,4.91,Resolved,Negative
T304551,C10867,O100704,2026-02-27,Account,High,9.07,Resolved,Neutral
T304552,C11166,O109207,2026-02-15,Delivery,Medium,17.72,Resolved,Negative
T304553,C10146,O105433,2026-06-16,Account,Medium,35.69,Resolved,Positive
T304554,C10455,O106434,2026-06-04,Delivery,Medium,15.08,Closed,Negative
T304555,C11105,O103603,2026-05-20,Payment,Medium,11.26,Open,Negative
T304556,C12222,O107662,2026-06-08,Account,Medium,18.94,Resolved,Negative
T304557,C13719,O102241,2026-06-29,Payment,Medium,13.82,Resolved,Neutral
T304558,C12437,O103361,2026-01-08,Payment,High,10.92,Resolved,Negative
T304559,,O105960,2026-03-16,Refund,Medium,5.78,Resolved,Positive
T304560,C12238,O102470,2026-06-02,Product,medium,21.57,Resolved,Negative
T304561,C11391,O109986,2026-07-28,Account,Medium,7.76,Resolved,Neutral
T304562,C13790,O101569,2026-02-07,Refund,High,7.67,Resolved,Neutral
T304563,C12094,O104458,2026-01-10,Account,Low,18.61,Resolved,Positive
T304564,C77777,O101877,2026-02-06,Payment,Medium,44.2,Closed,Neutral
T304565,C13115,O105417,2026-07-19,Refund,Medium,6.39,Closed,Neutral
T304566,C13773,O103237,2026-02-17,Product,Medium,9.55,Resolved,Neutral
T304567,C10005,O101568,2026-01-02,Account,High,27.17,Resolved,Positive
T304568,C12938,O106466,2026-09-11,Refund, High ,31.51,Resolved,Neutral
T304569,C10166,O101491,2026-02-22,,Medium,19.79,Resolved,Neutral
T304570,C10777,O107852,2026-05-07,Payment,High,15.02,Resolved,Neutral
T304571,C11992,O105513,2026-09-04,Delivery,Medium,16.04,Resolved,Negative
T304572,C13937,O101483,2026-09-06,Product,Medium,14.73,Closed,Positive
T304573,C11090,O103167,2026-09-08,Delivery,High,7.14,Open,Neutral
T304574,C13350,O102680,2026-04-29,Product,Medium,10.56,In Progress,Neutral
T304575,,O107393,2026-01-08,Refund,High,19.69,Resolved,Positive
T304576,C10660,O107451,2026-06-21,Payment,Low,21.9,Open,Negative
T304577,C11984,O103417,2026-02-18,Account,Medium,20.63,Closed,Positive
T304578,C12564,O107112,2026-06-05,Account,Medium,15.08,In Progress,Negative
T304579,C11118,O101003,2026-07-21,Account,High,4.73,Open,Neutral
T304580,C11943,O107553,2026-01-06,ACCOUNT,High,11.45,Resolved,Negative
T304581,C11125,O107198,2026-08-17,Refund,Low,14.86,Resolved,Neutral
T304582,C12607,O109760,2026-04-08,Delivery,Medium,8.53,Resolved,Negative
T304583,C10696,O105435,2026-09-10,Delivery,Medium,3.96,Resolved,Positive
T304584,C10609,O107527,2026-03-30,Refund,Medium,10.29,In Progress,Neutral
T304585,C11481,O100246,2026-01-30,Account,MEDIUM,8.42,Resolved,Positive
T304586,C12445,O104166,2026-06-07,Refund,Low,8.21,Resolved,Negative
T304587,C11256,O109984,2026-01-21,Product,Low,6.14,Closed,Positive
T304588,C10465,O106666,2026-05-05, ,Low,13.95,In Progress,Neutral
T304589,C13811,O109551,2026-04-02,Account,Medium,10.02,Resolved,Neutral
T304590,C12210,O103273,2026-06-02,Refund,Medium,24.3,Open,Negative
T304591,C10838,O101244,2026-01-05,Payment,High,6.24,Closed,Positive
T304592,C10409,O100840,2026-05-26,Product,Low,11.54,Resolved,Negative
T304593,C13240,O103915,2026-06-05,Delivery,Medium,34.75,Open,Negative
T304594,C10696,O108088,2026-01-11,Payment,Low,15.83,In Progress,Negative
T304595,C12651,O102918,2026-02-22,Payment,Medium,8.88,Resolved,Negative
T304596,C10915,O108392,2026-03-23,Product,High,12.15,Open,Positive
T304597,C10837,O106572,2026-02-08,Product,Low,11.14,Resolved,Negative
T304598,C13784,O108356,2026-08-16,Delivery,,6.83,Resolved,Negative
T304599,C11272,O101149,2026-06-25,Delivery,Medium,8.53,Closed,Positive
T304600,C13031,O107161,2026-08-06,Delivery,Low,6.6,Resolved,Neutral
T304601,C12095,O104384,2026-04-16,Delivery,medium,30.41,Resolved,Negative
T304602,C10078,O101712,2026-06-08, Refund ,Medium,29.1,In Progress,Neutral
T304603,C12926,O109794,2026-04-13,Delivery,Medium,12.0,Open,Neutral
T304604,C11721,O105314,2026-07-24,Product,Low,12.91,Resolved,Positive
T304605,C12592,O104209,2026-02-05,Refund,Medium,11.49,Open,Neutral
T304606,C10904,O107438,2026-05-21,Account, Medium ,28.53,Resolved,Negative
T304607,C10299,O106759,2026-06-22,Delivery,Critical,4.22,Resolved,Negative
T304608,C11778,O102484,2026-07-06,Product,High,5.15,Resolved,Neutral
T304609,C10571,O106936,2026-01-17,Product,Low,10.55,Resolved,Neutral
T304610,C12878,O107066,2026-02-13,Delivery,Medium,2.7,Resolved,Neutral
T304611,C12255,O104359,2026-03-22,Product,Medium,19.4,In Progress,Negative
T304612,C12131,O106077,2026-01-09,Delivery,Low,14.32,Closed,Negative
T304613,C10535,O106644,2026-05-09,Delivery,Medium,11.95,Resolved,Neutral
T304614,C11147,O106094,2026-05-03,Payment,Medium,33.99,Resolved,Neutral
T304615,C10460,O100625,2026-02-12,Refund,Low,12.13,Resolved,Neutral
T304616,C13190,O105536,2026-03-23,Refund,Medium,4.21,In Progress,Positive
T304617,C13630,O109951,2026-08-11,Account,Medium,18.7,Open,Neutral
T304618,C12869,O104297,2026-08-06,Product,Medium,23.59,Closed,Negative
T304619,C12769,O109668,2026-08-08,Delivery,Low,11.61,Resolved,Positive
T304620,C12831,O100623,2026-08-23,Delivery,High,8.9,Resolved,Negative
T304621,C13922,O106001,2026-08-13,Payment,Low,14.19,Resolved,Neutral
T304622,C10892,O102162,2026-06-26,Product,Medium,30.72,Resolved,Neutral
T304623,C12100,O105392,2026-07-16,Account,Low,13.95,Resolved,Neutral
T304624,C11777,O103057,2026-05-31,Delivery,Low,10.44,Open,Negative
T304625,C11053,O108229,2026-07-24,Product,Low,16.86,In Progress,Neutral
T304626,C11962,O106433,2026-09-14,Refund,Medium,20.55,Open,Negative
T304627,C12208,O103526,2026-04-14,Refund,High,13.14,Closed,Negative
T304628,C11192,O104270,2026-07-15,Account,Low,10.49,Resolved,Neutral
T304629,C10134,O105482,2026-05-04,Delivery,Critical,31.83,In Progress,Negative
T304630,C11960,O108628,2026-04-16,payment,Medium,15.85,Resolved,Neutral
T304631,C10409,O109085,2026-03-19,Account,High,19.81,Resolved,Neutral
T304632,C13909,O104636,2026-01-18,Refund,Medium,-12.0,Resolved,Neutral
T304633,C10980,O102451,2026-05-25,Account,Low,26.56,Resolved,Neutral
T304634,C10813,O100015,2026-02-18,Payment,Medium,16.63,Open,Negative
T304635,C10405,O102921,2026-07-28,Delivery,High,7.51,Resolved,Negative
T304636,C11754,O108038,2026-07-01,Product,Low,25.73,Resolved,Positive
T304637,C10272,O107054,2026-04-08,Refund,Medium,15.25,Open,Positive
T304638,C10043,O107362,2026-02-13,Product,Medium,11.14,Resolved,Negative
T304639,C13241,O109523,2026-01-01,Product,Low,11.87,Open,Neutral
T304640,C12152,O108364,2026-08-30,PRODUCT,Medium,40.78,Resolved,Positive
T304641,C12931,O104233,2026-01-18,Product,Medium,16.86,Resolved,Neutral
T304642,C11347,O103911,2026-02-04,Payment,Low,15.38,Resolved,Positive
T304643,C13838,O101958,2026-06-05,Product,Medium,13.2,In Progress,Neutral
T304644,C11953,O102361,2026-07-14,Delivery,Medium,13.86,Closed,Negative
T304645,C10222,O104278,2026-02-27,Delivery,Medium,8.57,Closed,Negative
T304646,C11075,O106398,2026-08-29,Payment,Medium,18.15,Open,Neutral
T304647,C11480,O100821,2026-01-30,Payment,Medium,23.83,Resolved,Neutral
T304648,C12865,O103584,2026-03-25,Refund,Medium,8.7,Resolved,Neutral
T304649,C10891,O105423,2026-09-01,Payment,Medium,7.17,Resolved,Neutral
T304650,C11123,O100566,2026-04-27,Payment,High,13.48,Resolved,Neutral
T304651,C10563,O105273,2026-03-08,Refund,High,24.92,Resolved,Neutral
T304652,C12817,O104926,2026-05-17,Payment,Medium,14.34,Resolved,Positive
T304653,C12499,O107272,2026-07-19,Account,Medium,20.16,Resolved,Negative
T304654,C11982,O101229,2026-08-25,Delivery,Low,21.87,Resolved,Neutral
T304655,C13656,O101252,2026-04-29,Payment,Medium,20.31,Resolved,Positive
T304656,C12360,O107336,2026-02-15,Payment,High,16.16,Closed,Negative
T304657,C13588,O105742,2026-06-06,Refund,Medium,12.02,Open,Neutral
T304658,C10898,O106944,2026-07-18,Delivery,Medium,5.77,Resolved,Negative
T304659,C11132,O100978,2026-05-24,Delivery,High,10.91,Closed,Negative
T304660,C10629,O106215,2026-03-22,ACCOUNT,Medium,12.36,Resolved,Neutral
T304661,C12479,O101156,2026-06-20,Account,Medium,8.06,In Progress,Neutral
T304662,C12841,O103834,2026-01-15,Payment,Low,7.12,Resolved,Positive
T304663,C12580,O101027,2026-03-31,Payment,LOW,3.77,Resolved,Neutral
T304664,C10942,O105518,2026-05-02,Delivery,Medium,10.91,In Progress,Negative
T304665,C13785,O109135,2026-03-14,Refund,High,10.82,Resolved,Neutral
T304666,C10420,O103079,2026-05-16,Account,Low,9.09,In Progress,Neutral
T304667,C13378,O106997,2026-04-12,Delivery,Low,18.92,Closed,Positive
T304668,C11446,O105156,2026-07-30,Product,Low,1.11,Resolved,Neutral
T304669,C10134,O105082,2026-08-10,Account,Medium,9.12,Resolved,Negative
T304670,C12046,O108149,2026-06-06,Refund,Medium,4.9,Resolved,Neutral
T304671,C11645,O101777,2026-08-18,Account,High,15.62,Resolved,Positive
T304672,C11857,O102048,2026-09-09,Account,High,32.5,Resolved,Neutral
T304673,C13112,O106069,2026-04-20,Refund,Critical,19.62,In Progress,Positive
T304674,C13525,O102949,2026-03-18,Product,Critical,12.65,Resolved,Positive
T304675,C10266,O106561,2026-05-08, Delivery ,Medium,10.0,Closed,Negative
T304676,C11437,O105813,2026-09-09,Product,Medium,20.87,Resolved,Neutral
T304677,C11725,O102718,2026-03-22,Delivery,Medium,15.34,In Progress,Negative
T304678,C11645,O109129,2026-05-11,Payment,Low,19.15,Open,Neutral
T304679,C13064,O107102,2026-03-26,Account,Medium,6.6,Resolved,Positive
T304680,C11455,O107500,2026-03-26,Refund,Medium,4.81,Resolved,Neutral
T304681,C12844,O104588,2026-02-14,Product,Medium,5.16,Resolved,Negative
T304682,C12100,O103476,2026-05-07,Refund,Medium,13.1,Resolved,Neutral
T304683,C11872,O103350,2026-04-29,Product,Medium,21.52,Resolved,Neutral
T304684,C10027,O107980,2026-03-12,Delivery,Critical,24.97,In Progress,Negative
T304685,C12803,O109101,2026-06-06,Payment,Low,1.64,Resolved,Neutral
T304686,C13725,O101194,2026-01-03,Refund,,3.96,Resolved,Neutral
T304687,C13077,O106093,2026-07-21,Product,Medium,14.06,In Progress,Neutral
T304688,C11282,O100203,2026-02-06,Product,Medium,9.76,Closed,Negative
T304689,C13452,O109445,2026-07-26,Delivery,Low,-12.0,Resolved,Negative
T304690,C10478,O105343,2026-05-28,Refund,,5.62,Resolved,Positive
T304691,C13562,O101645,2026-07-26,Account,Medium,17.62,Resolved,Neutral
T304692,C11728,O103607,2026-01-11,Product,,8.0,Open,Negative
T304693,C13894,O106551,2026-07-03,Delivery,Medium,11.34,Open,Negative
T304694,C13371,O100034,2026-07-22,Payment,High,38.05,Resolved,Positive
T304695,C13276,O100122,2026-03-18,Delivery,Low,15.56,Closed,Negative
T304696,C10970,O103990,2026-08-18,Payment,Medium,9.76,Resolved,Positive
T304697,C12000,O100047,2026-05-10,Account,,14.46,Resolved,Neutral
T304698,C10070,O108424,2026-07-09,Account,Low,13.23,In Progress,Positive
T304699,C10398,O107513,2026-01-14,Refund,Medium,10.77,Open,Positive
T304700,C10745,O105659,2026-07-07,Account,Critical,5.09,Closed,Positive
T304701,C10800,O106511,2026-07-28,Product,Medium,15.88,In Progress,Neutral
T304702,C12478,O103882,2026-07-03,Account,Low,5.35,Resolved,Positive
T304703,C12761,O104113,2026-03-27,Product,High,24.11,Resolved,Positive
T304704,C10611,O104740,2026-07-15,Product,Low,6.17,Closed,Neutral
T304705,C10721,O105341,2026-02-12,Account,Medium,18.47,In Progress,Positive
T304706,C10088,O106570,2026-08-08,Refund,Low,16.62,Open,Neutral
T304707,C11153,O107888,2026-02-18,Delivery,Medium,12.1,In Progress,Neutral
T304708,C11567,O108608,2026-04-13,Product,High,37.55,Resolved,Negative
T304709,C10735,O108843,2026-05-22,Account,High,7.63,Resolved,Negative
T304710,C11133,O100591,2026-04-24,Delivery,Medium,5.99,Resolved,Negative
T304711,C11077,O103427,2026-02-06,Refund,Low,9.36,In Progress,Neutral
T304712,C13779,O104619,2026-03-21,Refund,Medium,48.63,In Progress,Negative
T304713,C11292,O106604,2026-06-23,Delivery,High,23.24,Resolved,Negative
T304714,C11914,O106819,2026-01-25,Payment,Low,24.89,Resolved,Negative
T304715,C11965,O101894,2026-04-05,Payment,Low,17.79,Resolved,Positive
T304716,C13610,O100815,2026-06-13,Product,High,17.52,Resolved,Neutral
T304717,C11873,O106333,2026-07-20,Payment,Medium,11.88,Resolved,Neutral
T304718,C13725,O100679,2026-03-28,Product,Medium,9.59,Resolved,Positive
T304719,C11369,O106234,2026-02-12,Refund,Low,12.99,Resolved,Negative
T304720,C10886,O108915,2026-08-15,Account, ,22.6,Resolved,Neutral
T304721,C13595,O106967,2026-05-19,Delivery,Medium,18.25,Closed,Neutral
T304722,C11660,O102780,2026-09-01,Delivery,Medium,-12.0,Closed,Neutral
T304723,C10541,O108354,2026-08-12,Delivery,Low,6.89,Resolved,Negative
T304724,C13825,O102335,2026-01-25,Refund,Low,28.47,Resolved,Neutral
T304725,C11911,O106503,2026-06-03,Account,Low,7.58,Resolved,Positive
T304726,C11423,O101663,2026-06-02,Delivery,Medium,4.15,Resolved,Neutral
T304727,C11226,O102905,2026-01-30,Product,Medium,23.55,Resolved,Neutral
T304728,C12215,O107600,2026-06-02,Refund,High,18.72,Resolved,Neutral
T304729,C13616,O101346,2026-03-17,Product,Medium,15.6,Resolved,Positive
T304730,C10143,O106185,2026-05-17,Product,Low,11.03,In Progress,Positive
T304731,C10728,O108129,2026-02-25,Account,High,6.77,Open,Neutral
T304732,C10637,O105798,2026-05-28,Payment,Low,23.07,Resolved,Neutral
T304733,C11988,O107227,2026-03-16,Payment,Medium,9.79,Resolved,Negative
T304734,C12290,O103877,2026-08-02,Account,,14.01,Resolved,Neutral
T304735,C10787,O105024,2026-06-11,Payment,Medium,20.34,Resolved,Neutral
T304736,C10757,O100776,2026-07-12,Account,Low,12.88,Resolved,Neutral
T304737,C10594,O102289,2026-03-21,Product,Low,14.42,Open,Negative
T304738,C13886,O104682,2026-08-05,Delivery,HIGH,17.73,Closed,Negative
T304739,C11641,O109813,2026-02-06,Product,High,9.38,In Progress,Neutral
T304740,C11571,O101352,2026-07-22,Payment,Low,17.75,In Progress,Positive
T304741,C11308,O107250,2026-01-29,Delivery,Medium,17.27,In Progress,Negative
T304742,C10727,O100002,2026-05-12,Product,,13.04,Resolved,Negative
T304743,C10042,O109731,2026-07-26,Payment,High,7.38,In Progress,Negative
T304744,C12678,O100971,2026-06-02,Payment,Low,12.81,Resolved,Neutral
T304745,C11423,O100156,2026-05-07,Payment,Critical,11.68,Resolved,Neutral
T304746,C11890,O102999,2026-01-14,Account,Critical,11.48,Resolved,Positive
T304747,C11562,O105943,2026-01-14,Product, Medium ,12.85,Resolved,Negative
T304748,C12077,O103204,2026-08-13,Account,Medium,8.85,Closed,Negative
T304749,C12450,O102763,2026-03-24,Product,Low,33.2,Resolved,Positive
T304750,C13718,O102791,2026-06-06,Delivery,Medium,13.37,Resolved,Positive
T304751,C12330,O103623,2026-08-26,Refund,Medium,12.97,In Progress,Negative
T304752,C12894,O106641,2026-07-21,Refund,,11.87,In Progress,Neutral
T304753,C11935,O107475,2026-07-18,Product,Medium,33.66,Open,Neutral
T304754,C13394,O100559,2026-01-06,Payment,Medium,6.07,Open,Negative
T304755,C11690,O105165,2026-07-02,Refund,Low,3.98,Resolved,Neutral
T304756,C11667,O103447,2026-04-22,Product,Low,8.53,Resolved,Positive
T304757,C10151,O102942,2026-02-06,Delivery,Low,4.65,Resolved,Negative
T304758,C13356,O109506,2026-04-22,Payment,Low,14.79,Open,Neutral
T304759,C12899,O109156,2026-09-04,Account,High,23.26,Resolved,Neutral
T304760,C11305,O109397,2026-04-18,Refund,Medium,15.33,Closed,Negative
T304761,C11479,O107254,2026-08-25,Product,Low,23.84,Resolved,Positive
T304762,C10492,O102486,2026-05-26,Refund,Medium,23.53,Resolved,Neutral
T304763,C10448,O104544,2026-09-02,Product,,11.24,Open,Positive
T304764,C10898,O103071,2026-07-12,Delivery,Low,23.68,Resolved,Negative
T304765,C11726,O104793,2026-07-14,Delivery,Medium,10.02,In Progress,Negative
T304766,C10540,O104390,2026-04-25,Product,Low,20.71,In Progress,Negative
T304767,C12571,O101767,2026-09-10,Product,Low,7.58,Closed,Positive
T304768,C11788,O100678,2026-08-30,Account,Medium,11.77,Resolved,Negative
T304769,C12188,O109482,2026-09-04,Refund,Critical,16.03,Closed,Negative
T304770,C13369,O107207,2026-04-05,Delivery,Critical,17.03,In Progress,Negative
T304771,C10625,O108031,2026-06-06,Delivery,Critical,23.18,Resolved,Neutral
T304772,C11804,O109130,2026-04-01,Product,Low,18.8,Resolved,Negative
T304773,C13568,O104361,2026-05-12,Delivery,High,10.27,Resolved,Neutral
T304774,C12942,O106360,2026-03-28,Delivery,Medium,1.34,Closed,Positive
T304775,C10070,O105656,2026-09-05,Account,High,9.75,Resolved,Positive
T304776,C10916,O104341,2026-06-09,Delivery,High,8.51,Resolved,Negative
T304777,C11971,O103574,2026-02-06,Delivery,Medium,4.61,Closed,Negative
T304778,C11351,O106689,2026-04-01,Account,Low,6.56,Resolved,Positive
T304779,C13682,O106931,2026-09-09,Refund,Critical,2.94,Resolved,Neutral
T304780,C11491,O105903,2026-07-31,Account,Medium,11.67,In Progress,Neutral
T304781,C10716,O108896,2026-02-24,PRODUCT,Medium,29.89,Resolved,Neutral
T304782,C11288,O107401,2026-03-10,Product,Medium,35.05,Resolved,Neutral
T304783,C13590,O100797,2026-03-16,Delivery,Medium,3.37,Open,Neutral
T304784,C13958,O101617,2026-08-07,payment,Medium,32.54,Closed,Negative
T304785,C12702,O108222,2026-02-24,Delivery,Medium,4.35,Resolved,Negative
T304786,C12974,O108521,2026-03-23,Payment,Medium,9.49,Open,Positive
T304787,C13307,O105443,2026-05-24,Account,Critical,12.25,Open,Neutral
T304788,C10981,O104674,2026-08-25,Account,Medium,21.99,Open,Positive
T304789,C12238,O109865,2026-08-18,Product,Low,19.17,Resolved,Neutral
T304790,C10168,O102550,2026-05-27,Payment,Medium,11.37,Resolved,Positive
T304791,C10813,O101283,2026-02-07,product,Critical,9.69,Resolved,Positive
T304792,C12023,O106583,2026-06-09,Product,High,12.79,Resolved,Positive
T304793,C13663,O109440,2026-01-20,Account,,16.68,Open,Positive
T304794,C12961,O103909,2026-07-28,Product,Medium,6.12,Resolved,Negative
T304795,C10734,O102390,2026-03-04,Refund,Low,13.05,Resolved,Negative
T304796,C11354,O107023,2026-04-01,Delivery,Medium,34.07,Closed,Negative
T304797,C11361,O106345,2026-08-23,Delivery,Medium,9.2,Closed,Negative
T304798,C11090,O101290,2026-06-27,Refund,Low,8.31,Resolved,Negative
T304799,C10220,O104885,2026-07-25,Payment,Low,12.53,Resolved,Negative
T304800,C10063,O104392,2026-02-16, Account ,Medium,13.95,Resolved,Neutral
T304801,C13937,O104380,2026-01-06,Payment,HIGH,8.72,Resolved,Negative
T304802,C12005,O105072,2026-05-31,Product,High,33.1,Open,Neutral
T304803,C11159,O106118,2026-01-19,Account,High,8.27,Resolved,Neutral
T304804,C10272,O102111,2026-08-06,Product,Low,5.79,Closed,Neutral
T304805,C10969,O102767,2026-08-30,Product,Low,6.34,Resolved,Neutral
T304806,C11460,O101454,2026-04-07,Product,Low,13.94,Resolved,Neutral
T304807,C13894,O103692,2026-03-15,Product,Medium,14.17,Resolved,Neutral
T304808,C10740,O101048,2026-06-15,Product,Low,14.37,Resolved,Negative
T304809,C11139,O104772,2026-07-21,Payment,High,14.62,Open,Neutral
T304810,C12539,O108137,2026-09-15,Delivery,,11.66,In Progress,Positive
T304811,C13491,O104276,2026-05-17,Account,High,1.69,In Progress,Neutral
T304812,C10668,O108736,2026-02-06,Product,Medium,9.99,Resolved,Negative
T304813,C11569,O104913,2026-01-16,Payment,Medium,18.55,Resolved,Neutral
T304814,C11710,O109535,2026-07-13,Delivery,Low,29.51,Resolved,Neutral
T304815,C12744,O109346,2026-03-23,Account,Low,10.48,Open,Neutral
T304816,C13914,O103396,2026-05-22,Account, Medium ,15.55,Resolved,Neutral
T304817,C13354,O108540,2026-08-24,Account,Low,9.32,Resolved,Neutral
T304818,C12052,O105964,2026-02-08,Delivery,Medium,9.16,Resolved,Neutral
T304819,C10798,O105995,2026-07-18,Delivery,Low,40.6,Resolved,Negative
T304820,C13018,O107143,2026-06-27,Payment,High,19.94,Closed,Neutral
T304821,,O109501,2026-07-20,Refund,Medium,11.77,Resolved,Positive
T304822,C10892,O104839,2026-04-10,Refund,Medium,12.94,Resolved,Neutral
T304823,C12244,O107912,2026-08-03,Refund,Low,8.25,Closed,Neutral
T304824,C12755,O105823,2026-06-12,Delivery,High,16.46,In Progress,Positive
T304825,C13687,O102288,2026-02-05, Delivery ,High,21.38,Resolved,Negative
T304826,C13620,O103574,2026-04-04,Refund,,16.59,Closed,Neutral
T304827,C13007,O108079,2026-01-14,Product,Medium,49.45,Open,Positive
T304828,C12540,O100171,2026-06-22,Refund,Medium,31.64,Resolved,Negative
T304829,C10374,O104734,2026-05-15,Account,High,23.71,Resolved,Neutral
T304830,C11163,O102172,2026-02-26,Account,High,40.05,Resolved,Positive
T304831,C11249,O102410,2026-07-01,Account,,19.87,Resolved,Positive
T304832,C11289,O104058,2026-03-07,Product,High,14.7,Resolved,Neutral
T304833,C12613,O101768,2026-09-15,Account,Low,12.38,Closed,Neutral
T304834,C12080,O109242,2026-01-14,Refund,High,4.85,Open,Negative
T304835,C13334,O104262,2026-09-05,Product,High,26.06,In Progress,Negative
T304836,C13052,O108294,2026-09-14,Payment,Low,14.67,Closed,Positive
T304837,C10921,O109961,2026-08-04,Delivery,Medium,15.76,Closed,Negative
T304838,C13607,O109637,2026-06-03,Delivery,Low,14.03,Closed,Negative
T304839,C12431,O108590,2026-08-26,Product,Low,21.87,Closed,Negative
T304840,C11790,O102367,2026-09-05,Refund,Medium,15.07,Resolved,Negative
T304841,C11046,O101329,2026-01-04,payment,Medium,10.85,Resolved,Negative
T304842,C13783,O109352,2026-02-28,Product,,19.1,Open,Neutral
T304843,C12676,O102963,2026-08-04,Account,Medium,30.66,Resolved,Neutral
T304844,C11134,O107518,2026-07-12,Account,Low,15.24,Resolved,Neutral
T304845,C10751,O103631,2026-03-12,Account,Medium,2.44,Resolved,Negative
T304846,C11952,O109683,2026-01-09,Product,High,-12.0,In Progress,Neutral
T304847,C13399,O109562,2026-03-19,Refund,Medium,15.03,Resolved,Positive
T304848,C12900,O103415,2026-05-03,Account,Low,14.45,Resolved,Positive
T304849,C11364,O106988,2026-04-09,Account,Low,21.6,Closed,Neutral
T304850,C10514,O107023,2026-07-14,Payment,Critical,14.42,Open,Negative
T304851,C10855,O102013,2026-03-06,Account,Medium,46.79,Resolved,Neutral
T304852,C12566,O107662,2026-09-09,Account,Low,6.74,Resolved,Neutral
T304853,C13943,O101360,2026-01-16,Account,Low,14.09,Resolved,Neutral
T304854,C10379,O104015,2026-07-24,Payment,High,3.92,Resolved,Neutral
T304855,C13785,O106705,2026-07-10,Refund,Medium,5.35,Resolved,Positive
T304856,C13372,O103199,2026-05-05,Account,Medium,20.42,Closed,Negative
T304857,,O107573,2026-02-06,Product,High,10.06,Resolved,Neutral
T304858,C13874,O108483,2026-04-17,Payment, Medium ,13.57,Closed,Negative
T304859,C10907,O102372,2026-08-30,Product,Medium,4.82,Closed,Positive
T304860,C13165,O100191,2026-06-19,Payment,Low,19.77,In Progress,Neutral
T304861,C11564,O109443,2026-07-18,,Low,15.82,Resolved,Neutral
T304862,C13013,O104476,2026-03-12,,High,37.77,Resolved,Neutral
T304863,C11078,O107805,2026-04-14,Product,Low,11.77,Resolved,Neutral
T304864,C11336,O109265,2026-06-17,Delivery,Low,4.51,Open,Negative
T304865,C12996,O102359,2026-05-31,Payment,Low,10.9,Resolved,Neutral
T304866,C10334,O106252,2026-04-26,Delivery,High,8.8,Resolved,Negative
T304867,C12835,O102534,2026-07-07,Product,High,5.78,Closed,Neutral
T304868,C13947,O103179,2026-02-04,Payment,Medium,16.9,Resolved,Negative
T304869,C13720,O109685,2026-03-25,Delivery,Medium,17.81,Resolved,Negative
T304870,C13355,O107171,2026-01-10,Account,High,4.3,Closed,Negative
T304871,C12662,O100865,2026-06-09,Refund, ,24.43,Resolved,Negative
T304872,C13687,O109828,2026-07-04,Account,Medium,43.54,Resolved,Negative
T304873,C13495,O106559,2026-08-01,Delivery,High,13.27,Resolved,Negative
T304874,C12853,O106093,2026-04-23, ,Medium,15.44,Resolved,Neutral
T304875,C13106,O104342,2026-07-01,Product,Low,13.53,Resolved,Negative
T304876,C12523,O100515,2026-07-06,Payment,Medium,11.85,Resolved,Positive
T304877,C13791,O102824,2026-03-12,Payment,Medium,29.25,Resolved,Positive
T304878,C11282,O103190,2026-05-29,,Medium,12.45,In Progress,Positive
T304879,C10934,O103463,2026-01-25,Product,Low,7.19,Closed,Negative
T304880,C11752,O104595,2026-06-23,Refund,Low,11.19,In Progress,Negative
T304881,C10067,O108263,2026-01-21,Account,Medium,5.84,Resolved,Positive
T304882,C13477,O107318,2026-01-30,Delivery,High,3.21,Resolved,Negative
T304883,C12322,O102572,2026-05-23,Product,Medium,17.72,Resolved,Neutral
T304884,C10136,O104519,2026-06-11,Product,,34.94,Resolved,Neutral
T304885,C12508,O104318,2026-02-14,Account,Medium,20.3,Open,Neutral
T304886,C10635,O103004,2026-01-12,Payment,Low,18.17,Resolved,Positive
T304887,C11708,O100993,2026-07-24,Product, High ,14.84,Resolved,Neutral
T304888,C10471,O104696,2026-07-15,Refund,Medium,7.23,Resolved,Neutral
T304889,C13593,O100000,2026-07-28,Delivery,LOW,22.02,Closed,Negative
T304890,C13299,O103102,2026-01-07,Payment,Medium,24.41,Open,Neutral
T304891,C10138,O102503,2026-07-11,Product,High,13.06,Resolved,Neutral
T304892,C11992,O107677,2026-01-23,Payment,Medium,23.1,Resolved,Neutral
T304893,,O109990,2026-06-11,Product,Medium,24.06,Resolved,Neutral
T304894,C11654,O101589,2026-03-22,Refund,Critical,17.94,Resolved,Positive
T304895,C11234,O102124,2026-05-14,Refund,Low,23.11,In Progress,Negative
T304896,C10819,O102009,2026-04-19,Delivery,Low,22.41,Resolved,Negative
T304897,C13249,O105015,2026-09-15,Product,Low,5.15,Resolved,Neutral
T304898,C12448,O104850,2026-02-13,Account,Medium,14.1,Resolved,Positive
T304899,C10555,O106890,2026-06-22,Payment,Medium,6.49,Open,Negative
T304900,C13094,O103060,2026-05-07,Account,Medium,16.83,Closed,Positive
T304901,C10965,O104818,2026-03-25,Refund,Medium,9.4,Resolved,Neutral
T304902,C10753,O100334,2026-03-21,Refund,low,11.65,Resolved,Neutral
T304903,C11738,O108143,2026-07-11,Refund,Low,7.79,Resolved,Neutral
T304904,C11222,O107049,2026-09-08,Refund,Medium,16.82,Closed,Negative
T304905,C13232,O100914,2026-01-29,Refund,Low,15.85,Resolved,Negative
T304906,C13436,O106245,2026-03-28,Payment,Medium,12.95,Resolved,Neutral
T304907,C11917,O105733,2026-02-26,Refund,Low,7.48,Resolved,Positive
T304908,C11404,O107603,2026-02-24,,High,13.22,Resolved,Positive
T304909,C10434,O104800,2026-07-30, Product ,Low,17.19,Resolved,Neutral
T304910,C13110,O109783,2026-07-19,Payment,High,12.61,Resolved,Neutral
T304911,C13874,O107955,2026-07-26,Payment,Low,8.81,In Progress,Neutral
T304912,C12445,O103644,2026-01-23,Product,Medium,16.66,Resolved,Negative
T304913,C10592,O101454,2026-03-24,Account,Medium,26.83,In Progress,Neutral
T304914,C13104,O100582,2026-04-04,Account,Medium,-12.0,Resolved,Negative
T304915,C12516,O102913,2026-02-17,Product,Low,17.45,Resolved,Negative
T304916,C11779,O106787,2026-05-12,Account,Medium,11.71,Resolved,Positive
T304917,C10092,O106523,2026-07-21,Refund,Low,15.49,Closed,Neutral
T304918,C11775,O109647,2026-06-29,Product,Critical,10.24,Resolved,Negative
T304919,C13977,O105398,2026-08-11,Delivery,Medium,8.36,Resolved,Negative
T304920,C10112,O102372,2026-02-18,Refund,High,3.81,Open,Positive
T304921,C11097,O109064,2026-09-04,Delivery,Low,22.03,Open,Negative
T304922,C13234,O105531,2026-02-26,Delivery,Medium,17.65,Closed,Negative
T304923,C11646,O107739,2026-07-07,Refund,Low,22.79,In Progress,Negative
T304924,C13897,O109604,2026-05-13,Account,Low,8.06,Resolved,Positive
T304925,C13038,O105201,2026-04-07,Product,Low,11.24,Closed,Negative
T304926,C12758,O100723,2026-07-16,Refund,Medium,4.14,Closed,Negative
T304927,C10402,O107738,2026-02-14,Payment,Low,14.83,In Progress,Negative
T304928,C10933,O109185,2026-02-05,Product,Low,-12.0,Open,Positive
T304929,C10684,O107846,2026-06-11,Product,Medium,23.29,Resolved,Positive
T304930,C12826,O109913,2026-05-04,Product,Low,12.43,Resolved,Negative
T304931,C13701,O108668,2026-04-23,PAYMENT, ,20.34,Resolved,Neutral
T304932,C10523,O103859,2026-04-24,Payment,Low,18.0,Closed,Neutral
T304933,C12036,O103357,2026-07-13,Payment,Medium,13.96,Resolved,Negative
T304934,C12368,O106683,2026-07-18,Product,Low,25.58,In Progress,Neutral
T304935,C10882,O103275,2026-06-06,Delivery,Medium,18.59,Resolved,Negative
T304936,C10390,O107421,2026-05-26,Payment,Medium,4.86,Resolved,Neutral
T304937,C12424,O108503,2026-04-11,Delivery,Low,4.21,Resolved,Negative
T304938,C12006,O108206,2026-05-25,Refund,Medium,24.17,Resolved,Neutral
T304939,C12949,O103818,2026-08-27,Account,Low,19.06,Resolved,Negative
T304940,C10730,O107056,2026-05-25,Refund,Low,9.56,Open,Neutral
T304941,C12678,O107387,2026-04-28,Refund,Medium,16.42,Resolved,Positive
T304942,C11057,O103936,2026-01-27,Refund,Low,17.87,Resolved,Positive
T304943,C13101,O104871,2026-04-30,Payment,Low,24.75,Resolved,Positive
T304944,C11494,O103947,2026-05-31,Account,HIGH,33.99,Resolved,Neutral
T304945,C13080,O105878,2026-03-14,Product,Medium,13.87,Resolved,Negative
T304946,C13526,O101522,2026-08-09,Payment,Medium,26.4,Resolved,Negative
T304947,C12531,O106079,2026-08-27,Payment,Critical,13.04,Resolved,Negative
T304948,C13771,O105524,2026-05-18,Payment,Medium,31.27,Resolved,Negative
T304949,C11650,O101575,2026-06-24,Product,Medium,6.51,Resolved,Negative
T304950,C10101,O103069,2026-07-22,Account,MEDIUM,3.83,Open,Negative
T304951,C13276,O101661,2026-08-11,Delivery,Medium,25.75,Resolved,Negative
T304952,,O102495,2026-02-03,Delivery,Medium,10.98,In Progress,Negative
T304953,C11404,O107062,2026-02-25,Delivery,Medium,6.19,Resolved,Positive
T304954,C11541,O105750,2026-06-18,Payment,Medium,11.75,Resolved,Negative
T304955,C13492,O102374,2026-06-29,Payment,Medium,10.81,Resolved,Neutral
T304956,C12666,O102475,2026-07-24,Payment,Critical,29.81,Resolved,Positive
T304957,C11108,O109343,2026-02-09,Payment,Medium,7.59,In Progress,Positive
T304958,C12389,O103087,2026-07-29,Delivery,Medium,13.87,Open,Negative
T304959,C10162,O109382,2026-01-02,Payment,Low,15.8,Resolved,Neutral
T304960,C10973,O104631,2026-07-16,Account,Critical,10.77,Open,Neutral
T304961,C10350,O107589,2026-06-07,Delivery,Medium,4.62,Resolved,Positive
T304962,C13767,O102509,2026-01-30,Refund,Medium,17.18,Open,Negative
T304963,C10581,O106942,2026-07-09,Delivery,High,5.27,Resolved,Neutral
T304964,C11752,O106176,2026-08-13,Refund,Low,4.72,In Progress,Negative
T304965,C11846,O101674,2026-09-10,,High,20.91,Resolved,Negative
T304966,C10535,O102762,2026-08-08,Refund,Low,2.98,In Progress,Neutral
T304967,C11106,O102645,2026-08-02,Payment,High,14.13,Open,Positive
T304968,C12417,O107705,2026-01-15,Refund,Medium,18.81,Closed,Neutral
T304969,C13249,O106340,2026-02-08,Product,High,16.77,In Progress,Neutral
T304970,C10364,O104991,2026-08-30,Product, Low ,7.07,Resolved,Negative
T304971,C10142,O108561,2026-03-22,Payment,Medium,5.8,Resolved,Positive
T304972,C10739,O109194,2026-07-15,Refund,Medium,21.55,Resolved,Positive
T304973,C11173,O106353,2026-02-19,Product,Medium,16.82,Resolved,Negative
T304974,C11142,O106682,2026-05-26,Account,Medium,9.53,Open,Positive
T304975,C13265,O104262,2026-08-30,Product,Medium,26.23,In Progress,Neutral
T304976,C13216,O104701,2026-04-27,Refund,Medium,11.86,In Progress,Neutral
T304977,C10678,O104736,2026-01-09,Account,Low,5.55,Resolved,Negative
T304978,C10227,O106015,2026-08-20,Delivery,Medium,7.7,In Progress,Negative
T304979,C11884,O105988,2026-05-30,Refund,Low,7.39,Resolved,Neutral
T304980,,O103793,2026-01-15,Delivery,High,10.53,In Progress,Negative
T304981,C13884,O100556,2026-03-18,Delivery,Medium,22.3,Resolved,Negative
T304982,C11525,O108398,2026-08-22,Product,Medium,15.56,Resolved,Negative
T304983,C12728,O105470,2026-09-12,Payment,Low,32.55,Resolved,Neutral
T304984,C10486,O109297,2026-03-10,,Medium,11.69,Closed,Negative
T304985,C12989,O104324,2026-09-12,Account,Critical,7.36,In Progress,Negative
T304986,C12471,O106101,2026-04-14,Refund,Medium,13.47,Resolved,Neutral
T304987,C13699,O105213,2026-01-07,Delivery,Low,16.36,Resolved,Neutral
T304988,C11518,O105361,2026-02-27,Payment,Low,4.97,Open,Negative
T304989,C13810,O107093,2026-08-07,Payment,Medium,22.78,Closed,Negative
T304990,C10354,O102404,2026-06-06,Account,Medium,12.73,Open,Neutral
T304991,C13688,O107034,2026-07-22,Payment,Medium,22.67,Closed,Negative
T304992,C10308,O100002,2026-07-10,account,High,8.23,Resolved,Neutral
T304993,C10140,O107723,2026-03-20,Account,Low,10.94,Resolved,Neutral
T304994,C11310,O106221,2026-02-24,Account,Medium,12.39,Open,Neutral
T304995,C11524,O103336,2026-09-01,Delivery,Critical,4.02,Resolved,Negative
T304996,C13503,O104278,2026-05-30,Payment,Medium,11.94,Resolved,Neutral
T304997,C11561,O105099,2026-07-10,Account,Medium,12.56,Resolved,Neutral
T304998,C12147,O100916,2026-07-20,Account,Low,20.75,Resolved,Positive
T304999,C11750,O101690,2026-06-10,Account,High,7.16,Resolved,Positive
T301501,C13065,O102859,2026-06-20,Account,Medium,16.69,Resolved,Negative
T302586,C10633,O107464,2026-01-05,Refund,Medium,24.33,Resolved,Negative
T302653,C11023,O106149,2026-07-17,Payment,Low,7.02,In Progress,Negative
T301055,C11030,O102452,2026-06-23,Account,Medium,7.7,Resolved,Negative
T300705,C13506,O109844,2026-06-22,Product,High,8.21,Closed,Negative
T300106,C12004,O100228,2026-03-23,Product,High,6.6,In Progress,Neutral
T300589,C13045,O103663,2026-09-10,Product,High,9.64,Resolved,Positive
T302468,C13935,O109047,2026-03-14,Payment,Low,26.5,Open,Positive
T302413,C10088,O100869,2026-05-12,Product,Low,23.87,Closed,Neutral
T301600,C13785,O106792,2026-04-23,,High,10.15,Resolved,Negative
T302464,C12572,O106383,2026-07-07,Payment,Medium,2.93,Closed,Positive
T300228,C12451,O101448,2026-03-27,Account,,12.24,Resolved,Neutral
T300915,C12245,O102824,2026-07-31,Account,High,18.44,Resolved,Negative
T300794,C11188,O103027,2026-02-09,,Critical,9.6,Resolved,Neutral
T303021,C12719,O107217,2026-08-20,Account,Medium,7.42,Resolved,Positive
T303543,C13463,O103203,2026-08-19,Refund,Medium,18.88,In Progress,Neutral
T301073,C10961,O102579,2026-04-18,Account,Low,26.52,Resolved,Negative
T303351,C10252,O101910,2026-02-16,Product,Low,12.02,Resolved,Neutral
T301744,C12624,O102481,2026-03-22,Delivery,Medium,5.69,Resolved,Negative
T301084,C13873,O103219,2026-01-10,Payment,Low,9.74,Resolved,Negative
T300926,C12832,O107676,2026-07-22,Payment,High,1.71,In Progress,Neutral
T303049,C13085,O107217,2026-01-28,Account,High,36.26,Open,Negative
T301117,C11013,O106649,2026-07-24,Product,Medium,16.77,Resolved,Negative
T300642,C13581,O104027,2026-04-20,Account,Medium,15.17,Closed,Neutral
T304767,C12571,O101767,2026-09-10,Product,Low,7.58,Closed,Positive
T300501,C12966,O102028,2026-04-22,Delivery,Medium,11.65,Resolved,Neutral
T304066,C11242,O106807,2026-01-07,Refund,Medium,3.98,Resolved,Positive
T300333,C11324,O109840,2026-02-28,Payment,Medium,38.76,In Progress,Neutral
T304684,C10027,O107980,2026-03-12,Delivery,Critical,24.97,In Progress,Negative
T300486,C13287,O100850,2026-05-11,Delivery,Medium,9.99,Closed,Neutral
T301962,C12443,O106776,2026-06-03,Refund,High,15.12,Closed,Neutral
T300393,C10145,O101643,2026-05-21,Refund,High,4.31,Resolved,Negative
T304842,C13783,O109352,2026-02-28,Product,,19.1,Open,Neutral
T304866,C10334,O106252,2026-04-26,Delivery,High,8.8,Resolved,Negative
T301755,C11314,O108833,2026-06-12,Account,Medium,19.55,Resolved,Neutral
T302515,C12838,O104358,2026-03-17,Refund,Critical,21.04,Open,Positive
T303585,C12270,O101416,2026-07-04,Account,Low,31.36,Open,Negative
T304315,C13030,O106755,2026-03-27,Delivery,Critical,16.37,Resolved,Neutral
T304966,C10535,O102762,2026-08-08,Refund,Low,2.98,In Progress,Neutral
T302099,C10893,O102874,2026-01-27,Refund,Medium,28.97,Resolved,Negative
T303599,C10698,O108759,2026-05-11,Refund,Critical,6.23,Resolved,Negative
T304121,C13417,O109001,2026-08-18,Delivery,Low,13.03,Resolved,Negative
T300029,C13722,O102432,2026-03-01,Payment,Medium,6.78,In Progress,Positive
T300065,C10618,O105872,2026-01-15,Payment,Low,13.83,Resolved,Positive
T300838,C13672,O102666,2026-06-09,Product,High,19.49,Resolved,Positive
T303906,C11651,O107878,2026-08-22,Refund,High,10.32,Resolved,Positive
T303773,C11343,O100901,2026-05-24,Product,Medium,12.62,Resolved,Neutral
T304635,C10405,O102921,2026-07-28,Delivery,High,7.51,Resolved,Negative
T303161,C10598,O105135,2026-01-05,Account,Low,9.29,Closed,Neutral
T302659,C13607,O107735,2026-06-29,Refund,Medium,10.19,Open,Positive
T304615,C10460,O100625,2026-02-12,Refund,Low,12.13,Resolved,Neutral
T304628,C11192,O104270,2026-07-15,Account,Low,10.49,Resolved,Neutral
T302451,C11810,O101919,2026-07-11,Delivery,Low,28.03,Resolved,Negative
T302846,C13804,O102886,2026-03-24,Delivery,Low,7.94,Resolved,Positive
T301144,C10696,O105240,2026-01-28,Refund,Medium,15.1,Resolved,Negative
T303078,C11540,O103975,2026-05-02,Product,Medium,28.23,In Progress,Neutral
T301103,C11693,O108150,2026-07-20,Refund,Low,10.2,Resolved,Negative
T300168,C12692,O104614,2026-02-23,Product,Medium,3.49,Closed,Neutral
T301670,C12732,O107865,2026-01-09,Delivery,Medium,9.62,Resolved,Negative
T302570,C10373,O109051,2026-09-10,Delivery,Medium,9.35,Closed,Negative
